-- بذرة ضخمة للقسمين (مولّدة عبر scripts/gen-seed.mjs) — لا تُحرّر يدويًّا
PRAGMA foreign_keys=OFF;
INSERT OR IGNORE INTO persons (id,full_name,gender,birth_year_hijri,home_org_unit_id,status,created_at) VALUES
('zp1','المدير العام','male',1385,NULL,'active',1751850000000),
('zp2','المشرف العام للذكور','male',1407,'men','active',1751850000000),
('zp6','مسؤول منطقة حلب','male',1431,'zr5','active',1751850000000),
('zpa','مسؤول مربع المدينة حلب','male',1401,'zq9','active',1751850000000),
('zpe','أمير مسجد النصر','male',1401,'zmd','active',1751850000000),
('zph','أيمن الجاسم','male',1423,'zmd','active',1751850000000),
('zpj','أيمن السالم','male',1420,'zmd','active',1751850000000),
('zpl','بلال الكردي','male',1409,'zmd','active',1751850000000),
('zpn','حمزة البكري','male',1429,'zmd','active',1751850000000),
('zpp','زيد السالم','male',1413,'zmd','active',1751850000000),
('zpr','مصطفى المحمد','male',1397,'zmd','active',1751850000000),
('zpt','يوسف المحمد','male',1402,'zmd','active',1751850000000),
('zpv','ياسر السالم','male',1394,'zmd','active',1751850000000),
('zp19','أمير مسجد البخاري','male',1390,'zm18','active',1751850000000),
('zp1b','أحمد المحمد','male',1383,'zm18','active',1751850000000),
('zp1d','يوسف البكري','male',1401,'zm18','active',1751850000000),
('zp1f','زيد النعسان','male',1429,'zm18','active',1751850000000),
('zp1h','خالد المحمد','male',1418,'zm18','active',1751850000000),
('zp1j','زيد القاسم','male',1403,'zm18','active',1751850000000),
('zp1l','خالد الحسن','male',1413,'zm18','active',1751850000000),
('zp1n','سعيد الحلبي','male',1410,'zm18','active',1751850000000),
('zp1p','معاذ القاسم','male',1386,'zm18','active',1751850000000),
('zp27','أمير مسجد الأنصار','male',1386,'zm26','active',1751850000000),
('zp29','عمر الحسن','male',1427,'zm26','active',1751850000000),
('zp2b','سعيد الجاسم','male',1401,'zm26','active',1751850000000),
('zp2d','عبدالله القاسم','male',1428,'zm26','active',1751850000000),
('zp2f','سلمان الصالح','male',1408,'zm26','active',1751850000000),
('zp2h','صهيب الديب','male',1390,'zm26','active',1751850000000),
('zp2j','علي القاسم','male',1416,'zm26','active',1751850000000),
('zp2l','بلال العمر','male',1404,'zm26','active',1751850000000),
('zp2n','عبدالله الديب','male',1396,'zm26','active',1751850000000),
('zp2p','عثمان المحمد','male',1400,'zm26','active',1751850000000),
('zp2v','أمير مسجد الفاروق','male',1401,'zm2u','active',1751850000000),
('zp2z','حسين الإدلبي','male',1381,'zm2u','active',1751850000000),
('zp31','سعيد الحموي','male',1428,'zm2u','active',1751850000000),
('zp33','حمزة الرفاعي','male',1396,'zm2u','active',1751850000000),
('zp35','صهيب السالم','male',1387,'zm2u','active',1751850000000),
('zp37','حسن الحسن','male',1422,'zm2u','active',1751850000000),
('zp3o','أمير مسجد الأنصار','male',1420,'zm3n','active',1751850000000),
('zp3q','يوسف الخطيب','male',1396,'zm3n','active',1751850000000),
('zp3s','سلمان البكري','male',1381,'zm3n','active',1751850000000),
('zp3u','يوسف الرفاعي','male',1417,'zm3n','active',1751850000000),
('zp3w','إبراهيم الإدلبي','male',1401,'zm3n','active',1751850000000),
('zp3y','بلال الجاسم','male',1390,'zm3n','active',1751850000000),
('zp40','ياسر الحريري','male',1432,'zm3n','active',1751850000000),
('zp42','حمزة الحسن','male',1389,'zm3n','active',1751850000000),
('zp4d','أمير مسجد عثمان','male',1421,'zm4c','active',1751850000000),
('zp4h','محمد الديب','male',1385,'zm4c','active',1751850000000),
('zp4j','إبراهيم القاسم','male',1384,'zm4c','active',1751850000000),
('zp4l','سعيد الكردي','male',1431,'zm4c','active',1751850000000),
('zp4n','عثمان الصالح','male',1425,'zm4c','active',1751850000000),
('zp4p','زيد الكردي','male',1399,'zm4c','active',1751850000000),
('zp4r','معاذ السالم','male',1418,'zm4c','active',1751850000000),
('zp4t','عبدالله السالم','male',1405,'zm4c','active',1751850000000),
('zp4v','معاذ الأحمد','male',1424,'zm4c','active',1751850000000),
('zp4x','عبدالرحمن الحموي','male',1431,'zm4c','active',1751850000000),
('zp5d','أمير مسجد الهدى','male',1397,'zm5c','active',1751850000000),
('zp5h','طارق الرفاعي','male',1426,'zm5c','active',1751850000000),
('zp5j','مصطفى الرفاعي','male',1417,'zm5c','active',1751850000000),
('zp5l','عبدالله العمر','male',1422,'zm5c','active',1751850000000);
INSERT OR IGNORE INTO persons (id,full_name,gender,birth_year_hijri,home_org_unit_id,status,created_at) VALUES
('zp5n','أيمن البكري','male',1414,'zm5c','active',1751850000000),
('zp5p','سلمان السالم','male',1386,'zm5c','active',1751850000000),
('zp5r','زيد الديب','male',1404,'zm5c','active',1751850000000),
('zp5t','سلمان الحريري','male',1383,'zm5c','active',1751850000000),
('zp5v','عثمان النعسان','male',1418,'zm5c','active',1751850000000),
('zp5x','ياسر العمر','male',1416,'zm5c','active',1751850000000),
('zp6c','أمير مسجد الصحابة','male',1400,'zm6b','active',1751850000000),
('zp6e','أيمن الصالح','male',1402,'zm6b','active',1751850000000),
('zp6g','مصطفى النعسان','male',1412,'zm6b','active',1751850000000),
('zp6i','يوسف الإدلبي','male',1415,'zm6b','active',1751850000000),
('zp6k','حسين البكري','male',1427,'zm6b','active',1751850000000),
('zp6m','حسن العمر','male',1405,'zm6b','active',1751850000000),
('zp6o','خالد النعسان','male',1383,'zm6b','active',1751850000000),
('zp6q','معاذ الديب','male',1410,'zm6b','active',1751850000000),
('zp77','مسؤول مربع الشمالي حلب','male',1390,'zq76','active',1751850000000),
('zp7a','أمير مسجد النور','male',1388,'zm79','active',1751850000000),
('zp7c','زيد الحموي','male',1404,'zm79','active',1751850000000),
('zp7e','عبدالله المحمد','male',1395,'zm79','active',1751850000000),
('zp7g','مصطفى الرفاعي','male',1395,'zm79','active',1751850000000),
('zp7i','عثمان القاسم','male',1407,'zm79','active',1751850000000),
('zp7k','سلمان العمر','male',1429,'zm79','active',1751850000000),
('zp7m','محمد الجاسم','male',1391,'zm79','active',1751850000000),
('zp7o','علي الحريري','male',1427,'zm79','active',1751850000000),
('zp7q','حسين الرفاعي','male',1390,'zm79','active',1751850000000),
('zp7s','سعيد الشامي','male',1408,'zm79','active',1751850000000),
('zp85','أمير مسجد السلام','male',1429,'zm84','active',1751850000000),
('zp87','بلال الحسن','male',1385,'zm84','active',1751850000000),
('zp89','أسامة الرفاعي','male',1405,'zm84','active',1751850000000),
('zp8b','عبدالله الرفاعي','male',1384,'zm84','active',1751850000000),
('zp8d','أسامة السالم','male',1414,'zm84','active',1751850000000),
('zp8f','أيمن الديب','male',1429,'zm84','active',1751850000000),
('zp8h','صهيب الحريري','male',1423,'zm84','active',1751850000000),
('zp8j','علي القاسم','male',1431,'zm84','active',1751850000000),
('zp8l','سلمان الصالح','male',1403,'zm84','active',1751850000000),
('zp8z','أمير مسجد خالد','male',1394,'zm8y','active',1751850000000),
('zp91','أيمن الديب','male',1387,'zm8y','active',1751850000000),
('zp93','سلمان الحريري','male',1401,'zm8y','active',1751850000000),
('zp95','خالد الأحمد','male',1419,'zm8y','active',1751850000000),
('zp97','حسين الحريري','male',1391,'zm8y','active',1751850000000),
('zp99','أنس الجاسم','male',1389,'zm8y','active',1751850000000),
('zp9b','يوسف الحموي','male',1383,'zm8y','active',1751850000000),
('zp9d','عبدالله الكردي','male',1422,'zm8y','active',1751850000000),
('zp9x','أمير مسجد الرحمن','male',1429,'zm9w','active',1751850000000),
('zpa1','مصطفى الحموي','male',1413,'zm9w','active',1751850000000),
('zpa3','عبدالرحمن الكردي','male',1424,'zm9w','active',1751850000000),
('zpa5','عثمان الحموي','male',1383,'zm9w','active',1751850000000),
('zpa7','مصطفى الحسن','male',1417,'zm9w','active',1751850000000),
('zpa9','عبدالرحمن الصالح','male',1392,'zm9w','active',1751850000000),
('zpap','أمير مسجد البخاري','male',1410,'zmao','active',1751850000000),
('zpat','محمد الحريري','male',1395,'zmao','active',1751850000000),
('zpav','عبدالرحمن الإدلبي','male',1384,'zmao','active',1751850000000),
('zpax','خالد الكردي','male',1383,'zmao','active',1751850000000),
('zpaz','حسين الحسن','male',1417,'zmao','active',1751850000000),
('zpb1','زيد الرفاعي','male',1424,'zmao','active',1751850000000),
('zpb3','حمزة النعسان','male',1421,'zmao','active',1751850000000),
('zpb5','عبدالرحمن السالم','male',1400,'zmao','active',1751850000000),
('zpb7','بلال الرفاعي','male',1412,'zmao','active',1751850000000),
('zpb9','أنس الخطيب','male',1424,'zmao','active',1751850000000),
('zpbl','أمير مسجد الإيمان','male',1418,'zmbk','active',1751850000000),
('zpbn','سعيد الحلبي','male',1429,'zmbk','active',1751850000000);
INSERT OR IGNORE INTO persons (id,full_name,gender,birth_year_hijri,home_org_unit_id,status,created_at) VALUES
('zpbp','عثمان القاسم','male',1400,'zmbk','active',1751850000000),
('zpbr','بلال الخطيب','male',1426,'zmbk','active',1751850000000),
('zpbt','حسين الزعبي','male',1411,'zmbk','active',1751850000000),
('zpbv','طارق البكري','male',1405,'zmbk','active',1751850000000),
('zpbx','سعيد الديب','male',1420,'zmbk','active',1751850000000),
('zpbz','ياسر الصالح','male',1386,'zmbk','active',1751850000000),
('zpca','مسؤول منطقة إدلب','male',1405,'zrc9','active',1751850000000),
('zpcd','مسؤول مربع المدينة إدلب','male',1397,'zqcc','active',1751850000000),
('zpcg','أمير مسجد الأنصار','male',1394,'zmcf','active',1751850000000),
('zpck','بلال الكردي','male',1400,'zmcf','active',1751850000000),
('zpcm','يوسف الحلبي','male',1412,'zmcf','active',1751850000000),
('zpco','عبدالرحمن الجاسم','male',1421,'zmcf','active',1751850000000),
('zpcq','خالد الرفاعي','male',1396,'zmcf','active',1751850000000),
('zpcs','مصطفى النعسان','male',1425,'zmcf','active',1751850000000),
('zpcu','أيمن السالم','male',1417,'zmcf','active',1751850000000),
('zpcw','خالد المحمد','male',1427,'zmcf','active',1751850000000),
('zpcy','محمد الخطيب','male',1414,'zmcf','active',1751850000000),
('zpd0','معاذ القاسم','male',1389,'zmcf','active',1751850000000),
('zpd2','حمزة الحموي','male',1409,'zmcf','active',1751850000000),
('zpdg','أمير مسجد الصحابة','male',1426,'zmdf','active',1751850000000),
('zpdi','محمد الحلبي','male',1413,'zmdf','active',1751850000000),
('zpdk','أحمد الحلبي','male',1405,'zmdf','active',1751850000000),
('zpdm','بلال الأحمد','male',1414,'zmdf','active',1751850000000),
('zpdo','حسن الحموي','male',1417,'zmdf','active',1751850000000),
('zpdq','أحمد الكردي','male',1382,'zmdf','active',1751850000000),
('zpds','مصطفى الزعبي','male',1425,'zmdf','active',1751850000000),
('zpdu','ياسر الجاسم','male',1420,'zmdf','active',1751850000000),
('zpdw','إبراهيم الحموي','male',1405,'zmdf','active',1751850000000),
('zpdy','مصطفى العمر','male',1406,'zmdf','active',1751850000000),
('zped','أمير مسجد بلال','male',1383,'zmec','active',1751850000000),
('zpef','عثمان الشامي','male',1388,'zmec','active',1751850000000),
('zpeh','حسين الحلبي','male',1410,'zmec','active',1751850000000),
('zpej','طارق البكري','male',1425,'zmec','active',1751850000000),
('zpel','علي المحمد','male',1380,'zmec','active',1751850000000),
('zpen','حمزة النعسان','male',1404,'zmec','active',1751850000000),
('zpep','عمر الشامي','male',1406,'zmec','active',1751850000000),
('zper','ياسر الديب','male',1404,'zmec','active',1751850000000),
('zpet','خالد القاسم','male',1422,'zmec','active',1751850000000),
('zpev','صهيب الحسن','male',1392,'zmec','active',1751850000000),
('zpfd','أمير مسجد عثمان','male',1432,'zmfc','active',1751850000000),
('zpff','بلال الرفاعي','male',1387,'zmfc','active',1751850000000),
('zpfh','عبدالله المحمد','male',1401,'zmfc','active',1751850000000),
('zpfj','ياسر الحلبي','male',1411,'zmfc','active',1751850000000),
('zpfl','علي الزعبي','male',1384,'zmfc','active',1751850000000),
('zpfn','عبدالرحمن النعسان','male',1405,'zmfc','active',1751850000000),
('zpfp','أيمن الخطيب','male',1404,'zmfc','active',1751850000000),
('zpfr','أنس الحلبي','male',1394,'zmfc','active',1751850000000),
('zpft','محمد الأحمد','male',1407,'zmfc','active',1751850000000),
('zpg5','أمير مسجد الرحمة','male',1409,'zmg4','active',1751850000000),
('zpg9','بلال النعسان','male',1410,'zmg4','active',1751850000000),
('zpgb','صهيب الجاسم','male',1427,'zmg4','active',1751850000000),
('zpgd','زيد الحلبي','male',1401,'zmg4','active',1751850000000),
('zpgf','سلمان الجاسم','male',1385,'zmg4','active',1751850000000),
('zpgh','سعيد الحسن','male',1392,'zmg4','active',1751850000000),
('zpgj','عبدالرحمن العمر','male',1389,'zmg4','active',1751850000000),
('zpgl','حسن الشامي','male',1387,'zmg4','active',1751850000000),
('zpgn','محمد الجاسم','male',1393,'zmg4','active',1751850000000),
('zph0','أمير مسجد الرحمة','male',1416,'zmgz','active',1751850000000),
('zph2','ياسر الزعبي','male',1388,'zmgz','active',1751850000000),
('zph4','أنس المحمد','male',1423,'zmgz','active',1751850000000);
INSERT OR IGNORE INTO persons (id,full_name,gender,birth_year_hijri,home_org_unit_id,status,created_at) VALUES
('zph6','عثمان الزعبي','male',1398,'zmgz','active',1751850000000),
('zph8','حسن الخطيب','male',1393,'zmgz','active',1751850000000),
('zpha','إبراهيم الحريري','male',1386,'zmgz','active',1751850000000),
('zphc','أسامة الرفاعي','male',1417,'zmgz','active',1751850000000),
('zphe','خالد الحموي','male',1382,'zmgz','active',1751850000000),
('zphw','مسؤول مربع الشمالي إدلب','male',1405,'zqhv','active',1751850000000),
('zphz','أمير مسجد النور','male',1396,'zmhy','active',1751850000000),
('zpi1','حسين الحريري','male',1424,'zmhy','active',1751850000000),
('zpi3','محمد البكري','male',1417,'zmhy','active',1751850000000),
('zpi5','ياسر السالم','male',1401,'zmhy','active',1751850000000),
('zpi7','علي الحموي','male',1430,'zmhy','active',1751850000000),
('zpi9','أسامة البكري','male',1405,'zmhy','active',1751850000000),
('zpib','ياسر النعسان','male',1402,'zmhy','active',1751850000000),
('zpid','أيمن الحسن','male',1430,'zmhy','active',1751850000000),
('zpif','أسامة الأحمد','male',1422,'zmhy','active',1751850000000),
('zpih','سلمان الإدلبي','male',1404,'zmhy','active',1751850000000),
('zpij','أيمن الإدلبي','male',1399,'zmhy','active',1751850000000),
('zpil','عبدالرحمن الديب','male',1394,'zmhy','active',1751850000000),
('zpj0','أمير مسجد الهدى','male',1388,'zmiz','active',1751850000000),
('zpj2','سعيد الديب','male',1383,'zmiz','active',1751850000000),
('zpj4','حمزة الإدلبي','male',1429,'zmiz','active',1751850000000),
('zpj6','مصطفى الديب','male',1395,'zmiz','active',1751850000000),
('zpj8','عبدالرحمن البكري','male',1398,'zmiz','active',1751850000000),
('zpja','معاذ البكري','male',1393,'zmiz','active',1751850000000),
('zpjc','علي الحسن','male',1415,'zmiz','active',1751850000000),
('zpje','حسين الجاسم','male',1425,'zmiz','active',1751850000000),
('zpjg','عبدالله الجاسم','male',1414,'zmiz','active',1751850000000),
('zpjv','أمير مسجد بلال','male',1397,'zmju','active',1751850000000),
('zpjz','طارق الحموي','male',1398,'zmju','active',1751850000000),
('zpk1','صهيب الحموي','male',1415,'zmju','active',1751850000000),
('zpk3','حسين السالم','male',1421,'zmju','active',1751850000000),
('zpk5','صهيب القاسم','male',1401,'zmju','active',1751850000000),
('zpk7','حسن الأحمد','male',1387,'zmju','active',1751850000000),
('zpk9','معاذ الخطيب','male',1398,'zmju','active',1751850000000),
('zpkb','ياسر البكري','male',1382,'zmju','active',1751850000000),
('zpkd','زيد الزعبي','male',1418,'zmju','active',1751850000000),
('zpkf','معاذ الحسن','male',1421,'zmju','active',1751850000000),
('zpkh','أسامة المحمد','male',1396,'zmju','active',1751850000000),
('zpkw','أمير مسجد الرحمن','male',1392,'zmkv','active',1751850000000),
('zpl0','إبراهيم القاسم','male',1385,'zmkv','active',1751850000000),
('zpl2','صهيب السالم','male',1400,'zmkv','active',1751850000000),
('zpl4','سعيد الحريري','male',1407,'zmkv','active',1751850000000),
('zpl6','مصطفى الحلبي','male',1400,'zmkv','active',1751850000000),
('zpl8','مصطفى الصالح','male',1400,'zmkv','active',1751850000000),
('zpla','حسن الإدلبي','male',1389,'zmkv','active',1751850000000),
('zplc','خالد الجاسم','male',1420,'zmkv','active',1751850000000),
('zplr','أمير مسجد سعد','male',1382,'zmlq','active',1751850000000),
('zplv','سعيد البكري','male',1432,'zmlq','active',1751850000000),
('zplx','طارق الشامي','male',1380,'zmlq','active',1751850000000),
('zplz','أسامة العمر','male',1425,'zmlq','active',1751850000000),
('zpm1','حسين الحموي','male',1430,'zmlq','active',1751850000000),
('zpm3','حمزة البكري','male',1414,'zmlq','active',1751850000000),
('zpm5','عثمان الحموي','male',1381,'zmlq','active',1751850000000),
('zpm7','خالد الحلبي','male',1416,'zmlq','active',1751850000000),
('zpm9','حسن السالم','male',1405,'zmlq','active',1751850000000),
('zpms','أمير مسجد العزيز','male',1410,'zmmr','active',1751850000000),
('zpmu','طارق الكردي','male',1385,'zmmr','active',1751850000000),
('zpmw','حسن الأحمد','male',1383,'zmmr','active',1751850000000),
('zpmy','يوسف الحسن','male',1412,'zmmr','active',1751850000000),
('zpn0','محمد الحلبي','male',1384,'zmmr','active',1751850000000);
INSERT OR IGNORE INTO persons (id,full_name,gender,birth_year_hijri,home_org_unit_id,status,created_at) VALUES
('zpn2','سلمان القاسم','male',1394,'zmmr','active',1751850000000),
('zpn4','طارق الشامي','male',1407,'zmmr','active',1751850000000),
('zpn6','سعيد الحلبي','male',1410,'zmmr','active',1751850000000),
('zpn8','زيد الأحمد','male',1381,'zmmr','active',1751850000000),
('zpna','إبراهيم الحلبي','male',1389,'zmmr','active',1751850000000),
('zpnt','مسؤول مربع الجنوبي إدلب','male',1416,'zqns','active',1751850000000),
('zpnw','أمير مسجد الوفاء','male',1384,'zmnv','active',1751850000000),
('zpny','معاذ الديب','male',1381,'zmnv','active',1751850000000),
('zpo0','محمد الحسن','male',1403,'zmnv','active',1751850000000),
('zpo2','حسن الحريري','male',1406,'zmnv','active',1751850000000),
('zpo4','إبراهيم الكردي','male',1415,'zmnv','active',1751850000000),
('zpo6','عثمان الكردي','male',1419,'zmnv','active',1751850000000),
('zpo8','أنس القاسم','male',1395,'zmnv','active',1751850000000),
('zpoa','أسامة الحسن','male',1431,'zmnv','active',1751850000000),
('zpoc','حمزة الشامي','male',1423,'zmnv','active',1751850000000),
('zpoq','أمير مسجد الإيمان','male',1424,'zmop','active',1751850000000),
('zpos','أسامة النعسان','male',1382,'zmop','active',1751850000000),
('zpou','معاذ الخطيب','male',1408,'zmop','active',1751850000000),
('zpow','عبدالله الشامي','male',1395,'zmop','active',1751850000000),
('zpoy','بلال الكردي','male',1399,'zmop','active',1751850000000),
('zpp0','سلمان البكري','male',1432,'zmop','active',1751850000000),
('zpp2','علي الحسن','male',1401,'zmop','active',1751850000000),
('zpp4','خالد الإدلبي','male',1432,'zmop','active',1751850000000),
('zpp6','يوسف الخطيب','male',1397,'zmop','active',1751850000000),
('zppb','أمير مسجد الرحمن','male',1382,'zmpa','active',1751850000000),
('zppf','يوسف القاسم','male',1418,'zmpa','active',1751850000000),
('zpph','زيد المحمد','male',1411,'zmpa','active',1751850000000),
('zppj','أيمن الحسن','male',1390,'zmpa','active',1751850000000),
('zppl','عبدالله العمر','male',1406,'zmpa','active',1751850000000),
('zppn','علي الزعبي','male',1416,'zmpa','active',1751850000000),
('zppp','أيمن الجاسم','male',1407,'zmpa','active',1751850000000),
('zppr','محمد الرفاعي','male',1398,'zmpa','active',1751850000000),
('zppt','عثمان الزعبي','male',1417,'zmpa','active',1751850000000),
('zppv','مصطفى الجاسم','male',1380,'zmpa','active',1751850000000),
('zppx','أنس النعسان','male',1391,'zmpa','active',1751850000000),
('zpq1','أمير مسجد سعد','male',1397,'zmq0','active',1751850000000),
('zpq3','أنس العمر','male',1419,'zmq0','active',1751850000000),
('zpq5','أحمد المحمد','male',1423,'zmq0','active',1751850000000),
('zpq7','أحمد الشامي','male',1395,'zmq0','active',1751850000000),
('zpq9','ياسر المحمد','male',1380,'zmq0','active',1751850000000),
('zpqb','عمر الديب','male',1390,'zmq0','active',1751850000000),
('zpqd','صهيب القاسم','male',1399,'zmq0','active',1751850000000),
('zpqf','حسن الحموي','male',1428,'zmq0','active',1751850000000),
('zpqh','علي الصالح','male',1396,'zmq0','active',1751850000000),
('zpqj','بلال الديب','male',1429,'zmq0','active',1751850000000),
('zpql','عمر الحسن','male',1424,'zmq0','active',1751850000000),
('zpqn','سلمان الخطيب','male',1409,'zmq0','active',1751850000000),
('zpr1','أمير مسجد القدس','male',1416,'zmr0','active',1751850000000),
('zpr3','أيمن الصالح','male',1383,'zmr0','active',1751850000000),
('zpr5','أيمن الحسن','male',1401,'zmr0','active',1751850000000),
('zpr7','عمر الكردي','male',1419,'zmr0','active',1751850000000),
('zpr9','عثمان الرفاعي','male',1417,'zmr0','active',1751850000000),
('zprb','يوسف الحريري','male',1405,'zmr0','active',1751850000000),
('zprd','عبدالرحمن السالم','male',1416,'zmr0','active',1751850000000),
('zprf','حمزة المحمد','male',1429,'zmr0','active',1751850000000),
('zprh','حمزة الشامي','male',1411,'zmr0','active',1751850000000),
('zprz','أمير مسجد العزيز','male',1412,'zmry','active',1751850000000),
('zps1','زيد الخطيب','male',1381,'zmry','active',1751850000000),
('zps3','سلمان الديب','male',1415,'zmry','active',1751850000000),
('zps5','سعيد البكري','male',1404,'zmry','active',1751850000000);
INSERT OR IGNORE INTO persons (id,full_name,gender,birth_year_hijri,home_org_unit_id,status,created_at) VALUES
('zps7','معاذ الأحمد','male',1394,'zmry','active',1751850000000),
('zps9','عبدالرحمن الحموي','male',1427,'zmry','active',1751850000000),
('zpsb','مصطفى الخطيب','male',1407,'zmry','active',1751850000000),
('zpsd','زيد الرفاعي','male',1380,'zmry','active',1751850000000),
('zpsf','حسين الديب','male',1428,'zmry','active',1751850000000),
('zpsw','مسؤول منطقة حماة','male',1405,'zrsv','active',1751850000000),
('zpsz','مسؤول مربع المدينة حماة','male',1421,'zqsy','active',1751850000000),
('zpt2','أمير مسجد خالد','male',1405,'zmt1','active',1751850000000),
('zpt6','عبدالرحمن الحموي','male',1431,'zmt1','active',1751850000000),
('zpt8','حسن القاسم','male',1384,'zmt1','active',1751850000000),
('zpta','خالد القاسم','male',1406,'zmt1','active',1751850000000),
('zptc','صهيب الحريري','male',1419,'zmt1','active',1751850000000),
('zpte','معاذ الإدلبي','male',1432,'zmt1','active',1751850000000),
('zptg','صهيب الرفاعي','male',1424,'zmt1','active',1751850000000),
('zpti','سلمان الأحمد','male',1409,'zmt1','active',1751850000000),
('zptu','أمير مسجد سعد','male',1401,'zmtt','active',1751850000000),
('zptw','أحمد البكري','male',1409,'zmtt','active',1751850000000),
('zpty','عبدالرحمن البكري','male',1414,'zmtt','active',1751850000000),
('zpu0','سعيد القاسم','male',1416,'zmtt','active',1751850000000),
('zpu2','أنس البكري','male',1413,'zmtt','active',1751850000000),
('zpu4','حمزة الرفاعي','male',1386,'zmtt','active',1751850000000),
('zpu6','علي الحريري','male',1422,'zmtt','active',1751850000000),
('zpu8','علي السالم','male',1422,'zmtt','active',1751850000000),
('zpuo','أمير مسجد النصر','male',1432,'zmun','active',1751850000000),
('zpus','ياسر الحسن','male',1389,'zmun','active',1751850000000),
('zpuu','إبراهيم القاسم','male',1399,'zmun','active',1751850000000),
('zpuw','سلمان الصالح','male',1405,'zmun','active',1751850000000),
('zpuy','أيمن الجاسم','male',1403,'zmun','active',1751850000000),
('zpv0','يوسف البكري','male',1405,'zmun','active',1751850000000),
('zpv2','أيمن الجاسم','male',1408,'zmun','active',1751850000000),
('zpvg','أمير مسجد حمزة','male',1431,'zmvf','active',1751850000000),
('zpvk','حسن الرفاعي','male',1390,'zmvf','active',1751850000000),
('zpvm','ياسر الحموي','male',1419,'zmvf','active',1751850000000),
('zpvo','معاذ العمر','male',1424,'zmvf','active',1751850000000),
('zpvq','أحمد الحسن','male',1399,'zmvf','active',1751850000000),
('zpvs','أحمد القاسم','male',1413,'zmvf','active',1751850000000),
('zpvu','أحمد النعسان','male',1420,'zmvf','active',1751850000000),
('zpvw','عبدالله الزعبي','male',1409,'zmvf','active',1751850000000),
('zpvy','زيد الإدلبي','male',1391,'zmvf','active',1751850000000),
('zpw2','أمير مسجد الهدى','male',1389,'zmw1','active',1751850000000),
('zpw6','يوسف الكردي','male',1382,'zmw1','active',1751850000000),
('zpw8','أنس العمر','male',1402,'zmw1','active',1751850000000),
('zpwa','عمر النعسان','male',1385,'zmw1','active',1751850000000),
('zpwc','عمر البكري','male',1410,'zmw1','active',1751850000000),
('zpwe','أسامة العمر','male',1431,'zmw1','active',1751850000000),
('zpwg','محمد الشامي','male',1396,'zmw1','active',1751850000000),
('zpwi','أنس السالم','male',1392,'zmw1','active',1751850000000),
('zpwk','ياسر الحريري','male',1407,'zmw1','active',1751850000000),
('zpx2','أمير مسجد الفتح','male',1413,'zmx1','active',1751850000000),
('zpx4','حسن الإدلبي','male',1391,'zmx1','active',1751850000000),
('zpx6','أحمد الخطيب','male',1393,'zmx1','active',1751850000000),
('zpx8','خالد البكري','male',1415,'zmx1','active',1751850000000),
('zpxa','سلمان الإدلبي','male',1386,'zmx1','active',1751850000000),
('zpxc','عبدالرحمن الحموي','male',1388,'zmx1','active',1751850000000),
('zpxe','سلمان الصالح','male',1430,'zmx1','active',1751850000000),
('zpxv','أمير مسجد سعد','male',1396,'zmxu','active',1751850000000),
('zpxx','أحمد الصالح','male',1423,'zmxu','active',1751850000000),
('zpxz','بلال العمر','male',1391,'zmxu','active',1751850000000),
('zpy1','خالد الكردي','male',1418,'zmxu','active',1751850000000),
('zpy3','معاذ الديب','male',1410,'zmxu','active',1751850000000);
INSERT OR IGNORE INTO persons (id,full_name,gender,birth_year_hijri,home_org_unit_id,status,created_at) VALUES
('zpy5','حمزة العمر','male',1389,'zmxu','active',1751850000000),
('zpy7','علي الحلبي','male',1404,'zmxu','active',1751850000000),
('zpy9','أحمد الزعبي','male',1411,'zmxu','active',1751850000000),
('zpyb','صهيب الزعبي','male',1421,'zmxu','active',1751850000000),
('zpyd','سعيد الشامي','male',1399,'zmxu','active',1751850000000),
('zpyt','مسؤول مربع الشمالي حماة','male',1392,'zqys','active',1751850000000),
('zpyw','أمير مسجد الوفاء','male',1411,'zmyv','active',1751850000000),
('zpz0','عبدالله الكردي','male',1415,'zmyv','active',1751850000000),
('zpz2','حسن البكري','male',1388,'zmyv','active',1751850000000),
('zpz4','أسامة العمر','male',1399,'zmyv','active',1751850000000),
('zpz6','زيد الأحمد','male',1402,'zmyv','active',1751850000000),
('zpz8','معاذ الحسن','male',1410,'zmyv','active',1751850000000),
('zpza','أنس السالم','male',1429,'zmyv','active',1751850000000),
('zpzc','حسن الكردي','male',1408,'zmyv','active',1751850000000),
('zpze','يوسف الحموي','male',1416,'zmyv','active',1751850000000),
('zpzg','طارق الرفاعي','male',1412,'zmyv','active',1751850000000),
('zpzi','خالد الحريري','male',1381,'zmyv','active',1751850000000),
('zpzk','أحمد الجاسم','male',1411,'zmyv','active',1751850000000),
('zpzx','أمير مسجد الرحمن','male',1400,'zmzw','active',1751850000000),
('zpzz','عبدالله الكردي','male',1391,'zmzw','active',1751850000000),
('zp101','حسن الحسن','male',1401,'zmzw','active',1751850000000),
('zp103','زيد السالم','male',1409,'zmzw','active',1751850000000),
('zp105','حسن الجاسم','male',1393,'zmzw','active',1751850000000),
('zp107','خالد الزعبي','male',1405,'zmzw','active',1751850000000),
('zp109','محمد الخطيب','male',1430,'zmzw','active',1751850000000),
('zp10b','حسين الحريري','male',1386,'zmzw','active',1751850000000),
('zp10d','خالد البكري','male',1423,'zmzw','active',1751850000000),
('zp10f','زيد النعسان','male',1390,'zmzw','active',1751850000000),
('zp10h','طارق القاسم','male',1389,'zmzw','active',1751850000000),
('zp10u','أمير مسجد سعد','male',1389,'zm10t','active',1751850000000),
('zp10w','زيد الإدلبي','male',1422,'zm10t','active',1751850000000),
('zp10y','مصطفى العمر','male',1397,'zm10t','active',1751850000000),
('zp110','أنس البكري','male',1382,'zm10t','active',1751850000000),
('zp112','بلال الديب','male',1406,'zm10t','active',1751850000000),
('zp114','مصطفى الكردي','male',1423,'zm10t','active',1751850000000),
('zp116','سعيد البكري','male',1390,'zm10t','active',1751850000000),
('zp118','ياسر الشامي','male',1426,'zm10t','active',1751850000000),
('zp11a','معاذ الجاسم','male',1422,'zm10t','active',1751850000000),
('zp11c','معاذ الحلبي','male',1415,'zm10t','active',1751850000000),
('zp11e','خالد الحموي','male',1428,'zm10t','active',1751850000000),
('zp11t','أمير مسجد الأنصار','male',1432,'zm11s','active',1751850000000),
('zp11x','إبراهيم الأحمد','male',1396,'zm11s','active',1751850000000),
('zp11z','ياسر الخطيب','male',1405,'zm11s','active',1751850000000),
('zp121','صهيب الخطيب','male',1392,'zm11s','active',1751850000000),
('zp123','سلمان الحموي','male',1400,'zm11s','active',1751850000000),
('zp125','عثمان الحموي','male',1397,'zm11s','active',1751850000000),
('zp127','صهيب الصالح','male',1381,'zm11s','active',1751850000000),
('zp12n','أمير مسجد السلام','male',1408,'zm12m','active',1751850000000),
('zp12p','سعيد الزعبي','male',1415,'zm12m','active',1751850000000),
('zp12r','عبدالرحمن المحمد','male',1419,'zm12m','active',1751850000000),
('zp12t','علي الكردي','male',1426,'zm12m','active',1751850000000),
('zp12v','سعيد الزعبي','male',1387,'zm12m','active',1751850000000),
('zp12x','أيمن البكري','male',1427,'zm12m','active',1751850000000),
('zp12z','بلال الحلبي','male',1389,'zm12m','active',1751850000000),
('zp131','إبراهيم الخطيب','male',1401,'zm12m','active',1751850000000),
('zp13e','أمير مسجد السلام','male',1411,'zm13d','active',1751850000000),
('zp13g','محمد الأحمد','male',1386,'zm13d','active',1751850000000),
('zp13i','حمزة القاسم','male',1430,'zm13d','active',1751850000000),
('zp13k','زيد الجاسم','male',1409,'zm13d','active',1751850000000),
('zp13m','حسن الخطيب','male',1400,'zm13d','active',1751850000000);
INSERT OR IGNORE INTO persons (id,full_name,gender,birth_year_hijri,home_org_unit_id,status,created_at) VALUES
('zp13o','حسن المحمد','male',1409,'zm13d','active',1751850000000),
('zp13q','معاذ البكري','male',1411,'zm13d','active',1751850000000),
('zp13s','مصطفى المحمد','male',1382,'zm13d','active',1751850000000),
('zp13u','عبدالرحمن الحلبي','male',1422,'zm13d','active',1751850000000),
('zp14c','أمير مسجد التوحيد','male',1427,'zm14b','active',1751850000000),
('zp14e','أحمد الزعبي','male',1387,'zm14b','active',1751850000000),
('zp14g','حمزة الزعبي','male',1390,'zm14b','active',1751850000000),
('zp14i','عثمان الزعبي','male',1426,'zm14b','active',1751850000000),
('zp14k','حسين الحسن','male',1410,'zm14b','active',1751850000000),
('zp14m','عبدالرحمن السالم','male',1383,'zm14b','active',1751850000000),
('zp14o','أسامة المحمد','male',1381,'zm14b','active',1751850000000),
('zp14q','معاذ السالم','male',1420,'zm14b','active',1751850000000),
('zp14s','خالد الصالح','male',1430,'zm14b','active',1751850000000),
('zp14u','معاذ الإدلبي','male',1427,'zm14b','active',1751850000000),
('zp14w','خالد الخطيب','male',1390,'zm14b','active',1751850000000),
('zp15a','مسؤول مربع الجنوبي حماة','male',1400,'zq159','active',1751850000000),
('zp15d','أمير مسجد الفرقان','male',1424,'zm15c','active',1751850000000),
('zp15h','أسامة البكري','male',1414,'zm15c','active',1751850000000),
('zp15j','عبدالله البكري','male',1410,'zm15c','active',1751850000000),
('zp15l','عبدالرحمن الزعبي','male',1383,'zm15c','active',1751850000000),
('zp15n','محمد العمر','male',1408,'zm15c','active',1751850000000),
('zp15p','علي النعسان','male',1389,'zm15c','active',1751850000000),
('zp15r','صهيب الرفاعي','male',1409,'zm15c','active',1751850000000),
('zp15t','ياسر الحلبي','male',1394,'zm15c','active',1751850000000),
('zp15v','أسامة الأحمد','male',1428,'zm15c','active',1751850000000),
('zp160','أمير مسجد عثمان','male',1405,'zm15z','active',1751850000000),
('zp162','خالد الجاسم','male',1388,'zm15z','active',1751850000000),
('zp164','صهيب الأحمد','male',1417,'zm15z','active',1751850000000),
('zp166','سعيد الكردي','male',1405,'zm15z','active',1751850000000),
('zp168','سلمان الجاسم','male',1396,'zm15z','active',1751850000000),
('zp16a','عبدالرحمن الحسن','male',1423,'zm15z','active',1751850000000),
('zp16c','عبدالله القاسم','male',1420,'zm15z','active',1751850000000),
('zp16e','علي الإدلبي','male',1406,'zm15z','active',1751850000000),
('zp16g','زيد الخطيب','male',1420,'zm15z','active',1751850000000),
('zp16i','بلال الحريري','male',1432,'zm15z','active',1751850000000),
('zp16m','أمير مسجد الأنصار','male',1412,'zm16l','active',1751850000000),
('zp16q','معاذ البكري','male',1432,'zm16l','active',1751850000000),
('zp16s','ياسر الرفاعي','male',1406,'zm16l','active',1751850000000),
('zp16u','عمر الكردي','male',1404,'zm16l','active',1751850000000),
('zp16w','مصطفى الجاسم','male',1395,'zm16l','active',1751850000000),
('zp16y','بلال الحلبي','male',1384,'zm16l','active',1751850000000),
('zp170','سلمان النعسان','male',1413,'zm16l','active',1751850000000),
('zp17h','أمير مسجد سعد','male',1416,'zm17g','active',1751850000000),
('zp17j','أسامة الصالح','male',1386,'zm17g','active',1751850000000),
('zp17l','عثمان الشامي','male',1404,'zm17g','active',1751850000000),
('zp17n','عبدالله السالم','male',1418,'zm17g','active',1751850000000),
('zp17p','ياسر الخطيب','male',1398,'zm17g','active',1751850000000),
('zp17r','خالد الصالح','male',1386,'zm17g','active',1751850000000),
('zp17t','خالد الشامي','male',1426,'zm17g','active',1751850000000),
('zp17v','عمر الإدلبي','male',1390,'zm17g','active',1751850000000),
('zp17x','ياسر العمر','male',1429,'zm17g','active',1751850000000),
('zp182','أمير مسجد خالد','male',1406,'zm181','active',1751850000000),
('zp184','سلمان النعسان','male',1382,'zm181','active',1751850000000),
('zp186','أنس الحسن','male',1396,'zm181','active',1751850000000),
('zp188','مصطفى النعسان','male',1399,'zm181','active',1751850000000),
('zp18a','أيمن الحسن','male',1394,'zm181','active',1751850000000),
('zp18c','سعيد البكري','male',1386,'zm181','active',1751850000000),
('zp18e','سعيد الحريري','male',1423,'zm181','active',1751850000000),
('zp18g','حسين الزعبي','male',1395,'zm181','active',1751850000000),
('zp18i','حسن الديب','male',1408,'zm181','active',1751850000000);
INSERT OR IGNORE INTO persons (id,full_name,gender,birth_year_hijri,home_org_unit_id,status,created_at) VALUES
('zp18k','بلال الحموي','male',1418,'zm181','active',1751850000000),
('zp18p','أمير مسجد خالد','male',1387,'zm18o','active',1751850000000),
('zp18r','محمد الزعبي','male',1383,'zm18o','active',1751850000000),
('zp18t','مصطفى الصالح','male',1387,'zm18o','active',1751850000000),
('zp18v','أيمن الجاسم','male',1400,'zm18o','active',1751850000000),
('zp18x','خالد الكردي','male',1381,'zm18o','active',1751850000000),
('zp18z','طارق الزعبي','male',1411,'zm18o','active',1751850000000),
('zp191','أحمد الحسن','male',1407,'zm18o','active',1751850000000),
('zp193','حمزة الكردي','male',1389,'zm18o','active',1751850000000),
('zp195','علي الإدلبي','male',1405,'zm18o','active',1751850000000),
('zp19j','المشرفة العامة للنساء','female',1389,'women','active',1751850000000),
('zp19n','مسؤولة منطقة حلب','female',1387,'zr19m','active',1751850000000),
('zp19r','مسؤولة مربع المدينة حلب','female',1401,'zq19q','active',1751850000000),
('zp19v','المشرفة ليلى الرفاعي','female',1410,'zh19u','active',1751850000000),
('zp19y','المعلّمة جنى الحلبي','female',1419,'zh19u','active',1751850000000),
('zp1ca','المشرفة زينب الصالح','female',1404,'zh1c9','active',1751850000000),
('zp1cc','المعلّمة عائشة الحريري','female',1413,'zh1c9','active',1751850000000),
('zp1e1','المشرفة هدى الزعبي','female',1390,'zh1e0','active',1751850000000),
('zp1e3','المعلّمة سمية الصالح','female',1386,'zh1e0','active',1751850000000),
('zp1gb','المشرفة سلمى الإدلبي','female',1414,'zh1ga','active',1751850000000),
('zp1gd','المعلّمة سارة الإدلبي','female',1394,'zh1ga','active',1751850000000),
('zp1hy','المشرفة رقية الحلبي','female',1385,'zh1hx','active',1751850000000),
('zp1i0','المعلّمة أسماء الكردي','female',1432,'zh1hx','active',1751850000000),
('zp1l7','مسؤولة مربع الشمالي حلب','female',1397,'zq1l6','active',1751850000000),
('zp1la','المشرفة حفصة السالم','female',1386,'zh1l9','active',1751850000000),
('zp1lc','المعلّمة ليلى السالم','female',1410,'zh1l9','active',1751850000000),
('zp1os','المشرفة صفية الشامي','female',1401,'zh1or','active',1751850000000),
('zp1ou','المعلّمة زينب العمر','female',1398,'zh1or','active',1751850000000),
('zp1rq','المشرفة عائشة الخطيب','female',1427,'zh1rp','active',1751850000000),
('zp1rs','المعلّمة ليلى الصالح','female',1400,'zh1rp','active',1751850000000),
('zp1um','مسؤولة مربع الجنوبي حلب','female',1432,'zq1ul','active',1751850000000),
('zp1up','المشرفة هدى البكري','female',1410,'zh1uo','active',1751850000000),
('zp1ur','المعلّمة جنى النعسان','female',1405,'zh1uo','active',1751850000000),
('zp1wk','المشرفة فاطمة المحمد','female',1427,'zh1wj','active',1751850000000),
('zp1wm','المعلّمة دعاء الكردي','female',1428,'zh1wj','active',1751850000000),
('zp1yd','المشرفة عائشة البكري','female',1411,'zh1yc','active',1751850000000),
('zp1yf','المعلّمة زينب الكردي','female',1406,'zh1yc','active',1751850000000),
('zp21x','المشرفة نور الزعبي','female',1405,'zh21w','active',1751850000000),
('zp21z','المعلّمة رقية الحسن','female',1412,'zh21w','active',1751850000000),
('zp24e','المشرفة سلمى الزعبي','female',1410,'zh24d','active',1751850000000),
('zp24g','المعلّمة نور الصالح','female',1410,'zh24d','active',1751850000000),
('zp26i','مسؤولة منطقة إدلب','female',1416,'zr26h','active',1751850000000),
('zp26l','مسؤولة مربع المدينة إدلب','female',1431,'zq26k','active',1751850000000),
('zp26o','المشرفة دعاء القاسم','female',1429,'zh26n','active',1751850000000),
('zp26q','المعلّمة فاطمة الإدلبي','female',1418,'zh26n','active',1751850000000),
('zp28z','المشرفة أسماء الأحمد','female',1420,'zh28y','active',1751850000000),
('zp291','المعلّمة مريم البكري','female',1404,'zh28y','active',1751850000000),
('zp2b1','المشرفة رقية الحسن','female',1391,'zh2b0','active',1751850000000),
('zp2b3','المعلّمة نور الخطيب','female',1400,'zh2b0','active',1751850000000),
('zp2dc','المشرفة هدى الخطيب','female',1402,'zh2db','active',1751850000000),
('zp2de','المعلّمة صفية الشامي','female',1423,'zh2db','active',1751850000000),
('zp2eu','مسؤولة مربع الشمالي إدلب','female',1403,'zq2et','active',1751850000000),
('zp2ex','المشرفة نور المحمد','female',1380,'zh2ew','active',1751850000000),
('zp2ez','المعلّمة عائشة الصالح','female',1431,'zh2ew','active',1751850000000),
('zp2gd','المشرفة عائشة البكري','female',1408,'zh2gc','active',1751850000000),
('zp2gf','المعلّمة نور الكردي','female',1414,'zh2gc','active',1751850000000),
('zp2ia','المشرفة مريم القاسم','female',1405,'zh2i9','active',1751850000000),
('zp2ic','المعلّمة سارة الزعبي','female',1410,'zh2i9','active',1751850000000),
('zp2jv','المشرفة آمنة الحسن','female',1417,'zh2ju','active',1751850000000),
('zp2jx','المعلّمة سارة الجاسم','female',1420,'zh2ju','active',1751850000000);
INSERT OR IGNORE INTO persons (id,full_name,gender,birth_year_hijri,home_org_unit_id,status,created_at) VALUES
('zp2ls','مسؤولة مربع الجنوبي إدلب','female',1398,'zq2lr','active',1751850000000),
('zp2lv','المشرفة فاطمة الرفاعي','female',1432,'zh2lu','active',1751850000000),
('zp2lx','المعلّمة حفصة القاسم','female',1402,'zh2lu','active',1751850000000),
('zp2oy','المشرفة أسماء الشامي','female',1384,'zh2ox','active',1751850000000),
('zp2p0','المعلّمة سلمى الحلبي','female',1387,'zh2ox','active',1751850000000),
('zp2ra','المشرفة أسماء الحموي','female',1394,'zh2r9','active',1751850000000),
('zp2rc','المعلّمة زينب الحلبي','female',1426,'zh2r9','active',1751850000000),
('zp2t8','مسؤولة منطقة اللاذقية','female',1394,'zr2t7','active',1751850000000),
('zp2tb','مسؤولة مربع المدينة اللاذقية','female',1418,'zq2ta','active',1751850000000),
('zp2te','المشرفة نور الكردي','female',1396,'zh2td','active',1751850000000),
('zp2tg','المعلّمة فاطمة الجاسم','female',1419,'zh2td','active',1751850000000),
('zp2us','المشرفة رنا الحلبي','female',1400,'zh2ur','active',1751850000000),
('zp2uu','المعلّمة رنا الحموي','female',1429,'zh2ur','active',1751850000000),
('zp2wh','المشرفة نور القاسم','female',1403,'zh2wg','active',1751850000000),
('zp2wj','المعلّمة مريم العمر','female',1408,'zh2wg','active',1751850000000),
('zp2yl','المشرفة ليلى الصالح','female',1422,'zh2yk','active',1751850000000),
('zp2yn','المعلّمة إسراء الرفاعي','female',1409,'zh2yk','active',1751850000000),
('zp30q','مسؤولة مربع الشمالي اللاذقية','female',1417,'zq30p','active',1751850000000),
('zp30t','المشرفة أسماء النعسان','female',1390,'zh30s','active',1751850000000),
('zp30v','المعلّمة ليلى العمر','female',1426,'zh30s','active',1751850000000),
('zp32p','المشرفة سمية الكردي','female',1387,'zh32o','active',1751850000000),
('zp32r','المعلّمة فاطمة الصالح','female',1404,'zh32o','active',1751850000000),
('zp34d','المشرفة سارة السالم','female',1409,'zh34c','active',1751850000000),
('zp34f','المعلّمة سارة الزعبي','female',1398,'zh34c','active',1751850000000),
('zp36k','مسؤولة مربع الجنوبي اللاذقية','female',1414,'zq36j','active',1751850000000),
('zp36n','المشرفة زينب الحريري','female',1391,'zh36m','active',1751850000000),
('zp36p','المعلّمة حفصة الحسن','female',1429,'zh36m','active',1751850000000),
('zp387','المشرفة آمنة الأحمد','female',1400,'zh386','active',1751850000000),
('zp389','المعلّمة زينب الكردي','female',1426,'zh386','active',1751850000000),
('zp3al','المشرفة هدى الزعبي','female',1394,'zh3ak','active',1751850000000),
('zp3an','المعلّمة نور الجاسم','female',1390,'zh3ak','active',1751850000000),
('zp3cg','المشرفة زينب الشامي','female',1432,'zh3cf','active',1751850000000),
('zp3ci','المعلّمة نور النعسان','female',1382,'zh3cf','active',1751850000000),
('zp5q6','المسؤول الماليّ','male',1407,NULL,'active',1751850000000);
INSERT OR IGNORE INTO users (id,person_id,login,password_hash,last_login,mfa_secret,mfa_enabled,created_at) VALUES
('u-admin','zp1','admin','pbkdf2$100000$8T/B/AaCUb7IZ0bystvNjw==$LxZKTHYFK9tz1EnXiZLfi4Je5xflHrh4ndYv1TrR+qA=',1751850000000,NULL,0,1751850000000),
('zu3','zp2','head_men','pbkdf2$100000$8T/B/AaCUb7IZ0bystvNjw==$LxZKTHYFK9tz1EnXiZLfi4Je5xflHrh4ndYv1TrR+qA=',1751850000000,NULL,0,1751850000000),
('zu8','zp6','region_men','pbkdf2$100000$8T/B/AaCUb7IZ0bystvNjw==$LxZKTHYFK9tz1EnXiZLfi4Je5xflHrh4ndYv1TrR+qA=',NULL,NULL,0,1751850000000),
('zuc','zpa','square_men','pbkdf2$100000$8T/B/AaCUb7IZ0bystvNjw==$LxZKTHYFK9tz1EnXiZLfi4Je5xflHrh4ndYv1TrR+qA=',NULL,NULL,0,1751850000000),
('zug','zpe','amir','pbkdf2$100000$8T/B/AaCUb7IZ0bystvNjw==$LxZKTHYFK9tz1EnXiZLfi4Je5xflHrh4ndYv1TrR+qA=',1751331600000,NULL,0,1751850000000),
('zu2y','zp2v','zam2x','pbkdf2$100000$8T/B/AaCUb7IZ0bystvNjw==$LxZKTHYFK9tz1EnXiZLfi4Je5xflHrh4ndYv1TrR+qA=',NULL,NULL,0,1751850000000),
('zu4g','zp4d','zam4f','pbkdf2$100000$8T/B/AaCUb7IZ0bystvNjw==$LxZKTHYFK9tz1EnXiZLfi4Je5xflHrh4ndYv1TrR+qA=',NULL,NULL,0,1751850000000),
('zu5g','zp5d','zam5f','pbkdf2$100000$8T/B/AaCUb7IZ0bystvNjw==$LxZKTHYFK9tz1EnXiZLfi4Je5xflHrh4ndYv1TrR+qA=',NULL,NULL,0,1751850000000),
('zua0','zp9x','zam9z','pbkdf2$100000$8T/B/AaCUb7IZ0bystvNjw==$LxZKTHYFK9tz1EnXiZLfi4Je5xflHrh4ndYv1TrR+qA=',NULL,NULL,0,1751850000000),
('zuas','zpap','zamar','pbkdf2$100000$8T/B/AaCUb7IZ0bystvNjw==$LxZKTHYFK9tz1EnXiZLfi4Je5xflHrh4ndYv1TrR+qA=',NULL,NULL,0,1751850000000),
('zucj','zpcg','zamci','pbkdf2$100000$8T/B/AaCUb7IZ0bystvNjw==$LxZKTHYFK9tz1EnXiZLfi4Je5xflHrh4ndYv1TrR+qA=',NULL,NULL,0,1751850000000),
('zug8','zpg5','zamg7','pbkdf2$100000$8T/B/AaCUb7IZ0bystvNjw==$LxZKTHYFK9tz1EnXiZLfi4Je5xflHrh4ndYv1TrR+qA=',NULL,NULL,0,1751850000000),
('zujy','zpjv','zamjx','pbkdf2$100000$8T/B/AaCUb7IZ0bystvNjw==$LxZKTHYFK9tz1EnXiZLfi4Je5xflHrh4ndYv1TrR+qA=',NULL,NULL,0,1751850000000),
('zukz','zpkw','zamky','pbkdf2$100000$8T/B/AaCUb7IZ0bystvNjw==$LxZKTHYFK9tz1EnXiZLfi4Je5xflHrh4ndYv1TrR+qA=',NULL,NULL,0,1751850000000),
('zulu','zplr','zamlt','pbkdf2$100000$8T/B/AaCUb7IZ0bystvNjw==$LxZKTHYFK9tz1EnXiZLfi4Je5xflHrh4ndYv1TrR+qA=',NULL,NULL,0,1751850000000),
('zupe','zppb','zampd','pbkdf2$100000$8T/B/AaCUb7IZ0bystvNjw==$LxZKTHYFK9tz1EnXiZLfi4Je5xflHrh4ndYv1TrR+qA=',NULL,NULL,0,1751850000000),
('zut5','zpt2','zamt4','pbkdf2$100000$8T/B/AaCUb7IZ0bystvNjw==$LxZKTHYFK9tz1EnXiZLfi4Je5xflHrh4ndYv1TrR+qA=',NULL,NULL,0,1751850000000),
('zuur','zpuo','zamuq','pbkdf2$100000$8T/B/AaCUb7IZ0bystvNjw==$LxZKTHYFK9tz1EnXiZLfi4Je5xflHrh4ndYv1TrR+qA=',NULL,NULL,0,1751850000000),
('zuvj','zpvg','zamvi','pbkdf2$100000$8T/B/AaCUb7IZ0bystvNjw==$LxZKTHYFK9tz1EnXiZLfi4Je5xflHrh4ndYv1TrR+qA=',NULL,NULL,0,1751850000000),
('zuw5','zpw2','zamw4','pbkdf2$100000$8T/B/AaCUb7IZ0bystvNjw==$LxZKTHYFK9tz1EnXiZLfi4Je5xflHrh4ndYv1TrR+qA=',NULL,NULL,0,1751850000000),
('zuyz','zpyw','zamyy','pbkdf2$100000$8T/B/AaCUb7IZ0bystvNjw==$LxZKTHYFK9tz1EnXiZLfi4Je5xflHrh4ndYv1TrR+qA=',NULL,NULL,0,1751850000000),
('zu11w','zp11t','zam11v','pbkdf2$100000$8T/B/AaCUb7IZ0bystvNjw==$LxZKTHYFK9tz1EnXiZLfi4Je5xflHrh4ndYv1TrR+qA=',NULL,NULL,0,1751850000000),
('zu15g','zp15d','zam15f','pbkdf2$100000$8T/B/AaCUb7IZ0bystvNjw==$LxZKTHYFK9tz1EnXiZLfi4Je5xflHrh4ndYv1TrR+qA=',NULL,NULL,0,1751850000000),
('zu16p','zp16m','zam16o','pbkdf2$100000$8T/B/AaCUb7IZ0bystvNjw==$LxZKTHYFK9tz1EnXiZLfi4Je5xflHrh4ndYv1TrR+qA=',NULL,NULL,0,1751850000000),
('zu19k','zp19j','head_women','pbkdf2$100000$8T/B/AaCUb7IZ0bystvNjw==$LxZKTHYFK9tz1EnXiZLfi4Je5xflHrh4ndYv1TrR+qA=',1751850000000,NULL,0,1751850000000),
('zu19p','zp19n','region_women','pbkdf2$100000$8T/B/AaCUb7IZ0bystvNjw==$LxZKTHYFK9tz1EnXiZLfi4Je5xflHrh4ndYv1TrR+qA=',NULL,NULL,0,1751850000000),
('zu19t','zp19r','square_women','pbkdf2$100000$8T/B/AaCUb7IZ0bystvNjw==$LxZKTHYFK9tz1EnXiZLfi4Je5xflHrh4ndYv1TrR+qA=',NULL,NULL,0,1751850000000),
('zu19x','zp19v','mushrifa','pbkdf2$100000$8T/B/AaCUb7IZ0bystvNjw==$LxZKTHYFK9tz1EnXiZLfi4Je5xflHrh4ndYv1TrR+qA=',1751418000000,NULL,0,1751850000000),
('zu1a1','zp19y','teacher_w','pbkdf2$100000$8T/B/AaCUb7IZ0bystvNjw==$LxZKTHYFK9tz1EnXiZLfi4Je5xflHrh4ndYv1TrR+qA=',NULL,NULL,0,1751850000000),
('u-finance','zp5q6','finance','pbkdf2$100000$8T/B/AaCUb7IZ0bystvNjw==$LxZKTHYFK9tz1EnXiZLfi4Je5xflHrh4ndYv1TrR+qA=',1751763600000,NULL,0,1751850000000);
INSERT OR IGNORE INTO role_assignments (id,person_id,role,org_unit_id,org_path,portfolio,start_date,end_date,term_number,approval_status,approved_by,created_at) VALUES
('ra-admin','zp1','admin','men','/',NULL,1751850000000,NULL,1,'approved',NULL,1751850000000),
('zra4','zp2','section_head','men','/men/',NULL,1711760400000,NULL,1,'approved','u-admin',1751850000000),
('zra7','zp6','rabita','zr5','/men/zr5/',NULL,1746147600000,NULL,1,'approved','u-admin',1751850000000),
('zrab','zpa','square','zq9','/men/zr5/zq9/',NULL,1721264400000,NULL,1,'approved','u-admin',1751850000000),
('zraf','zpe','amir','zmd','/men/zr5/zq9/zmd/',NULL,1742259600000,NULL,1,'approved','u-admin',1751850000000),
('zrai','zph','deputy','zmd','/men/zr5/zq9/zmd/','نائب',1736125200000,NULL,1,'approved','u-admin',1751850000000),
('zrak','zpj','treasurer','zmd','/men/zr5/zq9/zmd/','الصندوق',1692493200000,NULL,1,'approved','u-admin',1751850000000),
('zram','zpl','committee','zmd','/men/zr5/zq9/zmd/','الدعوة',1736384400000,NULL,1,'approved','u-admin',1751850000000),
('zrao','zpn','participant','zmd','/men/zr5/zq9/zmd/',NULL,1723078800000,NULL,1,'approved','u-admin',1751850000000),
('zraq','zpp','member','zmd','/men/zr5/zq9/zmd/',NULL,1708477200000,NULL,1,'approved','u-admin',1751850000000),
('zras','zpr','member','zmd','/men/zr5/zq9/zmd/',NULL,1734656400000,NULL,1,'approved','u-admin',1751850000000),
('zrau','zpt','member','zmd','/men/zr5/zq9/zmd/',NULL,1743555600000,NULL,1,'approved','u-admin',1751850000000),
('zraw','zpv','participant','zmd','/men/zr5/zq9/zmd/',NULL,1730595600000,NULL,1,'approved','u-admin',1751850000000),
('zra1a','zp19','amir','zm18','/men/zr5/zq9/zm18/',NULL,1722992400000,NULL,1,'approved','u-admin',1751850000000),
('zra1c','zp1b','deputy','zm18','/men/zr5/zq9/zm18/','نائب',1715389200000,NULL,1,'approved','u-admin',1751850000000),
('zra1e','zp1d','secretary','zm18','/men/zr5/zq9/zm18/','أمانة السر',1733965200000,NULL,1,'approved','u-admin',1751850000000),
('zra1g','zp1f','participant','zm18','/men/zr5/zq9/zm18/',NULL,1703466000000,NULL,1,'approved','u-admin',1751850000000),
('zra1i','zp1h','member','zm18','/men/zr5/zq9/zm18/',NULL,1695344400000,NULL,1,'approved','u-admin',1751850000000),
('zra1k','zp1j','member','zm18','/men/zr5/zq9/zm18/',NULL,1746061200000,NULL,1,'approved','u-admin',1751850000000),
('zra1m','zp1l','member','zm18','/men/zr5/zq9/zm18/',NULL,1711069200000,NULL,1,'approved','u-admin',1751850000000),
('zra1o','zp1n','member','zm18','/men/zr5/zq9/zm18/',NULL,1706662800000,NULL,1,'approved','u-admin',1751850000000),
('zra1q','zp1p','participant','zm18','/men/zr5/zq9/zm18/',NULL,1718758800000,NULL,1,'approved','u-admin',1751850000000),
('zra28','zp27','amir','zm26','/men/zr5/zq9/zm26/',NULL,1695344400000,NULL,1,'approved','u-admin',1751850000000),
('zra2a','zp29','deputy','zm26','/men/zr5/zq9/zm26/','نائب',1725238800000,NULL,1,'approved','u-admin',1751850000000),
('zra2c','zp2b','treasurer','zm26','/men/zr5/zq9/zm26/','الصندوق',1707267600000,NULL,1,'approved','u-admin',1751850000000),
('zra2e','zp2d','committee','zm26','/men/zr5/zq9/zm26/','الإغاثة',1745974800000,NULL,1,'approved','u-admin',1751850000000),
('zra2g','zp2f','member','zm26','/men/zr5/zq9/zm26/',NULL,1723770000000,NULL,1,'approved','u-admin',1751850000000),
('zra2i','zp2h','participant','zm26','/men/zr5/zq9/zm26/',NULL,1727226000000,NULL,1,'approved','u-admin',1751850000000),
('zra2k','zp2j','member','zm26','/men/zr5/zq9/zm26/',NULL,1719622800000,NULL,1,'approved','u-admin',1751850000000),
('zra2m','zp2l','member','zm26','/men/zr5/zq9/zm26/',NULL,1731718800000,NULL,1,'approved','u-admin',1751850000000),
('zra2o','zp2n','member','zm26','/men/zr5/zq9/zm26/',NULL,1737162000000,NULL,1,'approved','u-admin',1751850000000),
('zra2q','zp2p','member','zm26','/men/zr5/zq9/zm26/',NULL,1746320400000,NULL,1,'approved','u-admin',1751850000000),
('zra2w','zp2v','amir','zm2u','/men/zr5/zq9/zm2u/',NULL,1699750800000,NULL,1,'approved','u-admin',1751850000000),
('zra30','zp2z','treasurer','zm2u','/men/zr5/zq9/zm2u/','الصندوق',1742518800000,NULL,1,'approved','u-admin',1751850000000),
('zra32','zp31','member','zm2u','/men/zr5/zq9/zm2u/',NULL,1727485200000,NULL,1,'approved','u-admin',1751850000000),
('zra34','zp33','member','zm2u','/men/zr5/zq9/zm2u/',NULL,1701997200000,NULL,1,'approved','u-admin',1751850000000),
('zra36','zp35','member','zm2u','/men/zr5/zq9/zm2u/',NULL,1709946000000,NULL,1,'approved','u-admin',1751850000000),
('zra38','zp37','member','zm2u','/men/zr5/zq9/zm2u/',NULL,1720227600000,NULL,1,'approved','u-admin',1751850000000),
('zra3p','zp3o','amir','zm3n','/men/zr5/zq9/zm3n/',NULL,1699059600000,NULL,1,'approved','u-admin',1751850000000),
('zra3r','zp3q','deputy','zm3n','/men/zr5/zq9/zm3n/','نائب',1694048400000,NULL,1,'approved','u-admin',1751850000000),
('zra3t','zp3s','committee','zm3n','/men/zr5/zq9/zm3n/','الدعوة',1745974800000,NULL,1,'approved','u-admin',1751850000000),
('zra3v','zp3u','participant','zm3n','/men/zr5/zq9/zm3n/',NULL,1719018000000,NULL,1,'approved','u-admin',1751850000000),
('zra3x','zp3w','participant','zm3n','/men/zr5/zq9/zm3n/',NULL,1696899600000,NULL,1,'approved','u-admin',1751850000000),
('zra3z','zp3y','member','zm3n','/men/zr5/zq9/zm3n/',NULL,1745629200000,NULL,1,'approved','u-admin',1751850000000),
('zra41','zp40','member','zm3n','/men/zr5/zq9/zm3n/',NULL,1741482000000,NULL,1,'approved','u-admin',1751850000000),
('zra43','zp42','member','zm3n','/men/zr5/zq9/zm3n/',NULL,1694826000000,NULL,1,'approved','u-admin',1751850000000),
('zra4e','zp4d','amir','zm4c','/men/zr5/zq9/zm4c/',NULL,1731027600000,NULL,1,'approved','u-admin',1751850000000),
('zra4i','zp4h','deputy','zm4c','/men/zr5/zq9/zm4c/','نائب',1705885200000,NULL,1,'approved','u-admin',1751850000000),
('zra4k','zp4j','secretary','zm4c','/men/zr5/zq9/zm4c/','أمانة السر',1714006800000,NULL,1,'approved','u-admin',1751850000000),
('zra4m','zp4l','committee','zm4c','/men/zr5/zq9/zm4c/','الإغاثة',1693789200000,NULL,1,'approved','u-admin',1751850000000),
('zra4o','zp4n','member','zm4c','/men/zr5/zq9/zm4c/',NULL,1734742800000,NULL,1,'approved','u-admin',1751850000000),
('zra4q','zp4p','participant','zm4c','/men/zr5/zq9/zm4c/',NULL,1722474000000,NULL,1,'approved','u-admin',1751850000000),
('zra4s','zp4r','member','zm4c','/men/zr5/zq9/zm4c/',NULL,1693184400000,NULL,1,'approved','u-admin',1751850000000),
('zra4u','zp4t','participant','zm4c','/men/zr5/zq9/zm4c/',NULL,1708218000000,NULL,1,'approved','u-admin',1751850000000),
('zra4w','zp4v','member','zm4c','/men/zr5/zq9/zm4c/',NULL,1738890000000,NULL,1,'approved','u-admin',1751850000000),
('zra4y','zp4x','member','zm4c','/men/zr5/zq9/zm4c/',NULL,1705107600000,NULL,1,'approved','u-admin',1751850000000),
('zra5e','zp5d','amir','zm5c','/men/zr5/zq9/zm5c/',NULL,1704070800000,NULL,1,'approved','u-admin',1751850000000),
('zra5i','zp5h','secretary','zm5c','/men/zr5/zq9/zm5c/','أمانة السر',1694998800000,NULL,1,'approved','u-admin',1751850000000),
('zra5k','zp5j','treasurer','zm5c','/men/zr5/zq9/zm5c/','الصندوق',1714352400000,NULL,1,'approved','u-admin',1751850000000),
('zra5m','zp5l','committee','zm5c','/men/zr5/zq9/zm5c/','الدعوة',1704157200000,NULL,1,'approved','u-admin',1751850000000);
INSERT OR IGNORE INTO role_assignments (id,person_id,role,org_unit_id,org_path,portfolio,start_date,end_date,term_number,approval_status,approved_by,created_at) VALUES
('zra5o','zp5n','member','zm5c','/men/zr5/zq9/zm5c/',NULL,1740877200000,NULL,1,'approved','u-admin',1751850000000),
('zra5q','zp5p','member','zm5c','/men/zr5/zq9/zm5c/',NULL,1743814800000,NULL,1,'approved','u-admin',1751850000000),
('zra5s','zp5r','member','zm5c','/men/zr5/zq9/zm5c/',NULL,1704416400000,NULL,1,'approved','u-admin',1751850000000),
('zra5u','zp5t','member','zm5c','/men/zr5/zq9/zm5c/',NULL,1737248400000,NULL,1,'approved','u-admin',1751850000000),
('zra5w','zp5v','member','zm5c','/men/zr5/zq9/zm5c/',NULL,1711328400000,NULL,1,'approved','u-admin',1751850000000),
('zra5y','zp5x','member','zm5c','/men/zr5/zq9/zm5c/',NULL,1691456400000,NULL,1,'approved','u-admin',1751850000000),
('zra6d','zp6c','amir','zm6b','/men/zr5/zq9/zm6b/',NULL,1718154000000,NULL,1,'approved','u-admin',1751850000000),
('zra6f','zp6e','deputy','zm6b','/men/zr5/zq9/zm6b/','نائب',1695603600000,NULL,1,'approved','u-admin',1751850000000),
('zra6h','zp6g','committee','zm6b','/men/zr5/zq9/zm6b/','الدعوة',1725757200000,NULL,1,'approved','u-admin',1751850000000),
('zra6j','zp6i','member','zm6b','/men/zr5/zq9/zm6b/',NULL,1729040400000,NULL,1,'approved','u-admin',1751850000000),
('zra6l','zp6k','member','zm6b','/men/zr5/zq9/zm6b/',NULL,1691370000000,NULL,1,'approved','u-admin',1751850000000),
('zra6n','zp6m','member','zm6b','/men/zr5/zq9/zm6b/',NULL,1696554000000,NULL,1,'approved','u-admin',1751850000000),
('zra6p','zp6o','member','zm6b','/men/zr5/zq9/zm6b/',NULL,1719709200000,NULL,1,'approved','u-admin',1751850000000),
('zra6r','zp6q','participant','zm6b','/men/zr5/zq9/zm6b/',NULL,1697245200000,NULL,1,'approved','u-admin',1751850000000),
('zra78','zp77','square','zq76','/men/zr5/zq76/',NULL,1742605200000,NULL,1,'approved','u-admin',1751850000000),
('zra7b','zp7a','amir','zm79','/men/zr5/zq76/zm79/',NULL,1740358800000,NULL,1,'approved','u-admin',1751850000000),
('zra7d','zp7c','deputy','zm79','/men/zr5/zq76/zm79/','نائب',1699750800000,NULL,1,'approved','u-admin',1751850000000),
('zra7f','zp7e','treasurer','zm79','/men/zr5/zq76/zm79/','الصندوق',1694998800000,NULL,1,'approved','u-admin',1751850000000),
('zra7h','zp7g','committee','zm79','/men/zr5/zq76/zm79/','الدعوة',1732496400000,NULL,1,'approved','u-admin',1751850000000),
('zra7j','zp7i','committee','zm79','/men/zr5/zq76/zm79/','الإغاثة',1719795600000,NULL,1,'approved','u-admin',1751850000000),
('zra7l','zp7k','participant','zm79','/men/zr5/zq76/zm79/',NULL,1716339600000,NULL,1,'approved','u-admin',1751850000000),
('zra7n','zp7m','member','zm79','/men/zr5/zq76/zm79/',NULL,1742432400000,NULL,1,'approved','u-admin',1751850000000),
('zra7p','zp7o','member','zm79','/men/zr5/zq76/zm79/',NULL,1723942800000,NULL,1,'approved','u-admin',1751850000000),
('zra7r','zp7q','participant','zm79','/men/zr5/zq76/zm79/',NULL,1693875600000,NULL,1,'approved','u-admin',1751850000000),
('zra7t','zp7s','member','zm79','/men/zr5/zq76/zm79/',NULL,1707786000000,NULL,1,'approved','u-admin',1751850000000),
('zra86','zp85','amir','zm84','/men/zr5/zq76/zm84/',NULL,1734742800000,NULL,1,'approved','u-admin',1751850000000),
('zra88','zp87','deputy','zm84','/men/zr5/zq76/zm84/','نائب',1710723600000,NULL,1,'approved','u-admin',1751850000000),
('zra8a','zp89','secretary','zm84','/men/zr5/zq76/zm84/','أمانة السر',1723338000000,NULL,1,'approved','u-admin',1751850000000),
('zra8c','zp8b','treasurer','zm84','/men/zr5/zq76/zm84/','الصندوق',1706144400000,NULL,1,'approved','u-admin',1751850000000),
('zra8e','zp8d','committee','zm84','/men/zr5/zq76/zm84/','الدعوة',1725930000000,NULL,1,'approved','u-admin',1751850000000),
('zra8g','zp8f','member','zm84','/men/zr5/zq76/zm84/',NULL,1743210000000,NULL,1,'approved','u-admin',1751850000000),
('zra8i','zp8h','member','zm84','/men/zr5/zq76/zm84/',NULL,1719968400000,NULL,1,'approved','u-admin',1751850000000),
('zra8k','zp8j','participant','zm84','/men/zr5/zq76/zm84/',NULL,1724979600000,NULL,1,'approved','u-admin',1751850000000),
('zra8m','zp8l','participant','zm84','/men/zr5/zq76/zm84/',NULL,1708390800000,NULL,1,'approved','u-admin',1751850000000),
('zra90','zp8z','amir','zm8y','/men/zr5/zq76/zm8y/',NULL,1730077200000,NULL,1,'approved','u-admin',1751850000000),
('zra92','zp91','secretary','zm8y','/men/zr5/zq76/zm8y/','أمانة السر',1708563600000,NULL,1,'approved','u-admin',1751850000000),
('zra94','zp93','committee','zm8y','/men/zr5/zq76/zm8y/','الإغاثة',1716598800000,NULL,1,'approved','u-admin',1751850000000),
('zra96','zp95','member','zm8y','/men/zr5/zq76/zm8y/',NULL,1696035600000,NULL,1,'approved','u-admin',1751850000000),
('zra98','zp97','member','zm8y','/men/zr5/zq76/zm8y/',NULL,1728003600000,NULL,1,'approved','u-admin',1751850000000),
('zra9a','zp99','member','zm8y','/men/zr5/zq76/zm8y/',NULL,1742346000000,NULL,1,'approved','u-admin',1751850000000),
('zra9c','zp9b','member','zm8y','/men/zr5/zq76/zm8y/',NULL,1732064400000,NULL,1,'approved','u-admin',1751850000000),
('zra9e','zp9d','member','zm8y','/men/zr5/zq76/zm8y/',NULL,1741222800000,NULL,1,'approved','u-admin',1751850000000),
('zra9y','zp9x','amir','zm9w','/men/zr5/zq76/zm9w/',NULL,1712970000000,NULL,1,'approved','u-admin',1751850000000),
('zraa2','zpa1','treasurer','zm9w','/men/zr5/zq76/zm9w/','الصندوق',1719968400000,NULL,1,'approved','u-admin',1751850000000),
('zraa4','zpa3','participant','zm9w','/men/zr5/zq76/zm9w/',NULL,1700787600000,NULL,1,'approved','u-admin',1751850000000),
('zraa6','zpa5','member','zm9w','/men/zr5/zq76/zm9w/',NULL,1707526800000,NULL,1,'approved','u-admin',1751850000000),
('zraa8','zpa7','member','zm9w','/men/zr5/zq76/zm9w/',NULL,1698282000000,NULL,1,'approved','u-admin',1751850000000),
('zraaa','zpa9','member','zm9w','/men/zr5/zq76/zm9w/',NULL,1727830800000,NULL,1,'approved','u-admin',1751850000000),
('zraaq','zpap','amir','zmao','/men/zr5/zq76/zmao/',NULL,1741309200000,NULL,1,'approved','u-admin',1751850000000),
('zraau','zpat','deputy','zmao','/men/zr5/zq76/zmao/','نائب',1738803600000,NULL,1,'approved','u-admin',1751850000000),
('zraaw','zpav','secretary','zmao','/men/zr5/zq76/zmao/','أمانة السر',1712797200000,NULL,1,'approved','u-admin',1751850000000),
('zraay','zpax','committee','zmao','/men/zr5/zq76/zmao/','الدعوة',1744765200000,NULL,1,'approved','u-admin',1751850000000),
('zrab0','zpaz','member','zmao','/men/zr5/zq76/zmao/',NULL,1710378000000,NULL,1,'approved','u-admin',1751850000000),
('zrab2','zpb1','participant','zmao','/men/zr5/zq76/zmao/',NULL,1720573200000,NULL,1,'approved','u-admin',1751850000000),
('zrab4','zpb3','member','zmao','/men/zr5/zq76/zmao/',NULL,1738976400000,NULL,1,'approved','u-admin',1751850000000),
('zrab6','zpb5','participant','zmao','/men/zr5/zq76/zmao/',NULL,1725757200000,NULL,1,'approved','u-admin',1751850000000),
('zrab8','zpb7','member','zmao','/men/zr5/zq76/zmao/',NULL,1708822800000,NULL,1,'approved','u-admin',1751850000000),
('zraba','zpb9','member','zmao','/men/zr5/zq76/zmao/',NULL,1716685200000,NULL,1,'approved','u-admin',1751850000000),
('zrabm','zpbl','amir','zmbk','/men/zr5/zq76/zmbk/',NULL,1718067600000,NULL,1,'approved','u-admin',1751850000000),
('zrabo','zpbn','treasurer','zmbk','/men/zr5/zq76/zmbk/','الصندوق',1742864400000,NULL,1,'approved','u-admin',1751850000000);
INSERT OR IGNORE INTO role_assignments (id,person_id,role,org_unit_id,org_path,portfolio,start_date,end_date,term_number,approval_status,approved_by,created_at) VALUES
('zrabq','zpbp','member','zmbk','/men/zr5/zq76/zmbk/',NULL,1737853200000,NULL,1,'approved','u-admin',1751850000000),
('zrabs','zpbr','participant','zmbk','/men/zr5/zq76/zmbk/',NULL,1727485200000,NULL,1,'approved','u-admin',1751850000000),
('zrabu','zpbt','member','zmbk','/men/zr5/zq76/zmbk/',NULL,1707181200000,NULL,1,'approved','u-admin',1751850000000),
('zrabw','zpbv','participant','zmbk','/men/zr5/zq76/zmbk/',NULL,1708909200000,NULL,1,'approved','u-admin',1751850000000),
('zraby','zpbx','member','zmbk','/men/zr5/zq76/zmbk/',NULL,1706144400000,NULL,1,'approved','u-admin',1751850000000),
('zrac0','zpbz','member','zmbk','/men/zr5/zq76/zmbk/',NULL,1745024400000,NULL,1,'approved','u-admin',1751850000000),
('zracb','zpca','rabita','zrc9','/men/zrc9/',NULL,1701824400000,NULL,1,'approved','u-admin',1751850000000),
('zrace','zpcd','square','zqcc','/men/zrc9/zqcc/',NULL,1744246800000,NULL,1,'approved','u-admin',1751850000000),
('zrach','zpcg','amir','zmcf','/men/zrc9/zqcc/zmcf/',NULL,1736730000000,NULL,1,'approved','u-admin',1751850000000),
('zracl','zpck','deputy','zmcf','/men/zrc9/zqcc/zmcf/','نائب',1709773200000,NULL,1,'approved','u-admin',1751850000000),
('zracn','zpcm','committee','zmcf','/men/zrc9/zqcc/zmcf/','الدعوة',1719450000000,NULL,1,'approved','u-admin',1751850000000),
('zracp','zpco','committee','zmcf','/men/zrc9/zqcc/zmcf/','الإغاثة',1696381200000,NULL,1,'approved','u-admin',1751850000000),
('zracr','zpcq','member','zmcf','/men/zrc9/zqcc/zmcf/',NULL,1739322000000,NULL,1,'approved','u-admin',1751850000000),
('zract','zpcs','member','zmcf','/men/zrc9/zqcc/zmcf/',NULL,1743555600000,NULL,1,'approved','u-admin',1751850000000),
('zracv','zpcu','member','zmcf','/men/zrc9/zqcc/zmcf/',NULL,1730250000000,NULL,1,'approved','u-admin',1751850000000),
('zracx','zpcw','participant','zmcf','/men/zrc9/zqcc/zmcf/',NULL,1715475600000,NULL,1,'approved','u-admin',1751850000000),
('zracz','zpcy','member','zmcf','/men/zrc9/zqcc/zmcf/',NULL,1728176400000,NULL,1,'approved','u-admin',1751850000000),
('zrad1','zpd0','member','zmcf','/men/zrc9/zqcc/zmcf/',NULL,1722992400000,NULL,1,'approved','u-admin',1751850000000),
('zrad3','zpd2','member','zmcf','/men/zrc9/zqcc/zmcf/',NULL,1715130000000,NULL,1,'approved','u-admin',1751850000000),
('zradh','zpdg','amir','zmdf','/men/zrc9/zqcc/zmdf/',NULL,1694048400000,NULL,1,'approved','u-admin',1751850000000),
('zradj','zpdi','deputy','zmdf','/men/zrc9/zqcc/zmdf/','نائب',1723251600000,NULL,1,'approved','u-admin',1751850000000),
('zradl','zpdk','secretary','zmdf','/men/zrc9/zqcc/zmdf/','أمانة السر',1731546000000,NULL,1,'approved','u-admin',1751850000000),
('zradn','zpdm','treasurer','zmdf','/men/zrc9/zqcc/zmdf/','الصندوق',1707008400000,NULL,1,'approved','u-admin',1751850000000),
('zradp','zpdo','member','zmdf','/men/zrc9/zqcc/zmdf/',NULL,1723683600000,NULL,1,'approved','u-admin',1751850000000),
('zradr','zpdq','participant','zmdf','/men/zrc9/zqcc/zmdf/',NULL,1705798800000,NULL,1,'approved','u-admin',1751850000000),
('zradt','zpds','member','zmdf','/men/zrc9/zqcc/zmdf/',NULL,1713920400000,NULL,1,'approved','u-admin',1751850000000),
('zradv','zpdu','participant','zmdf','/men/zrc9/zqcc/zmdf/',NULL,1744160400000,NULL,1,'approved','u-admin',1751850000000),
('zradx','zpdw','participant','zmdf','/men/zrc9/zqcc/zmdf/',NULL,1713747600000,NULL,1,'approved','u-admin',1751850000000),
('zradz','zpdy','participant','zmdf','/men/zrc9/zqcc/zmdf/',NULL,1730077200000,NULL,1,'approved','u-admin',1751850000000),
('zraee','zped','amir','zmec','/men/zrc9/zqcc/zmec/',NULL,1740272400000,NULL,1,'approved','u-admin',1751850000000),
('zraeg','zpef','secretary','zmec','/men/zrc9/zqcc/zmec/','أمانة السر',1738371600000,NULL,1,'approved','u-admin',1751850000000),
('zraei','zpeh','treasurer','zmec','/men/zrc9/zqcc/zmec/','الصندوق',1724029200000,NULL,1,'approved','u-admin',1751850000000),
('zraek','zpej','committee','zmec','/men/zrc9/zqcc/zmec/','الدعوة',1712019600000,NULL,1,'approved','u-admin',1751850000000),
('zraem','zpel','committee','zmec','/men/zrc9/zqcc/zmec/','الإغاثة',1697936400000,NULL,1,'approved','u-admin',1751850000000),
('zraeo','zpen','participant','zmec','/men/zrc9/zqcc/zmec/',NULL,1703293200000,NULL,1,'approved','u-admin',1751850000000),
('zraeq','zpep','participant','zmec','/men/zrc9/zqcc/zmec/',NULL,1742518800000,NULL,1,'approved','u-admin',1751850000000),
('zraes','zper','member','zmec','/men/zrc9/zqcc/zmec/',NULL,1737334800000,NULL,1,'approved','u-admin',1751850000000),
('zraeu','zpet','member','zmec','/men/zrc9/zqcc/zmec/',NULL,1694826000000,NULL,1,'approved','u-admin',1751850000000),
('zraew','zpev','participant','zmec','/men/zrc9/zqcc/zmec/',NULL,1718413200000,NULL,1,'approved','u-admin',1751850000000),
('zrafe','zpfd','amir','zmfc','/men/zrc9/zqcc/zmfc/',NULL,1714266000000,NULL,1,'approved','u-admin',1751850000000),
('zrafg','zpff','deputy','zmfc','/men/zrc9/zqcc/zmfc/','نائب',1717808400000,NULL,1,'approved','u-admin',1751850000000),
('zrafi','zpfh','committee','zmfc','/men/zrc9/zqcc/zmfc/','الدعوة',1721523600000,NULL,1,'approved','u-admin',1751850000000),
('zrafk','zpfj','committee','zmfc','/men/zrc9/zqcc/zmfc/','الإغاثة',1697245200000,NULL,1,'approved','u-admin',1751850000000),
('zrafm','zpfl','participant','zmfc','/men/zrc9/zqcc/zmfc/',NULL,1706144400000,NULL,1,'approved','u-admin',1751850000000),
('zrafo','zpfn','member','zmfc','/men/zrc9/zqcc/zmfc/',NULL,1746320400000,NULL,1,'approved','u-admin',1751850000000),
('zrafq','zpfp','member','zmfc','/men/zrc9/zqcc/zmfc/',NULL,1730422800000,NULL,1,'approved','u-admin',1751850000000),
('zrafs','zpfr','participant','zmfc','/men/zrc9/zqcc/zmfc/',NULL,1719450000000,NULL,1,'approved','u-admin',1751850000000),
('zrafu','zpft','member','zmfc','/men/zrc9/zqcc/zmfc/',NULL,1707267600000,NULL,1,'approved','u-admin',1751850000000),
('zrag6','zpg5','amir','zmg4','/men/zrc9/zqcc/zmg4/',NULL,1725843600000,NULL,1,'approved','u-admin',1751850000000),
('zraga','zpg9','treasurer','zmg4','/men/zrc9/zqcc/zmg4/','الصندوق',1705885200000,NULL,1,'approved','u-admin',1751850000000),
('zragc','zpgb','committee','zmg4','/men/zrc9/zqcc/zmg4/','الدعوة',1739926800000,NULL,1,'approved','u-admin',1751850000000),
('zrage','zpgd','committee','zmg4','/men/zrc9/zqcc/zmg4/','الإغاثة',1724547600000,NULL,1,'approved','u-admin',1751850000000),
('zragg','zpgf','participant','zmg4','/men/zrc9/zqcc/zmg4/',NULL,1742000400000,NULL,1,'approved','u-admin',1751850000000),
('zragi','zpgh','participant','zmg4','/men/zrc9/zqcc/zmg4/',NULL,1725411600000,NULL,1,'approved','u-admin',1751850000000),
('zragk','zpgj','member','zmg4','/men/zrc9/zqcc/zmg4/',NULL,1708390800000,NULL,1,'approved','u-admin',1751850000000),
('zragm','zpgl','member','zmg4','/men/zrc9/zqcc/zmg4/',NULL,1739062800000,NULL,1,'approved','u-admin',1751850000000),
('zrago','zpgn','member','zmg4','/men/zrc9/zqcc/zmg4/',NULL,1736730000000,NULL,1,'approved','u-admin',1751850000000),
('zrah1','zph0','amir','zmgz','/men/zrc9/zqcc/zmgz/',NULL,1730336400000,NULL,1,'approved','u-admin',1751850000000),
('zrah3','zph2','deputy','zmgz','/men/zrc9/zqcc/zmgz/','نائب',1728867600000,NULL,1,'approved','u-admin',1751850000000),
('zrah5','zph4','member','zmgz','/men/zrc9/zqcc/zmgz/',NULL,1693357200000,NULL,1,'approved','u-admin',1751850000000);
INSERT OR IGNORE INTO role_assignments (id,person_id,role,org_unit_id,org_path,portfolio,start_date,end_date,term_number,approval_status,approved_by,created_at) VALUES
('zrah7','zph6','participant','zmgz','/men/zrc9/zqcc/zmgz/',NULL,1722301200000,NULL,1,'approved','u-admin',1751850000000),
('zrah9','zph8','member','zmgz','/men/zrc9/zqcc/zmgz/',NULL,1694912400000,NULL,1,'approved','u-admin',1751850000000),
('zrahb','zpha','participant','zmgz','/men/zrc9/zqcc/zmgz/',NULL,1726016400000,NULL,1,'approved','u-admin',1751850000000),
('zrahd','zphc','member','zmgz','/men/zrc9/zqcc/zmgz/',NULL,1733360400000,NULL,1,'approved','u-admin',1751850000000),
('zrahf','zphe','participant','zmgz','/men/zrc9/zqcc/zmgz/',NULL,1728954000000,NULL,1,'approved','u-admin',1751850000000),
('zrahx','zphw','square','zqhv','/men/zrc9/zqhv/',NULL,1728781200000,NULL,1,'approved','u-admin',1751850000000),
('zrai0','zphz','amir','zmhy','/men/zrc9/zqhv/zmhy/',NULL,1697245200000,NULL,1,'approved','u-admin',1751850000000),
('zrai2','zpi1','deputy','zmhy','/men/zrc9/zqhv/zmhy/','نائب',1725930000000,NULL,1,'approved','u-admin',1751850000000),
('zrai4','zpi3','treasurer','zmhy','/men/zrc9/zqhv/zmhy/','الصندوق',1699923600000,NULL,1,'approved','u-admin',1751850000000),
('zrai6','zpi5','committee','zmhy','/men/zrc9/zqhv/zmhy/','الدعوة',1691456400000,NULL,1,'approved','u-admin',1751850000000),
('zrai8','zpi7','committee','zmhy','/men/zrc9/zqhv/zmhy/','الإغاثة',1714093200000,NULL,1,'approved','u-admin',1751850000000),
('zraia','zpi9','member','zmhy','/men/zrc9/zqhv/zmhy/',NULL,1737680400000,NULL,1,'approved','u-admin',1751850000000),
('zraic','zpib','member','zmhy','/men/zrc9/zqhv/zmhy/',NULL,1693011600000,NULL,1,'approved','u-admin',1751850000000),
('zraie','zpid','member','zmhy','/men/zrc9/zqhv/zmhy/',NULL,1713056400000,NULL,1,'approved','u-admin',1751850000000),
('zraig','zpif','member','zmhy','/men/zrc9/zqhv/zmhy/',NULL,1696035600000,NULL,1,'approved','u-admin',1751850000000),
('zraii','zpih','participant','zmhy','/men/zrc9/zqhv/zmhy/',NULL,1727917200000,NULL,1,'approved','u-admin',1751850000000),
('zraik','zpij','member','zmhy','/men/zrc9/zqhv/zmhy/',NULL,1714093200000,NULL,1,'approved','u-admin',1751850000000),
('zraim','zpil','participant','zmhy','/men/zrc9/zqhv/zmhy/',NULL,1738371600000,NULL,1,'approved','u-admin',1751850000000),
('zraj1','zpj0','amir','zmiz','/men/zrc9/zqhv/zmiz/',NULL,1714957200000,NULL,1,'approved','u-admin',1751850000000),
('zraj3','zpj2','deputy','zmiz','/men/zrc9/zqhv/zmiz/','نائب',1745974800000,NULL,1,'approved','u-admin',1751850000000),
('zraj5','zpj4','committee','zmiz','/men/zrc9/zqhv/zmiz/','الدعوة',1736470800000,NULL,1,'approved','u-admin',1751850000000),
('zraj7','zpj6','committee','zmiz','/men/zrc9/zqhv/zmiz/','الإغاثة',1719190800000,NULL,1,'approved','u-admin',1751850000000),
('zraj9','zpj8','member','zmiz','/men/zrc9/zqhv/zmiz/',NULL,1698800400000,NULL,1,'approved','u-admin',1751850000000),
('zrajb','zpja','member','zmiz','/men/zrc9/zqhv/zmiz/',NULL,1732928400000,NULL,1,'approved','u-admin',1751850000000),
('zrajd','zpjc','member','zmiz','/men/zrc9/zqhv/zmiz/',NULL,1743037200000,NULL,1,'approved','u-admin',1751850000000),
('zrajf','zpje','participant','zmiz','/men/zrc9/zqhv/zmiz/',NULL,1707440400000,NULL,1,'approved','u-admin',1751850000000),
('zrajh','zpjg','participant','zmiz','/men/zrc9/zqhv/zmiz/',NULL,1734310800000,NULL,1,'approved','u-admin',1751850000000),
('zrajw','zpjv','amir','zmju','/men/zrc9/zqhv/zmju/',NULL,1694566800000,NULL,1,'approved','u-admin',1751850000000),
('zrak0','zpjz','deputy','zmju','/men/zrc9/zqhv/zmju/','نائب',1717722000000,NULL,1,'approved','u-admin',1751850000000),
('zrak2','zpk1','secretary','zmju','/men/zrc9/zqhv/zmju/','أمانة السر',1719968400000,NULL,1,'approved','u-admin',1751850000000),
('zrak4','zpk3','committee','zmju','/men/zrc9/zqhv/zmju/','الدعوة',1729472400000,NULL,1,'approved','u-admin',1751850000000),
('zrak6','zpk5','committee','zmju','/men/zrc9/zqhv/zmju/','الإغاثة',1725670800000,NULL,1,'approved','u-admin',1751850000000),
('zrak8','zpk7','participant','zmju','/men/zrc9/zqhv/zmju/',NULL,1716253200000,NULL,1,'approved','u-admin',1751850000000),
('zraka','zpk9','participant','zmju','/men/zrc9/zqhv/zmju/',NULL,1722819600000,NULL,1,'approved','u-admin',1751850000000),
('zrakc','zpkb','member','zmju','/men/zrc9/zqhv/zmju/',NULL,1701565200000,NULL,1,'approved','u-admin',1751850000000),
('zrake','zpkd','member','zmju','/men/zrc9/zqhv/zmju/',NULL,1726016400000,NULL,1,'approved','u-admin',1751850000000),
('zrakg','zpkf','member','zmju','/men/zrc9/zqhv/zmju/',NULL,1728608400000,NULL,1,'approved','u-admin',1751850000000),
('zraki','zpkh','member','zmju','/men/zrc9/zqhv/zmju/',NULL,1709427600000,NULL,1,'approved','u-admin',1751850000000),
('zrakx','zpkw','amir','zmkv','/men/zrc9/zqhv/zmkv/',NULL,1698454800000,NULL,1,'approved','u-admin',1751850000000),
('zral1','zpl0','deputy','zmkv','/men/zrc9/zqhv/zmkv/','نائب',1732669200000,NULL,1,'approved','u-admin',1751850000000),
('zral3','zpl2','secretary','zmkv','/men/zrc9/zqhv/zmkv/','أمانة السر',1721005200000,NULL,1,'approved','u-admin',1751850000000),
('zral5','zpl4','treasurer','zmkv','/men/zrc9/zqhv/zmkv/','الصندوق',1715216400000,NULL,1,'approved','u-admin',1751850000000),
('zral7','zpl6','member','zmkv','/men/zrc9/zqhv/zmkv/',NULL,1691974800000,NULL,1,'approved','u-admin',1751850000000),
('zral9','zpl8','member','zmkv','/men/zrc9/zqhv/zmkv/',NULL,1739926800000,NULL,1,'approved','u-admin',1751850000000),
('zralb','zpla','member','zmkv','/men/zrc9/zqhv/zmkv/',NULL,1709427600000,NULL,1,'approved','u-admin',1751850000000),
('zrald','zplc','member','zmkv','/men/zrc9/zqhv/zmkv/',NULL,1742432400000,NULL,1,'approved','u-admin',1751850000000),
('zrals','zplr','amir','zmlq','/men/zrc9/zqhv/zmlq/',NULL,1734051600000,NULL,1,'approved','u-admin',1751850000000),
('zralw','zplv','deputy','zmlq','/men/zrc9/zqhv/zmlq/','نائب',1692925200000,NULL,1,'approved','u-admin',1751850000000),
('zraly','zplx','treasurer','zmlq','/men/zrc9/zqhv/zmlq/','الصندوق',1728090000000,NULL,1,'approved','u-admin',1751850000000),
('zram0','zplz','committee','zmlq','/men/zrc9/zqhv/zmlq/','الإغاثة',1716512400000,NULL,1,'approved','u-admin',1751850000000),
('zram2','zpm1','member','zmlq','/men/zrc9/zqhv/zmlq/',NULL,1713747600000,NULL,1,'approved','u-admin',1751850000000),
('zram4','zpm3','member','zmlq','/men/zrc9/zqhv/zmlq/',NULL,1707094800000,NULL,1,'approved','u-admin',1751850000000),
('zram6','zpm5','member','zmlq','/men/zrc9/zqhv/zmlq/',NULL,1706490000000,NULL,1,'approved','u-admin',1751850000000),
('zram8','zpm7','member','zmlq','/men/zrc9/zqhv/zmlq/',NULL,1720054800000,NULL,1,'approved','u-admin',1751850000000),
('zrama','zpm9','member','zmlq','/men/zrc9/zqhv/zmlq/',NULL,1733274000000,NULL,1,'approved','u-admin',1751850000000),
('zramt','zpms','amir','zmmr','/men/zrc9/zqhv/zmmr/',NULL,1708218000000,NULL,1,'approved','u-admin',1751850000000),
('zramv','zpmu','secretary','zmmr','/men/zrc9/zqhv/zmmr/','أمانة السر',1745197200000,NULL,1,'approved','u-admin',1751850000000),
('zramx','zpmw','treasurer','zmmr','/men/zrc9/zqhv/zmmr/','الصندوق',1735952400000,NULL,1,'approved','u-admin',1751850000000),
('zramz','zpmy','committee','zmmr','/men/zrc9/zqhv/zmmr/','الدعوة',1691542800000,NULL,1,'approved','u-admin',1751850000000),
('zran1','zpn0','committee','zmmr','/men/zrc9/zqhv/zmmr/','الإغاثة',1740099600000,NULL,1,'approved','u-admin',1751850000000);
INSERT OR IGNORE INTO role_assignments (id,person_id,role,org_unit_id,org_path,portfolio,start_date,end_date,term_number,approval_status,approved_by,created_at) VALUES
('zran3','zpn2','member','zmmr','/men/zrc9/zqhv/zmmr/',NULL,1736902800000,NULL,1,'approved','u-admin',1751850000000),
('zran5','zpn4','member','zmmr','/men/zrc9/zqhv/zmmr/',NULL,1727917200000,NULL,1,'approved','u-admin',1751850000000),
('zran7','zpn6','participant','zmmr','/men/zrc9/zqhv/zmmr/',NULL,1719018000000,NULL,1,'approved','u-admin',1751850000000),
('zran9','zpn8','member','zmmr','/men/zrc9/zqhv/zmmr/',NULL,1734656400000,NULL,1,'approved','u-admin',1751850000000),
('zranb','zpna','member','zmmr','/men/zrc9/zqhv/zmmr/',NULL,1692061200000,NULL,1,'approved','u-admin',1751850000000),
('zranu','zpnt','square','zqns','/men/zrc9/zqns/',NULL,1730077200000,NULL,1,'approved','u-admin',1751850000000),
('zranx','zpnw','amir','zmnv','/men/zrc9/zqns/zmnv/',NULL,1722819600000,NULL,1,'approved','u-admin',1751850000000),
('zranz','zpny','deputy','zmnv','/men/zrc9/zqns/zmnv/','نائب',1721869200000,NULL,1,'approved','u-admin',1751850000000),
('zrao1','zpo0','treasurer','zmnv','/men/zrc9/zqns/zmnv/','الصندوق',1704589200000,NULL,1,'approved','u-admin',1751850000000),
('zrao3','zpo2','committee','zmnv','/men/zrc9/zqns/zmnv/','الدعوة',1713488400000,NULL,1,'approved','u-admin',1751850000000),
('zrao5','zpo4','member','zmnv','/men/zrc9/zqns/zmnv/',NULL,1710550800000,NULL,1,'approved','u-admin',1751850000000),
('zrao7','zpo6','member','zmnv','/men/zrc9/zqns/zmnv/',NULL,1703293200000,NULL,1,'approved','u-admin',1751850000000),
('zrao9','zpo8','member','zmnv','/men/zrc9/zqns/zmnv/',NULL,1728608400000,NULL,1,'approved','u-admin',1751850000000),
('zraob','zpoa','member','zmnv','/men/zrc9/zqns/zmnv/',NULL,1707181200000,NULL,1,'approved','u-admin',1751850000000),
('zraod','zpoc','member','zmnv','/men/zrc9/zqns/zmnv/',NULL,1701738000000,NULL,1,'approved','u-admin',1751850000000),
('zraor','zpoq','amir','zmop','/men/zrc9/zqns/zmop/',NULL,1706230800000,NULL,1,'approved','u-admin',1751850000000),
('zraot','zpos','deputy','zmop','/men/zrc9/zqns/zmop/','نائب',1692752400000,NULL,1,'approved','u-admin',1751850000000),
('zraov','zpou','treasurer','zmop','/men/zrc9/zqns/zmop/','الصندوق',1704934800000,NULL,1,'approved','u-admin',1751850000000),
('zraox','zpow','committee','zmop','/men/zrc9/zqns/zmop/','الدعوة',1714266000000,NULL,1,'approved','u-admin',1751850000000),
('zraoz','zpoy','member','zmop','/men/zrc9/zqns/zmop/',NULL,1741222800000,NULL,1,'approved','u-admin',1751850000000),
('zrap1','zpp0','participant','zmop','/men/zrc9/zqns/zmop/',NULL,1736125200000,NULL,1,'approved','u-admin',1751850000000),
('zrap3','zpp2','member','zmop','/men/zrc9/zqns/zmop/',NULL,1694221200000,NULL,1,'approved','u-admin',1751850000000),
('zrap5','zpp4','participant','zmop','/men/zrc9/zqns/zmop/',NULL,1719622800000,NULL,1,'approved','u-admin',1751850000000),
('zrap7','zpp6','member','zmop','/men/zrc9/zqns/zmop/',NULL,1711846800000,NULL,1,'approved','u-admin',1751850000000),
('zrapc','zppb','amir','zmpa','/men/zrc9/zqns/zmpa/',NULL,1698368400000,NULL,1,'approved','u-admin',1751850000000),
('zrapg','zppf','secretary','zmpa','/men/zrc9/zqns/zmpa/','أمانة السر',1707872400000,NULL,1,'approved','u-admin',1751850000000),
('zrapi','zpph','treasurer','zmpa','/men/zrc9/zqns/zmpa/','الصندوق',1742346000000,NULL,1,'approved','u-admin',1751850000000),
('zrapk','zppj','member','zmpa','/men/zrc9/zqns/zmpa/',NULL,1738458000000,NULL,1,'approved','u-admin',1751850000000),
('zrapm','zppl','participant','zmpa','/men/zrc9/zqns/zmpa/',NULL,1726621200000,NULL,1,'approved','u-admin',1751850000000),
('zrapo','zppn','participant','zmpa','/men/zrc9/zqns/zmpa/',NULL,1708304400000,NULL,1,'approved','u-admin',1751850000000),
('zrapq','zppp','member','zmpa','/men/zrc9/zqns/zmpa/',NULL,1691456400000,NULL,1,'approved','u-admin',1751850000000),
('zraps','zppr','member','zmpa','/men/zrc9/zqns/zmpa/',NULL,1734656400000,NULL,1,'approved','u-admin',1751850000000),
('zrapu','zppt','member','zmpa','/men/zrc9/zqns/zmpa/',NULL,1701824400000,NULL,1,'approved','u-admin',1751850000000),
('zrapw','zppv','member','zmpa','/men/zrc9/zqns/zmpa/',NULL,1719363600000,NULL,1,'approved','u-admin',1751850000000),
('zrapy','zppx','member','zmpa','/men/zrc9/zqns/zmpa/',NULL,1696726800000,NULL,1,'approved','u-admin',1751850000000),
('zraq2','zpq1','amir','zmq0','/men/zrc9/zqns/zmq0/',NULL,1710550800000,NULL,1,'approved','u-admin',1751850000000),
('zraq4','zpq3','deputy','zmq0','/men/zrc9/zqns/zmq0/','نائب',1736298000000,NULL,1,'approved','u-admin',1751850000000),
('zraq6','zpq5','secretary','zmq0','/men/zrc9/zqns/zmq0/','أمانة السر',1698886800000,NULL,1,'approved','u-admin',1751850000000),
('zraq8','zpq7','treasurer','zmq0','/men/zrc9/zqns/zmq0/','الصندوق',1717462800000,NULL,1,'approved','u-admin',1751850000000),
('zraqa','zpq9','committee','zmq0','/men/zrc9/zqns/zmq0/','الدعوة',1745456400000,NULL,1,'approved','u-admin',1751850000000),
('zraqc','zpqb','committee','zmq0','/men/zrc9/zqns/zmq0/','الإغاثة',1735779600000,NULL,1,'approved','u-admin',1751850000000),
('zraqe','zpqd','participant','zmq0','/men/zrc9/zqns/zmq0/',NULL,1745974800000,NULL,1,'approved','u-admin',1751850000000),
('zraqg','zpqf','member','zmq0','/men/zrc9/zqns/zmq0/',NULL,1729126800000,NULL,1,'approved','u-admin',1751850000000),
('zraqi','zpqh','participant','zmq0','/men/zrc9/zqns/zmq0/',NULL,1739754000000,NULL,1,'approved','u-admin',1751850000000),
('zraqk','zpqj','member','zmq0','/men/zrc9/zqns/zmq0/',NULL,1734483600000,NULL,1,'approved','u-admin',1751850000000),
('zraqm','zpql','participant','zmq0','/men/zrc9/zqns/zmq0/',NULL,1713488400000,NULL,1,'approved','u-admin',1751850000000),
('zraqo','zpqn','member','zmq0','/men/zrc9/zqns/zmq0/',NULL,1739235600000,NULL,1,'approved','u-admin',1751850000000),
('zrar2','zpr1','amir','zmr0','/men/zrc9/zqns/zmr0/',NULL,1693270800000,NULL,1,'approved','u-admin',1751850000000),
('zrar4','zpr3','secretary','zmr0','/men/zrc9/zqns/zmr0/','أمانة السر',1717462800000,NULL,1,'approved','u-admin',1751850000000),
('zrar6','zpr5','treasurer','zmr0','/men/zrc9/zqns/zmr0/','الصندوق',1716253200000,NULL,1,'approved','u-admin',1751850000000),
('zrar8','zpr7','committee','zmr0','/men/zrc9/zqns/zmr0/','الدعوة',1738026000000,NULL,1,'approved','u-admin',1751850000000),
('zrara','zpr9','committee','zmr0','/men/zrc9/zqns/zmr0/','الإغاثة',1695171600000,NULL,1,'approved','u-admin',1751850000000),
('zrarc','zprb','participant','zmr0','/men/zrc9/zqns/zmr0/',NULL,1724979600000,NULL,1,'approved','u-admin',1751850000000),
('zrare','zprd','member','zmr0','/men/zrc9/zqns/zmr0/',NULL,1729990800000,NULL,1,'approved','u-admin',1751850000000),
('zrarg','zprf','member','zmr0','/men/zrc9/zqns/zmr0/',NULL,1695517200000,NULL,1,'approved','u-admin',1751850000000),
('zrari','zprh','member','zmr0','/men/zrc9/zqns/zmr0/',NULL,1703552400000,NULL,1,'approved','u-admin',1751850000000),
('zras0','zprz','amir','zmry','/men/zrc9/zqns/zmry/',NULL,1735434000000,NULL,1,'approved','u-admin',1751850000000),
('zras2','zps1','treasurer','zmry','/men/zrc9/zqns/zmry/','الصندوق',1708909200000,NULL,1,'approved','u-admin',1751850000000),
('zras4','zps3','committee','zmry','/men/zrc9/zqns/zmry/','الدعوة',1728349200000,NULL,1,'approved','u-admin',1751850000000),
('zras6','zps5','committee','zmry','/men/zrc9/zqns/zmry/','الإغاثة',1711155600000,NULL,1,'approved','u-admin',1751850000000);
INSERT OR IGNORE INTO role_assignments (id,person_id,role,org_unit_id,org_path,portfolio,start_date,end_date,term_number,approval_status,approved_by,created_at) VALUES
('zras8','zps7','member','zmry','/men/zrc9/zqns/zmry/',NULL,1694566800000,NULL,1,'approved','u-admin',1751850000000),
('zrasa','zps9','member','zmry','/men/zrc9/zqns/zmry/',NULL,1709168400000,NULL,1,'approved','u-admin',1751850000000),
('zrasc','zpsb','participant','zmry','/men/zrc9/zqns/zmry/',NULL,1706317200000,NULL,1,'approved','u-admin',1751850000000),
('zrase','zpsd','member','zmry','/men/zrc9/zqns/zmry/',NULL,1721869200000,NULL,1,'approved','u-admin',1751850000000),
('zrasg','zpsf','member','zmry','/men/zrc9/zqns/zmry/',NULL,1737594000000,NULL,1,'approved','u-admin',1751850000000),
('zrasx','zpsw','rabita','zrsv','/men/zrsv/',NULL,1717376400000,NULL,1,'approved','u-admin',1751850000000),
('zrat0','zpsz','square','zqsy','/men/zrsv/zqsy/',NULL,1729472400000,NULL,1,'approved','u-admin',1751850000000),
('zrat3','zpt2','amir','zmt1','/men/zrsv/zqsy/zmt1/',NULL,1730422800000,NULL,1,'approved','u-admin',1751850000000),
('zrat7','zpt6','deputy','zmt1','/men/zrsv/zqsy/zmt1/','نائب',1702342800000,NULL,1,'approved','u-admin',1751850000000),
('zrat9','zpt8','secretary','zmt1','/men/zrsv/zqsy/zmt1/','أمانة السر',1745715600000,NULL,1,'approved','u-admin',1751850000000),
('zratb','zpta','committee','zmt1','/men/zrsv/zqsy/zmt1/','الإغاثة',1699491600000,NULL,1,'approved','u-admin',1751850000000),
('zratd','zptc','member','zmt1','/men/zrsv/zqsy/zmt1/',NULL,1739667600000,NULL,1,'approved','u-admin',1751850000000),
('zratf','zpte','member','zmt1','/men/zrsv/zqsy/zmt1/',NULL,1694480400000,NULL,1,'approved','u-admin',1751850000000),
('zrath','zptg','member','zmt1','/men/zrsv/zqsy/zmt1/',NULL,1697677200000,NULL,1,'approved','u-admin',1751850000000),
('zratj','zpti','member','zmt1','/men/zrsv/zqsy/zmt1/',NULL,1695517200000,NULL,1,'approved','u-admin',1751850000000),
('zratv','zptu','amir','zmtt','/men/zrsv/zqsy/zmtt/',NULL,1743382800000,NULL,1,'approved','u-admin',1751850000000),
('zratx','zptw','deputy','zmtt','/men/zrsv/zqsy/zmtt/','نائب',1717808400000,NULL,1,'approved','u-admin',1751850000000),
('zratz','zpty','treasurer','zmtt','/men/zrsv/zqsy/zmtt/','الصندوق',1699578000000,NULL,1,'approved','u-admin',1751850000000),
('zrau1','zpu0','committee','zmtt','/men/zrsv/zqsy/zmtt/','الإغاثة',1740272400000,NULL,1,'approved','u-admin',1751850000000),
('zrau3','zpu2','member','zmtt','/men/zrsv/zqsy/zmtt/',NULL,1695430800000,NULL,1,'approved','u-admin',1751850000000),
('zrau5','zpu4','member','zmtt','/men/zrsv/zqsy/zmtt/',NULL,1719536400000,NULL,1,'approved','u-admin',1751850000000),
('zrau7','zpu6','member','zmtt','/men/zrsv/zqsy/zmtt/',NULL,1744851600000,NULL,1,'approved','u-admin',1751850000000),
('zrau9','zpu8','member','zmtt','/men/zrsv/zqsy/zmtt/',NULL,1709514000000,NULL,1,'approved','u-admin',1751850000000),
('zraup','zpuo','amir','zmun','/men/zrsv/zqsy/zmun/',NULL,1735174800000,NULL,1,'approved','u-admin',1751850000000),
('zraut','zpus','committee','zmun','/men/zrsv/zqsy/zmun/','الإغاثة',1694912400000,NULL,1,'approved','u-admin',1751850000000),
('zrauv','zpuu','member','zmun','/men/zrsv/zqsy/zmun/',NULL,1709514000000,NULL,1,'approved','u-admin',1751850000000),
('zraux','zpuw','member','zmun','/men/zrsv/zqsy/zmun/',NULL,1732064400000,NULL,1,'approved','u-admin',1751850000000),
('zrauz','zpuy','participant','zmun','/men/zrsv/zqsy/zmun/',NULL,1736038800000,NULL,1,'approved','u-admin',1751850000000),
('zrav1','zpv0','member','zmun','/men/zrsv/zqsy/zmun/',NULL,1708477200000,NULL,1,'approved','u-admin',1751850000000),
('zrav3','zpv2','participant','zmun','/men/zrsv/zqsy/zmun/',NULL,1715562000000,NULL,1,'approved','u-admin',1751850000000),
('zravh','zpvg','amir','zmvf','/men/zrsv/zqsy/zmvf/',NULL,1711760400000,NULL,1,'approved','u-admin',1751850000000),
('zravl','zpvk','deputy','zmvf','/men/zrsv/zqsy/zmvf/','نائب',1738458000000,NULL,1,'approved','u-admin',1751850000000),
('zravn','zpvm','secretary','zmvf','/men/zrsv/zqsy/zmvf/','أمانة السر',1722819600000,NULL,1,'approved','u-admin',1751850000000),
('zravp','zpvo','treasurer','zmvf','/men/zrsv/zqsy/zmvf/','الصندوق',1697590800000,NULL,1,'approved','u-admin',1751850000000),
('zravr','zpvq','committee','zmvf','/men/zrsv/zqsy/zmvf/','الإغاثة',1703638800000,NULL,1,'approved','u-admin',1751850000000),
('zravt','zpvs','member','zmvf','/men/zrsv/zqsy/zmvf/',NULL,1709254800000,NULL,1,'approved','u-admin',1751850000000),
('zravv','zpvu','participant','zmvf','/men/zrsv/zqsy/zmvf/',NULL,1693875600000,NULL,1,'approved','u-admin',1751850000000),
('zravx','zpvw','member','zmvf','/men/zrsv/zqsy/zmvf/',NULL,1728349200000,NULL,1,'approved','u-admin',1751850000000),
('zravz','zpvy','participant','zmvf','/men/zrsv/zqsy/zmvf/',NULL,1738458000000,NULL,1,'approved','u-admin',1751850000000),
('zraw3','zpw2','amir','zmw1','/men/zrsv/zqsy/zmw1/',NULL,1741222800000,NULL,1,'approved','u-admin',1751850000000),
('zraw7','zpw6','deputy','zmw1','/men/zrsv/zqsy/zmw1/','نائب',1707008400000,NULL,1,'approved','u-admin',1751850000000),
('zraw9','zpw8','secretary','zmw1','/men/zrsv/zqsy/zmw1/','أمانة السر',1721178000000,NULL,1,'approved','u-admin',1751850000000),
('zrawb','zpwa','committee','zmw1','/men/zrsv/zqsy/zmw1/','الإغاثة',1713920400000,NULL,1,'approved','u-admin',1751850000000),
('zrawd','zpwc','member','zmw1','/men/zrsv/zqsy/zmw1/',NULL,1699059600000,NULL,1,'approved','u-admin',1751850000000),
('zrawf','zpwe','member','zmw1','/men/zrsv/zqsy/zmw1/',NULL,1719968400000,NULL,1,'approved','u-admin',1751850000000),
('zrawh','zpwg','member','zmw1','/men/zrsv/zqsy/zmw1/',NULL,1708131600000,NULL,1,'approved','u-admin',1751850000000),
('zrawj','zpwi','member','zmw1','/men/zrsv/zqsy/zmw1/',NULL,1734742800000,NULL,1,'approved','u-admin',1751850000000),
('zrawl','zpwk','participant','zmw1','/men/zrsv/zqsy/zmw1/',NULL,1701651600000,NULL,1,'approved','u-admin',1751850000000),
('zrax3','zpx2','amir','zmx1','/men/zrsv/zqsy/zmx1/',NULL,1718413200000,NULL,1,'approved','u-admin',1751850000000),
('zrax5','zpx4','deputy','zmx1','/men/zrsv/zqsy/zmx1/','نائب',1700787600000,NULL,1,'approved','u-admin',1751850000000),
('zrax7','zpx6','member','zmx1','/men/zrsv/zqsy/zmx1/',NULL,1708822800000,NULL,1,'approved','u-admin',1751850000000),
('zrax9','zpx8','member','zmx1','/men/zrsv/zqsy/zmx1/',NULL,1712797200000,NULL,1,'approved','u-admin',1751850000000),
('zraxb','zpxa','member','zmx1','/men/zrsv/zqsy/zmx1/',NULL,1710118800000,NULL,1,'approved','u-admin',1751850000000),
('zraxd','zpxc','member','zmx1','/men/zrsv/zqsy/zmx1/',NULL,1744074000000,NULL,1,'approved','u-admin',1751850000000),
('zraxf','zpxe','member','zmx1','/men/zrsv/zqsy/zmx1/',NULL,1743901200000,NULL,1,'approved','u-admin',1751850000000),
('zraxw','zpxv','amir','zmxu','/men/zrsv/zqsy/zmxu/',NULL,1707267600000,NULL,1,'approved','u-admin',1751850000000),
('zraxy','zpxx','deputy','zmxu','/men/zrsv/zqsy/zmxu/','نائب',1715907600000,NULL,1,'approved','u-admin',1751850000000),
('zray0','zpxz','treasurer','zmxu','/men/zrsv/zqsy/zmxu/','الصندوق',1714266000000,NULL,1,'approved','u-admin',1751850000000),
('zray2','zpy1','committee','zmxu','/men/zrsv/zqsy/zmxu/','الدعوة',1691888400000,NULL,1,'approved','u-admin',1751850000000),
('zray4','zpy3','committee','zmxu','/men/zrsv/zqsy/zmxu/','الإغاثة',1738803600000,NULL,1,'approved','u-admin',1751850000000);
INSERT OR IGNORE INTO role_assignments (id,person_id,role,org_unit_id,org_path,portfolio,start_date,end_date,term_number,approval_status,approved_by,created_at) VALUES
('zray6','zpy5','member','zmxu','/men/zrsv/zqsy/zmxu/',NULL,1739926800000,NULL,1,'approved','u-admin',1751850000000),
('zray8','zpy7','participant','zmxu','/men/zrsv/zqsy/zmxu/',NULL,1726362000000,NULL,1,'approved','u-admin',1751850000000),
('zraya','zpy9','participant','zmxu','/men/zrsv/zqsy/zmxu/',NULL,1736211600000,NULL,1,'approved','u-admin',1751850000000),
('zrayc','zpyb','member','zmxu','/men/zrsv/zqsy/zmxu/',NULL,1706058000000,NULL,1,'approved','u-admin',1751850000000),
('zraye','zpyd','member','zmxu','/men/zrsv/zqsy/zmxu/',NULL,1712538000000,NULL,1,'approved','u-admin',1751850000000),
('zrayu','zpyt','square','zqys','/men/zrsv/zqys/',NULL,1737162000000,NULL,1,'approved','u-admin',1751850000000),
('zrayx','zpyw','amir','zmyv','/men/zrsv/zqys/zmyv/',NULL,1706317200000,NULL,1,'approved','u-admin',1751850000000),
('zraz1','zpz0','deputy','zmyv','/men/zrsv/zqys/zmyv/','نائب',1745802000000,NULL,1,'approved','u-admin',1751850000000),
('zraz3','zpz2','secretary','zmyv','/men/zrsv/zqys/zmyv/','أمانة السر',1724029200000,NULL,1,'approved','u-admin',1751850000000),
('zraz5','zpz4','treasurer','zmyv','/men/zrsv/zqys/zmyv/','الصندوق',1725757200000,NULL,1,'approved','u-admin',1751850000000),
('zraz7','zpz6','committee','zmyv','/men/zrsv/zqys/zmyv/','الإغاثة',1711760400000,NULL,1,'approved','u-admin',1751850000000),
('zraz9','zpz8','member','zmyv','/men/zrsv/zqys/zmyv/',NULL,1694394000000,NULL,1,'approved','u-admin',1751850000000),
('zrazb','zpza','member','zmyv','/men/zrsv/zqys/zmyv/',NULL,1697850000000,NULL,1,'approved','u-admin',1751850000000),
('zrazd','zpzc','member','zmyv','/men/zrsv/zqys/zmyv/',NULL,1741136400000,NULL,1,'approved','u-admin',1751850000000),
('zrazf','zpze','member','zmyv','/men/zrsv/zqys/zmyv/',NULL,1725238800000,NULL,1,'approved','u-admin',1751850000000),
('zrazh','zpzg','participant','zmyv','/men/zrsv/zqys/zmyv/',NULL,1736211600000,NULL,1,'approved','u-admin',1751850000000),
('zrazj','zpzi','member','zmyv','/men/zrsv/zqys/zmyv/',NULL,1741914000000,NULL,1,'approved','u-admin',1751850000000),
('zrazl','zpzk','member','zmyv','/men/zrsv/zqys/zmyv/',NULL,1704675600000,NULL,1,'approved','u-admin',1751850000000),
('zrazy','zpzx','amir','zmzw','/men/zrsv/zqys/zmzw/',NULL,1725066000000,NULL,1,'approved','u-admin',1751850000000),
('zra100','zpzz','deputy','zmzw','/men/zrsv/zqys/zmzw/','نائب',1713315600000,NULL,1,'approved','u-admin',1751850000000),
('zra102','zp101','secretary','zmzw','/men/zrsv/zqys/zmzw/','أمانة السر',1726880400000,NULL,1,'approved','u-admin',1751850000000),
('zra104','zp103','treasurer','zmzw','/men/zrsv/zqys/zmzw/','الصندوق',1722387600000,NULL,1,'approved','u-admin',1751850000000),
('zra106','zp105','committee','zmzw','/men/zrsv/zqys/zmzw/','الإغاثة',1721005200000,NULL,1,'approved','u-admin',1751850000000),
('zra108','zp107','member','zmzw','/men/zrsv/zqys/zmzw/',NULL,1739494800000,NULL,1,'approved','u-admin',1751850000000),
('zra10a','zp109','member','zmzw','/men/zrsv/zqys/zmzw/',NULL,1730163600000,NULL,1,'approved','u-admin',1751850000000),
('zra10c','zp10b','participant','zmzw','/men/zrsv/zqys/zmzw/',NULL,1722128400000,NULL,1,'approved','u-admin',1751850000000),
('zra10e','zp10d','participant','zmzw','/men/zrsv/zqys/zmzw/',NULL,1709773200000,NULL,1,'approved','u-admin',1751850000000),
('zra10g','zp10f','participant','zmzw','/men/zrsv/zqys/zmzw/',NULL,1698282000000,NULL,1,'approved','u-admin',1751850000000),
('zra10i','zp10h','member','zmzw','/men/zrsv/zqys/zmzw/',NULL,1698541200000,NULL,1,'approved','u-admin',1751850000000),
('zra10v','zp10u','amir','zm10t','/men/zrsv/zqys/zm10t/',NULL,1744246800000,NULL,1,'approved','u-admin',1751850000000),
('zra10x','zp10w','secretary','zm10t','/men/zrsv/zqys/zm10t/','أمانة السر',1707440400000,NULL,1,'approved','u-admin',1751850000000),
('zra10z','zp10y','treasurer','zm10t','/men/zrsv/zqys/zm10t/','الصندوق',1702861200000,NULL,1,'approved','u-admin',1751850000000),
('zra111','zp110','committee','zm10t','/men/zrsv/zqys/zm10t/','الدعوة',1727744400000,NULL,1,'approved','u-admin',1751850000000),
('zra113','zp112','committee','zm10t','/men/zrsv/zqys/zm10t/','الإغاثة',1702083600000,NULL,1,'approved','u-admin',1751850000000),
('zra115','zp114','member','zm10t','/men/zrsv/zqys/zm10t/',NULL,1735779600000,NULL,1,'approved','u-admin',1751850000000),
('zra117','zp116','member','zm10t','/men/zrsv/zqys/zm10t/',NULL,1721005200000,NULL,1,'approved','u-admin',1751850000000),
('zra119','zp118','participant','zm10t','/men/zrsv/zqys/zm10t/',NULL,1701910800000,NULL,1,'approved','u-admin',1751850000000),
('zra11b','zp11a','member','zm10t','/men/zrsv/zqys/zm10t/',NULL,1692147600000,NULL,1,'approved','u-admin',1751850000000),
('zra11d','zp11c','member','zm10t','/men/zrsv/zqys/zm10t/',NULL,1712106000000,NULL,1,'approved','u-admin',1751850000000),
('zra11f','zp11e','member','zm10t','/men/zrsv/zqys/zm10t/',NULL,1715562000000,NULL,1,'approved','u-admin',1751850000000),
('zra11u','zp11t','amir','zm11s','/men/zrsv/zqys/zm11s/',NULL,1717894800000,NULL,1,'approved','u-admin',1751850000000),
('zra11y','zp11x','committee','zm11s','/men/zrsv/zqys/zm11s/','الإغاثة',1731632400000,NULL,1,'approved','u-admin',1751850000000),
('zra120','zp11z','member','zm11s','/men/zrsv/zqys/zm11s/',NULL,1735779600000,NULL,1,'approved','u-admin',1751850000000),
('zra122','zp121','member','zm11s','/men/zrsv/zqys/zm11s/',NULL,1730250000000,NULL,1,'approved','u-admin',1751850000000),
('zra124','zp123','member','zm11s','/men/zrsv/zqys/zm11s/',NULL,1720227600000,NULL,1,'approved','u-admin',1751850000000),
('zra126','zp125','member','zm11s','/men/zrsv/zqys/zm11s/',NULL,1739926800000,NULL,1,'approved','u-admin',1751850000000),
('zra128','zp127','member','zm11s','/men/zrsv/zqys/zm11s/',NULL,1693875600000,NULL,1,'approved','u-admin',1751850000000),
('zra12o','zp12n','amir','zm12m','/men/zrsv/zqys/zm12m/',NULL,1698627600000,NULL,1,'approved','u-admin',1751850000000),
('zra12q','zp12p','treasurer','zm12m','/men/zrsv/zqys/zm12m/','الصندوق',1735952400000,NULL,1,'approved','u-admin',1751850000000),
('zra12s','zp12r','committee','zm12m','/men/zrsv/zqys/zm12m/','الإغاثة',1713747600000,NULL,1,'approved','u-admin',1751850000000),
('zra12u','zp12t','participant','zm12m','/men/zrsv/zqys/zm12m/',NULL,1745110800000,NULL,1,'approved','u-admin',1751850000000),
('zra12w','zp12v','member','zm12m','/men/zrsv/zqys/zm12m/',NULL,1734829200000,NULL,1,'approved','u-admin',1751850000000),
('zra12y','zp12x','participant','zm12m','/men/zrsv/zqys/zm12m/',NULL,1727398800000,NULL,1,'approved','u-admin',1751850000000),
('zra130','zp12z','participant','zm12m','/men/zrsv/zqys/zm12m/',NULL,1714525200000,NULL,1,'approved','u-admin',1751850000000),
('zra132','zp131','participant','zm12m','/men/zrsv/zqys/zm12m/',NULL,1734829200000,NULL,1,'approved','u-admin',1751850000000),
('zra13f','zp13e','amir','zm13d','/men/zrsv/zqys/zm13d/',NULL,1697158800000,NULL,1,'approved','u-admin',1751850000000),
('zra13h','zp13g','secretary','zm13d','/men/zrsv/zqys/zm13d/','أمانة السر',1722301200000,NULL,1,'approved','u-admin',1751850000000),
('zra13j','zp13i','treasurer','zm13d','/men/zrsv/zqys/zm13d/','الصندوق',1734656400000,NULL,1,'approved','u-admin',1751850000000),
('zra13l','zp13k','committee','zm13d','/men/zrsv/zqys/zm13d/','الدعوة',1701738000000,NULL,1,'approved','u-admin',1751850000000),
('zra13n','zp13m','committee','zm13d','/men/zrsv/zqys/zm13d/','الإغاثة',1744160400000,NULL,1,'approved','u-admin',1751850000000);
INSERT OR IGNORE INTO role_assignments (id,person_id,role,org_unit_id,org_path,portfolio,start_date,end_date,term_number,approval_status,approved_by,created_at) VALUES
('zra13p','zp13o','participant','zm13d','/men/zrsv/zqys/zm13d/',NULL,1742691600000,NULL,1,'approved','u-admin',1751850000000),
('zra13r','zp13q','participant','zm13d','/men/zrsv/zqys/zm13d/',NULL,1735952400000,NULL,1,'approved','u-admin',1751850000000),
('zra13t','zp13s','participant','zm13d','/men/zrsv/zqys/zm13d/',NULL,1718931600000,NULL,1,'approved','u-admin',1751850000000),
('zra13v','zp13u','participant','zm13d','/men/zrsv/zqys/zm13d/',NULL,1737507600000,NULL,1,'approved','u-admin',1751850000000),
('zra14d','zp14c','amir','zm14b','/men/zrsv/zqys/zm14b/',NULL,1721005200000,NULL,1,'approved','u-admin',1751850000000),
('zra14f','zp14e','deputy','zm14b','/men/zrsv/zqys/zm14b/','نائب',1743210000000,NULL,1,'approved','u-admin',1751850000000),
('zra14h','zp14g','treasurer','zm14b','/men/zrsv/zqys/zm14b/','الصندوق',1708390800000,NULL,1,'approved','u-admin',1751850000000),
('zra14j','zp14i','committee','zm14b','/men/zrsv/zqys/zm14b/','الدعوة',1722646800000,NULL,1,'approved','u-admin',1751850000000),
('zra14l','zp14k','committee','zm14b','/men/zrsv/zqys/zm14b/','الإغاثة',1710378000000,NULL,1,'approved','u-admin',1751850000000),
('zra14n','zp14m','member','zm14b','/men/zrsv/zqys/zm14b/',NULL,1719277200000,NULL,1,'approved','u-admin',1751850000000),
('zra14p','zp14o','participant','zm14b','/men/zrsv/zqys/zm14b/',NULL,1744246800000,NULL,1,'approved','u-admin',1751850000000),
('zra14r','zp14q','member','zm14b','/men/zrsv/zqys/zm14b/',NULL,1717376400000,NULL,1,'approved','u-admin',1751850000000),
('zra14t','zp14s','member','zm14b','/men/zrsv/zqys/zm14b/',NULL,1728954000000,NULL,1,'approved','u-admin',1751850000000),
('zra14v','zp14u','participant','zm14b','/men/zrsv/zqys/zm14b/',NULL,1736902800000,NULL,1,'approved','u-admin',1751850000000),
('zra14x','zp14w','member','zm14b','/men/zrsv/zqys/zm14b/',NULL,1742950800000,NULL,1,'approved','u-admin',1751850000000),
('zra15b','zp15a','square','zq159','/men/zrsv/zq159/',NULL,1744506000000,NULL,1,'approved','u-admin',1751850000000),
('zra15e','zp15d','amir','zm15c','/men/zrsv/zq159/zm15c/',NULL,1706144400000,NULL,1,'approved','u-admin',1751850000000),
('zra15i','zp15h','secretary','zm15c','/men/zrsv/zq159/zm15c/','أمانة السر',1704762000000,NULL,1,'approved','u-admin',1751850000000),
('zra15k','zp15j','committee','zm15c','/men/zrsv/zq159/zm15c/','الإغاثة',1730163600000,NULL,1,'approved','u-admin',1751850000000),
('zra15m','zp15l','participant','zm15c','/men/zrsv/zq159/zm15c/',NULL,1738976400000,NULL,1,'approved','u-admin',1751850000000),
('zra15o','zp15n','participant','zm15c','/men/zrsv/zq159/zm15c/',NULL,1739062800000,NULL,1,'approved','u-admin',1751850000000),
('zra15q','zp15p','participant','zm15c','/men/zrsv/zq159/zm15c/',NULL,1745802000000,NULL,1,'approved','u-admin',1751850000000),
('zra15s','zp15r','member','zm15c','/men/zrsv/zq159/zm15c/',NULL,1710118800000,NULL,1,'approved','u-admin',1751850000000),
('zra15u','zp15t','participant','zm15c','/men/zrsv/zq159/zm15c/',NULL,1705798800000,NULL,1,'approved','u-admin',1751850000000),
('zra15w','zp15v','member','zm15c','/men/zrsv/zq159/zm15c/',NULL,1726102800000,NULL,1,'approved','u-admin',1751850000000),
('zra161','zp160','amir','zm15z','/men/zrsv/zq159/zm15z/',NULL,1709341200000,NULL,1,'approved','u-admin',1751850000000),
('zra163','zp162','deputy','zm15z','/men/zrsv/zq159/zm15z/','نائب',1733274000000,NULL,1,'approved','u-admin',1751850000000),
('zra165','zp164','secretary','zm15z','/men/zrsv/zq159/zm15z/','أمانة السر',1728349200000,NULL,1,'approved','u-admin',1751850000000),
('zra167','zp166','committee','zm15z','/men/zrsv/zq159/zm15z/','الدعوة',1701392400000,NULL,1,'approved','u-admin',1751850000000),
('zra169','zp168','committee','zm15z','/men/zrsv/zq159/zm15z/','الإغاثة',1735434000000,NULL,1,'approved','u-admin',1751850000000),
('zra16b','zp16a','member','zm15z','/men/zrsv/zq159/zm15z/',NULL,1732755600000,NULL,1,'approved','u-admin',1751850000000),
('zra16d','zp16c','member','zm15z','/men/zrsv/zq159/zm15z/',NULL,1745024400000,NULL,1,'approved','u-admin',1751850000000),
('zra16f','zp16e','member','zm15z','/men/zrsv/zq159/zm15z/',NULL,1725670800000,NULL,1,'approved','u-admin',1751850000000),
('zra16h','zp16g','member','zm15z','/men/zrsv/zq159/zm15z/',NULL,1699923600000,NULL,1,'approved','u-admin',1751850000000),
('zra16j','zp16i','participant','zm15z','/men/zrsv/zq159/zm15z/',NULL,1697245200000,NULL,1,'approved','u-admin',1751850000000),
('zra16n','zp16m','amir','zm16l','/men/zrsv/zq159/zm16l/',NULL,1729472400000,NULL,1,'approved','u-admin',1751850000000),
('zra16r','zp16q','deputy','zm16l','/men/zrsv/zq159/zm16l/','نائب',1697072400000,NULL,1,'approved','u-admin',1751850000000),
('zra16t','zp16s','member','zm16l','/men/zrsv/zq159/zm16l/',NULL,1708995600000,NULL,1,'approved','u-admin',1751850000000),
('zra16v','zp16u','member','zm16l','/men/zrsv/zq159/zm16l/',NULL,1705280400000,NULL,1,'approved','u-admin',1751850000000),
('zra16x','zp16w','member','zm16l','/men/zrsv/zq159/zm16l/',NULL,1739667600000,NULL,1,'approved','u-admin',1751850000000),
('zra16z','zp16y','member','zm16l','/men/zrsv/zq159/zm16l/',NULL,1699491600000,NULL,1,'approved','u-admin',1751850000000),
('zra171','zp170','member','zm16l','/men/zrsv/zq159/zm16l/',NULL,1702688400000,NULL,1,'approved','u-admin',1751850000000),
('zra17i','zp17h','amir','zm17g','/men/zrsv/zq159/zm17g/',NULL,1718240400000,NULL,1,'approved','u-admin',1751850000000),
('zra17k','zp17j','committee','zm17g','/men/zrsv/zq159/zm17g/','الدعوة',1727917200000,NULL,1,'approved','u-admin',1751850000000),
('zra17m','zp17l','committee','zm17g','/men/zrsv/zq159/zm17g/','الإغاثة',1710810000000,NULL,1,'approved','u-admin',1751850000000),
('zra17o','zp17n','participant','zm17g','/men/zrsv/zq159/zm17g/',NULL,1711242000000,NULL,1,'approved','u-admin',1751850000000),
('zra17q','zp17p','member','zm17g','/men/zrsv/zq159/zm17g/',NULL,1744592400000,NULL,1,'approved','u-admin',1751850000000),
('zra17s','zp17r','member','zm17g','/men/zrsv/zq159/zm17g/',NULL,1702515600000,NULL,1,'approved','u-admin',1751850000000),
('zra17u','zp17t','participant','zm17g','/men/zrsv/zq159/zm17g/',NULL,1730595600000,NULL,1,'approved','u-admin',1751850000000),
('zra17w','zp17v','member','zm17g','/men/zrsv/zq159/zm17g/',NULL,1719536400000,NULL,1,'approved','u-admin',1751850000000),
('zra17y','zp17x','participant','zm17g','/men/zrsv/zq159/zm17g/',NULL,1691715600000,NULL,1,'approved','u-admin',1751850000000),
('zra183','zp182','amir','zm181','/men/zrsv/zq159/zm181/',NULL,1733533200000,NULL,1,'approved','u-admin',1751850000000),
('zra185','zp184','deputy','zm181','/men/zrsv/zq159/zm181/','نائب',1694998800000,NULL,1,'approved','u-admin',1751850000000),
('zra187','zp186','committee','zm181','/men/zrsv/zq159/zm181/','الدعوة',1722819600000,NULL,1,'approved','u-admin',1751850000000),
('zra189','zp188','committee','zm181','/men/zrsv/zq159/zm181/','الإغاثة',1745024400000,NULL,1,'approved','u-admin',1751850000000),
('zra18b','zp18a','member','zm181','/men/zrsv/zq159/zm181/',NULL,1735952400000,NULL,1,'approved','u-admin',1751850000000),
('zra18d','zp18c','member','zm181','/men/zrsv/zq159/zm181/',NULL,1732150800000,NULL,1,'approved','u-admin',1751850000000),
('zra18f','zp18e','member','zm181','/men/zrsv/zq159/zm181/',NULL,1718499600000,NULL,1,'approved','u-admin',1751850000000),
('zra18h','zp18g','member','zm181','/men/zrsv/zq159/zm181/',NULL,1732755600000,NULL,1,'approved','u-admin',1751850000000),
('zra18j','zp18i','member','zm181','/men/zrsv/zq159/zm181/',NULL,1706835600000,NULL,1,'approved','u-admin',1751850000000);
INSERT OR IGNORE INTO role_assignments (id,person_id,role,org_unit_id,org_path,portfolio,start_date,end_date,term_number,approval_status,approved_by,created_at) VALUES
('zra18l','zp18k','member','zm181','/men/zrsv/zq159/zm181/',NULL,1744333200000,NULL,1,'approved','u-admin',1751850000000),
('zra18q','zp18p','amir','zm18o','/men/zrsv/zq159/zm18o/',NULL,1742000400000,NULL,1,'approved','u-admin',1751850000000),
('zra18s','zp18r','deputy','zm18o','/men/zrsv/zq159/zm18o/','نائب',1735347600000,NULL,1,'approved','u-admin',1751850000000),
('zra18u','zp18t','treasurer','zm18o','/men/zrsv/zq159/zm18o/','الصندوق',1692406800000,NULL,1,'approved','u-admin',1751850000000),
('zra18w','zp18v','committee','zm18o','/men/zrsv/zq159/zm18o/','الدعوة',1710723600000,NULL,1,'approved','u-admin',1751850000000),
('zra18y','zp18x','committee','zm18o','/men/zrsv/zq159/zm18o/','الإغاثة',1734570000000,NULL,1,'approved','u-admin',1751850000000),
('zra190','zp18z','member','zm18o','/men/zrsv/zq159/zm18o/',NULL,1744592400000,NULL,1,'approved','u-admin',1751850000000),
('zra192','zp191','participant','zm18o','/men/zrsv/zq159/zm18o/',NULL,1741741200000,NULL,1,'approved','u-admin',1751850000000),
('zra194','zp193','member','zm18o','/men/zrsv/zq159/zm18o/',NULL,1708563600000,NULL,1,'approved','u-admin',1751850000000),
('zra196','zp195','member','zm18o','/men/zrsv/zq159/zm18o/',NULL,1739235600000,NULL,1,'approved','u-admin',1751850000000),
('zra19l','zp19j','section_head','women','/women/',NULL,1715043600000,NULL,1,'approved','u-admin',1751850000000),
('zra19o','zp19n','rabita','zr19m','/women/zr19m/',NULL,1729558800000,NULL,1,'approved','u-admin',1751850000000),
('zra19s','zp19r','square','zq19q','/women/zr19m/zq19q/',NULL,1731027600000,NULL,1,'approved','u-admin',1751850000000),
('zra19w','zp19v','amir','zh19u','/women/zr19m/zq19q/zh19u/',NULL,1716339600000,NULL,1,'approved','u-admin',1751850000000),
('zra1a0','zp19y','teacher','zq19q','/women/zr19m/zq19q/',NULL,1691629200000,NULL,1,'approved','u-admin',1751850000000),
('zra1cb','zp1ca','amir','zh1c9','/women/zr19m/zq19q/zh1c9/',NULL,1696294800000,NULL,1,'approved','u-admin',1751850000000),
('zra1ce','zp1cc','teacher','zq19q','/women/zr19m/zq19q/',NULL,1727830800000,NULL,1,'approved','u-admin',1751850000000),
('zra1e2','zp1e1','amir','zh1e0','/women/zr19m/zq19q/zh1e0/',NULL,1742864400000,NULL,1,'approved','u-admin',1751850000000),
('zra1e5','zp1e3','teacher','zq19q','/women/zr19m/zq19q/',NULL,1737766800000,NULL,1,'approved','u-admin',1751850000000),
('zra1gc','zp1gb','amir','zh1ga','/women/zr19m/zq19q/zh1ga/',NULL,1737853200000,NULL,1,'approved','u-admin',1751850000000),
('zra1gf','zp1gd','teacher','zq19q','/women/zr19m/zq19q/',NULL,1746320400000,NULL,1,'approved','u-admin',1751850000000),
('zra1hz','zp1hy','amir','zh1hx','/women/zr19m/zq19q/zh1hx/',NULL,1741568400000,NULL,1,'approved','u-admin',1751850000000),
('zra1i2','zp1i0','teacher','zq19q','/women/zr19m/zq19q/',NULL,1728522000000,NULL,1,'approved','u-admin',1751850000000),
('zra1l8','zp1l7','square','zq1l6','/women/zr19m/zq1l6/',NULL,1715821200000,NULL,1,'approved','u-admin',1751850000000),
('zra1lb','zp1la','amir','zh1l9','/women/zr19m/zq1l6/zh1l9/',NULL,1742259600000,NULL,1,'approved','u-admin',1751850000000),
('zra1le','zp1lc','teacher','zq1l6','/women/zr19m/zq1l6/',NULL,1741654800000,NULL,1,'approved','u-admin',1751850000000),
('zra1ot','zp1os','amir','zh1or','/women/zr19m/zq1l6/zh1or/',NULL,1734483600000,NULL,1,'approved','u-admin',1751850000000),
('zra1ow','zp1ou','teacher','zq1l6','/women/zr19m/zq1l6/',NULL,1717290000000,NULL,1,'approved','u-admin',1751850000000),
('zra1rr','zp1rq','amir','zh1rp','/women/zr19m/zq1l6/zh1rp/',NULL,1706144400000,NULL,1,'approved','u-admin',1751850000000),
('zra1ru','zp1rs','teacher','zq1l6','/women/zr19m/zq1l6/',NULL,1745283600000,NULL,1,'approved','u-admin',1751850000000),
('zra1un','zp1um','square','zq1ul','/women/zr19m/zq1ul/',NULL,1717894800000,NULL,1,'approved','u-admin',1751850000000),
('zra1uq','zp1up','amir','zh1uo','/women/zr19m/zq1ul/zh1uo/',NULL,1714093200000,NULL,1,'approved','u-admin',1751850000000),
('zra1ut','zp1ur','teacher','zq1ul','/women/zr19m/zq1ul/',NULL,1700701200000,NULL,1,'approved','u-admin',1751850000000),
('zra1wl','zp1wk','amir','zh1wj','/women/zr19m/zq1ul/zh1wj/',NULL,1725238800000,NULL,1,'approved','u-admin',1751850000000),
('zra1wo','zp1wm','teacher','zq1ul','/women/zr19m/zq1ul/',NULL,1694566800000,NULL,1,'approved','u-admin',1751850000000),
('zra1ye','zp1yd','amir','zh1yc','/women/zr19m/zq1ul/zh1yc/',NULL,1718326800000,NULL,1,'approved','u-admin',1751850000000),
('zra1yh','zp1yf','teacher','zq1ul','/women/zr19m/zq1ul/',NULL,1725843600000,NULL,1,'approved','u-admin',1751850000000),
('zra21y','zp21x','amir','zh21w','/women/zr19m/zq1ul/zh21w/',NULL,1746406800000,NULL,1,'approved','u-admin',1751850000000),
('zra221','zp21z','teacher','zq1ul','/women/zr19m/zq1ul/',NULL,1718672400000,NULL,1,'approved','u-admin',1751850000000),
('zra24f','zp24e','amir','zh24d','/women/zr19m/zq1ul/zh24d/',NULL,1730336400000,NULL,1,'approved','u-admin',1751850000000),
('zra24i','zp24g','teacher','zq1ul','/women/zr19m/zq1ul/',NULL,1731114000000,NULL,1,'approved','u-admin',1751850000000),
('zra26j','zp26i','rabita','zr26h','/women/zr26h/',NULL,1723510800000,NULL,1,'approved','u-admin',1751850000000),
('zra26m','zp26l','square','zq26k','/women/zr26h/zq26k/',NULL,1745110800000,NULL,1,'approved','u-admin',1751850000000),
('zra26p','zp26o','amir','zh26n','/women/zr26h/zq26k/zh26n/',NULL,1741222800000,NULL,1,'approved','u-admin',1751850000000),
('zra26s','zp26q','teacher','zq26k','/women/zr26h/zq26k/',NULL,1729731600000,NULL,1,'approved','u-admin',1751850000000),
('zra290','zp28z','amir','zh28y','/women/zr26h/zq26k/zh28y/',NULL,1728435600000,NULL,1,'approved','u-admin',1751850000000),
('zra293','zp291','teacher','zq26k','/women/zr26h/zq26k/',NULL,1720746000000,NULL,1,'approved','u-admin',1751850000000),
('zra2b2','zp2b1','amir','zh2b0','/women/zr26h/zq26k/zh2b0/',NULL,1733274000000,NULL,1,'approved','u-admin',1751850000000),
('zra2b5','zp2b3','teacher','zq26k','/women/zr26h/zq26k/',NULL,1702602000000,NULL,1,'approved','u-admin',1751850000000),
('zra2dd','zp2dc','amir','zh2db','/women/zr26h/zq26k/zh2db/',NULL,1733706000000,NULL,1,'approved','u-admin',1751850000000),
('zra2dg','zp2de','teacher','zq26k','/women/zr26h/zq26k/',NULL,1699750800000,NULL,1,'approved','u-admin',1751850000000),
('zra2ev','zp2eu','square','zq2et','/women/zr26h/zq2et/',NULL,1707181200000,NULL,1,'approved','u-admin',1751850000000),
('zra2ey','zp2ex','amir','zh2ew','/women/zr26h/zq2et/zh2ew/',NULL,1742950800000,NULL,1,'approved','u-admin',1751850000000),
('zra2f1','zp2ez','teacher','zq2et','/women/zr26h/zq2et/',NULL,1742346000000,NULL,1,'approved','u-admin',1751850000000),
('zra2ge','zp2gd','amir','zh2gc','/women/zr26h/zq2et/zh2gc/',NULL,1742086800000,NULL,1,'approved','u-admin',1751850000000),
('zra2gh','zp2gf','teacher','zq2et','/women/zr26h/zq2et/',NULL,1742173200000,NULL,1,'approved','u-admin',1751850000000),
('zra2ib','zp2ia','amir','zh2i9','/women/zr26h/zq2et/zh2i9/',NULL,1710550800000,NULL,1,'approved','u-admin',1751850000000),
('zra2ie','zp2ic','teacher','zq2et','/women/zr26h/zq2et/',NULL,1717376400000,NULL,1,'approved','u-admin',1751850000000),
('zra2jw','zp2jv','amir','zh2ju','/women/zr26h/zq2et/zh2ju/',NULL,1738544400000,NULL,1,'approved','u-admin',1751850000000),
('zra2jz','zp2jx','teacher','zq2et','/women/zr26h/zq2et/',NULL,1709946000000,NULL,1,'approved','u-admin',1751850000000);
INSERT OR IGNORE INTO role_assignments (id,person_id,role,org_unit_id,org_path,portfolio,start_date,end_date,term_number,approval_status,approved_by,created_at) VALUES
('zra2lt','zp2ls','square','zq2lr','/women/zr26h/zq2lr/',NULL,1702256400000,NULL,1,'approved','u-admin',1751850000000),
('zra2lw','zp2lv','amir','zh2lu','/women/zr26h/zq2lr/zh2lu/',NULL,1712970000000,NULL,1,'approved','u-admin',1751850000000),
('zra2lz','zp2lx','teacher','zq2lr','/women/zr26h/zq2lr/',NULL,1743901200000,NULL,1,'approved','u-admin',1751850000000),
('zra2oz','zp2oy','amir','zh2ox','/women/zr26h/zq2lr/zh2ox/',NULL,1745283600000,NULL,1,'approved','u-admin',1751850000000),
('zra2p2','zp2p0','teacher','zq2lr','/women/zr26h/zq2lr/',NULL,1737075600000,NULL,1,'approved','u-admin',1751850000000),
('zra2rb','zp2ra','amir','zh2r9','/women/zr26h/zq2lr/zh2r9/',NULL,1723856400000,NULL,1,'approved','u-admin',1751850000000),
('zra2re','zp2rc','teacher','zq2lr','/women/zr26h/zq2lr/',NULL,1745888400000,NULL,1,'approved','u-admin',1751850000000),
('zra2t9','zp2t8','rabita','zr2t7','/women/zr2t7/',NULL,1715475600000,NULL,1,'approved','u-admin',1751850000000),
('zra2tc','zp2tb','square','zq2ta','/women/zr2t7/zq2ta/',NULL,1723770000000,NULL,1,'approved','u-admin',1751850000000),
('zra2tf','zp2te','amir','zh2td','/women/zr2t7/zq2ta/zh2td/',NULL,1695344400000,NULL,1,'approved','u-admin',1751850000000),
('zra2ti','zp2tg','teacher','zq2ta','/women/zr2t7/zq2ta/',NULL,1703034000000,NULL,1,'approved','u-admin',1751850000000),
('zra2ut','zp2us','amir','zh2ur','/women/zr2t7/zq2ta/zh2ur/',NULL,1725757200000,NULL,1,'approved','u-admin',1751850000000),
('zra2uw','zp2uu','teacher','zq2ta','/women/zr2t7/zq2ta/',NULL,1740790800000,NULL,1,'approved','u-admin',1751850000000),
('zra2wi','zp2wh','amir','zh2wg','/women/zr2t7/zq2ta/zh2wg/',NULL,1741741200000,NULL,1,'approved','u-admin',1751850000000),
('zra2wl','zp2wj','teacher','zq2ta','/women/zr2t7/zq2ta/',NULL,1706317200000,NULL,1,'approved','u-admin',1751850000000),
('zra2ym','zp2yl','amir','zh2yk','/women/zr2t7/zq2ta/zh2yk/',NULL,1730682000000,NULL,1,'approved','u-admin',1751850000000),
('zra2yp','zp2yn','teacher','zq2ta','/women/zr2t7/zq2ta/',NULL,1745370000000,NULL,1,'approved','u-admin',1751850000000),
('zra30r','zp30q','square','zq30p','/women/zr2t7/zq30p/',NULL,1715389200000,NULL,1,'approved','u-admin',1751850000000),
('zra30u','zp30t','amir','zh30s','/women/zr2t7/zq30p/zh30s/',NULL,1701392400000,NULL,1,'approved','u-admin',1751850000000),
('zra30x','zp30v','teacher','zq30p','/women/zr2t7/zq30p/',NULL,1696899600000,NULL,1,'approved','u-admin',1751850000000),
('zra32q','zp32p','amir','zh32o','/women/zr2t7/zq30p/zh32o/',NULL,1693616400000,NULL,1,'approved','u-admin',1751850000000),
('zra32t','zp32r','teacher','zq30p','/women/zr2t7/zq30p/',NULL,1745283600000,NULL,1,'approved','u-admin',1751850000000),
('zra34e','zp34d','amir','zh34c','/women/zr2t7/zq30p/zh34c/',NULL,1742346000000,NULL,1,'approved','u-admin',1751850000000),
('zra34h','zp34f','teacher','zq30p','/women/zr2t7/zq30p/',NULL,1726362000000,NULL,1,'approved','u-admin',1751850000000),
('zra36l','zp36k','square','zq36j','/women/zr2t7/zq36j/',NULL,1713488400000,NULL,1,'approved','u-admin',1751850000000),
('zra36o','zp36n','amir','zh36m','/women/zr2t7/zq36j/zh36m/',NULL,1708218000000,NULL,1,'approved','u-admin',1751850000000),
('zra36r','zp36p','teacher','zq36j','/women/zr2t7/zq36j/',NULL,1728694800000,NULL,1,'approved','u-admin',1751850000000),
('zra388','zp387','amir','zh386','/women/zr2t7/zq36j/zh386/',NULL,1692406800000,NULL,1,'approved','u-admin',1751850000000),
('zra38b','zp389','teacher','zq36j','/women/zr2t7/zq36j/',NULL,1722560400000,NULL,1,'approved','u-admin',1751850000000),
('zra3am','zp3al','amir','zh3ak','/women/zr2t7/zq36j/zh3ak/',NULL,1716944400000,NULL,1,'approved','u-admin',1751850000000),
('zra3ap','zp3an','teacher','zq36j','/women/zr2t7/zq36j/',NULL,1717635600000,NULL,1,'approved','u-admin',1751850000000),
('zra3ch','zp3cg','amir','zh3cf','/women/zr2t7/zq36j/zh3cf/',NULL,1726275600000,NULL,1,'approved','u-admin',1751850000000),
('zra3ck','zp3ci','teacher','zq36j','/women/zr2t7/zq36j/',NULL,1716771600000,NULL,1,'approved','u-admin',1751850000000),
('ra-finance','zp5q6','finance_officer','men','/',NULL,1744074000000,NULL,1,'approved','u-admin',1751850000000);
INSERT OR IGNORE INTO org_units (city,governorate,district,status,created_at,id,parent_id,path,type,section,gender_track,name) VALUES
(NULL,NULL,NULL,'active',1751850000000,'men',NULL,'/men/','section','men','male','قسم الذكور'),
('حلب','aleppo',NULL,'active',1751850000000,'zr5','men','/men/zr5/','rabita','men','male','منطقة حلب'),
('حلب','aleppo','azaz','active',1751850000000,'zq9','zr5','/men/zr5/zq9/','square','men','male','مربع المدينة حلب'),
('حلب','aleppo','afrin','active',1751850000000,'zmd','zq9','/men/zr5/zq9/zmd/','mosque','men','male','مسجد النصر'),
('حلب','aleppo','azaz','active',1751850000000,'zm18','zq9','/men/zr5/zq9/zm18/','mosque','men','male','مسجد البخاري'),
('حلب','aleppo','azaz','active',1751850000000,'zm26','zq9','/men/zr5/zq9/zm26/','mosque','men','male','مسجد الأنصار'),
('حلب','aleppo','albab','active',1751850000000,'zm2u','zq9','/men/zr5/zq9/zm2u/','mosque','men','male','مسجد الفاروق'),
('حلب','aleppo','azaz','active',1751850000000,'zm3n','zq9','/men/zr5/zq9/zm3n/','mosque','men','male','مسجد الأنصار'),
('حلب','aleppo','albab','active',1751850000000,'zm4c','zq9','/men/zr5/zq9/zm4c/','mosque','men','male','مسجد عثمان'),
('حلب','aleppo','albab','active',1751850000000,'zm5c','zq9','/men/zr5/zq9/zm5c/','mosque','men','male','مسجد الهدى'),
('حلب','aleppo','azaz','active',1751850000000,'zm6b','zq9','/men/zr5/zq9/zm6b/','mosque','men','male','مسجد الصحابة'),
('حلب','aleppo','albab','active',1751850000000,'zq76','zr5','/men/zr5/zq76/','square','men','male','مربع الشمالي حلب'),
('حلب','aleppo','afrin','active',1751850000000,'zm79','zq76','/men/zr5/zq76/zm79/','mosque','men','male','مسجد النور'),
('حلب','aleppo','azaz','active',1751850000000,'zm84','zq76','/men/zr5/zq76/zm84/','mosque','men','male','مسجد السلام'),
('حلب','aleppo','afrin','active',1751850000000,'zm8y','zq76','/men/zr5/zq76/zm8y/','mosque','men','male','مسجد خالد'),
('حلب','aleppo','albab','active',1751850000000,'zm9w','zq76','/men/zr5/zq76/zm9w/','mosque','men','male','مسجد الرحمن'),
('حلب','aleppo','afrin','active',1751850000000,'zmao','zq76','/men/zr5/zq76/zmao/','mosque','men','male','مسجد البخاري'),
('حلب','aleppo','albab','active',1751850000000,'zmbk','zq76','/men/zr5/zq76/zmbk/','mosque','men','male','مسجد الإيمان'),
('إدلب','idlib',NULL,'active',1751850000000,'zrc9','men','/men/zrc9/','rabita','men','male','منطقة إدلب'),
('إدلب','idlib','maarrat_numan','active',1751850000000,'zqcc','zrc9','/men/zrc9/zqcc/','square','men','male','مربع المدينة إدلب'),
('إدلب','idlib','harem','active',1751850000000,'zmcf','zqcc','/men/zrc9/zqcc/zmcf/','mosque','men','male','مسجد الأنصار'),
('إدلب','idlib','jisr_shughur','active',1751850000000,'zmdf','zqcc','/men/zrc9/zqcc/zmdf/','mosque','men','male','مسجد الصحابة'),
('إدلب','idlib','harem','active',1751850000000,'zmec','zqcc','/men/zrc9/zqcc/zmec/','mosque','men','male','مسجد بلال'),
('إدلب','idlib','ariha','active',1751850000000,'zmfc','zqcc','/men/zrc9/zqcc/zmfc/','mosque','men','male','مسجد عثمان'),
('إدلب','idlib','maarrat_numan','active',1751850000000,'zmg4','zqcc','/men/zrc9/zqcc/zmg4/','mosque','men','male','مسجد الرحمة'),
('إدلب','idlib','ariha','active',1751850000000,'zmgz','zqcc','/men/zrc9/zqcc/zmgz/','mosque','men','male','مسجد الرحمة'),
('إدلب','idlib','ariha','active',1751850000000,'zqhv','zrc9','/men/zrc9/zqhv/','square','men','male','مربع الشمالي إدلب'),
('إدلب','idlib','ariha','active',1751850000000,'zmhy','zqhv','/men/zrc9/zqhv/zmhy/','mosque','men','male','مسجد النور'),
('إدلب','idlib','jisr_shughur','active',1751850000000,'zmiz','zqhv','/men/zrc9/zqhv/zmiz/','mosque','men','male','مسجد الهدى'),
('إدلب','idlib','maarrat_numan','active',1751850000000,'zmju','zqhv','/men/zrc9/zqhv/zmju/','mosque','men','male','مسجد بلال'),
('إدلب','idlib','maarrat_numan','active',1751850000000,'zmkv','zqhv','/men/zrc9/zqhv/zmkv/','mosque','men','male','مسجد الرحمن'),
('إدلب','idlib','jisr_shughur','active',1751850000000,'zmlq','zqhv','/men/zrc9/zqhv/zmlq/','mosque','men','male','مسجد سعد'),
('إدلب','idlib','harem','active',1751850000000,'zmmr','zqhv','/men/zrc9/zqhv/zmmr/','mosque','men','male','مسجد العزيز'),
('إدلب','idlib','harem','active',1751850000000,'zqns','zrc9','/men/zrc9/zqns/','square','men','male','مربع الجنوبي إدلب'),
('إدلب','idlib','harem','active',1751850000000,'zmnv','zqns','/men/zrc9/zqns/zmnv/','mosque','men','male','مسجد الوفاء'),
('إدلب','idlib','maarrat_numan','active',1751850000000,'zmop','zqns','/men/zrc9/zqns/zmop/','mosque','men','male','مسجد الإيمان'),
('إدلب','idlib','ariha','active',1751850000000,'zmpa','zqns','/men/zrc9/zqns/zmpa/','mosque','men','male','مسجد الرحمن'),
('إدلب','idlib','harem','active',1751850000000,'zmq0','zqns','/men/zrc9/zqns/zmq0/','mosque','men','male','مسجد سعد'),
('إدلب','idlib','jisr_shughur','active',1751850000000,'zmr0','zqns','/men/zrc9/zqns/zmr0/','mosque','men','male','مسجد القدس'),
('إدلب','idlib','jisr_shughur','active',1751850000000,'zmry','zqns','/men/zrc9/zqns/zmry/','mosque','men','male','مسجد العزيز'),
('حماة','hama',NULL,'active',1751850000000,'zrsv','men','/men/zrsv/','rabita','men','male','منطقة حماة'),
('حماة','hama','masyaf','active',1751850000000,'zqsy','zrsv','/men/zrsv/zqsy/','square','men','male','مربع المدينة حماة'),
('حماة','hama','salamiyah','active',1751850000000,'zmt1','zqsy','/men/zrsv/zqsy/zmt1/','mosque','men','male','مسجد خالد'),
('حماة','hama','suqaylabiyah','active',1751850000000,'zmtt','zqsy','/men/zrsv/zqsy/zmtt/','mosque','men','male','مسجد سعد'),
('حماة','hama','salamiyah','active',1751850000000,'zmun','zqsy','/men/zrsv/zqsy/zmun/','mosque','men','male','مسجد النصر'),
('حماة','hama','mahardah','active',1751850000000,'zmvf','zqsy','/men/zrsv/zqsy/zmvf/','mosque','men','male','مسجد حمزة'),
('حماة','hama','suqaylabiyah','active',1751850000000,'zmw1','zqsy','/men/zrsv/zqsy/zmw1/','mosque','men','male','مسجد الهدى'),
('حماة','hama','salamiyah','active',1751850000000,'zmx1','zqsy','/men/zrsv/zqsy/zmx1/','mosque','men','male','مسجد الفتح'),
('حماة','hama','masyaf','active',1751850000000,'zmxu','zqsy','/men/zrsv/zqsy/zmxu/','mosque','men','male','مسجد سعد'),
('حماة','hama','mahardah','active',1751850000000,'zqys','zrsv','/men/zrsv/zqys/','square','men','male','مربع الشمالي حماة'),
('حماة','hama','salamiyah','active',1751850000000,'zmyv','zqys','/men/zrsv/zqys/zmyv/','mosque','men','male','مسجد الوفاء'),
('حماة','hama','salamiyah','active',1751850000000,'zmzw','zqys','/men/zrsv/zqys/zmzw/','mosque','men','male','مسجد الرحمن'),
('حماة','hama','masyaf','active',1751850000000,'zm10t','zqys','/men/zrsv/zqys/zm10t/','mosque','men','male','مسجد سعد'),
('حماة','hama','masyaf','active',1751850000000,'zm11s','zqys','/men/zrsv/zqys/zm11s/','mosque','men','male','مسجد الأنصار'),
('حماة','hama','suqaylabiyah','active',1751850000000,'zm12m','zqys','/men/zrsv/zqys/zm12m/','mosque','men','male','مسجد السلام'),
('حماة','hama','suqaylabiyah','active',1751850000000,'zm13d','zqys','/men/zrsv/zqys/zm13d/','mosque','men','male','مسجد السلام'),
('حماة','hama','masyaf','active',1751850000000,'zm14b','zqys','/men/zrsv/zqys/zm14b/','mosque','men','male','مسجد التوحيد'),
('حماة','hama','suqaylabiyah','active',1751850000000,'zq159','zrsv','/men/zrsv/zq159/','square','men','male','مربع الجنوبي حماة'),
('حماة','hama','salamiyah','active',1751850000000,'zm15c','zq159','/men/zrsv/zq159/zm15c/','mosque','men','male','مسجد الفرقان'),
('حماة','hama','masyaf','active',1751850000000,'zm15z','zq159','/men/zrsv/zq159/zm15z/','mosque','men','male','مسجد عثمان');
INSERT OR IGNORE INTO org_units (city,governorate,district,status,created_at,id,parent_id,path,type,section,gender_track,name) VALUES
('حماة','hama','suqaylabiyah','active',1751850000000,'zm16l','zq159','/men/zrsv/zq159/zm16l/','mosque','men','male','مسجد الأنصار'),
('حماة','hama','salamiyah','active',1751850000000,'zm17g','zq159','/men/zrsv/zq159/zm17g/','mosque','men','male','مسجد سعد'),
('حماة','hama','suqaylabiyah','active',1751850000000,'zm181','zq159','/men/zrsv/zq159/zm181/','mosque','men','male','مسجد خالد'),
('حماة','hama','suqaylabiyah','active',1751850000000,'zm18o','zq159','/men/zrsv/zq159/zm18o/','mosque','men','male','مسجد خالد'),
(NULL,NULL,NULL,'active',1751850000000,'women',NULL,'/women/','section','women','female','قسم النساء'),
('حلب','aleppo',NULL,'active',1751850000000,'zr19m','women','/women/zr19m/','rabita','women','female','منطقة حلب'),
('حلب','aleppo','afrin','active',1751850000000,'zq19q','zr19m','/women/zr19m/zq19q/','square','women','female','مربع المدينة حلب'),
('حلب','aleppo','albab','active',1751850000000,'zh19u','zq19q','/women/zr19m/zq19q/zh19u/','halaqa','women','female','حلقة نسائية — أم خالد'),
('حلب','aleppo','azaz','active',1751850000000,'zh1c9','zq19q','/women/zr19m/zq19q/zh1c9/','halaqa','women','female','حلقة نسائية — أم رقية'),
('حلب','aleppo','azaz','active',1751850000000,'zh1e0','zq19q','/women/zr19m/zq19q/zh1e0/','halaqa','women','female','حلقة نسائية — أم محمد'),
('حلب','aleppo','afrin','active',1751850000000,'zh1ga','zq19q','/women/zr19m/zq19q/zh1ga/','halaqa','women','female','حلقة نسائية — أم سلمى'),
('حلب','aleppo','afrin','active',1751850000000,'zh1hx','zq19q','/women/zr19m/zq19q/zh1hx/','halaqa','women','female','حلقة نسائية — أم عمر'),
('حلب','aleppo','albab','active',1751850000000,'zq1l6','zr19m','/women/zr19m/zq1l6/','square','women','female','مربع الشمالي حلب'),
('حلب','aleppo','albab','active',1751850000000,'zh1l9','zq1l6','/women/zr19m/zq1l6/zh1l9/','halaqa','women','female','حلقة نسائية — أم حفصة'),
('حلب','aleppo','albab','active',1751850000000,'zh1or','zq1l6','/women/zr19m/zq1l6/zh1or/','halaqa','women','female','حلقة نسائية — أم أنس'),
('حلب','aleppo','afrin','active',1751850000000,'zh1rp','zq1l6','/women/zr19m/zq1l6/zh1rp/','halaqa','women','female','حلقة نسائية — أم رقية'),
('حلب','aleppo','afrin','active',1751850000000,'zq1ul','zr19m','/women/zr19m/zq1ul/','square','women','female','مربع الجنوبي حلب'),
('حلب','aleppo','azaz','active',1751850000000,'zh1uo','zq1ul','/women/zr19m/zq1ul/zh1uo/','halaqa','women','female','حلقة نسائية — أم سلمى'),
('حلب','aleppo','albab','active',1751850000000,'zh1wj','zq1ul','/women/zr19m/zq1ul/zh1wj/','halaqa','women','female','حلقة نسائية — أم عمر'),
('حلب','aleppo','azaz','active',1751850000000,'zh1yc','zq1ul','/women/zr19m/zq1ul/zh1yc/','halaqa','women','female','حلقة نسائية — أم عمر'),
('حلب','aleppo','azaz','active',1751850000000,'zh21w','zq1ul','/women/zr19m/zq1ul/zh21w/','halaqa','women','female','حلقة نسائية — أم معاذ'),
('حلب','aleppo','azaz','active',1751850000000,'zh24d','zq1ul','/women/zr19m/zq1ul/zh24d/','halaqa','women','female','حلقة نسائية — أم أحمد'),
('إدلب','idlib',NULL,'active',1751850000000,'zr26h','women','/women/zr26h/','rabita','women','female','منطقة إدلب'),
('إدلب','idlib','ariha','active',1751850000000,'zq26k','zr26h','/women/zr26h/zq26k/','square','women','female','مربع المدينة إدلب'),
('إدلب','idlib','jisr_shughur','active',1751850000000,'zh26n','zq26k','/women/zr26h/zq26k/zh26n/','halaqa','women','female','حلقة نسائية — أم خالد'),
('إدلب','idlib','harem','active',1751850000000,'zh28y','zq26k','/women/zr26h/zq26k/zh28y/','halaqa','women','female','حلقة نسائية — أم معاذ'),
('إدلب','idlib','harem','active',1751850000000,'zh2b0','zq26k','/women/zr26h/zq26k/zh2b0/','halaqa','women','female','حلقة نسائية — أم عبدالله'),
('إدلب','idlib','jisr_shughur','active',1751850000000,'zh2db','zq26k','/women/zr26h/zq26k/zh2db/','halaqa','women','female','حلقة نسائية — أم يوسف'),
('إدلب','idlib','jisr_shughur','active',1751850000000,'zq2et','zr26h','/women/zr26h/zq2et/','square','women','female','مربع الشمالي إدلب'),
('إدلب','idlib','maarrat_numan','active',1751850000000,'zh2ew','zq2et','/women/zr26h/zq2et/zh2ew/','halaqa','women','female','حلقة نسائية — أم عمر'),
('إدلب','idlib','jisr_shughur','active',1751850000000,'zh2gc','zq2et','/women/zr26h/zq2et/zh2gc/','halaqa','women','female','حلقة نسائية — أم أنس'),
('إدلب','idlib','maarrat_numan','active',1751850000000,'zh2i9','zq2et','/women/zr26h/zq2et/zh2i9/','halaqa','women','female','حلقة نسائية — أم أنس'),
('إدلب','idlib','ariha','active',1751850000000,'zh2ju','zq2et','/women/zr26h/zq2et/zh2ju/','halaqa','women','female','حلقة نسائية — أم سلمى'),
('إدلب','idlib','jisr_shughur','active',1751850000000,'zq2lr','zr26h','/women/zr26h/zq2lr/','square','women','female','مربع الجنوبي إدلب'),
('إدلب','idlib','harem','active',1751850000000,'zh2lu','zq2lr','/women/zr26h/zq2lr/zh2lu/','halaqa','women','female','حلقة نسائية — أم عبدالله'),
('إدلب','idlib','ariha','active',1751850000000,'zh2ox','zq2lr','/women/zr26h/zq2lr/zh2ox/','halaqa','women','female','حلقة نسائية — أم أحمد'),
('إدلب','idlib','jisr_shughur','active',1751850000000,'zh2r9','zq2lr','/women/zr26h/zq2lr/zh2r9/','halaqa','women','female','حلقة نسائية — أم محمد'),
('اللاذقية','latakia',NULL,'active',1751850000000,'zr2t7','women','/women/zr2t7/','rabita','women','female','منطقة اللاذقية'),
('اللاذقية','latakia','jableh','active',1751850000000,'zq2ta','zr2t7','/women/zr2t7/zq2ta/','square','women','female','مربع المدينة اللاذقية'),
('اللاذقية','latakia','jableh','active',1751850000000,'zh2td','zq2ta','/women/zr2t7/zq2ta/zh2td/','halaqa','women','female','حلقة نسائية — أم محمد'),
('اللاذقية','latakia','qardaha','active',1751850000000,'zh2ur','zq2ta','/women/zr2t7/zq2ta/zh2ur/','halaqa','women','female','حلقة نسائية — أم حفصة'),
('اللاذقية','latakia','qardaha','active',1751850000000,'zh2wg','zq2ta','/women/zr2t7/zq2ta/zh2wg/','halaqa','women','female','حلقة نسائية — أم سلمى'),
('اللاذقية','latakia','haffah','active',1751850000000,'zh2yk','zq2ta','/women/zr2t7/zq2ta/zh2yk/','halaqa','women','female','حلقة نسائية — أم معاذ'),
('اللاذقية','latakia','qardaha','active',1751850000000,'zq30p','zr2t7','/women/zr2t7/zq30p/','square','women','female','مربع الشمالي اللاذقية'),
('اللاذقية','latakia','jableh','active',1751850000000,'zh30s','zq30p','/women/zr2t7/zq30p/zh30s/','halaqa','women','female','حلقة نسائية — أم معاذ'),
('اللاذقية','latakia','haffah','active',1751850000000,'zh32o','zq30p','/women/zr2t7/zq30p/zh32o/','halaqa','women','female','حلقة نسائية — أم أنس'),
('اللاذقية','latakia','haffah','active',1751850000000,'zh34c','zq30p','/women/zr2t7/zq30p/zh34c/','halaqa','women','female','حلقة نسائية — أم معاذ'),
('اللاذقية','latakia','qardaha','active',1751850000000,'zq36j','zr2t7','/women/zr2t7/zq36j/','square','women','female','مربع الجنوبي اللاذقية'),
('اللاذقية','latakia','jableh','active',1751850000000,'zh36m','zq36j','/women/zr2t7/zq36j/zh36m/','halaqa','women','female','حلقة نسائية — أم إبراهيم'),
('اللاذقية','latakia','qardaha','active',1751850000000,'zh386','zq36j','/women/zr2t7/zq36j/zh386/','halaqa','women','female','حلقة نسائية — أم خالد'),
('اللاذقية','latakia','haffah','active',1751850000000,'zh3ak','zq36j','/women/zr2t7/zq36j/zh3ak/','halaqa','women','female','حلقة نسائية — أم الزبير'),
('اللاذقية','latakia','qardaha','active',1751850000000,'zh3cf','zq36j','/women/zr2t7/zq36j/zh3cf/','halaqa','women','female','حلقة نسائية — أم البراء');
INSERT OR IGNORE INTO circles (id,mosque_id,type,gender_track,name,teacher_person_id,capacity,notes,status,created_at) VALUES
('zcx','zmd','tahfeez','male','حلقة تحفيظ',NULL,28,NULL,'active',1751850000000),
('zcy','zmd','tahfeez','male','حلقة تحفيظ',NULL,23,NULL,'active',1751850000000),
('zc1r','zm18','tahfeez','male','حلقة تحفيظ',NULL,30,NULL,'active',1751850000000),
('zc1s','zm18','rashidi','male','حلقة الرشيدي',NULL,27,NULL,'active',1751850000000),
('zc2r','zm26','ala_baseera','male','حلقة على بصيرة',NULL,29,NULL,'active',1751850000000),
('zc2s','zm26','ala_baseera','male','حلقة على بصيرة',NULL,24,NULL,'active',1751850000000),
('zc2t','zm26','tahfeez','male','حلقة تحفيظ',NULL,25,NULL,'active',1751850000000),
('zc39','zm2u','rashidi','male','حلقة الرشيدي',NULL,18,NULL,'active',1751850000000),
('zc44','zm3n','ala_baseera','male','حلقة على بصيرة',NULL,25,NULL,'active',1751850000000),
('zc4z','zm4c','ala_baseera','male','حلقة على بصيرة',NULL,17,NULL,'active',1751850000000),
('zc50','zm4c','tahfeez','male','حلقة تحفيظ',NULL,16,NULL,'active',1751850000000),
('zc5z','zm5c','ala_baseera','male','حلقة على بصيرة',NULL,22,NULL,'active',1751850000000),
('zc6s','zm6b','rashidi','male','حلقة الرشيدي',NULL,15,NULL,'active',1751850000000),
('zc6t','zm6b','ala_baseera','male','حلقة على بصيرة',NULL,25,NULL,'active',1751850000000),
('zc6u','zm6b','ala_baseera','male','حلقة على بصيرة',NULL,28,NULL,'active',1751850000000),
('zc7u','zm79','rashidi','male','حلقة الرشيدي',NULL,20,NULL,'active',1751850000000),
('zc8n','zm84','tahfeez','male','حلقة تحفيظ',NULL,30,NULL,'active',1751850000000),
('zc8o','zm84','tahfeez','male','حلقة تحفيظ',NULL,27,NULL,'active',1751850000000),
('zc9f','zm8y','rashidi','male','حلقة الرشيدي',NULL,28,NULL,'active',1751850000000),
('zc9g','zm8y','rashidi','male','حلقة الرشيدي',NULL,30,NULL,'active',1751850000000),
('zcab','zm9w','rashidi','male','حلقة الرشيدي',NULL,15,NULL,'active',1751850000000),
('zcac','zm9w','ala_baseera','male','حلقة على بصيرة',NULL,17,NULL,'active',1751850000000),
('zcbb','zmao','tahfeez','male','حلقة تحفيظ',NULL,17,NULL,'active',1751850000000),
('zcbc','zmao','ala_baseera','male','حلقة على بصيرة',NULL,26,NULL,'active',1751850000000),
('zcc1','zmbk','rashidi','male','حلقة الرشيدي',NULL,19,NULL,'active',1751850000000),
('zcd4','zmcf','ala_baseera','male','حلقة على بصيرة',NULL,20,NULL,'active',1751850000000),
('zcd5','zmcf','ala_baseera','male','حلقة على بصيرة',NULL,30,NULL,'active',1751850000000),
('zce0','zmdf','ala_baseera','male','حلقة على بصيرة',NULL,19,NULL,'active',1751850000000),
('zcex','zmec','ala_baseera','male','حلقة على بصيرة',NULL,15,NULL,'active',1751850000000),
('zcey','zmec','rashidi','male','حلقة الرشيدي',NULL,23,NULL,'active',1751850000000),
('zcfv','zmfc','tahfeez','male','حلقة تحفيظ',NULL,20,NULL,'active',1751850000000),
('zcfw','zmfc','rashidi','male','حلقة الرشيدي',NULL,20,NULL,'active',1751850000000),
('zcgp','zmg4','ala_baseera','male','حلقة على بصيرة',NULL,25,NULL,'active',1751850000000),
('zchg','zmgz','rashidi','male','حلقة الرشيدي',NULL,21,NULL,'active',1751850000000),
('zchh','zmgz','tahfeez','male','حلقة تحفيظ',NULL,24,NULL,'active',1751850000000),
('zcin','zmhy','rashidi','male','حلقة الرشيدي',NULL,27,NULL,'active',1751850000000),
('zcji','zmiz','ala_baseera','male','حلقة على بصيرة',NULL,24,NULL,'active',1751850000000),
('zckj','zmju','ala_baseera','male','حلقة على بصيرة',NULL,23,NULL,'active',1751850000000),
('zckk','zmju','tahfeez','male','حلقة تحفيظ',NULL,28,NULL,'active',1751850000000),
('zckl','zmju','tahfeez','male','حلقة تحفيظ',NULL,29,NULL,'active',1751850000000),
('zcle','zmkv','rashidi','male','حلقة الرشيدي',NULL,28,NULL,'active',1751850000000),
('zcmb','zmlq','ala_baseera','male','حلقة على بصيرة',NULL,17,NULL,'active',1751850000000),
('zcmc','zmlq','ala_baseera','male','حلقة على بصيرة',NULL,23,NULL,'active',1751850000000),
('zcmd','zmlq','ala_baseera','male','حلقة على بصيرة',NULL,18,NULL,'active',1751850000000),
('zcnc','zmmr','ala_baseera','male','حلقة على بصيرة',NULL,30,NULL,'active',1751850000000),
('zcnd','zmmr','tahfeez','male','حلقة تحفيظ',NULL,24,NULL,'active',1751850000000),
('zcne','zmmr','rashidi','male','حلقة الرشيدي',NULL,28,NULL,'active',1751850000000),
('zcoe','zmnv','rashidi','male','حلقة الرشيدي',NULL,30,NULL,'active',1751850000000),
('zcof','zmnv','ala_baseera','male','حلقة على بصيرة',NULL,30,NULL,'active',1751850000000),
('zcp8','zmop','rashidi','male','حلقة الرشيدي',NULL,28,NULL,'active',1751850000000),
('zcp9','zmop','ala_baseera','male','حلقة على بصيرة',NULL,22,NULL,'active',1751850000000),
('zcpz','zmpa','ala_baseera','male','حلقة على بصيرة',NULL,28,NULL,'active',1751850000000),
('zcqp','zmq0','ala_baseera','male','حلقة على بصيرة',NULL,16,NULL,'active',1751850000000),
('zcqq','zmq0','ala_baseera','male','حلقة على بصيرة',NULL,18,NULL,'active',1751850000000),
('zcrj','zmr0','ala_baseera','male','حلقة على بصيرة',NULL,23,NULL,'active',1751850000000),
('zcrk','zmr0','tahfeez','male','حلقة تحفيظ',NULL,22,NULL,'active',1751850000000),
('zcsh','zmry','ala_baseera','male','حلقة على بصيرة',NULL,19,NULL,'active',1751850000000),
('zcsi','zmry','tahfeez','male','حلقة تحفيظ',NULL,20,NULL,'active',1751850000000),
('zcsj','zmry','tahfeez','male','حلقة تحفيظ',NULL,22,NULL,'active',1751850000000),
('zctk','zmt1','ala_baseera','male','حلقة على بصيرة',NULL,18,NULL,'active',1751850000000);
INSERT OR IGNORE INTO circles (id,mosque_id,type,gender_track,name,teacher_person_id,capacity,notes,status,created_at) VALUES
('zctl','zmt1','rashidi','male','حلقة الرشيدي',NULL,28,NULL,'active',1751850000000),
('zcua','zmtt','ala_baseera','male','حلقة على بصيرة',NULL,16,NULL,'active',1751850000000),
('zcub','zmtt','ala_baseera','male','حلقة على بصيرة',NULL,21,NULL,'active',1751850000000),
('zcv4','zmun','tahfeez','male','حلقة تحفيظ',NULL,27,NULL,'active',1751850000000),
('zcv5','zmun','rashidi','male','حلقة الرشيدي',NULL,19,NULL,'active',1751850000000),
('zcw0','zmvf','tahfeez','male','حلقة تحفيظ',NULL,18,NULL,'active',1751850000000),
('zcwm','zmw1','tahfeez','male','حلقة تحفيظ',NULL,18,NULL,'active',1751850000000),
('zcwn','zmw1','ala_baseera','male','حلقة على بصيرة',NULL,24,NULL,'active',1751850000000),
('zcxg','zmx1','ala_baseera','male','حلقة على بصيرة',NULL,20,NULL,'active',1751850000000),
('zcxh','zmx1','ala_baseera','male','حلقة على بصيرة',NULL,23,NULL,'active',1751850000000),
('zcxi','zmx1','tahfeez','male','حلقة تحفيظ',NULL,27,NULL,'active',1751850000000),
('zcyf','zmxu','tahfeez','male','حلقة تحفيظ',NULL,23,NULL,'active',1751850000000),
('zcyg','zmxu','ala_baseera','male','حلقة على بصيرة',NULL,28,NULL,'active',1751850000000),
('zczm','zmyv','tahfeez','male','حلقة تحفيظ',NULL,21,NULL,'active',1751850000000),
('zc10j','zmzw','tahfeez','male','حلقة تحفيظ',NULL,21,NULL,'active',1751850000000),
('zc11g','zm10t','rashidi','male','حلقة الرشيدي',NULL,25,NULL,'active',1751850000000),
('zc129','zm11s','ala_baseera','male','حلقة على بصيرة',NULL,29,NULL,'active',1751850000000),
('zc12a','zm11s','rashidi','male','حلقة الرشيدي',NULL,25,NULL,'active',1751850000000),
('zc133','zm12m','tahfeez','male','حلقة تحفيظ',NULL,17,NULL,'active',1751850000000),
('zc13w','zm13d','tahfeez','male','حلقة تحفيظ',NULL,15,NULL,'active',1751850000000),
('zc13x','zm13d','ala_baseera','male','حلقة على بصيرة',NULL,21,NULL,'active',1751850000000),
('zc14y','zm14b','tahfeez','male','حلقة تحفيظ',NULL,30,NULL,'active',1751850000000),
('zc14z','zm14b','rashidi','male','حلقة الرشيدي',NULL,26,NULL,'active',1751850000000),
('zc15x','zm15c','rashidi','male','حلقة الرشيدي',NULL,15,NULL,'active',1751850000000),
('zc15y','zm15c','tahfeez','male','حلقة تحفيظ',NULL,22,NULL,'active',1751850000000),
('zc16k','zm15z','tahfeez','male','حلقة تحفيظ',NULL,18,NULL,'active',1751850000000),
('zc172','zm16l','ala_baseera','male','حلقة على بصيرة',NULL,15,NULL,'active',1751850000000),
('zc17z','zm17g','ala_baseera','male','حلقة على بصيرة',NULL,17,NULL,'active',1751850000000),
('zc180','zm17g','tahfeez','male','حلقة تحفيظ',NULL,22,NULL,'active',1751850000000),
('zc18m','zm181','rashidi','male','حلقة الرشيدي',NULL,16,NULL,'active',1751850000000),
('zc18n','zm181','tahfeez','male','حلقة تحفيظ',NULL,22,NULL,'active',1751850000000),
('zc197','zm18o','rashidi','male','حلقة الرشيدي',NULL,26,NULL,'active',1751850000000);
INSERT OR IGNORE INTO daily_entries (id,client_uuid,weekly_record_id,mosque_id,week_start,day,activity_type_id,count,points,note,participant_count,shura_confirmed,entered_by,entered_by_committee,recorded_at,synced_at) VALUES
('zde10','cu11','zwrz','zmd','2025-12-06','sat','m_quran',4,4,NULL,8,1,NULL,NULL,1751850000000,1751850000000),
('zde12','cu13','zwrz','zmd','2025-12-06','tue','m_media_post',2,2,NULL,6,1,NULL,NULL,1751850000000,1751850000000),
('zde14','cu15','zwrz','zmd','2025-12-06','mon','m_family_meeting',2,2,NULL,8,1,NULL,NULL,1751850000000,1751850000000),
('zde16','cu17','zwrz','zmd','2025-12-06','sun','m_media_post',1,1,NULL,1,1,NULL,NULL,1751850000000,1751850000000),
('zde1u','cu1v','zwr1t','zm18','2025-12-06','sun','m_quran',2,2,NULL,8,1,NULL,NULL,1751850000000,1751850000000),
('zde1w','cu1x','zwr1t','zm18','2025-12-06','mon','m_lessons',2,2,NULL,8,1,NULL,NULL,1751850000000,1751850000000),
('zde1y','cu1z','zwr1t','zm18','2025-12-06','sat','m_media_post',1,1,NULL,5,1,NULL,NULL,1751850000000,1751850000000),
('zde20','cu21','zwr1t','zm18','2025-12-06','mon','m_lesson_mosque',1,2,NULL,2,1,NULL,NULL,1751850000000,1751850000000),
('zde22','cu23','zwr1t','zm18','2025-12-06','sat','m_lesson_mosque',3,6,NULL,4,1,NULL,NULL,1751850000000,1751850000000),
('zde24','cu25','zwr1t','zm18','2025-12-06','wed','m_lecture_attend',4,4,NULL,3,1,NULL,NULL,1751850000000,1751850000000),
('zde3b','cu3c','zwr3a','zm2u','2025-12-06','wed','m_lecture_attend',3,3,NULL,8,1,NULL,NULL,1751850000000,1751850000000),
('zde3d','cu3e','zwr3a','zm2u','2025-12-06','mon','m_quran',3,3,NULL,2,1,NULL,NULL,1751850000000,1751850000000),
('zde3f','cu3g','zwr3a','zm2u','2025-12-06','sat','m_lessons',2,2,NULL,2,1,NULL,NULL,1751850000000,1751850000000),
('zde3h','cu3i','zwr3a','zm2u','2025-12-06','sat','m_lessons',4,4,NULL,2,1,NULL,NULL,1751850000000,1751850000000),
('zde3j','cu3k','zwr3a','zm2u','2025-12-06','sat','m_lessons',1,1,NULL,4,1,NULL,NULL,1751850000000,1751850000000),
('zde3l','cu3m','zwr3a','zm2u','2025-12-06','tue','m_lecture_attend',2,2,NULL,4,1,NULL,NULL,1751850000000,1751850000000),
('zde46','cu47','zwr45','zm3n','2025-12-06','mon','m_family_meeting',4,4,NULL,8,1,NULL,NULL,1751850000000,1751850000000),
('zde48','cu49','zwr45','zm3n','2025-12-06','sat','m_lesson_mosque',3,6,NULL,3,1,NULL,NULL,1751850000000,1751850000000),
('zde4a','cu4b','zwr45','zm3n','2025-12-06','sun','m_quran',3,3,NULL,2,1,NULL,NULL,1751850000000,1751850000000),
('zde52','cu53','zwr51','zm4c','2025-12-06','mon','m_lecture_attend',2,2,NULL,8,1,NULL,NULL,1751850000000,1751850000000),
('zde54','cu55','zwr51','zm4c','2025-12-06','sat','m_family_meeting',4,4,NULL,1,1,NULL,NULL,1751850000000,1751850000000),
('zde56','cu57','zwr51','zm4c','2025-12-06','sat','m_lecture_attend',4,4,NULL,9,1,NULL,NULL,1751850000000,1751850000000),
('zde58','cu59','zwr51','zm4c','2025-12-06','sat','m_media_post',1,1,NULL,9,1,NULL,NULL,1751850000000,1751850000000),
('zde5a','cu5b','zwr51','zm4c','2025-12-06','wed','m_lesson_mosque',1,2,NULL,3,1,NULL,NULL,1751850000000,1751850000000),
('zde61','cu62','zwr60','zm5c','2025-12-06','tue','m_quran',3,3,NULL,6,1,NULL,NULL,1751850000000,1751850000000),
('zde63','cu64','zwr60','zm5c','2025-12-06','wed','m_lessons',2,2,NULL,6,1,NULL,NULL,1751850000000,1751850000000),
('zde65','cu66','zwr60','zm5c','2025-12-06','wed','m_quran',4,4,NULL,6,1,NULL,NULL,1751850000000,1751850000000),
('zde67','cu68','zwr60','zm5c','2025-12-06','wed','m_quran',4,4,NULL,6,1,NULL,NULL,1751850000000,1751850000000),
('zde69','cu6a','zwr60','zm5c','2025-12-06','mon','m_ala_baseera',1,2,NULL,8,1,NULL,NULL,1751850000000,1751850000000),
('zde6w','cu6x','zwr6v','zm6b','2025-12-06','tue','m_lesson_mosque',3,6,NULL,2,1,NULL,NULL,1751850000000,1751850000000),
('zde6y','cu6z','zwr6v','zm6b','2025-12-06','tue','m_media_post',3,3,NULL,3,1,NULL,NULL,1751850000000,1751850000000),
('zde70','cu71','zwr6v','zm6b','2025-12-06','mon','m_lessons',1,1,NULL,1,1,NULL,NULL,1751850000000,1751850000000),
('zde72','cu73','zwr6v','zm6b','2025-12-06','wed','m_lecture_attend',4,4,NULL,1,1,NULL,NULL,1751850000000,1751850000000),
('zde74','cu75','zwr6v','zm6b','2025-12-06','sun','m_lessons',1,1,NULL,7,1,NULL,NULL,1751850000000,1751850000000),
('zde7w','cu7x','zwr7v','zm79','2025-12-06','tue','m_ala_baseera',3,6,NULL,9,1,NULL,NULL,1751850000000,1751850000000),
('zde7y','cu7z','zwr7v','zm79','2025-12-06','tue','m_family_meeting',2,2,NULL,1,1,NULL,NULL,1751850000000,1751850000000),
('zde80','cu81','zwr7v','zm79','2025-12-06','wed','m_family_meeting',2,2,NULL,5,1,NULL,NULL,1751850000000,1751850000000),
('zde82','cu83','zwr7v','zm79','2025-12-06','sun','m_lesson_mosque',2,4,NULL,7,1,NULL,NULL,1751850000000,1751850000000),
('zde8q','cu8r','zwr8p','zm84','2025-12-06','sun','m_lessons',4,4,NULL,8,1,NULL,NULL,1751850000000,1751850000000),
('zde8s','cu8t','zwr8p','zm84','2025-12-06','mon','m_quran',3,3,NULL,6,1,NULL,NULL,1751850000000,1751850000000),
('zde8u','cu8v','zwr8p','zm84','2025-12-06','mon','m_ala_baseera',1,2,NULL,2,1,NULL,NULL,1751850000000,1751850000000),
('zde8w','cu8x','zwr8p','zm84','2025-12-06','mon','m_media_post',1,1,NULL,5,1,NULL,NULL,1751850000000,1751850000000),
('zde9i','cu9j','zwr9h','zm8y','2025-12-06','wed','m_family_meeting',4,4,NULL,9,1,NULL,NULL,1751850000000,1751850000000),
('zde9k','cu9l','zwr9h','zm8y','2025-12-06','sat','m_lesson_mosque',2,4,NULL,1,1,NULL,NULL,1751850000000,1751850000000),
('zde9m','cu9n','zwr9h','zm8y','2025-12-06','sat','m_media_post',2,2,NULL,7,1,NULL,NULL,1751850000000,1751850000000),
('zde9o','cu9p','zwr9h','zm8y','2025-12-06','sun','m_ala_baseera',1,2,NULL,8,1,NULL,NULL,1751850000000,1751850000000),
('zde9q','cu9r','zwr9h','zm8y','2025-12-06','mon','m_family_meeting',4,4,NULL,3,1,NULL,NULL,1751850000000,1751850000000),
('zde9s','cu9t','zwr9h','zm8y','2025-12-06','sun','m_media_post',4,4,NULL,8,1,NULL,NULL,1751850000000,1751850000000),
('zde9u','cu9v','zwr9h','zm8y','2025-12-06','mon','m_ala_baseera',2,4,NULL,4,1,NULL,NULL,1751850000000,1751850000000),
('zdeae','cuaf','zwrad','zm9w','2025-12-06','wed','m_ala_baseera',2,4,NULL,5,1,NULL,NULL,1751850000000,1751850000000),
('zdeag','cuah','zwrad','zm9w','2025-12-06','tue','m_quran',3,3,NULL,5,1,NULL,NULL,1751850000000,1751850000000),
('zdeai','cuaj','zwrad','zm9w','2025-12-06','wed','m_lecture_attend',1,1,NULL,4,1,NULL,NULL,1751850000000,1751850000000),
('zdeak','cual','zwrad','zm9w','2025-12-06','tue','m_media_post',2,2,NULL,2,1,NULL,NULL,1751850000000,1751850000000),
('zdeam','cuan','zwrad','zm9w','2025-12-06','wed','m_media_post',4,4,NULL,5,1,NULL,NULL,1751850000000,1751850000000),
('zdebe','cubf','zwrbd','zmao','2025-12-06','tue','m_lecture_attend',2,2,NULL,7,1,NULL,NULL,1751850000000,1751850000000),
('zdebg','cubh','zwrbd','zmao','2025-12-06','sun','m_quran',1,1,NULL,5,1,NULL,NULL,1751850000000,1751850000000),
('zdebi','cubj','zwrbd','zmao','2025-12-06','tue','m_lessons',2,2,NULL,7,1,NULL,NULL,1751850000000,1751850000000),
('zdec3','cuc4','zwrc2','zmbk','2025-12-06','wed','m_quran',2,2,NULL,9,1,NULL,NULL,1751850000000,1751850000000),
('zdec5','cuc6','zwrc2','zmbk','2025-12-06','wed','m_lessons',3,3,NULL,8,1,NULL,NULL,1751850000000,1751850000000),
('zdec7','cuc8','zwrc2','zmbk','2025-12-06','sat','m_lecture_attend',3,3,NULL,3,1,NULL,NULL,1751850000000,1751850000000);
INSERT OR IGNORE INTO daily_entries (id,client_uuid,weekly_record_id,mosque_id,week_start,day,activity_type_id,count,points,note,participant_count,shura_confirmed,entered_by,entered_by_committee,recorded_at,synced_at) VALUES
('zded7','cud8','zwrd6','zmcf','2025-12-06','sat','m_family_meeting',4,4,NULL,2,1,NULL,NULL,1751850000000,1751850000000),
('zded9','cuda','zwrd6','zmcf','2025-12-06','sun','m_lessons',4,4,NULL,3,1,NULL,NULL,1751850000000,1751850000000),
('zdedb','cudc','zwrd6','zmcf','2025-12-06','sun','m_media_post',4,4,NULL,8,1,NULL,NULL,1751850000000,1751850000000),
('zdedd','cude','zwrd6','zmcf','2025-12-06','wed','m_ala_baseera',1,2,NULL,8,1,NULL,NULL,1751850000000,1751850000000),
('zdee2','cue3','zwre1','zmdf','2025-12-06','tue','m_lesson_mosque',4,8,NULL,4,1,NULL,NULL,1751850000000,1751850000000),
('zdee4','cue5','zwre1','zmdf','2025-12-06','wed','m_family_meeting',2,2,NULL,1,1,NULL,NULL,1751850000000,1751850000000),
('zdee6','cue7','zwre1','zmdf','2025-12-06','sat','m_family_meeting',2,2,NULL,4,1,NULL,NULL,1751850000000,1751850000000),
('zdee8','cue9','zwre1','zmdf','2025-12-06','mon','m_lesson_mosque',1,2,NULL,1,1,NULL,NULL,1751850000000,1751850000000),
('zdeea','cueb','zwre1','zmdf','2025-12-06','sun','m_family_meeting',2,2,NULL,5,1,NULL,NULL,1751850000000,1751850000000),
('zdef0','cuf1','zwrez','zmec','2025-12-06','sat','m_lecture_attend',4,4,NULL,5,1,NULL,NULL,1751850000000,1751850000000),
('zdef2','cuf3','zwrez','zmec','2025-12-06','tue','m_quran',2,2,NULL,3,1,NULL,NULL,1751850000000,1751850000000),
('zdef4','cuf5','zwrez','zmec','2025-12-06','sat','m_ala_baseera',2,4,NULL,9,1,NULL,NULL,1751850000000,1751850000000),
('zdef6','cuf7','zwrez','zmec','2025-12-06','sat','m_media_post',1,1,NULL,7,1,NULL,NULL,1751850000000,1751850000000),
('zdef8','cuf9','zwrez','zmec','2025-12-06','sat','m_lecture_attend',4,4,NULL,3,1,NULL,NULL,1751850000000,1751850000000),
('zdefa','cufb','zwrez','zmec','2025-12-06','mon','m_quran',4,4,NULL,4,1,NULL,NULL,1751850000000,1751850000000),
('zdefy','cufz','zwrfx','zmfc','2025-12-06','sun','m_media_post',3,3,NULL,7,1,NULL,NULL,1751850000000,1751850000000),
('zdeg0','cug1','zwrfx','zmfc','2025-12-06','mon','m_quran',4,4,NULL,9,1,NULL,NULL,1751850000000,1751850000000),
('zdeg2','cug3','zwrfx','zmfc','2025-12-06','tue','m_lessons',3,3,NULL,1,1,NULL,NULL,1751850000000,1751850000000),
('zdegr','cugs','zwrgq','zmg4','2025-12-06','wed','m_family_meeting',2,2,NULL,9,1,NULL,NULL,1751850000000,1751850000000),
('zdegt','cugu','zwrgq','zmg4','2025-12-06','tue','m_media_post',3,3,NULL,5,1,NULL,NULL,1751850000000,1751850000000),
('zdegv','cugw','zwrgq','zmg4','2025-12-06','mon','m_lessons',3,3,NULL,1,1,NULL,NULL,1751850000000,1751850000000),
('zdegx','cugy','zwrgq','zmg4','2025-12-06','tue','m_family_meeting',1,1,NULL,2,1,NULL,NULL,1751850000000,1751850000000),
('zdehj','cuhk','zwrhi','zmgz','2025-12-06','tue','m_lesson_mosque',1,2,NULL,9,1,NULL,NULL,1751850000000,1751850000000),
('zdehl','cuhm','zwrhi','zmgz','2025-12-06','wed','m_quran',1,1,NULL,6,1,NULL,NULL,1751850000000,1751850000000),
('zdehn','cuho','zwrhi','zmgz','2025-12-06','sun','m_quran',4,4,NULL,1,1,NULL,NULL,1751850000000,1751850000000),
('zdehp','cuhq','zwrhi','zmgz','2025-12-06','tue','m_lecture_attend',2,2,NULL,3,1,NULL,NULL,1751850000000,1751850000000),
('zdehr','cuhs','zwrhi','zmgz','2025-12-06','sat','m_lecture_attend',1,1,NULL,9,1,NULL,NULL,1751850000000,1751850000000),
('zdeht','cuhu','zwrhi','zmgz','2025-12-06','wed','m_family_meeting',4,4,NULL,8,1,NULL,NULL,1751850000000,1751850000000),
('zdeip','cuiq','zwrio','zmhy','2025-12-06','sun','m_lecture_attend',2,2,NULL,6,1,NULL,NULL,1751850000000,1751850000000),
('zdeir','cuis','zwrio','zmhy','2025-12-06','tue','m_lecture_attend',2,2,NULL,3,1,NULL,NULL,1751850000000,1751850000000),
('zdeit','cuiu','zwrio','zmhy','2025-12-06','sun','m_quran',1,1,NULL,9,1,NULL,NULL,1751850000000,1751850000000),
('zdeiv','cuiw','zwrio','zmhy','2025-12-06','sun','m_family_meeting',3,3,NULL,9,1,NULL,NULL,1751850000000,1751850000000),
('zdeix','cuiy','zwrio','zmhy','2025-12-06','sun','m_lesson_mosque',2,4,NULL,3,1,NULL,NULL,1751850000000,1751850000000),
('zdejk','cujl','zwrjj','zmiz','2025-12-06','mon','m_lessons',2,2,NULL,7,1,NULL,NULL,1751850000000,1751850000000),
('zdejm','cujn','zwrjj','zmiz','2025-12-06','mon','m_family_meeting',1,1,NULL,8,1,NULL,NULL,1751850000000,1751850000000),
('zdejo','cujp','zwrjj','zmiz','2025-12-06','sun','m_family_meeting',1,1,NULL,9,1,NULL,NULL,1751850000000,1751850000000),
('zdejq','cujr','zwrjj','zmiz','2025-12-06','wed','m_quran',2,2,NULL,2,1,NULL,NULL,1751850000000,1751850000000),
('zdejs','cujt','zwrjj','zmiz','2025-12-06','wed','m_lecture_attend',3,3,NULL,1,1,NULL,NULL,1751850000000,1751850000000),
('zdekn','cuko','zwrkm','zmju','2025-12-06','sun','m_lessons',1,1,NULL,9,1,NULL,NULL,1751850000000,1751850000000),
('zdekp','cukq','zwrkm','zmju','2025-12-06','sat','m_family_meeting',2,2,NULL,1,1,NULL,NULL,1751850000000,1751850000000),
('zdekr','cuks','zwrkm','zmju','2025-12-06','mon','m_quran',1,1,NULL,8,1,NULL,NULL,1751850000000,1751850000000),
('zdekt','cuku','zwrkm','zmju','2025-12-06','mon','m_lecture_attend',1,1,NULL,6,1,NULL,NULL,1751850000000,1751850000000),
('zdelg','culh','zwrlf','zmkv','2025-12-06','tue','m_quran',1,1,NULL,5,1,NULL,NULL,1751850000000,1751850000000),
('zdeli','culj','zwrlf','zmkv','2025-12-06','mon','m_quran',1,1,NULL,3,1,NULL,NULL,1751850000000,1751850000000),
('zdelk','cull','zwrlf','zmkv','2025-12-06','wed','m_lecture_attend',4,4,NULL,1,1,NULL,NULL,1751850000000,1751850000000),
('zdelm','culn','zwrlf','zmkv','2025-12-06','wed','m_quran',2,2,NULL,8,1,NULL,NULL,1751850000000,1751850000000),
('zdelo','culp','zwrlf','zmkv','2025-12-06','sun','m_lesson_mosque',3,6,NULL,5,1,NULL,NULL,1751850000000,1751850000000),
('zdemf','cumg','zwrme','zmlq','2025-12-06','tue','m_ala_baseera',4,8,NULL,7,1,NULL,NULL,1751850000000,1751850000000),
('zdemh','cumi','zwrme','zmlq','2025-12-06','tue','m_lecture_attend',3,3,NULL,1,1,NULL,NULL,1751850000000,1751850000000),
('zdemj','cumk','zwrme','zmlq','2025-12-06','tue','m_ala_baseera',1,2,NULL,5,1,NULL,NULL,1751850000000,1751850000000),
('zdeml','cumm','zwrme','zmlq','2025-12-06','sat','m_lecture_attend',1,1,NULL,2,1,NULL,NULL,1751850000000,1751850000000),
('zdemn','cumo','zwrme','zmlq','2025-12-06','sat','m_ala_baseera',3,6,NULL,5,1,NULL,NULL,1751850000000,1751850000000),
('zdemp','cumq','zwrme','zmlq','2025-12-06','tue','m_lesson_mosque',1,2,NULL,3,1,NULL,NULL,1751850000000,1751850000000),
('zdeng','cunh','zwrnf','zmmr','2025-12-06','sat','m_quran',4,4,NULL,2,1,NULL,NULL,1751850000000,1751850000000),
('zdeni','cunj','zwrnf','zmmr','2025-12-06','wed','m_quran',2,2,NULL,3,1,NULL,NULL,1751850000000,1751850000000),
('zdenk','cunl','zwrnf','zmmr','2025-12-06','mon','m_family_meeting',3,3,NULL,8,1,NULL,NULL,1751850000000,1751850000000),
('zdenm','cunn','zwrnf','zmmr','2025-12-06','sun','m_lessons',3,3,NULL,8,1,NULL,NULL,1751850000000,1751850000000),
('zdeno','cunp','zwrnf','zmmr','2025-12-06','sat','m_lessons',1,1,NULL,8,1,NULL,NULL,1751850000000,1751850000000),
('zdenq','cunr','zwrnf','zmmr','2025-12-06','mon','m_family_meeting',1,1,NULL,3,1,NULL,NULL,1751850000000,1751850000000),
('zdeoh','cuoi','zwrog','zmnv','2025-12-06','wed','m_family_meeting',3,3,NULL,4,1,NULL,NULL,1751850000000,1751850000000);
INSERT OR IGNORE INTO daily_entries (id,client_uuid,weekly_record_id,mosque_id,week_start,day,activity_type_id,count,points,note,participant_count,shura_confirmed,entered_by,entered_by_committee,recorded_at,synced_at) VALUES
('zdeoj','cuok','zwrog','zmnv','2025-12-06','mon','m_media_post',3,3,NULL,9,1,NULL,NULL,1751850000000,1751850000000),
('zdeol','cuom','zwrog','zmnv','2025-12-06','wed','m_quran',1,1,NULL,7,1,NULL,NULL,1751850000000,1751850000000),
('zdeon','cuoo','zwrog','zmnv','2025-12-06','mon','m_media_post',4,4,NULL,5,1,NULL,NULL,1751850000000,1751850000000),
('zdeqs','cuqt','zwrqr','zmq0','2025-12-06','tue','m_lessons',4,4,NULL,6,1,NULL,NULL,1751850000000,1751850000000),
('zdequ','cuqv','zwrqr','zmq0','2025-12-06','wed','m_media_post',1,1,NULL,8,1,NULL,NULL,1751850000000,1751850000000),
('zdeqw','cuqx','zwrqr','zmq0','2025-12-06','tue','m_ala_baseera',4,8,NULL,6,1,NULL,NULL,1751850000000,1751850000000),
('zdeqy','cuqz','zwrqr','zmq0','2025-12-06','mon','m_lessons',4,4,NULL,2,1,NULL,NULL,1751850000000,1751850000000),
('zderm','curn','zwrrl','zmr0','2025-12-06','mon','m_lessons',2,2,NULL,6,1,NULL,NULL,1751850000000,1751850000000),
('zdero','curp','zwrrl','zmr0','2025-12-06','tue','m_lecture_attend',4,4,NULL,1,1,NULL,NULL,1751850000000,1751850000000),
('zderq','curr','zwrrl','zmr0','2025-12-06','mon','m_quran',3,3,NULL,1,1,NULL,NULL,1751850000000,1751850000000),
('zders','curt','zwrrl','zmr0','2025-12-06','sat','m_media_post',1,1,NULL,6,1,NULL,NULL,1751850000000,1751850000000),
('zderu','curv','zwrrl','zmr0','2025-12-06','mon','m_ala_baseera',2,4,NULL,1,1,NULL,NULL,1751850000000,1751850000000),
('zderw','curx','zwrrl','zmr0','2025-12-06','mon','m_lessons',4,4,NULL,3,1,NULL,NULL,1751850000000,1751850000000),
('zdesl','cusm','zwrsk','zmry','2025-12-06','mon','m_ala_baseera',1,2,NULL,5,1,NULL,NULL,1751850000000,1751850000000),
('zdesn','cuso','zwrsk','zmry','2025-12-06','sun','m_quran',3,3,NULL,1,1,NULL,NULL,1751850000000,1751850000000),
('zdesp','cusq','zwrsk','zmry','2025-12-06','wed','m_media_post',1,1,NULL,7,1,NULL,NULL,1751850000000,1751850000000),
('zdesr','cuss','zwrsk','zmry','2025-12-06','sat','m_quran',4,4,NULL,5,1,NULL,NULL,1751850000000,1751850000000),
('zdest','cusu','zwrsk','zmry','2025-12-06','tue','m_family_meeting',4,4,NULL,3,1,NULL,NULL,1751850000000,1751850000000),
('zdetn','cuto','zwrtm','zmt1','2025-12-06','sat','m_lessons',3,3,NULL,2,1,NULL,NULL,1751850000000,1751850000000),
('zdetp','cutq','zwrtm','zmt1','2025-12-06','sun','m_media_post',1,1,NULL,9,1,NULL,NULL,1751850000000,1751850000000),
('zdetr','cuts','zwrtm','zmt1','2025-12-06','sun','m_quran',3,3,NULL,7,1,NULL,NULL,1751850000000,1751850000000),
('zdeud','cuue','zwruc','zmtt','2025-12-06','mon','m_media_post',2,2,NULL,3,1,NULL,NULL,1751850000000,1751850000000),
('zdeuf','cuug','zwruc','zmtt','2025-12-06','wed','m_lessons',3,3,NULL,4,1,NULL,NULL,1751850000000,1751850000000),
('zdeuh','cuui','zwruc','zmtt','2025-12-06','sun','m_quran',2,2,NULL,4,1,NULL,NULL,1751850000000,1751850000000),
('zdeuj','cuuk','zwruc','zmtt','2025-12-06','mon','m_media_post',3,3,NULL,7,1,NULL,NULL,1751850000000,1751850000000),
('zdeul','cuum','zwruc','zmtt','2025-12-06','mon','m_lecture_attend',1,1,NULL,6,1,NULL,NULL,1751850000000,1751850000000),
('zdev7','cuv8','zwrv6','zmun','2025-12-06','sat','m_lessons',2,2,NULL,1,1,NULL,NULL,1751850000000,1751850000000),
('zdev9','cuva','zwrv6','zmun','2025-12-06','mon','m_lesson_mosque',3,6,NULL,4,1,NULL,NULL,1751850000000,1751850000000),
('zdevb','cuvc','zwrv6','zmun','2025-12-06','wed','m_lecture_attend',1,1,NULL,4,1,NULL,NULL,1751850000000,1751850000000),
('zdevd','cuve','zwrv6','zmun','2025-12-06','sun','m_lecture_attend',4,4,NULL,6,1,NULL,NULL,1751850000000,1751850000000),
('zdewp','cuwq','zwrwo','zmw1','2025-12-06','mon','m_quran',1,1,NULL,7,1,NULL,NULL,1751850000000,1751850000000),
('zdewr','cuws','zwrwo','zmw1','2025-12-06','tue','m_quran',4,4,NULL,9,1,NULL,NULL,1751850000000,1751850000000),
('zdewt','cuwu','zwrwo','zmw1','2025-12-06','wed','m_quran',4,4,NULL,3,1,NULL,NULL,1751850000000,1751850000000),
('zdewv','cuww','zwrwo','zmw1','2025-12-06','tue','m_family_meeting',4,4,NULL,3,1,NULL,NULL,1751850000000,1751850000000),
('zdewx','cuwy','zwrwo','zmw1','2025-12-06','tue','m_ala_baseera',3,6,NULL,7,1,NULL,NULL,1751850000000,1751850000000),
('zdewz','cux0','zwrwo','zmw1','2025-12-06','mon','m_lesson_mosque',2,4,NULL,5,1,NULL,NULL,1751850000000,1751850000000),
('zdexk','cuxl','zwrxj','zmx1','2025-12-06','wed','m_media_post',4,4,NULL,3,1,NULL,NULL,1751850000000,1751850000000),
('zdexm','cuxn','zwrxj','zmx1','2025-12-06','tue','m_lecture_attend',2,2,NULL,2,1,NULL,NULL,1751850000000,1751850000000),
('zdexo','cuxp','zwrxj','zmx1','2025-12-06','wed','m_ala_baseera',4,8,NULL,9,1,NULL,NULL,1751850000000,1751850000000),
('zdexq','cuxr','zwrxj','zmx1','2025-12-06','sun','m_lessons',1,1,NULL,7,1,NULL,NULL,1751850000000,1751850000000),
('zdexs','cuxt','zwrxj','zmx1','2025-12-06','wed','m_lessons',1,1,NULL,3,1,NULL,NULL,1751850000000,1751850000000),
('zdeyi','cuyj','zwryh','zmxu','2025-12-06','sun','m_lecture_attend',1,1,NULL,4,1,NULL,NULL,1751850000000,1751850000000),
('zdeyk','cuyl','zwryh','zmxu','2025-12-06','sat','m_lessons',4,4,NULL,5,1,NULL,NULL,1751850000000,1751850000000),
('zdeym','cuyn','zwryh','zmxu','2025-12-06','mon','m_lecture_attend',2,2,NULL,4,1,NULL,NULL,1751850000000,1751850000000),
('zdeyo','cuyp','zwryh','zmxu','2025-12-06','wed','m_lessons',1,1,NULL,8,1,NULL,NULL,1751850000000,1751850000000),
('zdeyq','cuyr','zwryh','zmxu','2025-12-06','sat','m_lessons',2,2,NULL,4,1,NULL,NULL,1751850000000,1751850000000),
('zdezo','cuzp','zwrzn','zmyv','2025-12-06','sun','m_ala_baseera',2,4,NULL,3,1,NULL,NULL,1751850000000,1751850000000),
('zdezq','cuzr','zwrzn','zmyv','2025-12-06','sun','m_quran',4,4,NULL,2,1,NULL,NULL,1751850000000,1751850000000),
('zdezs','cuzt','zwrzn','zmyv','2025-12-06','wed','m_lessons',1,1,NULL,1,1,NULL,NULL,1751850000000,1751850000000),
('zdezu','cuzv','zwrzn','zmyv','2025-12-06','sat','m_lessons',1,1,NULL,3,1,NULL,NULL,1751850000000,1751850000000),
('zde10l','cu10m','zwr10k','zmzw','2025-12-06','wed','m_ala_baseera',4,8,NULL,7,1,NULL,NULL,1751850000000,1751850000000),
('zde10n','cu10o','zwr10k','zmzw','2025-12-06','tue','m_lesson_mosque',2,4,NULL,8,1,NULL,NULL,1751850000000,1751850000000),
('zde10p','cu10q','zwr10k','zmzw','2025-12-06','sat','m_lesson_mosque',4,8,NULL,9,1,NULL,NULL,1751850000000,1751850000000),
('zde10r','cu10s','zwr10k','zmzw','2025-12-06','sat','m_lecture_attend',1,1,NULL,3,1,NULL,NULL,1751850000000,1751850000000),
('zde11i','cu11j','zwr11h','zm10t','2025-12-06','sat','m_quran',1,1,NULL,3,1,NULL,NULL,1751850000000,1751850000000),
('zde11k','cu11l','zwr11h','zm10t','2025-12-06','tue','m_lessons',1,1,NULL,8,1,NULL,NULL,1751850000000,1751850000000),
('zde11m','cu11n','zwr11h','zm10t','2025-12-06','sun','m_lessons',2,2,NULL,6,1,NULL,NULL,1751850000000,1751850000000),
('zde11o','cu11p','zwr11h','zm10t','2025-12-06','sun','m_lecture_attend',4,4,NULL,1,1,NULL,NULL,1751850000000,1751850000000),
('zde11q','cu11r','zwr11h','zm10t','2025-12-06','mon','m_media_post',2,2,NULL,6,1,NULL,NULL,1751850000000,1751850000000),
('zde12c','cu12d','zwr12b','zm11s','2025-12-06','wed','m_lessons',4,4,NULL,3,1,NULL,NULL,1751850000000,1751850000000);
INSERT OR IGNORE INTO daily_entries (id,client_uuid,weekly_record_id,mosque_id,week_start,day,activity_type_id,count,points,note,participant_count,shura_confirmed,entered_by,entered_by_committee,recorded_at,synced_at) VALUES
('zde12e','cu12f','zwr12b','zm11s','2025-12-06','sat','m_lesson_mosque',3,6,NULL,1,1,NULL,NULL,1751850000000,1751850000000),
('zde12g','cu12h','zwr12b','zm11s','2025-12-06','sun','m_lessons',4,4,NULL,9,1,NULL,NULL,1751850000000,1751850000000),
('zde12i','cu12j','zwr12b','zm11s','2025-12-06','tue','m_quran',1,1,NULL,7,1,NULL,NULL,1751850000000,1751850000000),
('zde12k','cu12l','zwr12b','zm11s','2025-12-06','sun','m_family_meeting',2,2,NULL,5,1,NULL,NULL,1751850000000,1751850000000),
('zde135','cu136','zwr134','zm12m','2025-12-06','tue','m_lecture_attend',3,3,NULL,5,1,NULL,NULL,1751850000000,1751850000000),
('zde137','cu138','zwr134','zm12m','2025-12-06','wed','m_quran',2,2,NULL,6,1,NULL,NULL,1751850000000,1751850000000),
('zde139','cu13a','zwr134','zm12m','2025-12-06','tue','m_family_meeting',1,1,NULL,1,1,NULL,NULL,1751850000000,1751850000000),
('zde13b','cu13c','zwr134','zm12m','2025-12-06','mon','m_lessons',2,2,NULL,7,1,NULL,NULL,1751850000000,1751850000000),
('zde13z','cu140','zwr13y','zm13d','2025-12-06','tue','m_family_meeting',1,1,NULL,9,1,NULL,NULL,1751850000000,1751850000000),
('zde141','cu142','zwr13y','zm13d','2025-12-06','tue','m_lecture_attend',3,3,NULL,5,1,NULL,NULL,1751850000000,1751850000000),
('zde143','cu144','zwr13y','zm13d','2025-12-06','mon','m_family_meeting',4,4,NULL,4,1,NULL,NULL,1751850000000,1751850000000),
('zde145','cu146','zwr13y','zm13d','2025-12-06','sat','m_lessons',3,3,NULL,5,1,NULL,NULL,1751850000000,1751850000000),
('zde147','cu148','zwr13y','zm13d','2025-12-06','mon','m_quran',2,2,NULL,9,1,NULL,NULL,1751850000000,1751850000000),
('zde149','cu14a','zwr13y','zm13d','2025-12-06','sun','m_lecture_attend',3,3,NULL,5,1,NULL,NULL,1751850000000,1751850000000),
('zde151','cu152','zwr150','zm14b','2025-12-06','sat','m_ala_baseera',1,2,NULL,6,1,NULL,NULL,1751850000000,1751850000000),
('zde153','cu154','zwr150','zm14b','2025-12-06','wed','m_lesson_mosque',1,2,NULL,8,1,NULL,NULL,1751850000000,1751850000000),
('zde155','cu156','zwr150','zm14b','2025-12-06','mon','m_quran',1,1,NULL,3,1,NULL,NULL,1751850000000,1751850000000),
('zde157','cu158','zwr150','zm14b','2025-12-06','wed','m_media_post',3,3,NULL,3,1,NULL,NULL,1751850000000,1751850000000),
('zde174','cu175','zwr173','zm16l','2025-12-06','sun','m_lessons',2,2,NULL,2,1,NULL,NULL,1751850000000,1751850000000),
('zde176','cu177','zwr173','zm16l','2025-12-06','tue','m_quran',1,1,NULL,4,1,NULL,NULL,1751850000000,1751850000000),
('zde178','cu179','zwr173','zm16l','2025-12-06','sun','m_lecture_attend',4,4,NULL,5,1,NULL,NULL,1751850000000,1751850000000),
('zde17a','cu17b','zwr173','zm16l','2025-12-06','tue','m_ala_baseera',3,6,NULL,2,1,NULL,NULL,1751850000000,1751850000000),
('zde17c','cu17d','zwr173','zm16l','2025-12-06','mon','m_quran',1,1,NULL,4,1,NULL,NULL,1751850000000,1751850000000),
('zde17e','cu17f','zwr173','zm16l','2025-12-06','sun','m_lesson_mosque',3,6,NULL,4,1,NULL,NULL,1751850000000,1751850000000),
('zde199','cu19a','zwr198','zm18o','2025-12-06','sun','m_ala_baseera',3,6,NULL,5,1,NULL,NULL,1751850000000,1751850000000),
('zde19b','cu19c','zwr198','zm18o','2025-12-06','sat','m_quran',3,3,NULL,8,1,NULL,NULL,1751850000000,1751850000000),
('zde19d','cu19e','zwr198','zm18o','2025-12-06','wed','m_media_post',1,1,NULL,5,1,NULL,NULL,1751850000000,1751850000000),
('zde19f','cu19g','zwr198','zm18o','2025-12-06','sat','m_ala_baseera',1,2,NULL,7,1,NULL,NULL,1751850000000,1751850000000),
('zde19h','cu19i','zwr198','zm18o','2025-12-06','mon','m_lesson_mosque',2,4,NULL,5,1,NULL,NULL,1751850000000,1751850000000);
INSERT OR IGNORE INTO weekly_records (id,mosque_id,mosque_path,week_start,hijri_month,scheme_id,total_points,status,locked,locked_at,last_entry_at,approved_by_amir,approved_by_layer,created_at) VALUES
('zwrz','zmd','/men/zr5/zq9/zmd/','2025-12-06','1447-06','scheme-male',9,'draft',0,NULL,1751850000000,NULL,NULL,1751331600000),
('zwr1t','zm18','/men/zr5/zq9/zm18/','2025-12-06','1447-06','scheme-male',17,'amir_approved',0,NULL,1751331600000,'u-admin',NULL,1751763600000),
('zwr3a','zm2u','/men/zr5/zq9/zm2u/','2025-12-06','1447-06','scheme-male',15,'layer_approved',1,1751677200000,1751418000000,'u-admin','u-admin',1751158800000),
('zwr45','zm3n','/men/zr5/zq9/zm3n/','2025-12-06','1447-06','scheme-male',13,'draft',0,NULL,1751331600000,NULL,NULL,1751245200000),
('zwr51','zm4c','/men/zr5/zq9/zm4c/','2025-12-06','1447-06','scheme-male',13,'layer_approved',1,1751677200000,1751418000000,'u-admin','u-admin',1751245200000),
('zwr60','zm5c','/men/zr5/zq9/zm5c/','2025-12-06','1447-06','scheme-male',15,'amir_approved',0,NULL,1751504400000,'u-admin',NULL,1751504400000),
('zwr6v','zm6b','/men/zr5/zq9/zm6b/','2025-12-06','1447-06','scheme-male',15,'draft',0,NULL,1751677200000,NULL,NULL,1751158800000),
('zwr7v','zm79','/men/zr5/zq76/zm79/','2025-12-06','1447-06','scheme-male',14,'layer_approved',1,1751677200000,1751418000000,'u-admin','u-admin',1751590800000),
('zwr8p','zm84','/men/zr5/zq76/zm84/','2025-12-06','1447-06','scheme-male',10,'draft',0,NULL,1751331600000,NULL,NULL,1751331600000),
('zwr9h','zm8y','/men/zr5/zq76/zm8y/','2025-12-06','1447-06','scheme-male',24,'layer_approved',1,1751677200000,1751504400000,'u-admin','u-admin',1751158800000),
('zwrad','zm9w','/men/zr5/zq76/zm9w/','2025-12-06','1447-06','scheme-male',14,'draft',0,NULL,1751850000000,NULL,NULL,1751245200000),
('zwrbd','zmao','/men/zr5/zq76/zmao/','2025-12-06','1447-06','scheme-male',5,'draft',0,NULL,1751245200000,NULL,NULL,1751504400000),
('zwrc2','zmbk','/men/zr5/zq76/zmbk/','2025-12-06','1447-06','scheme-male',8,'layer_approved',1,1751677200000,1751331600000,'u-admin','u-admin',1751590800000),
('zwrd6','zmcf','/men/zrc9/zqcc/zmcf/','2025-12-06','1447-06','scheme-male',14,'layer_approved',1,1751677200000,1751158800000,'u-admin','u-admin',1751763600000),
('zwre1','zmdf','/men/zrc9/zqcc/zmdf/','2025-12-06','1447-06','scheme-male',16,'amir_approved',0,NULL,1751850000000,'u-admin',NULL,1751158800000),
('zwrez','zmec','/men/zrc9/zqcc/zmec/','2025-12-06','1447-06','scheme-male',19,'layer_approved',1,1751677200000,1751763600000,'u-admin','u-admin',1751504400000),
('zwrfx','zmfc','/men/zrc9/zqcc/zmfc/','2025-12-06','1447-06','scheme-male',10,'layer_approved',1,1751677200000,1751850000000,'u-admin','u-admin',1751245200000),
('zwrgq','zmg4','/men/zrc9/zqcc/zmg4/','2025-12-06','1447-06','scheme-male',9,'layer_approved',1,1751677200000,1751245200000,'u-admin','u-admin',1751158800000),
('zwrhi','zmgz','/men/zrc9/zqcc/zmgz/','2025-12-06','1447-06','scheme-male',14,'amir_approved',0,NULL,1751504400000,'u-admin',NULL,1751245200000),
('zwrio','zmhy','/men/zrc9/zqhv/zmhy/','2025-12-06','1447-06','scheme-male',12,'layer_approved',1,1751677200000,1751590800000,'u-admin','u-admin',1751072400000),
('zwrjj','zmiz','/men/zrc9/zqhv/zmiz/','2025-12-06','1447-06','scheme-male',9,'draft',0,NULL,1751850000000,NULL,NULL,1751677200000),
('zwrkm','zmju','/men/zrc9/zqhv/zmju/','2025-12-06','1447-06','scheme-male',5,'amir_approved',0,NULL,1751418000000,'u-admin',NULL,1751590800000),
('zwrlf','zmkv','/men/zrc9/zqhv/zmkv/','2025-12-06','1447-06','scheme-male',14,'draft',0,NULL,1751590800000,NULL,NULL,1751590800000),
('zwrme','zmlq','/men/zrc9/zqhv/zmlq/','2025-12-06','1447-06','scheme-male',22,'draft',0,NULL,1751677200000,NULL,NULL,1751418000000),
('zwrnf','zmmr','/men/zrc9/zqhv/zmmr/','2025-12-06','1447-06','scheme-male',14,'draft',0,NULL,1751331600000,NULL,NULL,1751504400000),
('zwrog','zmnv','/men/zrc9/zqns/zmnv/','2025-12-06','1447-06','scheme-male',11,'draft',0,NULL,1751850000000,NULL,NULL,1751418000000),
('zwrqr','zmq0','/men/zrc9/zqns/zmq0/','2025-12-06','1447-06','scheme-male',17,'layer_approved',1,1751677200000,1751763600000,'u-admin','u-admin',1751677200000),
('zwrrl','zmr0','/men/zrc9/zqns/zmr0/','2025-12-06','1447-06','scheme-male',18,'amir_approved',0,NULL,1751418000000,'u-admin',NULL,1751072400000),
('zwrsk','zmry','/men/zrc9/zqns/zmry/','2025-12-06','1447-06','scheme-male',14,'draft',0,NULL,1751590800000,NULL,NULL,1751072400000),
('zwrtm','zmt1','/men/zrsv/zqsy/zmt1/','2025-12-06','1447-06','scheme-male',7,'amir_approved',0,NULL,1751763600000,'u-admin',NULL,1750986000000),
('zwruc','zmtt','/men/zrsv/zqsy/zmtt/','2025-12-06','1447-06','scheme-male',11,'amir_approved',0,NULL,1751590800000,'u-admin',NULL,1751590800000),
('zwrv6','zmun','/men/zrsv/zqsy/zmun/','2025-12-06','1447-06','scheme-male',13,'layer_approved',1,1751677200000,1751418000000,'u-admin','u-admin',1751590800000),
('zwrwo','zmw1','/men/zrsv/zqsy/zmw1/','2025-12-06','1447-06','scheme-male',23,'amir_approved',0,NULL,1751590800000,'u-admin',NULL,1750986000000),
('zwrxj','zmx1','/men/zrsv/zqsy/zmx1/','2025-12-06','1447-06','scheme-male',16,'draft',0,NULL,1751504400000,NULL,NULL,1751763600000),
('zwryh','zmxu','/men/zrsv/zqsy/zmxu/','2025-12-06','1447-06','scheme-male',10,'draft',0,NULL,1751504400000,NULL,NULL,1751763600000),
('zwrzn','zmyv','/men/zrsv/zqys/zmyv/','2025-12-06','1447-06','scheme-male',10,'draft',0,NULL,1751677200000,NULL,NULL,1751418000000),
('zwr10k','zmzw','/men/zrsv/zqys/zmzw/','2025-12-06','1447-06','scheme-male',21,'amir_approved',0,NULL,1751850000000,'u-admin',NULL,1751245200000),
('zwr11h','zm10t','/men/zrsv/zqys/zm10t/','2025-12-06','1447-06','scheme-male',10,'draft',0,NULL,1751331600000,NULL,NULL,1751677200000),
('zwr12b','zm11s','/men/zrsv/zqys/zm11s/','2025-12-06','1447-06','scheme-male',17,'draft',0,NULL,1751418000000,NULL,NULL,1751504400000),
('zwr134','zm12m','/men/zrsv/zqys/zm12m/','2025-12-06','1447-06','scheme-male',8,'amir_approved',0,NULL,1751158800000,'u-admin',NULL,1751504400000),
('zwr13y','zm13d','/men/zrsv/zqys/zm13d/','2025-12-06','1447-06','scheme-male',16,'amir_approved',0,NULL,1751331600000,'u-admin',NULL,1751245200000),
('zwr150','zm14b','/men/zrsv/zqys/zm14b/','2025-12-06','1447-06','scheme-male',8,'amir_approved',0,NULL,1751158800000,'u-admin',NULL,1750986000000),
('zwr173','zm16l','/men/zrsv/zq159/zm16l/','2025-12-06','1447-06','scheme-male',20,'draft',0,NULL,1751590800000,NULL,NULL,1751763600000),
('zwr198','zm18o','/men/zrsv/zq159/zm18o/','2025-12-06','1447-06','scheme-male',16,'draft',0,NULL,1751418000000,NULL,NULL,1751590800000);
INSERT OR IGNORE INTO teachers (id,person_id,qualification,hourly_rate_id,active,created_at) VALUES
('zt19z','zp19y','حافظة متقنة','rate-hour-current',1,1751850000000),
('zt1cd','zp1cc','حافظة متقنة','rate-hour-current',1,1751850000000),
('zt1e4','zp1e3','حافظة متقنة','rate-hour-current',1,1751850000000),
('zt1ge','zp1gd','إجازة في القرآن','rate-hour-current',1,1751850000000),
('zt1i1','zp1i0','إجازة في القرآن','rate-hour-current',1,1751850000000),
('zt1ld','zp1lc','إجازة في القرآن','rate-hour-current',1,1751850000000),
('zt1ov','zp1ou',NULL,'rate-hour-current',1,1751850000000),
('zt1rt','zp1rs','بكالوريوس شريعة','rate-hour-current',1,1751850000000),
('zt1us','zp1ur','حافظة متقنة','rate-hour-current',1,1751850000000),
('zt1wn','zp1wm','حافظة متقنة','rate-hour-current',1,1751850000000),
('zt1yg','zp1yf',NULL,'rate-hour-current',1,1751850000000),
('zt220','zp21z',NULL,'rate-hour-current',1,1751850000000),
('zt24h','zp24g',NULL,'rate-hour-current',1,1751850000000),
('zt26r','zp26q',NULL,'rate-hour-current',1,1751850000000),
('zt292','zp291','إجازة في القرآن','rate-hour-current',1,1751850000000),
('zt2b4','zp2b3','دبلوم تربية','rate-hour-current',1,1751850000000),
('zt2df','zp2de','حافظة متقنة','rate-hour-current',1,1751850000000),
('zt2f0','zp2ez','دبلوم تربية','rate-hour-current',1,1751850000000),
('zt2gg','zp2gf','إجازة في القرآن','rate-hour-current',1,1751850000000),
('zt2id','zp2ic',NULL,'rate-hour-current',1,1751850000000),
('zt2jy','zp2jx','دبلوم تربية','rate-hour-current',1,1751850000000),
('zt2ly','zp2lx','بكالوريوس شريعة','rate-hour-current',1,1751850000000),
('zt2p1','zp2p0','إجازة في القرآن','rate-hour-current',1,1751850000000),
('zt2rd','zp2rc','دبلوم تربية','rate-hour-current',1,1751850000000),
('zt2th','zp2tg','بكالوريوس شريعة','rate-hour-current',1,1751850000000),
('zt2uv','zp2uu','بكالوريوس شريعة','rate-hour-current',1,1751850000000),
('zt2wk','zp2wj','إجازة في القرآن','rate-hour-current',1,1751850000000),
('zt2yo','zp2yn','دبلوم تربية','rate-hour-current',1,1751850000000),
('zt30w','zp30v','حافظة متقنة','rate-hour-current',1,1751850000000),
('zt32s','zp32r','بكالوريوس شريعة','rate-hour-current',1,1751850000000),
('zt34g','zp34f','بكالوريوس شريعة','rate-hour-current',1,1751850000000),
('zt36q','zp36p',NULL,'rate-hour-current',1,1751850000000),
('zt38a','zp389','دبلوم تربية','rate-hour-current',1,1751850000000),
('zt3ao','zp3an',NULL,'rate-hour-current',1,1751850000000),
('zt3cj','zp3ci','حافظة متقنة','rate-hour-current',1,1751850000000),
('zt3e7','zpn',NULL,'rate-hour-current',1,1751850000000),
('zt3e8','zp35','حافظة متقنة','rate-hour-current',1,1751850000000),
('zt3e9','zp40','إجازة في القرآن','rate-hour-current',1,1751850000000),
('zt3ea','zp5n','بكالوريوس شريعة','rate-hour-current',1,1751850000000),
('zt3eb','zp7s','دبلوم تربية','rate-hour-current',1,1751850000000),
('zt3ec','zp8h','حافظة متقنة','rate-hour-current',1,1751850000000),
('zt3ed','zp95','حافظة متقنة','rate-hour-current',1,1751850000000),
('zt3ee','zpa5',NULL,'rate-hour-current',1,1751850000000),
('zt3ef','zpb1','إجازة في القرآن','rate-hour-current',1,1751850000000),
('zt3eg','zpcs','إجازة في القرآن','rate-hour-current',1,1751850000000),
('zt3eh','zpcu','إجازة في القرآن','rate-hour-current',1,1751850000000),
('zt3ei','zpd0','دبلوم تربية','rate-hour-current',1,1751850000000),
('zt3ej','zpdq','دبلوم تربية','rate-hour-current',1,1751850000000),
('zt3ek','zpdy','حافظة متقنة','rate-hour-current',1,1751850000000),
('zt3el','zpep','دبلوم تربية','rate-hour-current',1,1751850000000),
('zt3em','zpet','إجازة في القرآن','rate-hour-current',1,1751850000000),
('zt3en','zpev','حافظة متقنة','rate-hour-current',1,1751850000000),
('zt3eo','zpfr','بكالوريوس شريعة','rate-hour-current',1,1751850000000),
('zt3ep','zpft','بكالوريوس شريعة','rate-hour-current',1,1751850000000),
('zt3eq','zpgf',NULL,'rate-hour-current',1,1751850000000),
('zt3er','zpgj','بكالوريوس شريعة','rate-hour-current',1,1751850000000),
('zt3es','zpha','دبلوم تربية','rate-hour-current',1,1751850000000),
('zt3et','zpif','إجازة في القرآن','rate-hour-current',1,1751850000000),
('zt3eu','zpih','دبلوم تربية','rate-hour-current',1,1751850000000),
('zt3ev','zpk7','حافظة متقنة','rate-hour-current',1,1751850000000);
INSERT OR IGNORE INTO teachers (id,person_id,qualification,hourly_rate_id,active,created_at) VALUES
('zt3ew','zpkf','بكالوريوس شريعة','rate-hour-current',1,1751850000000),
('zt3ex','zpkh',NULL,'rate-hour-current',1,1751850000000),
('zt3ey','zpm1',NULL,'rate-hour-current',1,1751850000000),
('zt3ez','zpm3','إجازة في القرآن','rate-hour-current',1,1751850000000),
('zt3f0','zpm7','بكالوريوس شريعة','rate-hour-current',1,1751850000000),
('zt3f1','zpn4','حافظة متقنة','rate-hour-current',1,1751850000000),
('zt3f2','zpo6',NULL,'rate-hour-current',1,1751850000000),
('zt3f3','zpp0','حافظة متقنة','rate-hour-current',1,1751850000000),
('zt3f4','zpp4','إجازة في القرآن','rate-hour-current',1,1751850000000),
('zt3f5','zppl','حافظة متقنة','rate-hour-current',1,1751850000000),
('zt3f6','zprh',NULL,'rate-hour-current',1,1751850000000),
('zt3f7','zps7',NULL,'rate-hour-current',1,1751850000000),
('zt3f8','zpuu','دبلوم تربية','rate-hour-current',1,1751850000000),
('zt3f9','zpzg','إجازة في القرآن','rate-hour-current',1,1751850000000),
('zt3fa','zp10f','دبلوم تربية','rate-hour-current',1,1751850000000),
('zt3fb','zp121','دبلوم تربية','rate-hour-current',1,1751850000000),
('zt3fc','zp127',NULL,'rate-hour-current',1,1751850000000),
('zt3fd','zp12t','بكالوريوس شريعة','rate-hour-current',1,1751850000000),
('zt3fe','zp14m','دبلوم تربية','rate-hour-current',1,1751850000000),
('zt3ff','zp14q','حافظة متقنة','rate-hour-current',1,1751850000000),
('zt3fg','zp14u',NULL,'rate-hour-current',1,1751850000000),
('zt3fh','zp15l','بكالوريوس شريعة','rate-hour-current',1,1751850000000),
('zt3fi','zp15n',NULL,'rate-hour-current',1,1751850000000),
('zt3fj','zp16u',NULL,'rate-hour-current',1,1751850000000),
('zt3fk','zp17r','بكالوريوس شريعة','rate-hour-current',1,1751850000000);
INSERT OR IGNORE INTO venues (id,type,name,org_unit_id,gender_track,created_at) VALUES
('zv1a2','home','حلقة نسائية — أم خالد','zh19u','female',1751850000000),
('zv1cf','home','حلقة نسائية — أم رقية','zh1c9','female',1751850000000),
('zv1e6','home','حلقة نسائية — أم محمد','zh1e0','female',1751850000000),
('zv1gg','home','حلقة نسائية — أم سلمى','zh1ga','female',1751850000000),
('zv1i3','home','حلقة نسائية — أم عمر','zh1hx','female',1751850000000),
('zv1lf','home','حلقة نسائية — أم حفصة','zh1l9','female',1751850000000),
('zv1ox','home','حلقة نسائية — أم أنس','zh1or','female',1751850000000),
('zv1rv','home','حلقة نسائية — أم رقية','zh1rp','female',1751850000000),
('zv1uu','home','حلقة نسائية — أم سلمى','zh1uo','female',1751850000000),
('zv1wp','home','حلقة نسائية — أم عمر','zh1wj','female',1751850000000),
('zv1yi','home','حلقة نسائية — أم عمر','zh1yc','female',1751850000000),
('zv222','home','حلقة نسائية — أم معاذ','zh21w','female',1751850000000),
('zv24j','home','حلقة نسائية — أم أحمد','zh24d','female',1751850000000),
('zv26t','home','حلقة نسائية — أم خالد','zh26n','female',1751850000000),
('zv294','home','حلقة نسائية — أم معاذ','zh28y','female',1751850000000),
('zv2b6','home','حلقة نسائية — أم عبدالله','zh2b0','female',1751850000000),
('zv2dh','home','حلقة نسائية — أم يوسف','zh2db','female',1751850000000),
('zv2f2','home','حلقة نسائية — أم عمر','zh2ew','female',1751850000000),
('zv2gi','home','حلقة نسائية — أم أنس','zh2gc','female',1751850000000),
('zv2if','home','حلقة نسائية — أم أنس','zh2i9','female',1751850000000),
('zv2k0','home','حلقة نسائية — أم سلمى','zh2ju','female',1751850000000),
('zv2m0','home','حلقة نسائية — أم عبدالله','zh2lu','female',1751850000000),
('zv2p3','home','حلقة نسائية — أم أحمد','zh2ox','female',1751850000000),
('zv2rf','home','حلقة نسائية — أم محمد','zh2r9','female',1751850000000),
('zv2tj','home','حلقة نسائية — أم محمد','zh2td','female',1751850000000),
('zv2ux','home','حلقة نسائية — أم حفصة','zh2ur','female',1751850000000),
('zv2wm','home','حلقة نسائية — أم سلمى','zh2wg','female',1751850000000),
('zv2yq','home','حلقة نسائية — أم معاذ','zh2yk','female',1751850000000),
('zv30y','home','حلقة نسائية — أم معاذ','zh30s','female',1751850000000),
('zv32u','home','حلقة نسائية — أم أنس','zh32o','female',1751850000000),
('zv34i','home','حلقة نسائية — أم معاذ','zh34c','female',1751850000000),
('zv36s','home','حلقة نسائية — أم إبراهيم','zh36m','female',1751850000000),
('zv38c','home','حلقة نسائية — أم خالد','zh386','female',1751850000000),
('zv3aq','home','حلقة نسائية — أم الزبير','zh3ak','female',1751850000000),
('zv3cl','home','حلقة نسائية — أم البراء','zh3cf','female',1751850000000),
('zv3dn','institute','معهد بلال','zmhy','male',1751850000000),
('zv3do','institute','مركز النور','zmbk','male',1751850000000),
('zv3dp','mosque','مركز قباء','zm9w','male',1751850000000),
('zv3dq','institute','دار التقوى','zmd','male',1751850000000),
('zv3dr','institute','دار الصديق','zm12m','male',1751850000000),
('zv3ds','mosque','دار الفتح','zmyv','male',1751850000000),
('zv3dt','mosque','مركز الرحمن','zm17g','male',1751850000000),
('zv3du','mosque','معهد قباء','zmpa','male',1751850000000),
('zv3dv','mosque','معهد عثمان','zm10t','male',1751850000000),
('zv3dw','mosque','مركز الصحابة','zmiz','male',1751850000000),
('zv3dx','institute','دار الفرقان','zm12m','male',1751850000000),
('zv3dy','institute','دار خالد','zmnv','male',1751850000000),
('zv3dz','mosque','دار الفرقان','zmr0','male',1751850000000),
('zv3e0','institute','معهد الفرقان','zm3n','male',1751850000000),
('zv3e1','institute','مركز خالد','zmpa','male',1751850000000),
('zv3e2','institute','معهد بلال','zmd','male',1751850000000),
('zv3e3','mosque','مركز النور','zmec','male',1751850000000),
('zv3e4','institute','دار النصر','zmao','male',1751850000000),
('zv3e5','institute','معهد السلام','zmtt','male',1751850000000),
('zv3e6','mosque','دار سعد','zmkv','male',1751850000000);
INSERT OR IGNORE INTO halaqat (id,name,venue_id,teacher_id,gender_track,curriculum,capacity,status,created_at) VALUES
('zhl1a3','حلقة نسائية — أم خالد','zv1a2','zt19z','female','baseera',18,'active',1751850000000),
('zhl1cg','حلقة نسائية — أم رقية','zv1cf','zt1cd','female','baseera',10,'active',1751850000000),
('zhl1e7','حلقة نسائية — أم محمد','zv1e6','zt1e4','female','baseera',16,'active',1751850000000),
('zhl1gh','حلقة نسائية — أم سلمى','zv1gg','zt1ge','female','baseera',15,'active',1751850000000),
('zhl1i4','حلقة نسائية — أم عمر','zv1i3','zt1i1','female','baseera',12,'active',1751850000000),
('zhl1lg','حلقة نسائية — أم حفصة','zv1lf','zt1ld','female','baseera',11,'active',1751850000000),
('zhl1oy','حلقة نسائية — أم أنس','zv1ox','zt1ov','female','baseera',14,'active',1751850000000),
('zhl1rw','حلقة نسائية — أم رقية','zv1rv','zt1rt','female','baseera',12,'active',1751850000000),
('zhl1uv','حلقة نسائية — أم سلمى','zv1uu','zt1us','female','baseera',12,'active',1751850000000),
('zhl1wq','حلقة نسائية — أم عمر','zv1wp','zt1wn','female','baseera',19,'active',1751850000000),
('zhl1yj','حلقة نسائية — أم عمر','zv1yi','zt1yg','female','baseera',11,'active',1751850000000),
('zhl223','حلقة نسائية — أم معاذ','zv222','zt220','female','baseera',18,'active',1751850000000),
('zhl24k','حلقة نسائية — أم أحمد','zv24j','zt24h','female','baseera',16,'active',1751850000000),
('zhl26u','حلقة نسائية — أم خالد','zv26t','zt26r','female','baseera',20,'active',1751850000000),
('zhl295','حلقة نسائية — أم معاذ','zv294','zt292','female','baseera',11,'active',1751850000000),
('zhl2b7','حلقة نسائية — أم عبدالله','zv2b6','zt2b4','female','baseera',18,'active',1751850000000),
('zhl2di','حلقة نسائية — أم يوسف','zv2dh','zt2df','female','baseera',10,'active',1751850000000),
('zhl2f3','حلقة نسائية — أم عمر','zv2f2','zt2f0','female','baseera',14,'active',1751850000000),
('zhl2gj','حلقة نسائية — أم أنس','zv2gi','zt2gg','female','baseera',17,'active',1751850000000),
('zhl2ig','حلقة نسائية — أم أنس','zv2if','zt2id','female','baseera',14,'active',1751850000000),
('zhl2k1','حلقة نسائية — أم سلمى','zv2k0','zt2jy','female','baseera',18,'active',1751850000000),
('zhl2m1','حلقة نسائية — أم عبدالله','zv2m0','zt2ly','female','baseera',11,'active',1751850000000),
('zhl2p4','حلقة نسائية — أم أحمد','zv2p3','zt2p1','female','baseera',19,'active',1751850000000),
('zhl2rg','حلقة نسائية — أم محمد','zv2rf','zt2rd','female','baseera',11,'active',1751850000000),
('zhl2tk','حلقة نسائية — أم محمد','zv2tj','zt2th','female','baseera',12,'active',1751850000000),
('zhl2uy','حلقة نسائية — أم حفصة','zv2ux','zt2uv','female','baseera',13,'active',1751850000000),
('zhl2wn','حلقة نسائية — أم سلمى','zv2wm','zt2wk','female','baseera',14,'active',1751850000000),
('zhl2yr','حلقة نسائية — أم معاذ','zv2yq','zt2yo','female','baseera',14,'active',1751850000000),
('zhl30z','حلقة نسائية — أم معاذ','zv30y','zt30w','female','baseera',20,'active',1751850000000),
('zhl32v','حلقة نسائية — أم أنس','zv32u','zt32s','female','baseera',13,'active',1751850000000),
('zhl34j','حلقة نسائية — أم معاذ','zv34i','zt34g','female','baseera',16,'active',1751850000000),
('zhl36t','حلقة نسائية — أم إبراهيم','zv36s','zt36q','female','baseera',14,'active',1751850000000),
('zhl38d','حلقة نسائية — أم خالد','zv38c','zt38a','female','baseera',20,'active',1751850000000),
('zhl3ar','حلقة نسائية — أم الزبير','zv3aq','zt3ao','female','baseera',10,'active',1751850000000),
('zhl3cm','حلقة نسائية — أم البراء','zv3cl','zt3cj','female','baseera',20,'active',1751850000000),
('zhl3fl','حلقة النور 1','zv3dy','zt3f2','male','tahfeez',15,'active',1751850000000),
('zhl3fm','حلقة الصدّيق 2','zv3dx','zt3f1','male','rashidi',30,'active',1751850000000),
('zhl3fn','حلقة النور 3','zv3e1','zt3fe','male','rashidi',25,'active',1751850000000),
('zhl3fo','حلقة العصر 4','zv3e1','zt3fg','male','tahfeez',15,'active',1751850000000),
('zhl3fp','حلقة العصر 5','zv3e0','zt3f8','male','tahfeez',25,'active',1751850000000),
('zhl3fq','حلقة الصدّيق 6','zv3ds','zt3ex','male','baseera',30,'active',1751850000000),
('zhl3fr','حلقة الإتقان 7','zv3do','zt3fh','male','tahfeez',20,'active',1751850000000),
('zhl3fs','حلقة الفجر 8','zv3e2','zt3ey','male','baseera',20,'active',1751850000000),
('zhl3ft','حلقة العصر 9','zv3dp','zt3eg','male','baseera',25,'active',1751850000000),
('zhl3fu','حلقة الفجر 10','zv3dt','zt3f2','male','baseera',15,'active',1751850000000),
('zhl3fv','حلقة الإتقان 11','zv3dq','zt3fg','male','baseera',25,'active',1751850000000),
('zhl3fw','حلقة الإتقان 12','zv3dv','zt3e7','male','rashidi',20,'active',1751850000000),
('zhl3fx','حلقة الإتقان 13','zv3ds','zt3eo','male','tahfeez',25,'active',1751850000000),
('zhl3fy','حلقة الصدّيق 14','zv3dn','zt3ee','male','baseera',20,'active',1751850000000),
('zhl3fz','حلقة العصر 15','zv3do','zt3eq','male','rashidi',20,'active',1751850000000),
('zhl3g0','حلقة العصر 16','zv3e6','zt3f7','male','rashidi',30,'active',1751850000000),
('zhl3g1','حلقة العصر 17','zv3dv','zt3ea','male','tahfeez',25,'active',1751850000000),
('zhl3g2','حلقة الإتقان 18','zv3dy','zt3eb','male','tahfeez',20,'active',1751850000000),
('zhl3g3','حلقة الإتقان 19','zv3e2','zt3fk','male','tahfeez',30,'active',1751850000000),
('zhl3g4','حلقة الإتقان 20','zv3dy','zt3eq','male','baseera',25,'active',1751850000000),
('zhl3g5','حلقة النور 21','zv3e2','zt3f0','male','baseera',25,'active',1751850000000),
('zhl3g6','حلقة الإتقان 22','zv3dq','zt3f6','male','tahfeez',25,'active',1751850000000),
('zhl3g7','حلقة الصدّيق 23','zv3e0','zt3f3','male','baseera',20,'active',1751850000000),
('zhl3g8','حلقة العصر 24','zv3dx','zt3ev','male','baseera',15,'active',1751850000000),
('zhl3g9','حلقة الإتقان 25','zv3dy','zt3ex','male','rashidi',20,'active',1751850000000);
INSERT OR IGNORE INTO halaqat (id,name,venue_id,teacher_id,gender_track,curriculum,capacity,status,created_at) VALUES
('zhl3ga','حلقة العصر 26','zv3e1','zt3ew','male','tahfeez',15,'active',1751850000000),
('zhl3gb','حلقة الصدّيق 27','zv3dr','zt3em','male','rashidi',25,'active',1751850000000),
('zhl3gc','حلقة النور 28','zv3dw','zt3f2','male','tahfeez',25,'active',1751850000000),
('zhl3gd','حلقة الفجر 29','zv3e5','zt3ee','male','rashidi',15,'active',1751850000000),
('zhl3ge','حلقة الصدّيق 30','zv3dy','zt3eh','male','baseera',20,'active',1751850000000),
('zhl3gf','حلقة العصر 31','zv3e6','zt3f8','male','rashidi',15,'active',1751850000000),
('zhl3gg','حلقة الفجر 32','zv3e5','zt3fd','male','rashidi',15,'active',1751850000000),
('zhl3gh','حلقة الإتقان 33','zv3dy','zt3fk','male','tahfeez',30,'active',1751850000000),
('zhl3gi','حلقة الإتقان 34','zv3dr','zt3ec','male','tahfeez',25,'active',1751850000000),
('zhl3gj','حلقة النور 35','zv3e5','zt3f0','male','tahfeez',20,'active',1751850000000),
('zhl3gk','حلقة النور 36','zv3dw','zt3ed','male','tahfeez',20,'active',1751850000000),
('zhl3gl','حلقة الفجر 37','zv3dx','zt3eu','male','tahfeez',15,'active',1751850000000),
('zhl3gm','حلقة الإتقان 38','zv3e2','zt3ff','male','rashidi',15,'active',1751850000000),
('zhl3gn','حلقة العصر 39','zv3e0','zt3ev','male','rashidi',30,'active',1751850000000),
('zhl3go','حلقة الصدّيق 40','zv3ds','zt3fj','male','tahfeez',30,'active',1751850000000),
('zhl3gp','حلقة الإتقان 41','zv3e5','zt3f9','male','rashidi',15,'active',1751850000000),
('zhl3gq','حلقة الفجر 42','zv3dy','zt3ek','male','baseera',30,'active',1751850000000),
('zhl3gr','حلقة الصدّيق 43','zv3du','zt3ex','male','tahfeez',30,'active',1751850000000),
('zhl3gs','حلقة الإتقان 44','zv3dw','zt3f0','male','baseera',20,'active',1751850000000),
('zhl3gt','حلقة الإتقان 45','zv3e6','zt3el','male','rashidi',25,'active',1751850000000),
('zhl3gu','حلقة النور 46','zv3e6','zt3en','male','rashidi',15,'active',1751850000000),
('zhl3gv','حلقة العصر 47','zv3e4','zt3f5','male','rashidi',30,'active',1751850000000),
('zhl3gw','حلقة الصدّيق 48','zv3e4','zt3f9','male','rashidi',30,'active',1751850000000),
('zhl3gx','حلقة الفجر 49','zv3ds','zt3eg','male','tahfeez',15,'active',1751850000000),
('zhl3gy','حلقة الصدّيق 50','zv3e1','zt3fj','male','tahfeez',15,'active',1751850000000),
('zhl3gz','حلقة الإتقان 51','zv3e3','zt3ei','male','tahfeez',15,'active',1751850000000),
('zhl3h0','حلقة النور 52','zv3e1','zt3fd','male','baseera',20,'active',1751850000000),
('zhl3h1','حلقة النور 53','zv3ds','zt3eo','male','baseera',20,'active',1751850000000),
('zhl3h2','حلقة العصر 54','zv3dq','zt3f0','male','tahfeez',15,'active',1751850000000),
('zhl3h3','حلقة الإتقان 55','zv3e5','zt3es','male','baseera',25,'active',1751850000000),
('zhl3h4','حلقة الإتقان 56','zv3e0','zt3fj','male','rashidi',20,'active',1751850000000),
('zhl3h5','حلقة الفجر 57','zv3dr','zt3ee','male','rashidi',30,'active',1751850000000),
('zhl3h6','حلقة الصدّيق 58','zv3e2','zt3eg','male','baseera',15,'active',1751850000000),
('zhl3h7','حلقة الإتقان 59','zv3dq','zt3f8','male','rashidi',15,'active',1751850000000),
('zhl3h8','حلقة الإتقان 60','zv3dr','zt3fj','male','tahfeez',30,'active',1751850000000),
('zhl3h9','حلقة الإتقان 61','zv3e2','zt3fc','male','rashidi',15,'active',1751850000000),
('zhl3ha','حلقة العصر 62','zv3dv','zt3eh','male','rashidi',25,'active',1751850000000),
('zhl3hb','حلقة النور 63','zv3du','zt3f8','male','tahfeez',30,'active',1751850000000),
('zhl3hc','حلقة العصر 64','zv3du','zt3ee','male','tahfeez',15,'active',1751850000000),
('zhl3hd','حلقة الإتقان 65','zv3dy','zt3f1','male','baseera',15,'active',1751850000000),
('zhl3he','حلقة النور 66','zv3dv','zt3fc','male','baseera',25,'active',1751850000000),
('zhl3hf','حلقة الفجر 67','zv3e0','zt3er','male','rashidi',25,'active',1751850000000),
('zhl3hg','حلقة العصر 68','zv3du','zt3ex','male','tahfeez',25,'active',1751850000000),
('zhl3hh','حلقة الصدّيق 69','zv3dv','zt3ew','male','rashidi',20,'active',1751850000000),
('zhl3hi','حلقة الفجر 70','zv3do','zt3er','male','baseera',25,'active',1751850000000),
('zhl3hj','حلقة النور 71','zv3e0','zt3es','male','baseera',25,'active',1751850000000),
('zhl3hk','حلقة العصر 72','zv3dn','zt3em','male','rashidi',30,'active',1751850000000),
('zhl3hl','حلقة العصر 73','zv3e3','zt3e9','male','rashidi',20,'active',1751850000000),
('zhl3hm','حلقة الفجر 74','zv3dn','zt3fc','male','tahfeez',20,'active',1751850000000),
('zhl3hn','حلقة الإتقان 75','zv3dr','zt3fe','male','tahfeez',30,'active',1751850000000),
('zhl3ho','حلقة العصر 76','zv3dr','zt3eq','male','baseera',15,'active',1751850000000),
('zhl3hp','حلقة الفجر 77','zv3dz','zt3fj','male','rashidi',15,'active',1751850000000),
('zhl3hq','حلقة الفجر 78','zv3e3','zt3ek','male','baseera',15,'active',1751850000000),
('zhl3hr','حلقة الصدّيق 79','zv3dt','zt3ff','male','rashidi',25,'active',1751850000000),
('zhl3hs','حلقة الصدّيق 80','zv3ds','zt3fi','male','rashidi',30,'active',1751850000000);
INSERT OR IGNORE INTO enrollments (id,halaqa_id,person_id,student_name,status,created_at) VALUES
('ze1a4','zhl1a3','','سمية الحموي','active',1747875600000),
('ze1a5','zhl1a3','','نور الخطيب','active',1743123600000),
('ze1a6','zhl1a3','','صفية الزعبي','active',1744678800000),
('ze1a7','zhl1a3','','إسراء الخطيب','active',1746493200000),
('ze1a8','zhl1a3','','عائشة المحمد','active',1744506000000),
('ze1a9','zhl1a3','','دعاء الرفاعي','active',1744506000000),
('ze1aa','zhl1a3','','هدى الكردي','active',1747011600000),
('ze1ab','zhl1a3','','نور البكري','active',1750035600000),
('ze1ac','zhl1a3','','سلمى الحسن','active',1749690000000),
('ze1ad','zhl1a3','','رقية القاسم','active',1749776400000),
('ze1ae','zhl1a3','','دعاء النعسان','active',1749603600000),
('ze1af','zhl1a3','','زينب الحسن','active',1749344400000),
('ze1ag','zhl1a3','','حفصة الشامي','active',1748739600000),
('ze1ah','zhl1a3','','نور الحلبي','active',1747443600000),
('ze1ch','zhl1cg','','دعاء الديب','active',1747270800000),
('ze1ci','zhl1cg','','حفصة الإدلبي','active',1750294800000),
('ze1cj','zhl1cg','','هدى الزعبي','withdrawn',1749517200000),
('ze1ck','zhl1cg','','أسماء الحموي','active',1749258000000),
('ze1cl','zhl1cg','','رقية الرفاعي','active',1747098000000),
('ze1cm','zhl1cg','','سمية الحريري','active',1742086800000),
('ze1cn','zhl1cg','','نور الحريري','active',1749862800000),
('ze1co','zhl1cg','','إسراء الصالح','active',1744851600000),
('ze1cp','zhl1cg','','عائشة الأحمد','active',1743814800000),
('ze1cq','zhl1cg','','دعاء الحموي','active',1741741200000),
('ze1cr','zhl1cg','','ليلى الزعبي','active',1742346000000),
('ze1cs','zhl1cg','','سلمى السالم','active',1748912400000),
('ze1ct','zhl1cg','','آمنة العمر','active',1741654800000),
('ze1cu','zhl1cg','','نور الكردي','active',1741482000000),
('ze1e8','zhl1e7','','أسماء الأحمد','active',1745370000000),
('ze1e9','zhl1e7','','صفية الديب','active',1741654800000),
('ze1ea','zhl1e7','','رقية البكري','active',1743382800000),
('ze1eb','zhl1e7','','هدى الشامي','active',1742864400000),
('ze1ec','zhl1e7','','رنا العمر','active',1743382800000),
('ze1ed','zhl1e7','','دعاء العمر','withdrawn',1747443600000),
('ze1ee','zhl1e7','','سارة الخطيب','active',1742259600000),
('ze1ef','zhl1e7','','مريم الجاسم','active',1745024400000),
('ze1eg','zhl1e7','','ليلى الإدلبي','active',1742432400000),
('ze1eh','zhl1e7','','زينب الحسن','active',1743901200000),
('ze1ei','zhl1e7','','هدى العمر','withdrawn',1745629200000),
('ze1ej','zhl1e7','','دعاء الحموي','active',1748394000000),
('ze1gi','zhl1gh','','رقية الحسن','active',1746579600000),
('ze1gj','zhl1gh','','رقية الحسن','active',1748048400000),
('ze1gk','zhl1gh','','سمية المحمد','active',1748826000000),
('ze1gl','zhl1gh','','هدى الزعبي','active',1743210000000),
('ze1gm','zhl1gh','','دعاء الحموي','withdrawn',1749430800000),
('ze1gn','zhl1gh','','أسماء الحريري','withdrawn',1750726800000),
('ze1go','zhl1gh','','عائشة الكردي','active',1747098000000),
('ze1gp','zhl1gh','','عائشة الزعبي','active',1743382800000),
('ze1gq','zhl1gh','','أسماء الأحمد','active',1742605200000),
('ze1i5','zhl1i4','','خديجة العمر','active',1743296400000),
('ze1i6','zhl1i4','','آمنة البكري','active',1747789200000),
('ze1i7','zhl1i4','','مريم الإدلبي','withdrawn',1742000400000),
('ze1i8','zhl1i4','','خديجة الأحمد','active',1750899600000),
('ze1i9','zhl1i4','','عائشة الحريري','active',1745197200000),
('ze1ia','zhl1i4','','صفية الشامي','active',1743382800000),
('ze1ib','zhl1i4','','خديجة المحمد','active',1746666000000),
('ze1ic','zhl1i4','','دعاء العمر','active',1742086800000),
('ze1id','zhl1i4','','صفية السالم','active',1747357200000),
('ze1ie','zhl1i4','','رقية الحريري','active',1745370000000),
('ze1if','zhl1i4','','ليلى الحلبي','active',1750899600000);
INSERT OR IGNORE INTO enrollments (id,halaqa_id,person_id,student_name,status,created_at) VALUES
('ze1ig','zhl1i4','','سارة البكري','active',1747962000000),
('ze1ih','zhl1i4','','سارة المحمد','active',1745024400000),
('ze1ii','zhl1i4','','سمية الزعبي','active',1748480400000),
('ze1ij','zhl1i4','','آمنة الحسن','active',1743814800000),
('ze1lh','zhl1lg','','سارة النعسان','active',1741654800000),
('ze1li','zhl1lg','','آمنة النعسان','active',1750035600000),
('ze1lj','zhl1lg','','سمية العمر','active',1745629200000),
('ze1lk','zhl1lg','','فاطمة النعسان','withdrawn',1745802000000),
('ze1ll','zhl1lg','','رنا النعسان','active',1748480400000),
('ze1lm','zhl1lg','','خديجة الرفاعي','active',1746147600000),
('ze1ln','zhl1lg','','سمية الخطيب','active',1741654800000),
('ze1lo','zhl1lg','','إسراء الصالح','active',1750035600000),
('ze1lp','zhl1lg','','دعاء البكري','active',1748048400000),
('ze1lq','zhl1lg','','رقية الجاسم','active',1741568400000),
('ze1lr','zhl1lg','','سمية الشامي','active',1742691600000),
('ze1ls','zhl1lg','','عائشة الخطيب','active',1747530000000),
('ze1lt','zhl1lg','','سارة الشامي','active',1743469200000),
('ze1oz','zhl1oy','','زينب الكردي','active',1750467600000),
('ze1p0','zhl1oy','','سمية الحلبي','active',1748221200000),
('ze1p1','zhl1oy','','سارة الكردي','withdrawn',1742691600000),
('ze1p2','zhl1oy','','هدى الشامي','active',1746838800000),
('ze1p3','zhl1oy','','ليلى القاسم','active',1746925200000),
('ze1p4','zhl1oy','','عائشة البكري','active',1742173200000),
('ze1p5','zhl1oy','','هدى السالم','active',1746838800000),
('ze1p6','zhl1oy','','خديجة الحموي','active',1747443600000),
('ze1p7','zhl1oy','','دعاء الكردي','active',1750035600000),
('ze1p8','zhl1oy','','سارة الصالح','withdrawn',1746147600000),
('ze1p9','zhl1oy','','هدى العمر','active',1747184400000),
('ze1pa','zhl1oy','','سارة الجاسم','active',1742086800000),
('ze1pb','zhl1oy','','هدى الأحمد','active',1747789200000),
('ze1rx','zhl1rw','','ليلى القاسم','active',1749603600000),
('ze1ry','zhl1rw','','دعاء الديب','active',1744938000000),
('ze1rz','zhl1rw','','حفصة العمر','active',1750294800000),
('ze1s0','zhl1rw','','إسراء النعسان','active',1750467600000),
('ze1s1','zhl1rw','','جنى الحسن','active',1747011600000),
('ze1s2','zhl1rw','','صفية المحمد','active',1744592400000),
('ze1s3','zhl1rw','','إسراء الصالح','active',1747270800000),
('ze1s4','zhl1rw','','إسراء السالم','active',1750208400000),
('ze1s5','zhl1rw','','حفصة الزعبي','withdrawn',1747184400000),
('ze1s6','zhl1rw','','فاطمة المحمد','active',1750726800000),
('ze1s7','zhl1rw','','سلمى الجاسم','withdrawn',1745802000000),
('ze1s8','zhl1rw','','جنى الأحمد','active',1747443600000),
('ze1s9','zhl1rw','','خديجة السالم','active',1746579600000),
('ze1sa','zhl1rw','','زينب البكري','active',1743814800000),
('ze1uw','zhl1uv','','زينب الحموي','withdrawn',1746666000000),
('ze1ux','zhl1uv','','جنى الأحمد','active',1741482000000),
('ze1uy','zhl1uv','','فاطمة السالم','active',1748739600000),
('ze1uz','zhl1uv','','سلمى الإدلبي','active',1742346000000),
('ze1v0','zhl1uv','','آمنة الحموي','active',1748394000000),
('ze1v1','zhl1uv','','دعاء الزعبي','active',1747098000000),
('ze1v2','zhl1uv','','أسماء الشامي','active',1746061200000),
('ze1v3','zhl1uv','','فاطمة الصالح','active',1750035600000),
('ze1wr','zhl1wq','','حفصة المحمد','active',1749949200000),
('ze1ws','zhl1wq','','رنا الحسن','active',1746234000000),
('ze1wt','zhl1wq','','أسماء السالم','active',1748134800000),
('ze1wu','zhl1wq','','رقية الأحمد','withdrawn',1746752400000),
('ze1wv','zhl1wq','','سلمى الزعبي','active',1750122000000),
('ze1ww','zhl1wq','','سارة السالم','active',1748394000000),
('ze1wx','zhl1wq','','دعاء الإدلبي','active',1749085200000),
('ze1wy','zhl1wq','','مريم السالم','active',1742000400000);
INSERT OR IGNORE INTO enrollments (id,halaqa_id,person_id,student_name,status,created_at) VALUES
('ze1wz','zhl1wq','','هدى الرفاعي','active',1742605200000),
('ze1x0','zhl1wq','','دعاء الخطيب','active',1748998800000),
('ze1x1','zhl1wq','','سلمى الرفاعي','active',1747875600000),
('ze1x2','zhl1wq','','صفية الصالح','active',1750554000000),
('ze1x3','zhl1wq','','دعاء الجاسم','active',1749258000000),
('ze1x4','zhl1wq','','عائشة الحريري','active',1744678800000),
('ze1yk','zhl1yj','','آمنة السالم','active',1745715600000),
('ze1yl','zhl1yj','','عائشة الشامي','active',1747011600000),
('ze1ym','zhl1yj','','ليلى البكري','active',1750122000000),
('ze1yn','zhl1yj','','جنى الرفاعي','active',1741654800000),
('ze1yo','zhl1yj','','رقية البكري','active',1749344400000),
('ze1yp','zhl1yj','','سلمى الخطيب','active',1749258000000),
('ze1yq','zhl1yj','','ليلى الديب','active',1742432400000),
('ze1yr','zhl1yj','','فاطمة الكردي','active',1748307600000),
('ze1ys','zhl1yj','','حفصة العمر','active',1747616400000),
('ze1yt','zhl1yj','','سمية الحريري','active',1745456400000),
('ze1yu','zhl1yj','','نور الكردي','active',1750208400000),
('ze1yv','zhl1yj','','دعاء الإدلبي','active',1749344400000),
('ze1yw','zhl1yj','','فاطمة الجاسم','active',1746666000000),
('ze1yx','zhl1yj','','سلمى الحلبي','active',1745370000000),
('ze224','zhl223','','زينب الجاسم','active',1746752400000),
('ze225','zhl223','','ليلى الإدلبي','active',1744160400000),
('ze226','zhl223','','سمية القاسم','withdrawn',1748307600000),
('ze227','zhl223','','جنى الإدلبي','active',1748826000000),
('ze228','zhl223','','خديجة الإدلبي','active',1748134800000),
('ze229','zhl223','','آمنة الإدلبي','active',1744592400000),
('ze22a','zhl223','','إسراء الأحمد','active',1746838800000),
('ze22b','zhl223','','عائشة النعسان','active',1742691600000),
('ze22c','zhl223','','سمية السالم','active',1746061200000),
('ze22d','zhl223','','نور الحموي','active',1746320400000),
('ze22e','zhl223','','مريم السالم','active',1748739600000),
('ze22f','zhl223','','فاطمة الزعبي','active',1745974800000),
('ze22g','zhl223','','سلمى المحمد','active',1750381200000),
('ze22h','zhl223','','حفصة الجاسم','active',1742173200000),
('ze22i','zhl223','','إسراء الحريري','active',1748826000000),
('ze24l','zhl24k','','زينب البكري','active',1745542800000),
('ze24m','zhl24k','','سلمى النعسان','active',1747270800000),
('ze24n','zhl24k','','صفية الحموي','active',1742086800000),
('ze24o','zhl24k','','عائشة الديب','active',1749344400000),
('ze24p','zhl24k','','جنى الخطيب','active',1749085200000),
('ze24q','zhl24k','','رنا الحريري','active',1748307600000),
('ze24r','zhl24k','','عائشة المحمد','active',1746320400000),
('ze24s','zhl24k','','سمية الحسن','active',1744333200000),
('ze24t','zhl24k','','صفية الديب','active',1749344400000),
('ze26v','zhl26u','','هدى الحموي','active',1747098000000),
('ze26w','zhl26u','','إسراء المحمد','active',1745197200000),
('ze26x','zhl26u','','أسماء الحسن','active',1744678800000),
('ze26y','zhl26u','','رنا الرفاعي','active',1744160400000),
('ze26z','zhl26u','','نور العمر','withdrawn',1745024400000),
('ze270','zhl26u','','عائشة الحريري','active',1743123600000),
('ze271','zhl26u','','فاطمة النعسان','active',1749690000000),
('ze272','zhl26u','','آمنة الكردي','active',1747443600000),
('ze273','zhl26u','','ليلى المحمد','active',1745974800000),
('ze274','zhl26u','','سارة الزعبي','active',1745802000000),
('ze275','zhl26u','','سمية الإدلبي','withdrawn',1743037200000),
('ze276','zhl26u','','رنا الصالح','active',1748826000000),
('ze277','zhl26u','','خديجة الشامي','active',1743469200000),
('ze296','zhl295','','فاطمة الحموي','active',1744333200000),
('ze297','zhl295','','جنى النعسان','active',1747789200000),
('ze298','zhl295','','ليلى الديب','active',1750640400000);
INSERT OR IGNORE INTO enrollments (id,halaqa_id,person_id,student_name,status,created_at) VALUES
('ze299','zhl295','','ليلى المحمد','active',1743642000000),
('ze29a','zhl295','','خديجة الجاسم','active',1748221200000),
('ze29b','zhl295','','إسراء الشامي','active',1749603600000),
('ze29c','zhl295','','مريم العمر','active',1744765200000),
('ze29d','zhl295','','رقية القاسم','active',1743210000000),
('ze29e','zhl295','','دعاء السالم','active',1747875600000),
('ze29f','zhl295','','ليلى الجاسم','active',1742864400000),
('ze29g','zhl295','','رقية الجاسم','active',1748653200000),
('ze2b8','zhl2b7','','عائشة الرفاعي','withdrawn',1746234000000),
('ze2b9','zhl2b7','','سلمى الديب','active',1747011600000),
('ze2ba','zhl2b7','','فاطمة الحريري','active',1750122000000),
('ze2bb','zhl2b7','','آمنة الكردي','withdrawn',1742778000000),
('ze2bc','zhl2b7','','رقية العمر','active',1745888400000),
('ze2bd','zhl2b7','','سمية الرفاعي','active',1749862800000),
('ze2be','zhl2b7','','عائشة الكردي','active',1748566800000),
('ze2bf','zhl2b7','','مريم الحريري','active',1746838800000),
('ze2bg','zhl2b7','','زينب الديب','active',1749690000000),
('ze2bh','zhl2b7','','أسماء النعسان','active',1745888400000),
('ze2bi','zhl2b7','','فاطمة النعسان','active',1749949200000),
('ze2bj','zhl2b7','','ليلى الزعبي','active',1749776400000),
('ze2bk','zhl2b7','','صفية الخطيب','active',1747357200000),
('ze2dj','zhl2di','','آمنة القاسم','active',1741654800000),
('ze2dk','zhl2di','','إسراء النعسان','active',1750640400000),
('ze2dl','zhl2di','','رقية العمر','active',1745110800000),
('ze2dm','zhl2di','','سلمى البكري','active',1746406800000),
('ze2dn','zhl2di','','هدى القاسم','active',1741654800000),
('ze2do','zhl2di','','آمنة الحريري','active',1744592400000),
('ze2dp','zhl2di','','نور السالم','active',1744246800000),
('ze2dq','zhl2di','','دعاء الكردي','active',1745283600000),
('ze2dr','zhl2di','','دعاء الحلبي','active',1741654800000),
('ze2ds','zhl2di','','جنى السالم','active',1746493200000),
('ze2dt','zhl2di','','رنا الحريري','withdrawn',1748998800000),
('ze2f4','zhl2f3','','آمنة الكردي','active',1742259600000),
('ze2f5','zhl2f3','','ليلى الحريري','active',1747789200000),
('ze2f6','zhl2f3','','فاطمة العمر','active',1742518800000),
('ze2f7','zhl2f3','','جنى الحموي','active',1743382800000),
('ze2f8','zhl2f3','','رقية الحريري','active',1747098000000),
('ze2f9','zhl2f3','','رنا الحسن','active',1748912400000),
('ze2fa','zhl2f3','','آمنة الإدلبي','active',1745629200000),
('ze2fb','zhl2f3','','حفصة الحسن','active',1744506000000),
('ze2gk','zhl2gj','','فاطمة الشامي','withdrawn',1748480400000),
('ze2gl','zhl2gj','','مريم النعسان','active',1741482000000),
('ze2gm','zhl2gj','','سلمى الإدلبي','active',1745456400000),
('ze2gn','zhl2gj','','هدى الشامي','withdrawn',1746752400000),
('ze2go','zhl2gj','','عائشة القاسم','active',1745024400000),
('ze2gp','zhl2gj','','حفصة الكردي','active',1745370000000),
('ze2gq','zhl2gj','','رقية الصالح','withdrawn',1746061200000),
('ze2gr','zhl2gj','','سلمى الكردي','active',1743469200000),
('ze2ih','zhl2ig','','سلمى الزعبي','active',1746320400000),
('ze2ii','zhl2ig','','صفية القاسم','active',1746406800000),
('ze2ij','zhl2ig','','رقية الإدلبي','active',1741654800000),
('ze2ik','zhl2ig','','رنا الحريري','active',1742173200000),
('ze2il','zhl2ig','','سارة الجاسم','active',1747270800000),
('ze2im','zhl2ig','','هدى الحسن','active',1747789200000),
('ze2in','zhl2ig','','إسراء الكردي','active',1743382800000),
('ze2io','zhl2ig','','رنا الديب','active',1748998800000),
('ze2ip','zhl2ig','','جنى الجاسم','active',1746925200000),
('ze2iq','zhl2ig','','سارة الديب','active',1741568400000),
('ze2ir','zhl2ig','','حفصة الحموي','active',1747789200000),
('ze2k2','zhl2k1','','عائشة النعسان','active',1748912400000);
INSERT OR IGNORE INTO enrollments (id,halaqa_id,person_id,student_name,status,created_at) VALUES
('ze2k3','zhl2k1','','مريم الحريري','active',1750899600000),
('ze2k4','zhl2k1','','سمية البكري','active',1745283600000),
('ze2k5','zhl2k1','','أسماء الزعبي','active',1748394000000),
('ze2k6','zhl2k1','','سمية القاسم','active',1746061200000),
('ze2k7','zhl2k1','','نور السالم','active',1746147600000),
('ze2k8','zhl2k1','','دعاء العمر','active',1742950800000),
('ze2k9','zhl2k1','','جنى المحمد','active',1742605200000),
('ze2ka','zhl2k1','','ليلى البكري','active',1744074000000),
('ze2kb','zhl2k1','','نور المحمد','active',1743555600000),
('ze2m2','zhl2m1','','نور القاسم','active',1750813200000),
('ze2m3','zhl2m1','','إسراء الإدلبي','active',1750986000000),
('ze2m4','zhl2m1','','أسماء الكردي','active',1744765200000),
('ze2m5','zhl2m1','','جنى الديب','active',1741827600000),
('ze2m6','zhl2m1','','هدى المحمد','active',1742086800000),
('ze2m7','zhl2m1','','حفصة الحريري','withdrawn',1742259600000),
('ze2m8','zhl2m1','','جنى الجاسم','active',1743728400000),
('ze2m9','zhl2m1','','إسراء الديب','active',1745715600000),
('ze2ma','zhl2m1','','مريم القاسم','withdrawn',1750554000000),
('ze2mb','zhl2m1','','جنى القاسم','active',1749949200000),
('ze2mc','zhl2m1','','عائشة الزعبي','withdrawn',1741654800000),
('ze2md','zhl2m1','','دعاء البكري','active',1743382800000),
('ze2me','zhl2m1','','صفية الديب','active',1750122000000),
('ze2mf','zhl2m1','','جنى الرفاعي','active',1749430800000),
('ze2p5','zhl2p4','','صفية الصالح','active',1746320400000),
('ze2p6','zhl2p4','','هدى المحمد','withdrawn',1748653200000),
('ze2p7','zhl2p4','','عائشة الخطيب','active',1744333200000),
('ze2p8','zhl2p4','','خديجة السالم','active',1744938000000),
('ze2p9','zhl2p4','','سلمى العمر','active',1749344400000),
('ze2pa','zhl2p4','','آمنة الرفاعي','active',1744851600000),
('ze2pb','zhl2p4','','إسراء الخطيب','active',1747702800000),
('ze2pc','zhl2p4','','فاطمة الشامي','active',1742778000000),
('ze2pd','zhl2p4','','إسراء الحموي','active',1744419600000),
('ze2pe','zhl2p4','','نور الجاسم','active',1743555600000),
('ze2pf','zhl2p4','','عائشة الحلبي','active',1743728400000),
('ze2pg','zhl2p4','','ليلى الحسن','active',1749430800000),
('ze2ph','zhl2p4','','أسماء العمر','active',1745456400000),
('ze2rh','zhl2rg','','سمية المحمد','active',1741914000000),
('ze2ri','zhl2rg','','سارة العمر','active',1747011600000),
('ze2rj','zhl2rg','','فاطمة الحريري','active',1749776400000),
('ze2rk','zhl2rg','','سلمى الحموي','active',1747530000000),
('ze2rl','zhl2rg','','دعاء الصالح','active',1744246800000),
('ze2rm','zhl2rg','','زينب الكردي','active',1744419600000),
('ze2rn','zhl2rg','','خديجة الكردي','active',1742432400000),
('ze2ro','zhl2rg','','دعاء الحلبي','active',1742778000000),
('ze2rp','zhl2rg','','ليلى العمر','active',1743382800000),
('ze2rq','zhl2rg','','آمنة الحموي','active',1747875600000),
('ze2tl','zhl2tk','','رنا النعسان','active',1748566800000),
('ze2tm','zhl2tk','','مريم الأحمد','active',1750726800000),
('ze2tn','zhl2tk','','عائشة الزعبي','active',1747098000000),
('ze2to','zhl2tk','','خديجة الجاسم','withdrawn',1747357200000),
('ze2tp','zhl2tk','','عائشة العمر','active',1743901200000),
('ze2tq','zhl2tk','','صفية السالم','active',1745197200000),
('ze2tr','zhl2tk','','جنى الديب','active',1742778000000),
('ze2ts','zhl2tk','','خديجة الحموي','active',1742432400000),
('ze2tt','zhl2tk','','زينب النعسان','withdrawn',1749344400000),
('ze2tu','zhl2tk','','فاطمة الزعبي','active',1747702800000),
('ze2uz','zhl2uy','','هدى الشامي','active',1743728400000),
('ze2v0','zhl2uy','','إسراء الحسن','active',1747702800000),
('ze2v1','zhl2uy','','دعاء الإدلبي','active',1743987600000),
('ze2v2','zhl2uy','','نور الصالح','active',1746493200000);
INSERT OR IGNORE INTO enrollments (id,halaqa_id,person_id,student_name,status,created_at) VALUES
('ze2v3','zhl2uy','','خديجة العمر','active',1744506000000),
('ze2v4','zhl2uy','','دعاء الجاسم','active',1744506000000),
('ze2v5','zhl2uy','','أسماء الحموي','active',1742691600000),
('ze2v6','zhl2uy','','دعاء الحريري','active',1745802000000),
('ze2v7','zhl2uy','','آمنة النعسان','active',1741654800000),
('ze2v8','zhl2uy','','نور القاسم','active',1750986000000),
('ze2v9','zhl2uy','','سمية المحمد','active',1744851600000),
('ze2va','zhl2uy','','جنى الشامي','active',1750035600000),
('ze2vb','zhl2uy','','سمية القاسم','active',1744765200000),
('ze2wo','zhl2wn','','حفصة الديب','active',1742518800000),
('ze2wp','zhl2wn','','هدى الشامي','active',1748048400000),
('ze2wq','zhl2wn','','آمنة النعسان','active',1746666000000),
('ze2wr','zhl2wn','','رنا الجاسم','active',1743728400000),
('ze2ws','zhl2wn','','فاطمة القاسم','active',1741482000000),
('ze2wt','zhl2wn','','صفية العمر','active',1743210000000),
('ze2wu','zhl2wn','','عائشة الحريري','active',1750294800000),
('ze2wv','zhl2wn','','حفصة السالم','active',1745024400000),
('ze2ww','zhl2wn','','جنى النعسان','active',1744592400000),
('ze2ys','zhl2yr','','ليلى الحموي','active',1743123600000),
('ze2yt','zhl2yr','','ليلى الحلبي','active',1747011600000),
('ze2yu','zhl2yr','','أسماء البكري','active',1750899600000),
('ze2yv','zhl2yr','','آمنة السالم','active',1741914000000),
('ze2yw','zhl2yr','','سارة الرفاعي','active',1743382800000),
('ze2yx','zhl2yr','','سمية السالم','active',1750813200000),
('ze2yy','zhl2yr','','سمية الرفاعي','active',1744592400000),
('ze2yz','zhl2yr','','نور الحلبي','active',1742432400000),
('ze2z0','zhl2yr','','آمنة القاسم','active',1748826000000),
('ze2z1','zhl2yr','','نور النعسان','active',1743642000000),
('ze2z2','zhl2yr','','هدى الحموي','active',1745110800000),
('ze310','zhl30z','','هدى الحموي','active',1745715600000),
('ze311','zhl30z','','ليلى الرفاعي','active',1750986000000),
('ze312','zhl30z','','رقية الإدلبي','active',1745370000000),
('ze313','zhl30z','','أسماء النعسان','active',1745802000000),
('ze314','zhl30z','','سمية الإدلبي','active',1742000400000),
('ze315','zhl30z','','سلمى الزعبي','active',1748048400000),
('ze316','zhl30z','','عائشة الحلبي','active',1745110800000),
('ze317','zhl30z','','هدى المحمد','withdrawn',1749949200000),
('ze32w','zhl32v','','هدى العمر','active',1750035600000),
('ze32x','zhl32v','','سارة الأحمد','active',1750122000000),
('ze32y','zhl32v','','أسماء الخطيب','active',1745888400000),
('ze32z','zhl32v','','عائشة الحسن','active',1741741200000),
('ze330','zhl32v','','نور السالم','active',1744678800000),
('ze331','zhl32v','','دعاء العمر','active',1742864400000),
('ze332','zhl32v','','خديجة السالم','active',1750554000000),
('ze333','zhl32v','','حفصة الحموي','active',1747011600000),
('ze334','zhl32v','','سلمى الصالح','active',1750640400000),
('ze335','zhl32v','','أسماء الرفاعي','active',1746493200000),
('ze336','zhl32v','','إسراء النعسان','active',1750208400000),
('ze337','zhl32v','','خديجة القاسم','active',1746838800000),
('ze34k','zhl34j','','حفصة الرفاعي','active',1748998800000),
('ze34l','zhl34j','','جنى السالم','withdrawn',1743987600000),
('ze34m','zhl34j','','فاطمة الزعبي','active',1748480400000),
('ze34n','zhl34j','','صفية الجاسم','active',1743469200000),
('ze34o','zhl34j','','ليلى الحسن','active',1748307600000),
('ze34p','zhl34j','','أسماء النعسان','active',1750208400000),
('ze34q','zhl34j','','هدى الديب','withdrawn',1750294800000),
('ze34r','zhl34j','','ليلى القاسم','active',1747962000000),
('ze36u','zhl36t','','آمنة العمر','active',1743642000000),
('ze36v','zhl36t','','فاطمة الزعبي','active',1748653200000),
('ze36w','zhl36t','','فاطمة الكردي','active',1750726800000);
INSERT OR IGNORE INTO enrollments (id,halaqa_id,person_id,student_name,status,created_at) VALUES
('ze36x','zhl36t','','سمية الحريري','active',1750122000000),
('ze36y','zhl36t','','خديجة الحريري','active',1747184400000),
('ze36z','zhl36t','','آمنة الشامي','active',1742864400000),
('ze370','zhl36t','','ليلى الكردي','active',1747098000000),
('ze371','zhl36t','','نور الخطيب','active',1742086800000),
('ze372','zhl36t','','فاطمة الحموي','active',1742086800000),
('ze38e','zhl38d','','مريم العمر','active',1743210000000),
('ze38f','zhl38d','','عائشة الكردي','active',1746838800000),
('ze38g','zhl38d','','سارة القاسم','active',1743814800000),
('ze38h','zhl38d','','ليلى الإدلبي','active',1750381200000),
('ze38i','zhl38d','','إسراء النعسان','active',1744074000000),
('ze38j','zhl38d','','رقية النعسان','active',1742518800000),
('ze38k','zhl38d','','أسماء الحلبي','active',1746579600000),
('ze38l','zhl38d','','خديجة الإدلبي','active',1747184400000),
('ze38m','zhl38d','','دعاء الحريري','withdrawn',1745197200000),
('ze38n','zhl38d','','إسراء النعسان','active',1750726800000),
('ze38o','zhl38d','','أسماء السالم','active',1741568400000),
('ze38p','zhl38d','','فاطمة الزعبي','active',1743555600000),
('ze38q','zhl38d','','عائشة الخطيب','active',1748394000000),
('ze38r','zhl38d','','صفية العمر','active',1745283600000),
('ze3as','zhl3ar','','صفية العمر','withdrawn',1748998800000),
('ze3at','zhl3ar','','فاطمة المحمد','active',1742086800000),
('ze3au','zhl3ar','','هدى الخطيب','withdrawn',1741827600000),
('ze3av','zhl3ar','','هدى الديب','active',1750813200000),
('ze3aw','zhl3ar','','حفصة المحمد','active',1743469200000),
('ze3ax','zhl3ar','','زينب الإدلبي','active',1747875600000),
('ze3ay','zhl3ar','','هدى السالم','active',1741741200000),
('ze3az','zhl3ar','','سمية البكري','active',1745542800000),
('ze3b0','zhl3ar','','رنا الصالح','active',1745024400000),
('ze3b1','zhl3ar','','نور الرفاعي','active',1747702800000),
('ze3b2','zhl3ar','','صفية الشامي','active',1747702800000),
('ze3b3','zhl3ar','','صفية الشامي','active',1745974800000),
('ze3b4','zhl3ar','','رقية الحريري','active',1746061200000),
('ze3b5','zhl3ar','','ليلى الحموي','active',1743123600000),
('ze3b6','zhl3ar','','سلمى القاسم','active',1746925200000),
('ze3cn','zhl3cm','','أسماء الحموي','active',1745802000000),
('ze3co','zhl3cm','','زينب الرفاعي','active',1742691600000),
('ze3cp','zhl3cm','','آمنة الحسن','active',1747357200000),
('ze3cq','zhl3cm','','هدى الإدلبي','active',1743555600000),
('ze3cr','zhl3cm','','سارة العمر','active',1747962000000),
('ze3cs','zhl3cm','','هدى البكري','active',1747184400000),
('ze3ct','zhl3cm','','خديجة الجاسم','active',1746061200000),
('ze3cu','zhl3cm','','آمنة الحموي','active',1742778000000),
('ze3cv','zhl3cm','','سارة القاسم','active',1745370000000);
INSERT OR IGNORE INTO lesson_attendance (id,lesson_session_id,enrollment_id,state,note,created_at) VALUES
('zla1aj','zls1ai','ze1a4','present',NULL,1751158800000),
('zla1ak','zls1ai','ze1a5','present',NULL,1748739600000),
('zla1al','zls1ai','ze1a6','absent',NULL,1749430800000),
('zla1am','zls1ai','ze1a7','present',NULL,1749517200000),
('zla1an','zls1ai','ze1a8','present',NULL,1751158800000),
('zla1ao','zls1ai','ze1a9','absent',NULL,1751418000000),
('zla1ap','zls1ai','ze1aa','present',NULL,1748912400000),
('zla1aq','zls1ai','ze1ab','present',NULL,1749517200000),
('zla1ar','zls1ai','ze1ac','present',NULL,1748653200000),
('zla1as','zls1ai','ze1ad','present',NULL,1751245200000),
('zla1at','zls1ai','ze1ae','absent',NULL,1748998800000),
('zla1au','zls1ai','ze1af','present',NULL,1750726800000),
('zla1av','zls1ai','ze1ag','absent',NULL,1751245200000),
('zla1aw','zls1ai','ze1ah','present',NULL,1749085200000),
('zla1b3','zls1b2','ze1a4','present',NULL,1750813200000),
('zla1b4','zls1b2','ze1a5','present',NULL,1751504400000),
('zla1b5','zls1b2','ze1a6','present',NULL,1750899600000),
('zla1b6','zls1b2','ze1a7','present',NULL,1751072400000),
('zla1b7','zls1b2','ze1a8','excused',NULL,1749776400000),
('zla1b8','zls1b2','ze1a9','absent',NULL,1750899600000),
('zla1b9','zls1b2','ze1aa','excused',NULL,1749690000000),
('zla1ba','zls1b2','ze1ab','present',NULL,1751504400000),
('zla1bb','zls1b2','ze1ac','present',NULL,1749171600000),
('zla1bc','zls1b2','ze1ad','absent',NULL,1749949200000),
('zla1bd','zls1b2','ze1ae','present',NULL,1748566800000),
('zla1be','zls1b2','ze1af','excused',NULL,1748566800000),
('zla1bf','zls1b2','ze1ag','present',NULL,1749776400000),
('zla1bg','zls1b2','ze1ah','present',NULL,1748998800000),
('zla1bk','zls1bj','ze1a4','absent',NULL,1748480400000),
('zla1bl','zls1bj','ze1a5','excused',NULL,1751763600000),
('zla1bm','zls1bj','ze1a6','present',NULL,1749949200000),
('zla1bn','zls1bj','ze1a7','present',NULL,1751677200000),
('zla1bo','zls1bj','ze1a8','present',NULL,1751677200000),
('zla1bp','zls1bj','ze1a9','absent',NULL,1748394000000),
('zla1bq','zls1bj','ze1aa','present',NULL,1749690000000),
('zla1br','zls1bj','ze1ab','present',NULL,1749430800000),
('zla1bs','zls1bj','ze1ac','present',NULL,1751504400000),
('zla1bt','zls1bj','ze1ad','absent',NULL,1748653200000),
('zla1bu','zls1bj','ze1ae','present',NULL,1751072400000),
('zla1bv','zls1bj','ze1af','present',NULL,1750381200000),
('zla1bw','zls1bj','ze1ag','excused',NULL,1750640400000),
('zla1bx','zls1bj','ze1ah','present',NULL,1751677200000),
('zla1cw','zls1cv','ze1ch','present',NULL,1748480400000),
('zla1cx','zls1cv','ze1ci','present',NULL,1750467600000),
('zla1cy','zls1cv','ze1cj','absent',NULL,1749085200000),
('zla1cz','zls1cv','ze1ck','present',NULL,1749862800000),
('zla1d0','zls1cv','ze1cl','present',NULL,1748566800000),
('zla1d1','zls1cv','ze1cm','excused',NULL,1751677200000),
('zla1d2','zls1cv','ze1cn','absent',NULL,1749344400000),
('zla1d3','zls1cv','ze1co','absent',NULL,1749430800000),
('zla1d4','zls1cv','ze1cp','present',NULL,1751245200000),
('zla1d5','zls1cv','ze1cq','absent',NULL,1748998800000),
('zla1d6','zls1cv','ze1cr','excused',NULL,1751763600000),
('zla1d7','zls1cv','ze1cs','excused',NULL,1751504400000),
('zla1d8','zls1cv','ze1ct','present',NULL,1751590800000),
('zla1d9','zls1cv','ze1cu','present',NULL,1748653200000),
('zla1df','zls1de','ze1ch','absent',NULL,1749517200000),
('zla1dg','zls1de','ze1ci','present',NULL,1750122000000),
('zla1dh','zls1de','ze1cj','present',NULL,1750467600000),
('zla1di','zls1de','ze1ck','present',NULL,1750208400000);
INSERT OR IGNORE INTO lesson_attendance (id,lesson_session_id,enrollment_id,state,note,created_at) VALUES
('zla1dj','zls1de','ze1cl','present',NULL,1750035600000),
('zla1dk','zls1de','ze1cm','absent',NULL,1750726800000),
('zla1dl','zls1de','ze1cn','excused',NULL,1751245200000),
('zla1dm','zls1de','ze1co','present',NULL,1749171600000),
('zla1dn','zls1de','ze1cp','present',NULL,1748480400000),
('zla1do','zls1de','ze1cq','present',NULL,1749603600000),
('zla1dp','zls1de','ze1cr','present',NULL,1749430800000),
('zla1dq','zls1de','ze1cs','absent',NULL,1751763600000),
('zla1dr','zls1de','ze1ct','present',NULL,1748653200000),
('zla1ds','zls1de','ze1cu','present',NULL,1751590800000),
('zla1el','zls1ek','ze1e8','excused',NULL,1750986000000),
('zla1em','zls1ek','ze1e9','present',NULL,1748394000000),
('zla1en','zls1ek','ze1ea','excused',NULL,1751590800000),
('zla1eo','zls1ek','ze1eb','present',NULL,1750467600000),
('zla1ep','zls1ek','ze1ec','present',NULL,1749430800000),
('zla1eq','zls1ek','ze1ed','present',NULL,1748826000000),
('zla1er','zls1ek','ze1ee','absent',NULL,1751245200000),
('zla1es','zls1ek','ze1ef','present',NULL,1751072400000),
('zla1et','zls1ek','ze1eg','present',NULL,1748739600000),
('zla1eu','zls1ek','ze1eh','absent',NULL,1748394000000),
('zla1ev','zls1ek','ze1ei','present',NULL,1748480400000),
('zla1ew','zls1ek','ze1ej','absent',NULL,1749171600000),
('zla1f6','zls1f5','ze1e8','absent',NULL,1748394000000),
('zla1f7','zls1f5','ze1e9','present',NULL,1749603600000),
('zla1f8','zls1f5','ze1ea','present',NULL,1748480400000),
('zla1f9','zls1f5','ze1eb','excused',NULL,1751418000000),
('zla1fa','zls1f5','ze1ec','present',NULL,1751590800000),
('zla1fb','zls1f5','ze1ed','present',NULL,1750381200000),
('zla1fc','zls1f5','ze1ee','excused',NULL,1751245200000),
('zla1fd','zls1f5','ze1ef','absent',NULL,1751418000000),
('zla1fe','zls1f5','ze1eg','present',NULL,1750035600000),
('zla1ff','zls1f5','ze1eh','present',NULL,1750726800000),
('zla1fg','zls1f5','ze1ei','present',NULL,1749517200000),
('zla1fh','zls1f5','ze1ej','present',NULL,1748912400000),
('zla1fp','zls1fo','ze1e8','excused',NULL,1748739600000),
('zla1fq','zls1fo','ze1e9','present',NULL,1748826000000),
('zla1fr','zls1fo','ze1ea','absent',NULL,1751504400000),
('zla1fs','zls1fo','ze1eb','absent',NULL,1751331600000),
('zla1ft','zls1fo','ze1ec','absent',NULL,1750294800000),
('zla1fu','zls1fo','ze1ed','absent',NULL,1749085200000),
('zla1fv','zls1fo','ze1ee','present',NULL,1751590800000),
('zla1fw','zls1fo','ze1ef','present',NULL,1751590800000),
('zla1fx','zls1fo','ze1eg','present',NULL,1748480400000),
('zla1fy','zls1fo','ze1eh','present',NULL,1750467600000),
('zla1fz','zls1fo','ze1ei','absent',NULL,1749690000000),
('zla1g0','zls1fo','ze1ej','absent',NULL,1749603600000),
('zla1gs','zls1gr','ze1gi','present',NULL,1749690000000),
('zla1gt','zls1gr','ze1gj','present',NULL,1751677200000),
('zla1gu','zls1gr','ze1gk','present',NULL,1750294800000),
('zla1gv','zls1gr','ze1gl','present',NULL,1751677200000),
('zla1gw','zls1gr','ze1gm','absent',NULL,1749258000000),
('zla1gx','zls1gr','ze1gn','present',NULL,1751590800000),
('zla1gy','zls1gr','ze1go','present',NULL,1751072400000),
('zla1gz','zls1gr','ze1gp','excused',NULL,1750813200000),
('zla1h0','zls1gr','ze1gq','present',NULL,1751158800000),
('zla1h7','zls1h6','ze1gi','excused',NULL,1750813200000),
('zla1h8','zls1h6','ze1gj','present',NULL,1750899600000),
('zla1h9','zls1h6','ze1gk','absent',NULL,1751072400000),
('zla1ha','zls1h6','ze1gl','present',NULL,1749949200000),
('zla1hb','zls1h6','ze1gm','present',NULL,1749949200000);
INSERT OR IGNORE INTO lesson_attendance (id,lesson_session_id,enrollment_id,state,note,created_at) VALUES
('zla1hc','zls1h6','ze1gn','absent',NULL,1751677200000),
('zla1hd','zls1h6','ze1go','present',NULL,1749603600000),
('zla1he','zls1h6','ze1gp','present',NULL,1751763600000),
('zla1hf','zls1h6','ze1gq','present',NULL,1749344400000),
('zla1hk','zls1hj','ze1gi','present',NULL,1750986000000),
('zla1hl','zls1hj','ze1gj','absent',NULL,1750986000000),
('zla1hm','zls1hj','ze1gk','excused',NULL,1748480400000),
('zla1hn','zls1hj','ze1gl','excused',NULL,1751590800000),
('zla1ho','zls1hj','ze1gm','present',NULL,1751590800000),
('zla1hp','zls1hj','ze1gn','absent',NULL,1749949200000),
('zla1hq','zls1hj','ze1go','absent',NULL,1749776400000),
('zla1hr','zls1hj','ze1gp','present',NULL,1748566800000),
('zla1hs','zls1hj','ze1gq','excused',NULL,1748653200000),
('zla1il','zls1ik','ze1i5','present',NULL,1751418000000),
('zla1im','zls1ik','ze1i6','absent',NULL,1748826000000),
('zla1in','zls1ik','ze1i7','excused',NULL,1749171600000),
('zla1io','zls1ik','ze1i8','present',NULL,1751245200000),
('zla1ip','zls1ik','ze1i9','present',NULL,1751158800000),
('zla1iq','zls1ik','ze1ia','present',NULL,1751418000000),
('zla1ir','zls1ik','ze1ib','present',NULL,1751158800000),
('zla1is','zls1ik','ze1ic','absent',NULL,1750122000000),
('zla1it','zls1ik','ze1id','absent',NULL,1749949200000),
('zla1iu','zls1ik','ze1ie','excused',NULL,1749258000000),
('zla1iv','zls1ik','ze1if','excused',NULL,1749949200000),
('zla1iw','zls1ik','ze1ig','present',NULL,1749776400000),
('zla1ix','zls1ik','ze1ih','present',NULL,1750899600000),
('zla1iy','zls1ik','ze1ii','present',NULL,1749430800000),
('zla1iz','zls1ik','ze1ij','present',NULL,1751504400000),
('zla1j9','zls1j8','ze1i5','absent',NULL,1749776400000),
('zla1ja','zls1j8','ze1i6','absent',NULL,1751590800000),
('zla1jb','zls1j8','ze1i7','absent',NULL,1748566800000),
('zla1jc','zls1j8','ze1i8','present',NULL,1749776400000),
('zla1jd','zls1j8','ze1i9','present',NULL,1750381200000),
('zla1je','zls1j8','ze1ia','present',NULL,1748566800000),
('zla1jf','zls1j8','ze1ib','present',NULL,1751504400000),
('zla1jg','zls1j8','ze1ic','present',NULL,1751677200000),
('zla1jh','zls1j8','ze1id','present',NULL,1749171600000),
('zla1ji','zls1j8','ze1ie','present',NULL,1748998800000),
('zla1jj','zls1j8','ze1if','absent',NULL,1750381200000),
('zla1jk','zls1j8','ze1ig','present',NULL,1751245200000),
('zla1jl','zls1j8','ze1ih','absent',NULL,1751677200000),
('zla1jm','zls1j8','ze1ii','absent',NULL,1749258000000),
('zla1jn','zls1j8','ze1ij','present',NULL,1749603600000),
('zla1jv','zls1ju','ze1i5','present',NULL,1750294800000),
('zla1jw','zls1ju','ze1i6','excused',NULL,1751763600000),
('zla1jx','zls1ju','ze1i7','present',NULL,1748998800000),
('zla1jy','zls1ju','ze1i8','excused',NULL,1748566800000),
('zla1jz','zls1ju','ze1i9','present',NULL,1750035600000),
('zla1k0','zls1ju','ze1ia','present',NULL,1751158800000),
('zla1k1','zls1ju','ze1ib','present',NULL,1750467600000),
('zla1k2','zls1ju','ze1ic','present',NULL,1751504400000),
('zla1k3','zls1ju','ze1id','excused',NULL,1751245200000),
('zla1k4','zls1ju','ze1ie','present',NULL,1749862800000),
('zla1k5','zls1ju','ze1if','present',NULL,1748998800000),
('zla1k6','zls1ju','ze1ig','present',NULL,1749517200000),
('zla1k7','zls1ju','ze1ih','present',NULL,1751677200000),
('zla1k8','zls1ju','ze1ii','excused',NULL,1749949200000),
('zla1k9','zls1ju','ze1ij','present',NULL,1748653200000),
('zla1kk','zls1kj','ze1i5','excused',NULL,1748826000000),
('zla1kl','zls1kj','ze1i6','excused',NULL,1750554000000);
INSERT OR IGNORE INTO lesson_attendance (id,lesson_session_id,enrollment_id,state,note,created_at) VALUES
('zla1km','zls1kj','ze1i7','excused',NULL,1749258000000),
('zla1kn','zls1kj','ze1i8','present',NULL,1750467600000),
('zla1ko','zls1kj','ze1i9','excused',NULL,1750554000000),
('zla1kp','zls1kj','ze1ia','present',NULL,1749603600000),
('zla1kq','zls1kj','ze1ib','absent',NULL,1751072400000),
('zla1kr','zls1kj','ze1ic','present',NULL,1751331600000),
('zla1ks','zls1kj','ze1id','present',NULL,1751677200000),
('zla1kt','zls1kj','ze1ie','present',NULL,1751245200000),
('zla1ku','zls1kj','ze1if','present',NULL,1749517200000),
('zla1kv','zls1kj','ze1ig','present',NULL,1748826000000),
('zla1kw','zls1kj','ze1ih','present',NULL,1749862800000),
('zla1kx','zls1kj','ze1ii','excused',NULL,1749517200000),
('zla1ky','zls1kj','ze1ij','present',NULL,1750726800000),
('zla1lv','zls1lu','ze1lh','present',NULL,1748566800000),
('zla1lw','zls1lu','ze1li','excused',NULL,1751072400000),
('zla1lx','zls1lu','ze1lj','present',NULL,1749776400000),
('zla1ly','zls1lu','ze1lk','present',NULL,1750554000000),
('zla1lz','zls1lu','ze1ll','excused',NULL,1750035600000),
('zla1m0','zls1lu','ze1lm','excused',NULL,1750726800000),
('zla1m1','zls1lu','ze1ln','excused',NULL,1749085200000),
('zla1m2','zls1lu','ze1lo','present',NULL,1749776400000),
('zla1m3','zls1lu','ze1lp','present',NULL,1748739600000),
('zla1m4','zls1lu','ze1lq','absent',NULL,1750208400000),
('zla1m5','zls1lu','ze1lr','excused',NULL,1751245200000),
('zla1m6','zls1lu','ze1ls','present',NULL,1748739600000),
('zla1m7','zls1lu','ze1lt','present',NULL,1749862800000),
('zla1mh','zls1mg','ze1lh','excused',NULL,1750208400000),
('zla1mi','zls1mg','ze1li','excused',NULL,1750899600000),
('zla1mj','zls1mg','ze1lj','present',NULL,1750813200000),
('zla1mk','zls1mg','ze1lk','present',NULL,1750467600000),
('zla1ml','zls1mg','ze1ll','present',NULL,1751504400000),
('zla1mm','zls1mg','ze1lm','present',NULL,1751590800000),
('zla1mn','zls1mg','ze1ln','present',NULL,1749603600000),
('zla1mo','zls1mg','ze1lo','excused',NULL,1748653200000),
('zla1mp','zls1mg','ze1lp','excused',NULL,1749517200000),
('zla1mq','zls1mg','ze1lq','excused',NULL,1749344400000),
('zla1mr','zls1mg','ze1lr','present',NULL,1749517200000),
('zla1ms','zls1mg','ze1ls','present',NULL,1749430800000),
('zla1mt','zls1mg','ze1lt','excused',NULL,1750122000000),
('zla1n0','zls1mz','ze1lh','present',NULL,1751072400000),
('zla1n1','zls1mz','ze1li','present',NULL,1748653200000),
('zla1n2','zls1mz','ze1lj','present',NULL,1750208400000),
('zla1n3','zls1mz','ze1lk','present',NULL,1749690000000),
('zla1n4','zls1mz','ze1ll','present',NULL,1749171600000),
('zla1n5','zls1mz','ze1lm','excused',NULL,1748912400000),
('zla1n6','zls1mz','ze1ln','present',NULL,1751590800000),
('zla1n7','zls1mz','ze1lo','absent',NULL,1750381200000),
('zla1n8','zls1mz','ze1lp','absent',NULL,1751504400000),
('zla1n9','zls1mz','ze1lq','absent',NULL,1750467600000),
('zla1na','zls1mz','ze1lr','present',NULL,1749085200000),
('zla1nb','zls1mz','ze1ls','absent',NULL,1748653200000),
('zla1nc','zls1mz','ze1lt','present',NULL,1749085200000),
('zla1no','zls1nn','ze1lh','present',NULL,1749603600000),
('zla1np','zls1nn','ze1li','absent',NULL,1750726800000),
('zla1nq','zls1nn','ze1lj','present',NULL,1749690000000),
('zla1nr','zls1nn','ze1lk','present',NULL,1750986000000),
('zla1ns','zls1nn','ze1ll','present',NULL,1748566800000),
('zla1nt','zls1nn','ze1lm','excused',NULL,1748394000000),
('zla1nu','zls1nn','ze1ln','excused',NULL,1750726800000),
('zla1nv','zls1nn','ze1lo','absent',NULL,1749258000000);
INSERT OR IGNORE INTO lesson_attendance (id,lesson_session_id,enrollment_id,state,note,created_at) VALUES
('zla1nw','zls1nn','ze1lp','excused',NULL,1751763600000),
('zla1nx','zls1nn','ze1lq','excused',NULL,1749776400000),
('zla1ny','zls1nn','ze1lr','absent',NULL,1751158800000),
('zla1nz','zls1nn','ze1ls','present',NULL,1749517200000),
('zla1o0','zls1nn','ze1lt','excused',NULL,1748566800000),
('zla1o9','zls1o8','ze1lh','present',NULL,1749603600000),
('zla1oa','zls1o8','ze1li','present',NULL,1751504400000),
('zla1ob','zls1o8','ze1lj','present',NULL,1751590800000),
('zla1oc','zls1o8','ze1lk','absent',NULL,1749258000000),
('zla1od','zls1o8','ze1ll','excused',NULL,1750726800000),
('zla1oe','zls1o8','ze1lm','absent',NULL,1749862800000),
('zla1of','zls1o8','ze1ln','present',NULL,1749171600000),
('zla1og','zls1o8','ze1lo','absent',NULL,1750726800000),
('zla1oh','zls1o8','ze1lp','present',NULL,1749603600000),
('zla1oi','zls1o8','ze1lq','present',NULL,1749258000000),
('zla1oj','zls1o8','ze1lr','absent',NULL,1749171600000),
('zla1ok','zls1o8','ze1ls','present',NULL,1750294800000),
('zla1ol','zls1o8','ze1lt','excused',NULL,1750554000000),
('zla1pd','zls1pc','ze1oz','present',NULL,1751072400000),
('zla1pe','zls1pc','ze1p0','excused',NULL,1750294800000),
('zla1pf','zls1pc','ze1p1','present',NULL,1748653200000),
('zla1pg','zls1pc','ze1p2','excused',NULL,1750899600000),
('zla1ph','zls1pc','ze1p3','present',NULL,1750554000000),
('zla1pi','zls1pc','ze1p4','present',NULL,1748739600000),
('zla1pj','zls1pc','ze1p5','present',NULL,1750640400000),
('zla1pk','zls1pc','ze1p6','present',NULL,1749258000000),
('zla1pl','zls1pc','ze1p7','present',NULL,1749776400000),
('zla1pm','zls1pc','ze1p8','absent',NULL,1750294800000),
('zla1pn','zls1pc','ze1p9','present',NULL,1750554000000),
('zla1po','zls1pc','ze1pa','excused',NULL,1749258000000),
('zla1pp','zls1pc','ze1pb','absent',NULL,1749949200000),
('zla1pz','zls1py','ze1oz','present',NULL,1749690000000),
('zla1q0','zls1py','ze1p0','present',NULL,1748998800000),
('zla1q1','zls1py','ze1p1','present',NULL,1749603600000),
('zla1q2','zls1py','ze1p2','excused',NULL,1750208400000),
('zla1q3','zls1py','ze1p3','present',NULL,1750294800000),
('zla1q4','zls1py','ze1p4','absent',NULL,1750813200000),
('zla1q5','zls1py','ze1p5','present',NULL,1751158800000),
('zla1q6','zls1py','ze1p6','present',NULL,1749776400000),
('zla1q7','zls1py','ze1p7','present',NULL,1751245200000),
('zla1q8','zls1py','ze1p8','present',NULL,1749085200000),
('zla1q9','zls1py','ze1p9','present',NULL,1751245200000),
('zla1qa','zls1py','ze1pa','absent',NULL,1751245200000),
('zla1qb','zls1py','ze1pb','excused',NULL,1750122000000),
('zla1ql','zls1qk','ze1oz','absent',NULL,1748739600000),
('zla1qm','zls1qk','ze1p0','present',NULL,1750640400000),
('zla1qn','zls1qk','ze1p1','present',NULL,1751331600000),
('zla1qo','zls1qk','ze1p2','present',NULL,1750899600000),
('zla1qp','zls1qk','ze1p3','present',NULL,1749690000000),
('zla1qq','zls1qk','ze1p4','present',NULL,1749171600000),
('zla1qr','zls1qk','ze1p5','present',NULL,1748912400000),
('zla1qs','zls1qk','ze1p6','present',NULL,1748394000000),
('zla1qt','zls1qk','ze1p7','excused',NULL,1750294800000),
('zla1qu','zls1qk','ze1p8','absent',NULL,1749603600000),
('zla1qv','zls1qk','ze1p9','excused',NULL,1749776400000),
('zla1qw','zls1qk','ze1pa','excused',NULL,1750640400000),
('zla1qx','zls1qk','ze1pb','absent',NULL,1749344400000),
('zla1r5','zls1r4','ze1oz','present',NULL,1750208400000),
('zla1r6','zls1r4','ze1p0','present',NULL,1751418000000),
('zla1r7','zls1r4','ze1p1','excused',NULL,1751677200000);
INSERT OR IGNORE INTO lesson_attendance (id,lesson_session_id,enrollment_id,state,note,created_at) VALUES
('zla1r8','zls1r4','ze1p2','present',NULL,1750554000000),
('zla1r9','zls1r4','ze1p3','present',NULL,1748998800000),
('zla1ra','zls1r4','ze1p4','present',NULL,1750899600000),
('zla1rb','zls1r4','ze1p5','present',NULL,1750726800000),
('zla1rc','zls1r4','ze1p6','present',NULL,1750986000000),
('zla1rd','zls1r4','ze1p7','excused',NULL,1750208400000),
('zla1re','zls1r4','ze1p8','present',NULL,1750899600000),
('zla1rf','zls1r4','ze1p9','present',NULL,1750467600000),
('zla1rg','zls1r4','ze1pa','present',NULL,1750986000000),
('zla1rh','zls1r4','ze1pb','excused',NULL,1750986000000),
('zla1sc','zls1sb','ze1rx','absent',NULL,1751245200000),
('zla1sd','zls1sb','ze1ry','present',NULL,1751763600000),
('zla1se','zls1sb','ze1rz','present',NULL,1750813200000),
('zla1sf','zls1sb','ze1s0','present',NULL,1750208400000),
('zla1sg','zls1sb','ze1s1','present',NULL,1750208400000),
('zla1sh','zls1sb','ze1s2','excused',NULL,1748739600000),
('zla1si','zls1sb','ze1s3','excused',NULL,1749862800000),
('zla1sj','zls1sb','ze1s4','excused',NULL,1748998800000),
('zla1sk','zls1sb','ze1s5','present',NULL,1749085200000),
('zla1sl','zls1sb','ze1s6','present',NULL,1749603600000),
('zla1sm','zls1sb','ze1s7','excused',NULL,1749171600000),
('zla1sn','zls1sb','ze1s8','absent',NULL,1749949200000),
('zla1so','zls1sb','ze1s9','present',NULL,1749430800000),
('zla1sp','zls1sb','ze1sa','present',NULL,1749344400000),
('zla1sv','zls1su','ze1rx','excused',NULL,1748480400000),
('zla1sw','zls1su','ze1ry','present',NULL,1751072400000),
('zla1sx','zls1su','ze1rz','excused',NULL,1751677200000),
('zla1sy','zls1su','ze1s0','present',NULL,1750208400000),
('zla1sz','zls1su','ze1s1','present',NULL,1749603600000),
('zla1t0','zls1su','ze1s2','present',NULL,1751072400000),
('zla1t1','zls1su','ze1s3','present',NULL,1750122000000),
('zla1t2','zls1su','ze1s4','present',NULL,1750554000000),
('zla1t3','zls1su','ze1s5','present',NULL,1750122000000),
('zla1t4','zls1su','ze1s6','absent',NULL,1750726800000),
('zla1t5','zls1su','ze1s7','absent',NULL,1748394000000),
('zla1t6','zls1su','ze1s8','absent',NULL,1750035600000),
('zla1t7','zls1su','ze1s9','absent',NULL,1748480400000),
('zla1t8','zls1su','ze1sa','excused',NULL,1749171600000),
('zla1tg','zls1tf','ze1rx','present',NULL,1751158800000),
('zla1th','zls1tf','ze1ry','present',NULL,1750640400000),
('zla1ti','zls1tf','ze1rz','present',NULL,1748826000000),
('zla1tj','zls1tf','ze1s0','absent',NULL,1749344400000),
('zla1tk','zls1tf','ze1s1','present',NULL,1749171600000),
('zla1tl','zls1tf','ze1s2','present',NULL,1749430800000),
('zla1tm','zls1tf','ze1s3','absent',NULL,1748566800000),
('zla1tn','zls1tf','ze1s4','present',NULL,1749690000000),
('zla1to','zls1tf','ze1s5','excused',NULL,1750899600000),
('zla1tp','zls1tf','ze1s6','excused',NULL,1749258000000),
('zla1tq','zls1tf','ze1s7','present',NULL,1749776400000),
('zla1tr','zls1tf','ze1s8','absent',NULL,1751590800000),
('zla1ts','zls1tf','ze1s9','excused',NULL,1751158800000),
('zla1tt','zls1tf','ze1sa','present',NULL,1750986000000),
('zla1u0','zls1tz','ze1rx','present',NULL,1751158800000),
('zla1u1','zls1tz','ze1ry','present',NULL,1750035600000),
('zla1u2','zls1tz','ze1rz','present',NULL,1748480400000),
('zla1u3','zls1tz','ze1s0','present',NULL,1749517200000),
('zla1u4','zls1tz','ze1s1','present',NULL,1749085200000),
('zla1u5','zls1tz','ze1s2','present',NULL,1750640400000),
('zla1u6','zls1tz','ze1s3','present',NULL,1750554000000),
('zla1u7','zls1tz','ze1s4','absent',NULL,1749862800000);
INSERT OR IGNORE INTO lesson_attendance (id,lesson_session_id,enrollment_id,state,note,created_at) VALUES
('zla1u8','zls1tz','ze1s5','present',NULL,1749430800000),
('zla1u9','zls1tz','ze1s6','excused',NULL,1750813200000),
('zla1ua','zls1tz','ze1s7','excused',NULL,1748566800000),
('zla1ub','zls1tz','ze1s8','present',NULL,1749344400000),
('zla1uc','zls1tz','ze1s9','absent',NULL,1750640400000),
('zla1ud','zls1tz','ze1sa','present',NULL,1750467600000),
('zla1v5','zls1v4','ze1uw','present',NULL,1749171600000),
('zla1v6','zls1v4','ze1ux','present',NULL,1751245200000),
('zla1v7','zls1v4','ze1uy','present',NULL,1750899600000),
('zla1v8','zls1v4','ze1uz','excused',NULL,1748566800000),
('zla1v9','zls1v4','ze1v0','present',NULL,1748566800000),
('zla1va','zls1v4','ze1v1','present',NULL,1750035600000),
('zla1vb','zls1v4','ze1v2','present',NULL,1750554000000),
('zla1vc','zls1v4','ze1v3','present',NULL,1750554000000),
('zla1vh','zls1vg','ze1uw','present',NULL,1748826000000),
('zla1vi','zls1vg','ze1ux','absent',NULL,1751763600000),
('zla1vj','zls1vg','ze1uy','present',NULL,1750899600000),
('zla1vk','zls1vg','ze1uz','present',NULL,1749949200000),
('zla1vl','zls1vg','ze1v0','absent',NULL,1748566800000),
('zla1vm','zls1vg','ze1v1','present',NULL,1748739600000),
('zla1vn','zls1vg','ze1v2','present',NULL,1749085200000),
('zla1vo','zls1vg','ze1v3','absent',NULL,1748912400000),
('zla1vt','zls1vs','ze1uw','excused',NULL,1751331600000),
('zla1vu','zls1vs','ze1ux','absent',NULL,1751763600000),
('zla1vv','zls1vs','ze1uy','absent',NULL,1751158800000),
('zla1vw','zls1vs','ze1uz','present',NULL,1749690000000),
('zla1vx','zls1vs','ze1v0','present',NULL,1750381200000),
('zla1vy','zls1vs','ze1v1','present',NULL,1749603600000),
('zla1vz','zls1vs','ze1v2','present',NULL,1750986000000),
('zla1w0','zls1vs','ze1v3','present',NULL,1749949200000),
('zla1w7','zls1w6','ze1uw','excused',NULL,1750986000000),
('zla1w8','zls1w6','ze1ux','present',NULL,1749344400000),
('zla1w9','zls1w6','ze1uy','absent',NULL,1750122000000),
('zla1wa','zls1w6','ze1uz','present',NULL,1750294800000),
('zla1wb','zls1w6','ze1v0','present',NULL,1750122000000),
('zla1wc','zls1w6','ze1v1','present',NULL,1750467600000),
('zla1wd','zls1w6','ze1v2','excused',NULL,1749690000000),
('zla1we','zls1w6','ze1v3','present',NULL,1750554000000),
('zla1x6','zls1x5','ze1wr','present',NULL,1749862800000),
('zla1x7','zls1x5','ze1ws','present',NULL,1748394000000),
('zla1x8','zls1x5','ze1wt','present',NULL,1748394000000),
('zla1x9','zls1x5','ze1wu','present',NULL,1750467600000),
('zla1xa','zls1x5','ze1wv','present',NULL,1749258000000),
('zla1xb','zls1x5','ze1ww','absent',NULL,1749344400000),
('zla1xc','zls1x5','ze1wx','present',NULL,1749517200000),
('zla1xd','zls1x5','ze1wy','present',NULL,1749603600000),
('zla1xe','zls1x5','ze1wz','present',NULL,1750813200000),
('zla1xf','zls1x5','ze1x0','excused',NULL,1751158800000),
('zla1xg','zls1x5','ze1x1','absent',NULL,1749690000000),
('zla1xh','zls1x5','ze1x2','absent',NULL,1749344400000),
('zla1xi','zls1x5','ze1x3','excused',NULL,1748653200000),
('zla1xj','zls1x5','ze1x4','present',NULL,1748566800000),
('zla1xs','zls1xr','ze1wr','present',NULL,1748912400000),
('zla1xt','zls1xr','ze1ws','present',NULL,1749776400000),
('zla1xu','zls1xr','ze1wt','present',NULL,1748826000000),
('zla1xv','zls1xr','ze1wu','present',NULL,1750208400000),
('zla1xw','zls1xr','ze1wv','present',NULL,1748394000000),
('zla1xx','zls1xr','ze1ww','excused',NULL,1748998800000),
('zla1xy','zls1xr','ze1wx','absent',NULL,1750467600000),
('zla1xz','zls1xr','ze1wy','present',NULL,1748566800000);
INSERT OR IGNORE INTO lesson_attendance (id,lesson_session_id,enrollment_id,state,note,created_at) VALUES
('zla1y0','zls1xr','ze1wz','excused',NULL,1748566800000),
('zla1y1','zls1xr','ze1x0','absent',NULL,1749258000000),
('zla1y2','zls1xr','ze1x1','present',NULL,1751418000000),
('zla1y3','zls1xr','ze1x2','absent',NULL,1749430800000),
('zla1y4','zls1xr','ze1x3','excused',NULL,1749862800000),
('zla1y5','zls1xr','ze1x4','present',NULL,1748566800000),
('zla1yz','zls1yy','ze1yk','present',NULL,1751418000000),
('zla1z0','zls1yy','ze1yl','present',NULL,1750726800000),
('zla1z1','zls1yy','ze1ym','excused',NULL,1750294800000),
('zla1z2','zls1yy','ze1yn','excused',NULL,1748566800000),
('zla1z3','zls1yy','ze1yo','excused',NULL,1749776400000),
('zla1z4','zls1yy','ze1yp','present',NULL,1749430800000),
('zla1z5','zls1yy','ze1yq','present',NULL,1751418000000),
('zla1z6','zls1yy','ze1yr','excused',NULL,1749690000000),
('zla1z7','zls1yy','ze1ys','excused',NULL,1749776400000),
('zla1z8','zls1yy','ze1yt','present',NULL,1751763600000),
('zla1z9','zls1yy','ze1yu','present',NULL,1751677200000),
('zla1za','zls1yy','ze1yv','present',NULL,1751072400000),
('zla1zb','zls1yy','ze1yw','present',NULL,1750467600000),
('zla1zc','zls1yy','ze1yx','excused',NULL,1749430800000),
('zla1zk','zls1zj','ze1yk','present',NULL,1750726800000),
('zla1zl','zls1zj','ze1yl','present',NULL,1749862800000),
('zla1zm','zls1zj','ze1ym','present',NULL,1749430800000),
('zla1zn','zls1zj','ze1yn','present',NULL,1751677200000),
('zla1zo','zls1zj','ze1yo','absent',NULL,1749949200000),
('zla1zp','zls1zj','ze1yp','present',NULL,1751158800000),
('zla1zq','zls1zj','ze1yq','present',NULL,1751158800000),
('zla1zr','zls1zj','ze1yr','present',NULL,1750467600000),
('zla1zs','zls1zj','ze1ys','present',NULL,1750986000000),
('zla1zt','zls1zj','ze1yt','present',NULL,1749949200000),
('zla1zu','zls1zj','ze1yu','present',NULL,1748998800000),
('zla1zv','zls1zj','ze1yv','present',NULL,1750899600000),
('zla1zw','zls1zj','ze1yw','excused',NULL,1749171600000),
('zla1zx','zls1zj','ze1yx','present',NULL,1751504400000),
('zla205','zls204','ze1yk','present',NULL,1749776400000),
('zla206','zls204','ze1yl','present',NULL,1750122000000),
('zla207','zls204','ze1ym','present',NULL,1750986000000),
('zla208','zls204','ze1yn','excused',NULL,1749171600000),
('zla209','zls204','ze1yo','present',NULL,1749430800000),
('zla20a','zls204','ze1yp','excused',NULL,1751504400000),
('zla20b','zls204','ze1yq','excused',NULL,1750986000000),
('zla20c','zls204','ze1yr','present',NULL,1748394000000),
('zla20d','zls204','ze1ys','excused',NULL,1749776400000),
('zla20e','zls204','ze1yt','present',NULL,1748566800000),
('zla20f','zls204','ze1yu','present',NULL,1749776400000),
('zla20g','zls204','ze1yv','excused',NULL,1751677200000),
('zla20h','zls204','ze1yw','present',NULL,1749171600000),
('zla20i','zls204','ze1yx','present',NULL,1749171600000),
('zla20q','zls20p','ze1yk','absent',NULL,1749949200000),
('zla20r','zls20p','ze1yl','absent',NULL,1751504400000),
('zla20s','zls20p','ze1ym','present',NULL,1750986000000),
('zla20t','zls20p','ze1yn','present',NULL,1751504400000),
('zla20u','zls20p','ze1yo','absent',NULL,1751763600000),
('zla20v','zls20p','ze1yp','excused',NULL,1750467600000),
('zla20w','zls20p','ze1yq','absent',NULL,1749171600000),
('zla20x','zls20p','ze1yr','excused',NULL,1750208400000),
('zla20y','zls20p','ze1ys','excused',NULL,1749603600000),
('zla20z','zls20p','ze1yt','present',NULL,1749603600000),
('zla210','zls20p','ze1yu','absent',NULL,1751763600000),
('zla211','zls20p','ze1yv','present',NULL,1750035600000);
INSERT OR IGNORE INTO lesson_attendance (id,lesson_session_id,enrollment_id,state,note,created_at) VALUES
('zla212','zls20p','ze1yw','excused',NULL,1748739600000),
('zla213','zls20p','ze1yx','absent',NULL,1748998800000),
('zla21d','zls21c','ze1yk','present',NULL,1748394000000),
('zla21e','zls21c','ze1yl','present',NULL,1750208400000),
('zla21f','zls21c','ze1ym','present',NULL,1750381200000),
('zla21g','zls21c','ze1yn','excused',NULL,1748826000000),
('zla21h','zls21c','ze1yo','present',NULL,1748826000000),
('zla21i','zls21c','ze1yp','excused',NULL,1751763600000),
('zla21j','zls21c','ze1yq','present',NULL,1748739600000),
('zla21k','zls21c','ze1yr','present',NULL,1749776400000),
('zla21l','zls21c','ze1ys','present',NULL,1750122000000),
('zla21m','zls21c','ze1yt','present',NULL,1749517200000),
('zla21n','zls21c','ze1yu','present',NULL,1750208400000),
('zla21o','zls21c','ze1yv','present',NULL,1748998800000),
('zla21p','zls21c','ze1yw','present',NULL,1749862800000),
('zla21q','zls21c','ze1yx','present',NULL,1748653200000),
('zla22k','zls22j','ze224','present',NULL,1751763600000),
('zla22l','zls22j','ze225','present',NULL,1751763600000),
('zla22m','zls22j','ze226','excused',NULL,1748566800000),
('zla22n','zls22j','ze227','present',NULL,1748739600000),
('zla22o','zls22j','ze228','excused',NULL,1750554000000),
('zla22p','zls22j','ze229','present',NULL,1751504400000),
('zla22q','zls22j','ze22a','present',NULL,1749258000000),
('zla22r','zls22j','ze22b','excused',NULL,1748912400000),
('zla22s','zls22j','ze22c','present',NULL,1750208400000),
('zla22t','zls22j','ze22d','present',NULL,1748566800000),
('zla22u','zls22j','ze22e','present',NULL,1751158800000),
('zla22v','zls22j','ze22f','excused',NULL,1750381200000),
('zla22w','zls22j','ze22g','present',NULL,1749690000000),
('zla22x','zls22j','ze22h','absent',NULL,1750208400000),
('zla22y','zls22j','ze22i','absent',NULL,1750899600000),
('zla236','zls235','ze224','present',NULL,1750986000000),
('zla237','zls235','ze225','present',NULL,1748394000000),
('zla238','zls235','ze226','absent',NULL,1748653200000),
('zla239','zls235','ze227','present',NULL,1750035600000),
('zla23a','zls235','ze228','excused',NULL,1750554000000),
('zla23b','zls235','ze229','present',NULL,1750640400000),
('zla23c','zls235','ze22a','excused',NULL,1749517200000),
('zla23d','zls235','ze22b','present',NULL,1748566800000),
('zla23e','zls235','ze22c','excused',NULL,1748826000000),
('zla23f','zls235','ze22d','present',NULL,1750726800000),
('zla23g','zls235','ze22e','present',NULL,1751331600000),
('zla23h','zls235','ze22f','present',NULL,1750035600000),
('zla23i','zls235','ze22g','excused',NULL,1749949200000),
('zla23j','zls235','ze22h','present',NULL,1751590800000),
('zla23k','zls235','ze22i','present',NULL,1749862800000),
('zla23s','zls23r','ze224','present',NULL,1750554000000),
('zla23t','zls23r','ze225','excused',NULL,1751245200000),
('zla23u','zls23r','ze226','excused',NULL,1749949200000),
('zla23v','zls23r','ze227','present',NULL,1749517200000),
('zla23w','zls23r','ze228','excused',NULL,1748566800000),
('zla23x','zls23r','ze229','present',NULL,1750122000000),
('zla23y','zls23r','ze22a','present',NULL,1750899600000),
('zla23z','zls23r','ze22b','present',NULL,1750122000000),
('zla240','zls23r','ze22c','absent',NULL,1749949200000),
('zla241','zls23r','ze22d','absent',NULL,1748653200000),
('zla242','zls23r','ze22e','present',NULL,1749430800000),
('zla243','zls23r','ze22f','present',NULL,1748998800000),
('zla244','zls23r','ze22g','absent',NULL,1749430800000),
('zla245','zls23r','ze22h','present',NULL,1750467600000);
INSERT OR IGNORE INTO lesson_attendance (id,lesson_session_id,enrollment_id,state,note,created_at) VALUES
('zla246','zls23r','ze22i','present',NULL,1751418000000),
('zla24v','zls24u','ze24l','present',NULL,1748566800000),
('zla24w','zls24u','ze24m','present',NULL,1749344400000),
('zla24x','zls24u','ze24n','present',NULL,1750467600000),
('zla24y','zls24u','ze24o','present',NULL,1750035600000),
('zla24z','zls24u','ze24p','excused',NULL,1750208400000),
('zla250','zls24u','ze24q','present',NULL,1748394000000),
('zla251','zls24u','ze24r','present',NULL,1750554000000),
('zla252','zls24u','ze24s','present',NULL,1750467600000),
('zla253','zls24u','ze24t','present',NULL,1750467600000),
('zla25a','zls259','ze24l','present',NULL,1751418000000),
('zla25b','zls259','ze24m','absent',NULL,1748739600000),
('zla25c','zls259','ze24n','excused',NULL,1749344400000),
('zla25d','zls259','ze24o','present',NULL,1748480400000),
('zla25e','zls259','ze24p','present',NULL,1750208400000),
('zla25f','zls259','ze24q','present',NULL,1749517200000),
('zla25g','zls259','ze24r','present',NULL,1750208400000),
('zla25h','zls259','ze24s','present',NULL,1750381200000),
('zla25i','zls259','ze24t','present',NULL,1748998800000),
('zla25n','zls25m','ze24l','excused',NULL,1750726800000),
('zla25o','zls25m','ze24m','present',NULL,1751158800000),
('zla25p','zls25m','ze24n','present',NULL,1750813200000),
('zla25q','zls25m','ze24o','present',NULL,1751590800000),
('zla25r','zls25m','ze24p','excused',NULL,1750208400000),
('zla25s','zls25m','ze24q','present',NULL,1749862800000),
('zla25t','zls25m','ze24r','present',NULL,1749949200000),
('zla25u','zls25m','ze24s','excused',NULL,1749258000000),
('zla25v','zls25m','ze24t','excused',NULL,1751590800000),
('zla262','zls261','ze24l','present',NULL,1750986000000),
('zla263','zls261','ze24m','present',NULL,1749430800000),
('zla264','zls261','ze24n','absent',NULL,1750381200000),
('zla265','zls261','ze24o','present',NULL,1750813200000),
('zla266','zls261','ze24p','present',NULL,1751677200000),
('zla267','zls261','ze24q','absent',NULL,1751331600000),
('zla268','zls261','ze24r','present',NULL,1748912400000),
('zla269','zls261','ze24s','present',NULL,1751245200000),
('zla26a','zls261','ze24t','present',NULL,1749517200000),
('zla279','zls278','ze26v','absent',NULL,1751245200000),
('zla27a','zls278','ze26w','absent',NULL,1749949200000),
('zla27b','zls278','ze26x','present',NULL,1748394000000),
('zla27c','zls278','ze26y','present',NULL,1749085200000),
('zla27d','zls278','ze26z','absent',NULL,1750726800000),
('zla27e','zls278','ze270','present',NULL,1750035600000),
('zla27f','zls278','ze271','present',NULL,1749258000000),
('zla27g','zls278','ze272','present',NULL,1750467600000),
('zla27h','zls278','ze273','present',NULL,1750122000000),
('zla27i','zls278','ze274','absent',NULL,1751331600000),
('zla27j','zls278','ze275','excused',NULL,1748912400000),
('zla27k','zls278','ze276','present',NULL,1749690000000),
('zla27l','zls278','ze277','present',NULL,1748739600000),
('zla27u','zls27t','ze26v','present',NULL,1750294800000),
('zla27v','zls27t','ze26w','absent',NULL,1750986000000),
('zla27w','zls27t','ze26x','present',NULL,1748566800000),
('zla27x','zls27t','ze26y','excused',NULL,1749517200000),
('zla27y','zls27t','ze26z','excused',NULL,1750208400000),
('zla27z','zls27t','ze270','absent',NULL,1749517200000),
('zla280','zls27t','ze271','absent',NULL,1750726800000),
('zla281','zls27t','ze272','present',NULL,1750467600000),
('zla282','zls27t','ze273','present',NULL,1751072400000),
('zla283','zls27t','ze274','excused',NULL,1749085200000);
INSERT OR IGNORE INTO lesson_attendance (id,lesson_session_id,enrollment_id,state,note,created_at) VALUES
('zla284','zls27t','ze275','present',NULL,1750122000000),
('zla285','zls27t','ze276','absent',NULL,1750899600000),
('zla286','zls27t','ze277','excused',NULL,1750294800000),
('zla28h','zls28g','ze26v','present',NULL,1751677200000),
('zla28i','zls28g','ze26w','present',NULL,1749690000000),
('zla28j','zls28g','ze26x','absent',NULL,1748480400000),
('zla28k','zls28g','ze26y','present',NULL,1749517200000),
('zla28l','zls28g','ze26z','present',NULL,1751072400000),
('zla28m','zls28g','ze270','present',NULL,1748653200000),
('zla28n','zls28g','ze271','absent',NULL,1750899600000),
('zla28o','zls28g','ze272','present',NULL,1751331600000),
('zla28p','zls28g','ze273','excused',NULL,1749603600000),
('zla28q','zls28g','ze274','absent',NULL,1751418000000),
('zla28r','zls28g','ze275','present',NULL,1751763600000),
('zla28s','zls28g','ze276','excused',NULL,1750986000000),
('zla28t','zls28g','ze277','excused',NULL,1750467600000),
('zla29i','zls29h','ze296','present',NULL,1748653200000),
('zla29j','zls29h','ze297','present',NULL,1750640400000),
('zla29k','zls29h','ze298','present',NULL,1748826000000),
('zla29l','zls29h','ze299','present',NULL,1751590800000),
('zla29m','zls29h','ze29a','absent',NULL,1751504400000),
('zla29n','zls29h','ze29b','present',NULL,1749862800000),
('zla29o','zls29h','ze29c','present',NULL,1750122000000),
('zla29p','zls29h','ze29d','absent',NULL,1750208400000),
('zla29q','zls29h','ze29e','present',NULL,1748998800000),
('zla29r','zls29h','ze29f','excused',NULL,1750813200000),
('zla29s','zls29h','ze29g','present',NULL,1749603600000),
('zla2a1','zls2a0','ze296','absent',NULL,1748998800000),
('zla2a2','zls2a0','ze297','present',NULL,1749776400000),
('zla2a3','zls2a0','ze298','present',NULL,1748566800000),
('zla2a4','zls2a0','ze299','present',NULL,1748998800000),
('zla2a5','zls2a0','ze29a','present',NULL,1750035600000),
('zla2a6','zls2a0','ze29b','absent',NULL,1751158800000),
('zla2a7','zls2a0','ze29c','excused',NULL,1750294800000),
('zla2a8','zls2a0','ze29d','absent',NULL,1748998800000),
('zla2a9','zls2a0','ze29e','excused',NULL,1750035600000),
('zla2aa','zls2a0','ze29f','present',NULL,1748739600000),
('zla2ab','zls2a0','ze29g','absent',NULL,1750726800000),
('zla2ai','zls2ah','ze296','excused',NULL,1750122000000),
('zla2aj','zls2ah','ze297','excused',NULL,1748653200000),
('zla2ak','zls2ah','ze298','present',NULL,1749085200000),
('zla2al','zls2ah','ze299','absent',NULL,1748826000000),
('zla2am','zls2ah','ze29a','present',NULL,1751763600000),
('zla2an','zls2ah','ze29b','present',NULL,1749517200000),
('zla2ao','zls2ah','ze29c','present',NULL,1748566800000),
('zla2ap','zls2ah','ze29d','present',NULL,1750122000000),
('zla2aq','zls2ah','ze29e','excused',NULL,1750813200000),
('zla2ar','zls2ah','ze29f','present',NULL,1750208400000),
('zla2as','zls2ah','ze29g','present',NULL,1750208400000),
('zla2bm','zls2bl','ze2b8','present',NULL,1748653200000),
('zla2bn','zls2bl','ze2b9','absent',NULL,1748826000000),
('zla2bo','zls2bl','ze2ba','present',NULL,1750208400000),
('zla2bp','zls2bl','ze2bb','present',NULL,1750208400000),
('zla2bq','zls2bl','ze2bc','present',NULL,1751677200000),
('zla2br','zls2bl','ze2bd','present',NULL,1748998800000),
('zla2bs','zls2bl','ze2be','excused',NULL,1750294800000),
('zla2bt','zls2bl','ze2bf','present',NULL,1749949200000),
('zla2bu','zls2bl','ze2bg','present',NULL,1751418000000),
('zla2bv','zls2bl','ze2bh','present',NULL,1748912400000),
('zla2bw','zls2bl','ze2bi','present',NULL,1750986000000);
INSERT OR IGNORE INTO lesson_attendance (id,lesson_session_id,enrollment_id,state,note,created_at) VALUES
('zla2bx','zls2bl','ze2bj','present',NULL,1751504400000),
('zla2by','zls2bl','ze2bk','present',NULL,1748480400000),
('zla2c6','zls2c5','ze2b8','present',NULL,1750381200000),
('zla2c7','zls2c5','ze2b9','present',NULL,1750208400000),
('zla2c8','zls2c5','ze2ba','absent',NULL,1750294800000),
('zla2c9','zls2c5','ze2bb','present',NULL,1750294800000),
('zla2ca','zls2c5','ze2bc','present',NULL,1748998800000),
('zla2cb','zls2c5','ze2bd','absent',NULL,1749517200000),
('zla2cc','zls2c5','ze2be','absent',NULL,1748653200000),
('zla2cd','zls2c5','ze2bf','present',NULL,1751158800000),
('zla2ce','zls2c5','ze2bg','present',NULL,1748998800000),
('zla2cf','zls2c5','ze2bh','present',NULL,1750986000000),
('zla2cg','zls2c5','ze2bi','present',NULL,1751245200000),
('zla2ch','zls2c5','ze2bj','present',NULL,1751245200000),
('zla2ci','zls2c5','ze2bk','excused',NULL,1748739600000),
('zla2cs','zls2cr','ze2b8','present',NULL,1750640400000),
('zla2ct','zls2cr','ze2b9','excused',NULL,1750294800000),
('zla2cu','zls2cr','ze2ba','present',NULL,1750467600000),
('zla2cv','zls2cr','ze2bb','present',NULL,1750726800000),
('zla2cw','zls2cr','ze2bc','present',NULL,1750208400000),
('zla2cx','zls2cr','ze2bd','absent',NULL,1751504400000),
('zla2cy','zls2cr','ze2be','absent',NULL,1750467600000),
('zla2cz','zls2cr','ze2bf','excused',NULL,1749949200000),
('zla2d0','zls2cr','ze2bg','present',NULL,1750813200000),
('zla2d1','zls2cr','ze2bh','present',NULL,1750467600000),
('zla2d2','zls2cr','ze2bi','present',NULL,1749344400000),
('zla2d3','zls2cr','ze2bj','excused',NULL,1749776400000),
('zla2d4','zls2cr','ze2bk','present',NULL,1750294800000),
('zla2dv','zls2du','ze2dj','present',NULL,1749258000000),
('zla2dw','zls2du','ze2dk','present',NULL,1750554000000),
('zla2dx','zls2du','ze2dl','absent',NULL,1751504400000),
('zla2dy','zls2du','ze2dm','present',NULL,1749430800000),
('zla2dz','zls2du','ze2dn','present',NULL,1750122000000),
('zla2e0','zls2du','ze2do','present',NULL,1748394000000),
('zla2e1','zls2du','ze2dp','present',NULL,1748566800000),
('zla2e2','zls2du','ze2dq','present',NULL,1750899600000),
('zla2e3','zls2du','ze2dr','absent',NULL,1750726800000),
('zla2e4','zls2du','ze2ds','present',NULL,1750208400000),
('zla2e5','zls2du','ze2dt','present',NULL,1749517200000),
('zla2ed','zls2ec','ze2dj','present',NULL,1749603600000),
('zla2ee','zls2ec','ze2dk','excused',NULL,1749862800000),
('zla2ef','zls2ec','ze2dl','present',NULL,1751763600000),
('zla2eg','zls2ec','ze2dm','present',NULL,1751590800000),
('zla2eh','zls2ec','ze2dn','present',NULL,1748566800000),
('zla2ei','zls2ec','ze2do','present',NULL,1750554000000),
('zla2ej','zls2ec','ze2dp','present',NULL,1749430800000),
('zla2ek','zls2ec','ze2dq','absent',NULL,1750554000000),
('zla2el','zls2ec','ze2dr','present',NULL,1750640400000),
('zla2em','zls2ec','ze2ds','present',NULL,1750035600000),
('zla2en','zls2ec','ze2dt','present',NULL,1749776400000),
('zla2fd','zls2fc','ze2f4','excused',NULL,1749949200000),
('zla2fe','zls2fc','ze2f5','absent',NULL,1749949200000),
('zla2ff','zls2fc','ze2f6','present',NULL,1749603600000),
('zla2fg','zls2fc','ze2f7','present',NULL,1749603600000),
('zla2fh','zls2fc','ze2f8','absent',NULL,1748912400000),
('zla2fi','zls2fc','ze2f9','absent',NULL,1750813200000),
('zla2fj','zls2fc','ze2fa','present',NULL,1748739600000),
('zla2fk','zls2fc','ze2fb','present',NULL,1748998800000),
('zla2fq','zls2fp','ze2f4','excused',NULL,1751158800000),
('zla2fr','zls2fp','ze2f5','excused',NULL,1748480400000);
INSERT OR IGNORE INTO lesson_attendance (id,lesson_session_id,enrollment_id,state,note,created_at) VALUES
('zla2fs','zls2fp','ze2f6','present',NULL,1748480400000),
('zla2ft','zls2fp','ze2f7','present',NULL,1751418000000),
('zla2fu','zls2fp','ze2f8','absent',NULL,1750208400000),
('zla2fv','zls2fp','ze2f9','present',NULL,1750899600000),
('zla2fw','zls2fp','ze2fa','present',NULL,1749949200000),
('zla2fx','zls2fp','ze2fb','excused',NULL,1748566800000),
('zla2g0','zls2fz','ze2f4','present',NULL,1749949200000),
('zla2g1','zls2fz','ze2f5','present',NULL,1749776400000),
('zla2g2','zls2fz','ze2f6','present',NULL,1750122000000),
('zla2g3','zls2fz','ze2f7','excused',NULL,1751677200000),
('zla2g4','zls2fz','ze2f8','present',NULL,1751677200000),
('zla2g5','zls2fz','ze2f9','excused',NULL,1750986000000),
('zla2g6','zls2fz','ze2fa','excused',NULL,1751763600000),
('zla2g7','zls2fz','ze2fb','absent',NULL,1748480400000),
('zla2gt','zls2gs','ze2gk','absent',NULL,1750122000000),
('zla2gu','zls2gs','ze2gl','absent',NULL,1750640400000),
('zla2gv','zls2gs','ze2gm','present',NULL,1750554000000),
('zla2gw','zls2gs','ze2gn','present',NULL,1750986000000),
('zla2gx','zls2gs','ze2go','excused',NULL,1749949200000),
('zla2gy','zls2gs','ze2gp','present',NULL,1750640400000),
('zla2gz','zls2gs','ze2gq','absent',NULL,1749776400000),
('zla2h0','zls2gs','ze2gr','present',NULL,1750640400000),
('zla2h6','zls2h5','ze2gk','present',NULL,1748394000000),
('zla2h7','zls2h5','ze2gl','present',NULL,1749949200000),
('zla2h8','zls2h5','ze2gm','present',NULL,1749085200000),
('zla2h9','zls2h5','ze2gn','present',NULL,1748394000000),
('zla2ha','zls2h5','ze2go','present',NULL,1751504400000),
('zla2hb','zls2h5','ze2gp','present',NULL,1750035600000),
('zla2hc','zls2h5','ze2gq','present',NULL,1750813200000),
('zla2hd','zls2h5','ze2gr','present',NULL,1748826000000),
('zla2hj','zls2hi','ze2gk','excused',NULL,1749344400000),
('zla2hk','zls2hi','ze2gl','present',NULL,1751590800000),
('zla2hl','zls2hi','ze2gm','present',NULL,1750554000000),
('zla2hm','zls2hi','ze2gn','present',NULL,1749862800000),
('zla2hn','zls2hi','ze2go','excused',NULL,1748566800000),
('zla2ho','zls2hi','ze2gp','excused',NULL,1749862800000),
('zla2hp','zls2hi','ze2gq','absent',NULL,1750208400000),
('zla2hq','zls2hi','ze2gr','excused',NULL,1748998800000),
('zla2hx','zls2hw','ze2gk','present',NULL,1751072400000),
('zla2hy','zls2hw','ze2gl','present',NULL,1749776400000),
('zla2hz','zls2hw','ze2gm','excused',NULL,1748826000000),
('zla2i0','zls2hw','ze2gn','absent',NULL,1748566800000),
('zla2i1','zls2hw','ze2go','excused',NULL,1748912400000),
('zla2i2','zls2hw','ze2gp','present',NULL,1748566800000),
('zla2i3','zls2hw','ze2gq','excused',NULL,1750640400000),
('zla2i4','zls2hw','ze2gr','present',NULL,1750381200000),
('zla2it','zls2is','ze2ih','present',NULL,1750467600000),
('zla2iu','zls2is','ze2ii','present',NULL,1751677200000),
('zla2iv','zls2is','ze2ij','excused',NULL,1750467600000),
('zla2iw','zls2is','ze2ik','present',NULL,1750467600000),
('zla2ix','zls2is','ze2il','present',NULL,1751590800000),
('zla2iy','zls2is','ze2im','present',NULL,1750899600000),
('zla2iz','zls2is','ze2in','present',NULL,1748653200000),
('zla2j0','zls2is','ze2io','present',NULL,1748480400000),
('zla2j1','zls2is','ze2ip','excused',NULL,1748653200000),
('zla2j2','zls2is','ze2iq','excused',NULL,1751677200000),
('zla2j3','zls2is','ze2ir','present',NULL,1749258000000),
('zla2jc','zls2jb','ze2ih','present',NULL,1749776400000),
('zla2jd','zls2jb','ze2ii','present',NULL,1748912400000),
('zla2je','zls2jb','ze2ij','present',NULL,1751677200000);
INSERT OR IGNORE INTO lesson_attendance (id,lesson_session_id,enrollment_id,state,note,created_at) VALUES
('zla2jf','zls2jb','ze2ik','present',NULL,1749344400000),
('zla2jg','zls2jb','ze2il','present',NULL,1751331600000),
('zla2jh','zls2jb','ze2im','present',NULL,1751072400000),
('zla2ji','zls2jb','ze2in','absent',NULL,1751158800000),
('zla2jj','zls2jb','ze2io','excused',NULL,1751504400000),
('zla2jk','zls2jb','ze2ip','present',NULL,1751763600000),
('zla2jl','zls2jb','ze2iq','excused',NULL,1750640400000),
('zla2jm','zls2jb','ze2ir','absent',NULL,1748739600000),
('zla2kd','zls2kc','ze2k2','absent',NULL,1749776400000),
('zla2ke','zls2kc','ze2k3','present',NULL,1750640400000),
('zla2kf','zls2kc','ze2k4','excused',NULL,1749517200000),
('zla2kg','zls2kc','ze2k5','absent',NULL,1750467600000),
('zla2kh','zls2kc','ze2k6','absent',NULL,1750726800000),
('zla2ki','zls2kc','ze2k7','present',NULL,1748653200000),
('zla2kj','zls2kc','ze2k8','excused',NULL,1751763600000),
('zla2kk','zls2kc','ze2k9','absent',NULL,1748998800000),
('zla2kl','zls2kc','ze2ka','present',NULL,1750899600000),
('zla2km','zls2kc','ze2kb','present',NULL,1748998800000),
('zla2ku','zls2kt','ze2k2','absent',NULL,1750122000000),
('zla2kv','zls2kt','ze2k3','present',NULL,1749517200000),
('zla2kw','zls2kt','ze2k4','absent',NULL,1750986000000),
('zla2kx','zls2kt','ze2k5','present',NULL,1749603600000),
('zla2ky','zls2kt','ze2k6','excused',NULL,1749862800000),
('zla2kz','zls2kt','ze2k7','present',NULL,1751158800000),
('zla2l0','zls2kt','ze2k8','present',NULL,1748826000000),
('zla2l1','zls2kt','ze2k9','present',NULL,1749171600000),
('zla2l2','zls2kt','ze2ka','present',NULL,1749517200000),
('zla2l3','zls2kt','ze2kb','present',NULL,1751331600000),
('zla2lb','zls2la','ze2k2','present',NULL,1748394000000),
('zla2lc','zls2la','ze2k3','excused',NULL,1750813200000),
('zla2ld','zls2la','ze2k4','absent',NULL,1750208400000),
('zla2le','zls2la','ze2k5','excused',NULL,1750122000000),
('zla2lf','zls2la','ze2k6','present',NULL,1751418000000),
('zla2lg','zls2la','ze2k7','present',NULL,1748998800000),
('zla2lh','zls2la','ze2k8','present',NULL,1750381200000),
('zla2li','zls2la','ze2k9','excused',NULL,1750986000000),
('zla2lj','zls2la','ze2ka','excused',NULL,1750208400000),
('zla2lk','zls2la','ze2kb','present',NULL,1748566800000),
('zla2mh','zls2mg','ze2m2','excused',NULL,1751072400000),
('zla2mi','zls2mg','ze2m3','excused',NULL,1751677200000),
('zla2mj','zls2mg','ze2m4','present',NULL,1750986000000),
('zla2mk','zls2mg','ze2m5','excused',NULL,1748394000000),
('zla2ml','zls2mg','ze2m6','present',NULL,1748739600000),
('zla2mm','zls2mg','ze2m7','present',NULL,1750640400000),
('zla2mn','zls2mg','ze2m8','present',NULL,1749171600000),
('zla2mo','zls2mg','ze2m9','present',NULL,1750208400000),
('zla2mp','zls2mg','ze2ma','present',NULL,1751158800000),
('zla2mq','zls2mg','ze2mb','present',NULL,1750813200000),
('zla2mr','zls2mg','ze2mc','absent',NULL,1751677200000),
('zla2ms','zls2mg','ze2md','present',NULL,1749776400000),
('zla2mt','zls2mg','ze2me','present',NULL,1750813200000),
('zla2mu','zls2mg','ze2mf','present',NULL,1750122000000),
('zla2n0','zls2mz','ze2m2','excused',NULL,1748653200000),
('zla2n1','zls2mz','ze2m3','present',NULL,1750726800000),
('zla2n2','zls2mz','ze2m4','excused',NULL,1751072400000),
('zla2n3','zls2mz','ze2m5','excused',NULL,1749085200000),
('zla2n4','zls2mz','ze2m6','present',NULL,1749949200000),
('zla2n5','zls2mz','ze2m7','absent',NULL,1748480400000),
('zla2n6','zls2mz','ze2m8','present',NULL,1751504400000),
('zla2n7','zls2mz','ze2m9','present',NULL,1749085200000);
INSERT OR IGNORE INTO lesson_attendance (id,lesson_session_id,enrollment_id,state,note,created_at) VALUES
('zla2n8','zls2mz','ze2ma','present',NULL,1750294800000),
('zla2n9','zls2mz','ze2mb','present',NULL,1749344400000),
('zla2na','zls2mz','ze2mc','present',NULL,1750986000000),
('zla2nb','zls2mz','ze2md','excused',NULL,1750986000000),
('zla2nc','zls2mz','ze2me','present',NULL,1751504400000),
('zla2nd','zls2mz','ze2mf','absent',NULL,1748826000000),
('zla2nm','zls2nl','ze2m2','present',NULL,1749085200000),
('zla2nn','zls2nl','ze2m3','absent',NULL,1751763600000),
('zla2no','zls2nl','ze2m4','present',NULL,1748566800000),
('zla2np','zls2nl','ze2m5','excused',NULL,1750122000000),
('zla2nq','zls2nl','ze2m6','present',NULL,1751072400000),
('zla2nr','zls2nl','ze2m7','absent',NULL,1748826000000),
('zla2ns','zls2nl','ze2m8','absent',NULL,1750813200000),
('zla2nt','zls2nl','ze2m9','excused',NULL,1751590800000),
('zla2nu','zls2nl','ze2ma','absent',NULL,1750640400000),
('zla2nv','zls2nl','ze2mb','present',NULL,1751158800000),
('zla2nw','zls2nl','ze2mc','excused',NULL,1750554000000),
('zla2nx','zls2nl','ze2md','present',NULL,1748394000000),
('zla2ny','zls2nl','ze2me','present',NULL,1750554000000),
('zla2nz','zls2nl','ze2mf','present',NULL,1750899600000),
('zla2ob','zls2oa','ze2m2','present',NULL,1750813200000),
('zla2oc','zls2oa','ze2m3','present',NULL,1749517200000),
('zla2od','zls2oa','ze2m4','present',NULL,1749690000000),
('zla2oe','zls2oa','ze2m5','present',NULL,1749344400000),
('zla2of','zls2oa','ze2m6','excused',NULL,1750726800000),
('zla2og','zls2oa','ze2m7','present',NULL,1748998800000),
('zla2oh','zls2oa','ze2m8','present',NULL,1750122000000),
('zla2oi','zls2oa','ze2m9','absent',NULL,1751504400000),
('zla2oj','zls2oa','ze2ma','present',NULL,1749949200000),
('zla2ok','zls2oa','ze2mb','present',NULL,1751677200000),
('zla2ol','zls2oa','ze2mc','excused',NULL,1749949200000),
('zla2om','zls2oa','ze2md','present',NULL,1748394000000),
('zla2on','zls2oa','ze2me','present',NULL,1749949200000),
('zla2oo','zls2oa','ze2mf','absent',NULL,1750899600000),
('zla2pj','zls2pi','ze2p5','present',NULL,1749603600000),
('zla2pk','zls2pi','ze2p6','absent',NULL,1750208400000),
('zla2pl','zls2pi','ze2p7','present',NULL,1750726800000),
('zla2pm','zls2pi','ze2p8','present',NULL,1750813200000),
('zla2pn','zls2pi','ze2p9','present',NULL,1751504400000),
('zla2po','zls2pi','ze2pa','present',NULL,1751590800000),
('zla2pp','zls2pi','ze2pb','absent',NULL,1748912400000),
('zla2pq','zls2pi','ze2pc','present',NULL,1750813200000),
('zla2pr','zls2pi','ze2pd','present',NULL,1750554000000),
('zla2ps','zls2pi','ze2pe','present',NULL,1751763600000),
('zla2pt','zls2pi','ze2pf','present',NULL,1749949200000),
('zla2pu','zls2pi','ze2pg','absent',NULL,1748653200000),
('zla2pv','zls2pi','ze2ph','present',NULL,1748826000000),
('zla2q4','zls2q3','ze2p5','present',NULL,1749776400000),
('zla2q5','zls2q3','ze2p6','absent',NULL,1751418000000),
('zla2q6','zls2q3','ze2p7','present',NULL,1749344400000),
('zla2q7','zls2q3','ze2p8','present',NULL,1751158800000),
('zla2q8','zls2q3','ze2p9','absent',NULL,1748998800000),
('zla2q9','zls2q3','ze2pa','present',NULL,1749430800000),
('zla2qa','zls2q3','ze2pb','present',NULL,1751763600000),
('zla2qb','zls2q3','ze2pc','present',NULL,1751504400000),
('zla2qc','zls2q3','ze2pd','absent',NULL,1749344400000),
('zla2qd','zls2q3','ze2pe','present',NULL,1751418000000),
('zla2qe','zls2q3','ze2pf','absent',NULL,1751331600000),
('zla2qf','zls2q3','ze2pg','present',NULL,1751590800000),
('zla2qg','zls2q3','ze2ph','excused',NULL,1750640400000);
INSERT OR IGNORE INTO lesson_attendance (id,lesson_session_id,enrollment_id,state,note,created_at) VALUES
('zla2qq','zls2qp','ze2p5','absent',NULL,1751158800000),
('zla2qr','zls2qp','ze2p6','present',NULL,1748480400000),
('zla2qs','zls2qp','ze2p7','excused',NULL,1749690000000),
('zla2qt','zls2qp','ze2p8','excused',NULL,1749085200000),
('zla2qu','zls2qp','ze2p9','absent',NULL,1751590800000),
('zla2qv','zls2qp','ze2pa','present',NULL,1750986000000),
('zla2qw','zls2qp','ze2pb','present',NULL,1750726800000),
('zla2qx','zls2qp','ze2pc','absent',NULL,1750813200000),
('zla2qy','zls2qp','ze2pd','present',NULL,1751590800000),
('zla2qz','zls2qp','ze2pe','present',NULL,1748912400000),
('zla2r0','zls2qp','ze2pf','present',NULL,1751590800000),
('zla2r1','zls2qp','ze2pg','present',NULL,1750467600000),
('zla2r2','zls2qp','ze2ph','present',NULL,1751504400000),
('zla2rs','zls2rr','ze2rh','present',NULL,1751504400000),
('zla2rt','zls2rr','ze2ri','excused',NULL,1748998800000),
('zla2ru','zls2rr','ze2rj','present',NULL,1749517200000),
('zla2rv','zls2rr','ze2rk','absent',NULL,1750986000000),
('zla2rw','zls2rr','ze2rl','present',NULL,1750986000000),
('zla2rx','zls2rr','ze2rm','present',NULL,1748826000000),
('zla2ry','zls2rr','ze2rn','present',NULL,1751418000000),
('zla2rz','zls2rr','ze2ro','present',NULL,1749517200000),
('zla2s0','zls2rr','ze2rp','present',NULL,1750208400000),
('zla2s1','zls2rr','ze2rq','absent',NULL,1751331600000),
('zla2sa','zls2s9','ze2rh','present',NULL,1748739600000),
('zla2sb','zls2s9','ze2ri','absent',NULL,1749171600000),
('zla2sc','zls2s9','ze2rj','absent',NULL,1748826000000),
('zla2sd','zls2s9','ze2rk','present',NULL,1750035600000),
('zla2se','zls2s9','ze2rl','present',NULL,1751331600000),
('zla2sf','zls2s9','ze2rm','present',NULL,1749085200000),
('zla2sg','zls2s9','ze2rn','present',NULL,1751590800000),
('zla2sh','zls2s9','ze2ro','absent',NULL,1748394000000),
('zla2si','zls2s9','ze2rp','absent',NULL,1748998800000),
('zla2sj','zls2s9','ze2rq','present',NULL,1748912400000),
('zla2st','zls2ss','ze2rh','excused',NULL,1748394000000),
('zla2su','zls2ss','ze2ri','present',NULL,1748566800000),
('zla2sv','zls2ss','ze2rj','present',NULL,1748739600000),
('zla2sw','zls2ss','ze2rk','present',NULL,1751158800000),
('zla2sx','zls2ss','ze2rl','excused',NULL,1748480400000),
('zla2sy','zls2ss','ze2rm','present',NULL,1748653200000),
('zla2sz','zls2ss','ze2rn','present',NULL,1750813200000),
('zla2t0','zls2ss','ze2ro','excused',NULL,1749085200000),
('zla2t1','zls2ss','ze2rp','excused',NULL,1750381200000),
('zla2t2','zls2ss','ze2rq','present',NULL,1749344400000),
('zla2tw','zls2tv','ze2tl','present',NULL,1748739600000),
('zla2tx','zls2tv','ze2tm','present',NULL,1749171600000),
('zla2ty','zls2tv','ze2tn','present',NULL,1748912400000),
('zla2tz','zls2tv','ze2to','present',NULL,1749344400000),
('zla2u0','zls2tv','ze2tp','absent',NULL,1748394000000),
('zla2u1','zls2tv','ze2tq','present',NULL,1751590800000),
('zla2u2','zls2tv','ze2tr','present',NULL,1749085200000),
('zla2u3','zls2tv','ze2ts','absent',NULL,1750381200000),
('zla2u4','zls2tv','ze2tt','present',NULL,1751677200000),
('zla2u5','zls2tv','ze2tu','present',NULL,1749085200000),
('zla2uc','zls2ub','ze2tl','present',NULL,1750035600000),
('zla2ud','zls2ub','ze2tm','present',NULL,1751677200000),
('zla2ue','zls2ub','ze2tn','absent',NULL,1748912400000),
('zla2uf','zls2ub','ze2to','present',NULL,1748566800000),
('zla2ug','zls2ub','ze2tp','present',NULL,1750554000000),
('zla2uh','zls2ub','ze2tq','present',NULL,1750813200000),
('zla2ui','zls2ub','ze2tr','present',NULL,1750899600000);
INSERT OR IGNORE INTO lesson_attendance (id,lesson_session_id,enrollment_id,state,note,created_at) VALUES
('zla2uj','zls2ub','ze2ts','present',NULL,1750208400000),
('zla2uk','zls2ub','ze2tt','absent',NULL,1751418000000),
('zla2ul','zls2ub','ze2tu','present',NULL,1750640400000),
('zla2vd','zls2vc','ze2uz','present',NULL,1750726800000),
('zla2ve','zls2vc','ze2v0','present',NULL,1751677200000),
('zla2vf','zls2vc','ze2v1','present',NULL,1751763600000),
('zla2vg','zls2vc','ze2v2','absent',NULL,1749171600000),
('zla2vh','zls2vc','ze2v3','present',NULL,1749517200000),
('zla2vi','zls2vc','ze2v4','present',NULL,1751504400000),
('zla2vj','zls2vc','ze2v5','excused',NULL,1751158800000),
('zla2vk','zls2vc','ze2v6','present',NULL,1748998800000),
('zla2vl','zls2vc','ze2v7','present',NULL,1751590800000),
('zla2vm','zls2vc','ze2v8','absent',NULL,1751677200000),
('zla2vn','zls2vc','ze2v9','present',NULL,1750294800000),
('zla2vo','zls2vc','ze2va','present',NULL,1749862800000),
('zla2vp','zls2vc','ze2vb','present',NULL,1749085200000),
('zla2w1','zls2w0','ze2uz','present',NULL,1749603600000),
('zla2w2','zls2w0','ze2v0','absent',NULL,1750640400000),
('zla2w3','zls2w0','ze2v1','present',NULL,1750899600000),
('zla2w4','zls2w0','ze2v2','absent',NULL,1749949200000),
('zla2w5','zls2w0','ze2v3','present',NULL,1748912400000),
('zla2w6','zls2w0','ze2v4','present',NULL,1749085200000),
('zla2w7','zls2w0','ze2v5','present',NULL,1751418000000),
('zla2w8','zls2w0','ze2v6','present',NULL,1748998800000),
('zla2w9','zls2w0','ze2v7','present',NULL,1748394000000),
('zla2wa','zls2w0','ze2v8','present',NULL,1751504400000),
('zla2wb','zls2w0','ze2v9','present',NULL,1749690000000),
('zla2wc','zls2w0','ze2va','excused',NULL,1749171600000),
('zla2wd','zls2w0','ze2vb','present',NULL,1749344400000),
('zla2wy','zls2wx','ze2wo','present',NULL,1751418000000),
('zla2wz','zls2wx','ze2wp','present',NULL,1751245200000),
('zla2x0','zls2wx','ze2wq','present',NULL,1748912400000),
('zla2x1','zls2wx','ze2wr','present',NULL,1751418000000),
('zla2x2','zls2wx','ze2ws','excused',NULL,1748739600000),
('zla2x3','zls2wx','ze2wt','absent',NULL,1749085200000),
('zla2x4','zls2wx','ze2wu','present',NULL,1750294800000),
('zla2x5','zls2wx','ze2wv','present',NULL,1748653200000),
('zla2x6','zls2wx','ze2ww','absent',NULL,1748394000000),
('zla2xe','zls2xd','ze2wo','excused',NULL,1749603600000),
('zla2xf','zls2xd','ze2wp','present',NULL,1751677200000),
('zla2xg','zls2xd','ze2wq','present',NULL,1748566800000),
('zla2xh','zls2xd','ze2wr','present',NULL,1748394000000),
('zla2xi','zls2xd','ze2ws','present',NULL,1749862800000),
('zla2xj','zls2xd','ze2wt','absent',NULL,1751418000000),
('zla2xk','zls2xd','ze2wu','absent',NULL,1749085200000),
('zla2xl','zls2xd','ze2wv','present',NULL,1748566800000),
('zla2xm','zls2xd','ze2ww','present',NULL,1751677200000),
('zla2xu','zls2xt','ze2wo','present',NULL,1749862800000),
('zla2xv','zls2xt','ze2wp','excused',NULL,1748998800000),
('zla2xw','zls2xt','ze2wq','excused',NULL,1750467600000),
('zla2xx','zls2xt','ze2wr','absent',NULL,1748394000000),
('zla2xy','zls2xt','ze2ws','present',NULL,1748998800000),
('zla2xz','zls2xt','ze2wt','absent',NULL,1751590800000),
('zla2y0','zls2xt','ze2wu','absent',NULL,1749344400000),
('zla2y1','zls2xt','ze2wv','absent',NULL,1750208400000),
('zla2y2','zls2xt','ze2ww','absent',NULL,1750813200000),
('zla2y9','zls2y8','ze2wo','excused',NULL,1750381200000),
('zla2ya','zls2y8','ze2wp','excused',NULL,1750035600000),
('zla2yb','zls2y8','ze2wq','present',NULL,1750726800000),
('zla2yc','zls2y8','ze2wr','present',NULL,1750899600000);
INSERT OR IGNORE INTO lesson_attendance (id,lesson_session_id,enrollment_id,state,note,created_at) VALUES
('zla2yd','zls2y8','ze2ws','present',NULL,1749258000000),
('zla2ye','zls2y8','ze2wt','excused',NULL,1749949200000),
('zla2yf','zls2y8','ze2wu','present',NULL,1749517200000),
('zla2yg','zls2y8','ze2wv','present',NULL,1751590800000),
('zla2yh','zls2y8','ze2ww','present',NULL,1750035600000),
('zla2z4','zls2z3','ze2ys','absent',NULL,1749344400000),
('zla2z5','zls2z3','ze2yt','absent',NULL,1748998800000),
('zla2z6','zls2z3','ze2yu','absent',NULL,1749344400000),
('zla2z7','zls2z3','ze2yv','present',NULL,1748566800000),
('zla2z8','zls2z3','ze2yw','present',NULL,1748739600000),
('zla2z9','zls2z3','ze2yx','present',NULL,1748394000000),
('zla2za','zls2z3','ze2yy','present',NULL,1749690000000),
('zla2zb','zls2z3','ze2yz','present',NULL,1748826000000),
('zla2zc','zls2z3','ze2z0','excused',NULL,1751418000000),
('zla2zd','zls2z3','ze2z1','present',NULL,1750208400000),
('zla2ze','zls2z3','ze2z2','present',NULL,1751245200000),
('zla2zm','zls2zl','ze2ys','present',NULL,1748912400000),
('zla2zn','zls2zl','ze2yt','present',NULL,1750381200000),
('zla2zo','zls2zl','ze2yu','present',NULL,1749344400000),
('zla2zp','zls2zl','ze2yv','present',NULL,1750467600000),
('zla2zq','zls2zl','ze2yw','excused',NULL,1748826000000),
('zla2zr','zls2zl','ze2yx','excused',NULL,1750122000000),
('zla2zs','zls2zl','ze2yy','present',NULL,1750381200000),
('zla2zt','zls2zl','ze2yz','absent',NULL,1750294800000),
('zla2zu','zls2zl','ze2z0','present',NULL,1748480400000),
('zla2zv','zls2zl','ze2z1','present',NULL,1748653200000),
('zla2zw','zls2zl','ze2z2','present',NULL,1750208400000),
('zla308','zls307','ze2ys','excused',NULL,1749862800000),
('zla309','zls307','ze2yt','present',NULL,1749862800000),
('zla30a','zls307','ze2yu','present',NULL,1751158800000),
('zla30b','zls307','ze2yv','excused',NULL,1749603600000),
('zla30c','zls307','ze2yw','excused',NULL,1749776400000),
('zla30d','zls307','ze2yx','absent',NULL,1749085200000),
('zla30e','zls307','ze2yy','excused',NULL,1750035600000),
('zla30f','zls307','ze2yz','present',NULL,1748739600000),
('zla30g','zls307','ze2z0','present',NULL,1751763600000),
('zla30h','zls307','ze2z1','present',NULL,1749690000000),
('zla30i','zls307','ze2z2','absent',NULL,1751158800000),
('zla319','zls318','ze310','absent',NULL,1751590800000),
('zla31a','zls318','ze311','present',NULL,1750035600000),
('zla31b','zls318','ze312','present',NULL,1750986000000),
('zla31c','zls318','ze313','present',NULL,1751418000000),
('zla31d','zls318','ze314','present',NULL,1750813200000),
('zla31e','zls318','ze315','absent',NULL,1750035600000),
('zla31f','zls318','ze316','present',NULL,1749171600000),
('zla31g','zls318','ze317','absent',NULL,1748566800000),
('zla31o','zls31n','ze310','present',NULL,1749085200000),
('zla31p','zls31n','ze311','excused',NULL,1748480400000),
('zla31q','zls31n','ze312','present',NULL,1748826000000),
('zla31r','zls31n','ze313','present',NULL,1751418000000),
('zla31s','zls31n','ze314','present',NULL,1750986000000),
('zla31t','zls31n','ze315','present',NULL,1748394000000),
('zla31u','zls31n','ze316','absent',NULL,1749776400000),
('zla31v','zls31n','ze317','absent',NULL,1750208400000),
('zla31z','zls31y','ze310','present',NULL,1750899600000),
('zla320','zls31y','ze311','excused',NULL,1750208400000),
('zla321','zls31y','ze312','present',NULL,1749776400000),
('zla322','zls31y','ze313','absent',NULL,1750294800000),
('zla323','zls31y','ze314','present',NULL,1748566800000),
('zla324','zls31y','ze315','present',NULL,1748394000000);
INSERT OR IGNORE INTO lesson_attendance (id,lesson_session_id,enrollment_id,state,note,created_at) VALUES
('zla325','zls31y','ze316','present',NULL,1750208400000),
('zla326','zls31y','ze317','present',NULL,1750467600000),
('zla32c','zls32b','ze310','absent',NULL,1750467600000),
('zla32d','zls32b','ze311','present',NULL,1750294800000),
('zla32e','zls32b','ze312','present',NULL,1750726800000),
('zla32f','zls32b','ze313','absent',NULL,1750294800000),
('zla32g','zls32b','ze314','present',NULL,1750986000000),
('zla32h','zls32b','ze315','present',NULL,1749949200000),
('zla32i','zls32b','ze316','present',NULL,1751158800000),
('zla32j','zls32b','ze317','present',NULL,1750035600000),
('zla339','zls338','ze32w','excused',NULL,1749171600000),
('zla33a','zls338','ze32x','present',NULL,1749603600000),
('zla33b','zls338','ze32y','present',NULL,1751158800000),
('zla33c','zls338','ze32z','excused',NULL,1750208400000),
('zla33d','zls338','ze330','present',NULL,1751504400000),
('zla33e','zls338','ze331','excused',NULL,1749862800000),
('zla33f','zls338','ze332','present',NULL,1748739600000),
('zla33g','zls338','ze333','excused',NULL,1749517200000),
('zla33h','zls338','ze334','excused',NULL,1749085200000),
('zla33i','zls338','ze335','present',NULL,1750294800000),
('zla33j','zls338','ze336','present',NULL,1750208400000),
('zla33k','zls338','ze337','absent',NULL,1751504400000),
('zla33q','zls33p','ze32w','present',NULL,1749171600000),
('zla33r','zls33p','ze32x','present',NULL,1749258000000),
('zla33s','zls33p','ze32y','present',NULL,1750381200000),
('zla33t','zls33p','ze32z','present',NULL,1750122000000),
('zla33u','zls33p','ze330','present',NULL,1750813200000),
('zla33v','zls33p','ze331','absent',NULL,1749862800000),
('zla33w','zls33p','ze332','present',NULL,1750899600000),
('zla33x','zls33p','ze333','present',NULL,1750381200000),
('zla33y','zls33p','ze334','present',NULL,1750986000000),
('zla33z','zls33p','ze335','present',NULL,1750813200000),
('zla340','zls33p','ze336','absent',NULL,1750467600000),
('zla341','zls33p','ze337','absent',NULL,1748739600000),
('zla34t','zls34s','ze34k','excused',NULL,1749690000000),
('zla34u','zls34s','ze34l','absent',NULL,1751331600000),
('zla34v','zls34s','ze34m','present',NULL,1749949200000),
('zla34w','zls34s','ze34n','present',NULL,1748566800000),
('zla34x','zls34s','ze34o','absent',NULL,1749258000000),
('zla34y','zls34s','ze34p','present',NULL,1748998800000),
('zla34z','zls34s','ze34q','present',NULL,1750122000000),
('zla350','zls34s','ze34r','present',NULL,1749949200000),
('zla354','zls353','ze34k','excused',NULL,1750554000000),
('zla355','zls353','ze34l','absent',NULL,1748394000000),
('zla356','zls353','ze34m','absent',NULL,1751504400000),
('zla357','zls353','ze34n','present',NULL,1751504400000),
('zla358','zls353','ze34o','present',NULL,1749949200000),
('zla359','zls353','ze34p','present',NULL,1750813200000),
('zla35a','zls353','ze34q','present',NULL,1750381200000),
('zla35b','zls353','ze34r','present',NULL,1748998800000),
('zla35h','zls35g','ze34k','present',NULL,1749690000000),
('zla35i','zls35g','ze34l','absent',NULL,1748826000000),
('zla35j','zls35g','ze34m','present',NULL,1749344400000),
('zla35k','zls35g','ze34n','absent',NULL,1749430800000),
('zla35l','zls35g','ze34o','present',NULL,1749430800000),
('zla35m','zls35g','ze34p','absent',NULL,1749258000000),
('zla35n','zls35g','ze34q','present',NULL,1751245200000),
('zla35o','zls35g','ze34r','present',NULL,1750554000000),
('zla35w','zls35v','ze34k','present',NULL,1751331600000),
('zla35x','zls35v','ze34l','present',NULL,1749258000000);
INSERT OR IGNORE INTO lesson_attendance (id,lesson_session_id,enrollment_id,state,note,created_at) VALUES
('zla35y','zls35v','ze34m','present',NULL,1751763600000),
('zla35z','zls35v','ze34n','excused',NULL,1748998800000),
('zla360','zls35v','ze34o','present',NULL,1748394000000),
('zla361','zls35v','ze34p','present',NULL,1750813200000),
('zla362','zls35v','ze34q','excused',NULL,1751418000000),
('zla363','zls35v','ze34r','present',NULL,1748566800000),
('zla367','zls366','ze34k','present',NULL,1750208400000),
('zla368','zls366','ze34l','absent',NULL,1750467600000),
('zla369','zls366','ze34m','absent',NULL,1749690000000),
('zla36a','zls366','ze34n','present',NULL,1750813200000),
('zla36b','zls366','ze34o','present',NULL,1750467600000),
('zla36c','zls366','ze34p','present',NULL,1750381200000),
('zla36d','zls366','ze34q','absent',NULL,1750986000000),
('zla36e','zls366','ze34r','present',NULL,1748739600000),
('zla374','zls373','ze36u','present',NULL,1750294800000),
('zla375','zls373','ze36v','absent',NULL,1750986000000),
('zla376','zls373','ze36w','absent',NULL,1750554000000),
('zla377','zls373','ze36x','present',NULL,1750294800000),
('zla378','zls373','ze36y','excused',NULL,1751245200000),
('zla379','zls373','ze36z','present',NULL,1750986000000),
('zla37a','zls373','ze370','present',NULL,1749862800000),
('zla37b','zls373','ze371','excused',NULL,1750726800000),
('zla37c','zls373','ze372','excused',NULL,1748566800000),
('zla37h','zls37g','ze36u','present',NULL,1748739600000),
('zla37i','zls37g','ze36v','present',NULL,1750122000000),
('zla37j','zls37g','ze36w','present',NULL,1751072400000),
('zla37k','zls37g','ze36x','excused',NULL,1749862800000),
('zla37l','zls37g','ze36y','absent',NULL,1748480400000),
('zla37m','zls37g','ze36z','present',NULL,1750467600000),
('zla37n','zls37g','ze370','present',NULL,1751418000000),
('zla37o','zls37g','ze371','present',NULL,1748739600000),
('zla37p','zls37g','ze372','excused',NULL,1749776400000),
('zla37t','zls37s','ze36u','excused',NULL,1751331600000),
('zla37u','zls37s','ze36v','excused',NULL,1751245200000),
('zla37v','zls37s','ze36w','present',NULL,1750035600000),
('zla37w','zls37s','ze36x','present',NULL,1750035600000),
('zla37x','zls37s','ze36y','absent',NULL,1748826000000),
('zla37y','zls37s','ze36z','present',NULL,1750294800000),
('zla37z','zls37s','ze370','present',NULL,1750122000000),
('zla380','zls37s','ze371','excused',NULL,1749258000000),
('zla381','zls37s','ze372','present',NULL,1751763600000),
('zla38t','zls38s','ze38e','excused',NULL,1749085200000),
('zla38u','zls38s','ze38f','excused',NULL,1748998800000),
('zla38v','zls38s','ze38g','absent',NULL,1750726800000),
('zla38w','zls38s','ze38h','absent',NULL,1748566800000),
('zla38x','zls38s','ze38i','excused',NULL,1751072400000),
('zla38y','zls38s','ze38j','absent',NULL,1750035600000),
('zla38z','zls38s','ze38k','present',NULL,1749085200000),
('zla390','zls38s','ze38l','present',NULL,1749776400000),
('zla391','zls38s','ze38m','present',NULL,1749258000000),
('zla392','zls38s','ze38n','present',NULL,1750726800000),
('zla393','zls38s','ze38o','present',NULL,1750208400000),
('zla394','zls38s','ze38p','present',NULL,1748912400000),
('zla395','zls38s','ze38q','absent',NULL,1749430800000),
('zla396','zls38s','ze38r','present',NULL,1751590800000),
('zla39e','zls39d','ze38e','absent',NULL,1749171600000),
('zla39f','zls39d','ze38f','present',NULL,1751590800000),
('zla39g','zls39d','ze38g','present',NULL,1750467600000),
('zla39h','zls39d','ze38h','excused',NULL,1750640400000),
('zla39i','zls39d','ze38i','present',NULL,1749949200000);
INSERT OR IGNORE INTO lesson_attendance (id,lesson_session_id,enrollment_id,state,note,created_at) VALUES
('zla39j','zls39d','ze38j','absent',NULL,1751158800000),
('zla39k','zls39d','ze38k','excused',NULL,1749344400000),
('zla39l','zls39d','ze38l','absent',NULL,1750035600000),
('zla39m','zls39d','ze38m','excused',NULL,1749517200000),
('zla39n','zls39d','ze38n','present',NULL,1749603600000),
('zla39o','zls39d','ze38o','present',NULL,1748998800000),
('zla39p','zls39d','ze38p','absent',NULL,1750467600000),
('zla39q','zls39d','ze38q','present',NULL,1750035600000),
('zla39r','zls39d','ze38r','present',NULL,1751418000000),
('zla39z','zls39y','ze38e','present',NULL,1748480400000),
('zla3a0','zls39y','ze38f','present',NULL,1750640400000),
('zla3a1','zls39y','ze38g','present',NULL,1750035600000),
('zla3a2','zls39y','ze38h','present',NULL,1750035600000),
('zla3a3','zls39y','ze38i','present',NULL,1749258000000),
('zla3a4','zls39y','ze38j','absent',NULL,1748394000000),
('zla3a5','zls39y','ze38k','present',NULL,1751418000000),
('zla3a6','zls39y','ze38l','absent',NULL,1749776400000),
('zla3a7','zls39y','ze38m','present',NULL,1750035600000),
('zla3a8','zls39y','ze38n','absent',NULL,1748998800000),
('zla3a9','zls39y','ze38o','present',NULL,1748480400000),
('zla3aa','zls39y','ze38p','absent',NULL,1749430800000),
('zla3ab','zls39y','ze38q','present',NULL,1750208400000),
('zla3ac','zls39y','ze38r','present',NULL,1751331600000),
('zla3b8','zls3b7','ze3as','present',NULL,1748566800000),
('zla3b9','zls3b7','ze3at','excused',NULL,1749517200000),
('zla3ba','zls3b7','ze3au','present',NULL,1751418000000),
('zla3bb','zls3b7','ze3av','present',NULL,1749344400000),
('zla3bc','zls3b7','ze3aw','absent',NULL,1748912400000),
('zla3bd','zls3b7','ze3ax','excused',NULL,1749862800000),
('zla3be','zls3b7','ze3ay','excused',NULL,1750986000000),
('zla3bf','zls3b7','ze3az','excused',NULL,1750640400000),
('zla3bg','zls3b7','ze3b0','excused',NULL,1751158800000),
('zla3bh','zls3b7','ze3b1','absent',NULL,1748394000000),
('zla3bi','zls3b7','ze3b2','excused',NULL,1751331600000),
('zla3bj','zls3b7','ze3b3','present',NULL,1750208400000),
('zla3bk','zls3b7','ze3b4','excused',NULL,1750726800000),
('zla3bl','zls3b7','ze3b5','present',NULL,1751245200000),
('zla3bm','zls3b7','ze3b6','present',NULL,1748912400000),
('zla3bv','zls3bu','ze3as','present',NULL,1750294800000),
('zla3bw','zls3bu','ze3at','present',NULL,1748480400000),
('zla3bx','zls3bu','ze3au','present',NULL,1750122000000),
('zla3by','zls3bu','ze3av','excused',NULL,1748653200000),
('zla3bz','zls3bu','ze3aw','present',NULL,1749430800000),
('zla3c0','zls3bu','ze3ax','absent',NULL,1749085200000),
('zla3c1','zls3bu','ze3ay','excused',NULL,1749517200000),
('zla3c2','zls3bu','ze3az','present',NULL,1749430800000),
('zla3c3','zls3bu','ze3b0','excused',NULL,1751504400000),
('zla3c4','zls3bu','ze3b1','absent',NULL,1750467600000),
('zla3c5','zls3bu','ze3b2','excused',NULL,1749344400000),
('zla3c6','zls3bu','ze3b3','absent',NULL,1749603600000),
('zla3c7','zls3bu','ze3b4','present',NULL,1748480400000),
('zla3c8','zls3bu','ze3b5','excused',NULL,1750640400000),
('zla3c9','zls3bu','ze3b6','present',NULL,1749517200000),
('zla3cx','zls3cw','ze3cn','absent',NULL,1749517200000),
('zla3cy','zls3cw','ze3co','present',NULL,1751158800000),
('zla3cz','zls3cw','ze3cp','present',NULL,1749171600000),
('zla3d0','zls3cw','ze3cq','present',NULL,1750899600000),
('zla3d1','zls3cw','ze3cr','present',NULL,1751590800000),
('zla3d2','zls3cw','ze3cs','absent',NULL,1749690000000),
('zla3d3','zls3cw','ze3ct','present',NULL,1751418000000);
INSERT OR IGNORE INTO lesson_attendance (id,lesson_session_id,enrollment_id,state,note,created_at) VALUES
('zla3d4','zls3cw','ze3cu','present',NULL,1748480400000),
('zla3d5','zls3cw','ze3cv','present',NULL,1751763600000),
('zla3da','zls3d9','ze3cn','absent',NULL,1749862800000),
('zla3db','zls3d9','ze3co','present',NULL,1750813200000),
('zla3dc','zls3d9','ze3cp','excused',NULL,1750640400000),
('zla3dd','zls3d9','ze3cq','excused',NULL,1751504400000),
('zla3de','zls3d9','ze3cr','excused',NULL,1751072400000),
('zla3df','zls3d9','ze3cs','absent',NULL,1751504400000),
('zla3dg','zls3d9','ze3ct','present',NULL,1749171600000),
('zla3dh','zls3d9','ze3cu','present',NULL,1750122000000),
('zla3di','zls3d9','ze3cv','absent',NULL,1749344400000);
INSERT OR IGNORE INTO lesson_sessions (id,halaqa_id,teacher_id,date_hijri,hijri_month,lesson_title,majlis,duration_hours,materials,attendance_count,self_eval,companion_activities,status,rejection_reason,approved_by,created_at) VALUES
('zls1ai','zhl1a3','zt19z','1447-06-15','1447-06','آداب طالبة العلم','المجلس الأول: النية',2,NULL,10,4,NULL,'recorded',NULL,NULL,1749171600000),
('zls1b2','zhl1a3','zt19z','1447-06-22','1447-06','مدارسة على بصيرة','المجلس الثاني: الإخلاص',2,NULL,9,5,'توزيع مطويات','approved',NULL,'u-admin',1750640400000),
('zls1bj','zhl1a3','zt19z','1447-06-13','1447-06','سيرة نبوية','المجلس الأول: النية',2,NULL,9,5,'زيارة مريضة','recorded',NULL,NULL,1750467600000),
('zls1cv','zhl1cg','zt1cd','1447-06-23','1447-06','سيرة نبوية','المجلس الخامس: بر الوالدين',1,NULL,7,3,NULL,'recorded',NULL,NULL,1749949200000),
('zls1de','zhl1cg','zt1cd','1447-06-24','1447-06','تثبيت الحفظ','المجلس الثاني: الإخلاص',1,NULL,10,3,NULL,'recorded',NULL,NULL,1749776400000),
('zls1ek','zhl1e7','zt1e4','1447-06-23','1447-06','تزكية وسلوك','المجلس الخامس: بر الوالدين',1,NULL,7,4,'زيارة مريضة','approved',NULL,'u-admin',1749085200000),
('zls1f5','zhl1e7','zt1e4','1447-06-21','1447-06','تثبيت الحفظ','المجلس الرابع: الصحبة',1.5,NULL,8,3,NULL,'approved',NULL,'u-admin',1751072400000),
('zls1fo','zhl1e7','zt1e4','1447-06-22','1447-06','تثبيت الحفظ','المجلس الخامس: بر الوالدين',2,NULL,5,4,'توزيع مطويات','approved',NULL,'u-admin',1751072400000),
('zls1gr','zhl1gh','zt1ge','1447-06-10','1447-06','سيرة نبوية','المجلس الرابع: الصحبة',1.5,NULL,7,5,'زيارة مريضة','recorded',NULL,NULL,1751245200000),
('zls1h6','zhl1gh','zt1ge','1447-06-15','1447-06','آداب طالبة العلم','المجلس الثاني: الإخلاص',1,NULL,6,3,NULL,'recorded',NULL,NULL,1748739600000),
('zls1hj','zhl1gh','zt1ge','1447-06-13','1447-06','آداب طالبة العلم','المجلس الرابع: الصحبة',1.5,NULL,3,3,'توزيع مطويات','recorded',NULL,NULL,1748653200000),
('zls1ik','zhl1i4','zt1i1','1447-06-04','1447-06','تزكية وسلوك','المجلس الأول: النية',1.5,NULL,9,4,'جولة دعوية','rejected','يلزم استكمال التقرير',NULL,1749430800000),
('zls1j8','zhl1i4','zt1i1','1447-06-04','1447-06','مدارسة على بصيرة','المجلس الرابع: الصحبة',1,NULL,9,5,'جولة دعوية','rejected','يلزم استكمال التقرير',NULL,1749258000000),
('zls1ju','zhl1i4','zt1i1','1447-06-02','1447-06','تزكية وسلوك','المجلس الأول: النية',2,NULL,11,3,'توزيع مطويات','approved',NULL,'u-admin',1751590800000),
('zls1kj','zhl1i4','zt1i1','1447-06-04','1447-06','تزكية وسلوك','المجلس الثاني: الإخلاص',1.5,NULL,9,4,NULL,'approved',NULL,'u-admin',1750554000000),
('zls1lu','zhl1lg','zt1ld','1447-06-20','1447-06','آداب طالبة العلم','المجلس الخامس: بر الوالدين',1,NULL,7,4,NULL,'recorded',NULL,NULL,1749085200000),
('zls1mg','zhl1lg','zt1ld','1447-06-10','1447-06','آداب طالبة العلم','المجلس الثالث: الصلاة',2,NULL,7,3,'جولة دعوية','approved',NULL,'u-admin',1751763600000),
('zls1mz','zhl1lg','zt1ld','1447-06-22','1447-06','آداب طالبة العلم','المجلس الثالث: الصلاة',1,NULL,8,4,NULL,'approved',NULL,'u-admin',1748566800000),
('zls1nn','zhl1lg','zt1ld','1447-06-07','1447-06','سيرة نبوية','المجلس الخامس: بر الوالدين',1,NULL,5,3,'توزيع مطويات','approved',NULL,'u-admin',1751418000000),
('zls1o8','zhl1lg','zt1ld','1447-06-17','1447-06','آداب طالبة العلم','المجلس الرابع: الصحبة',2,NULL,7,3,'توزيع مطويات','approved',NULL,'u-admin',1751677200000),
('zls1pc','zhl1oy','zt1ov','1447-06-17','1447-06','تثبيت الحفظ','المجلس الخامس: بر الوالدين',1,NULL,8,3,NULL,'recorded',NULL,NULL,1751072400000),
('zls1py','zhl1oy','zt1ov','1447-06-20','1447-06','تزكية وسلوك','المجلس الرابع: الصحبة',1.5,NULL,9,4,'توزيع مطويات','recorded',NULL,NULL,1750813200000),
('zls1qk','zhl1oy','zt1ov','1447-06-14','1447-06','تثبيت الحفظ','المجلس السادس: حسن الخلق',2,NULL,7,3,'زيارة مريضة','rejected','يلزم استكمال التقرير',NULL,1750640400000),
('zls1r4','zhl1oy','zt1ov','1447-06-03','1447-06','آداب طالبة العلم','المجلس الخامس: بر الوالدين',2,NULL,10,5,'زيارة مريضة','recorded',NULL,NULL,1750035600000),
('zls1sb','zhl1rw','zt1rt','1447-06-10','1447-06','سيرة نبوية','المجلس الأول: النية',1.5,NULL,8,4,'توزيع مطويات','recorded',NULL,NULL,1748653200000),
('zls1su','zhl1rw','zt1rt','1447-06-02','1447-06','فقه العبادات','المجلس السادس: حسن الخلق',2,NULL,7,5,NULL,'approved',NULL,'u-admin',1748566800000),
('zls1tf','zhl1rw','zt1rt','1447-06-11','1447-06','تثبيت الحفظ','المجلس الرابع: الصحبة',1,NULL,8,4,'جولة دعوية','rejected','يلزم استكمال التقرير',NULL,1750986000000),
('zls1tz','zhl1rw','zt1rt','1447-06-01','1447-06','آداب طالبة العلم','المجلس الخامس: بر الوالدين',2,NULL,10,3,'توزيع مطويات','approved',NULL,'u-admin',1750208400000),
('zls1v4','zhl1uv','zt1us','1447-06-03','1447-06','تثبيت الحفظ','المجلس الأول: النية',1.5,NULL,7,5,'جولة دعوية','recorded',NULL,NULL,1750640400000),
('zls1vg','zhl1uv','zt1us','1447-06-03','1447-06','مدارسة على بصيرة','المجلس الرابع: الصحبة',1,NULL,5,3,'زيارة مريضة','recorded',NULL,NULL,1751418000000),
('zls1vs','zhl1uv','zt1us','1447-06-15','1447-06','تثبيت الحفظ','المجلس الخامس: بر الوالدين',1.5,NULL,5,4,'توزيع مطويات','approved',NULL,'u-admin',1751763600000),
('zls1w6','zhl1uv','zt1us','1447-06-14','1447-06','تثبيت الحفظ','المجلس الرابع: الصحبة',2,NULL,5,3,'جولة دعوية','rejected','يلزم استكمال التقرير',NULL,1751504400000),
('zls1x5','zhl1wq','zt1wn','1447-06-25','1447-06','تثبيت الحفظ','المجلس الرابع: الصحبة',1,NULL,9,5,'زيارة مريضة','approved',NULL,'u-admin',1750813200000),
('zls1xr','zhl1wq','zt1wn','1447-06-21','1447-06','تزكية وسلوك','المجلس السادس: حسن الخلق',1,NULL,8,4,'توزيع مطويات','rejected','يلزم استكمال التقرير',NULL,1751590800000),
('zls1yy','zhl1yj','zt1yg','1447-06-18','1447-06','تثبيت الحفظ','المجلس الخامس: بر الوالدين',2,NULL,8,5,NULL,'approved',NULL,'u-admin',1749690000000),
('zls1zj','zhl1yj','zt1yg','1447-06-09','1447-06','سيرة نبوية','المجلس الخامس: بر الوالدين',1.5,NULL,12,4,'زيارة مريضة','recorded',NULL,NULL,1750640400000),
('zls204','zhl1yj','zt1yg','1447-06-10','1447-06','تثبيت الحفظ','المجلس الأول: النية',1,NULL,9,3,'توزيع مطويات','recorded',NULL,NULL,1750208400000),
('zls20p','zhl1yj','zt1yg','1447-06-23','1447-06','مدارسة على بصيرة','المجلس الأول: النية',1,NULL,4,3,NULL,'approved',NULL,'u-admin',1750381200000),
('zls21c','zhl1yj','zt1yg','1447-06-17','1447-06','تثبيت الحفظ','المجلس الثاني: الإخلاص',1,NULL,12,3,'زيارة مريضة','approved',NULL,'u-admin',1748912400000),
('zls22j','zhl223','zt220','1447-06-19','1447-06','تزكية وسلوك','المجلس الأول: النية',1.5,NULL,9,5,'جولة دعوية','approved',NULL,'u-admin',1749690000000),
('zls235','zhl223','zt220','1447-06-11','1447-06','فقه العبادات','المجلس الخامس: بر الوالدين',2,NULL,10,5,'جولة دعوية','recorded',NULL,NULL,1750035600000),
('zls23r','zhl223','zt220','1447-06-21','1447-06','آداب طالبة العلم','المجلس الثاني: الإخلاص',1,NULL,9,4,NULL,'rejected','يلزم استكمال التقرير',NULL,1750813200000),
('zls24u','zhl24k','zt24h','1447-06-28','1447-06','آداب طالبة العلم','المجلس الأول: النية',2,NULL,8,4,'توزيع مطويات','approved',NULL,'u-admin',1749862800000),
('zls259','zhl24k','zt24h','1447-06-04','1447-06','آداب طالبة العلم','المجلس الخامس: بر الوالدين',2,NULL,7,3,NULL,'approved',NULL,'u-admin',1750208400000),
('zls25m','zhl24k','zt24h','1447-06-08','1447-06','سيرة نبوية','المجلس الخامس: بر الوالدين',1,NULL,5,4,NULL,'recorded',NULL,NULL,1748739600000),
('zls261','zhl24k','zt24h','1447-06-12','1447-06','تزكية وسلوك','المجلس السادس: حسن الخلق',2,NULL,7,5,'زيارة مريضة','approved',NULL,'u-admin',1750640400000),
('zls278','zhl26u','zt26r','1447-06-14','1447-06','آداب طالبة العلم','المجلس السادس: حسن الخلق',2,NULL,8,5,'توزيع مطويات','rejected','يلزم استكمال التقرير',NULL,1749344400000),
('zls27t','zhl26u','zt26r','1447-06-05','1447-06','آداب طالبة العلم','المجلس الثالث: الصلاة',2,NULL,5,4,'زيارة مريضة','approved',NULL,'u-admin',1750554000000),
('zls28g','zhl26u','zt26r','1447-06-14','1447-06','فقه العبادات','المجلس الثاني: الإخلاص',1,NULL,7,5,NULL,'rejected','يلزم استكمال التقرير',NULL,1750640400000),
('zls29h','zhl295','zt292','1447-06-22','1447-06','تزكية وسلوك','المجلس السادس: حسن الخلق',2,NULL,8,3,'توزيع مطويات','approved',NULL,'u-admin',1750035600000),
('zls2a0','zhl295','zt292','1447-06-24','1447-06','مدارسة على بصيرة','المجلس الرابع: الصحبة',1,NULL,5,3,NULL,'rejected','يلزم استكمال التقرير',NULL,1748826000000),
('zls2ah','zhl295','zt292','1447-06-03','1447-06','سيرة نبوية','المجلس الخامس: بر الوالدين',2,NULL,7,4,'زيارة مريضة','rejected','يلزم استكمال التقرير',NULL,1749344400000),
('zls2bl','zhl2b7','zt2b4','1447-06-12','1447-06','سيرة نبوية','المجلس الأول: النية',2,NULL,11,5,'توزيع مطويات','recorded',NULL,NULL,1748480400000),
('zls2c5','zhl2b7','zt2b4','1447-06-14','1447-06','تثبيت الحفظ','المجلس السادس: حسن الخلق',1.5,NULL,9,5,NULL,'recorded',NULL,NULL,1750381200000),
('zls2cr','zhl2b7','zt2b4','1447-06-05','1447-06','مدارسة على بصيرة','المجلس الثاني: الإخلاص',1,NULL,8,3,'جولة دعوية','approved',NULL,'u-admin',1748480400000),
('zls2du','zhl2di','zt2df','1447-06-27','1447-06','فقه العبادات','المجلس السادس: حسن الخلق',1.5,NULL,9,5,'توزيع مطويات','recorded',NULL,NULL,1751418000000),
('zls2ec','zhl2di','zt2df','1447-06-06','1447-06','تثبيت الحفظ','المجلس الرابع: الصحبة',1.5,NULL,9,3,'توزيع مطويات','approved',NULL,'u-admin',1749862800000),
('zls2fc','zhl2f3','zt2f0','1447-06-27','1447-06','فقه العبادات','المجلس السادس: حسن الخلق',1.5,NULL,4,5,'جولة دعوية','recorded',NULL,NULL,1748998800000),
('zls2fp','zhl2f3','zt2f0','1447-06-01','1447-06','آداب طالبة العلم','المجلس الرابع: الصحبة',1.5,NULL,4,4,'توزيع مطويات','recorded',NULL,NULL,1748480400000),
('zls2fz','zhl2f3','zt2f0','1447-06-17','1447-06','فقه العبادات','المجلس الثاني: الإخلاص',2,NULL,4,4,'جولة دعوية','approved',NULL,'u-admin',1748826000000);
INSERT OR IGNORE INTO lesson_sessions (id,halaqa_id,teacher_id,date_hijri,hijri_month,lesson_title,majlis,duration_hours,materials,attendance_count,self_eval,companion_activities,status,rejection_reason,approved_by,created_at) VALUES
('zls2gs','zhl2gj','zt2gg','1447-06-27','1447-06','سيرة نبوية','المجلس الرابع: الصحبة',1,NULL,4,4,'جولة دعوية','recorded',NULL,NULL,1748566800000),
('zls2h5','zhl2gj','zt2gg','1447-06-21','1447-06','آداب طالبة العلم','المجلس الثالث: الصلاة',1,NULL,8,3,'توزيع مطويات','recorded',NULL,NULL,1748998800000),
('zls2hi','zhl2gj','zt2gg','1447-06-15','1447-06','سيرة نبوية','المجلس الأول: النية',2,NULL,3,4,'جولة دعوية','recorded',NULL,NULL,1749603600000),
('zls2hw','zhl2gj','zt2gg','1447-06-20','1447-06','آداب طالبة العلم','المجلس الأول: النية',1.5,NULL,4,5,'زيارة مريضة','approved',NULL,'u-admin',1750813200000),
('zls2is','zhl2ig','zt2id','1447-06-18','1447-06','آداب طالبة العلم','المجلس الثاني: الإخلاص',1,NULL,8,3,'زيارة مريضة','approved',NULL,'u-admin',1749258000000),
('zls2jb','zhl2ig','zt2id','1447-06-17','1447-06','سيرة نبوية','المجلس السادس: حسن الخلق',1.5,NULL,7,5,'زيارة مريضة','approved',NULL,'u-admin',1751418000000),
('zls2kc','zhl2k1','zt2jy','1447-06-13','1447-06','تزكية وسلوك','المجلس الأول: النية',1.5,NULL,4,5,'زيارة مريضة','rejected','يلزم استكمال التقرير',NULL,1750294800000),
('zls2kt','zhl2k1','zt2jy','1447-06-24','1447-06','آداب طالبة العلم','المجلس الأول: النية',2,NULL,7,4,'جولة دعوية','approved',NULL,'u-admin',1750035600000),
('zls2la','zhl2k1','zt2jy','1447-06-05','1447-06','تثبيت الحفظ','المجلس الخامس: بر الوالدين',2,NULL,5,5,'زيارة مريضة','rejected','يلزم استكمال التقرير',NULL,1751072400000),
('zls2mg','zhl2m1','zt2ly','1447-06-08','1447-06','مدارسة على بصيرة','المجلس الرابع: الصحبة',1,NULL,10,4,NULL,'approved',NULL,'u-admin',1751418000000),
('zls2mz','zhl2m1','zt2ly','1447-06-15','1447-06','تثبيت الحفظ','المجلس الأول: النية',2,NULL,8,3,'زيارة مريضة','approved',NULL,'u-admin',1748653200000),
('zls2nl','zhl2m1','zt2ly','1447-06-24','1447-06','مدارسة على بصيرة','المجلس الأول: النية',1,NULL,7,3,'جولة دعوية','recorded',NULL,NULL,1751418000000),
('zls2oa','zhl2m1','zt2ly','1447-06-09','1447-06','تزكية وسلوك','المجلس الثاني: الإخلاص',2,NULL,10,3,'جولة دعوية','recorded',NULL,NULL,1751504400000),
('zls2pi','zhl2p4','zt2p1','1447-06-14','1447-06','فقه العبادات','المجلس السادس: حسن الخلق',1.5,NULL,10,5,NULL,'recorded',NULL,NULL,1748998800000),
('zls2q3','zhl2p4','zt2p1','1447-06-06','1447-06','تزكية وسلوك','المجلس الرابع: الصحبة',1,NULL,8,5,'جولة دعوية','approved',NULL,'u-admin',1751072400000),
('zls2qp','zhl2p4','zt2p1','1447-06-02','1447-06','آداب طالبة العلم','المجلس السادس: حسن الخلق',2,NULL,8,4,'جولة دعوية','approved',NULL,'u-admin',1748912400000),
('zls2rr','zhl2rg','zt2rd','1447-06-27','1447-06','آداب طالبة العلم','المجلس السادس: حسن الخلق',2,NULL,7,3,'توزيع مطويات','approved',NULL,'u-admin',1750640400000),
('zls2s9','zhl2rg','zt2rd','1447-06-25','1447-06','آداب طالبة العلم','المجلس الرابع: الصحبة',1.5,NULL,6,3,NULL,'recorded',NULL,NULL,1751418000000),
('zls2ss','zhl2rg','zt2rd','1447-06-22','1447-06','تثبيت الحفظ','المجلس السادس: حسن الخلق',2,NULL,6,4,NULL,'approved',NULL,'u-admin',1749085200000),
('zls2tv','zhl2tk','zt2th','1447-06-25','1447-06','سيرة نبوية','المجلس الرابع: الصحبة',1,NULL,8,4,NULL,'approved',NULL,'u-admin',1750381200000),
('zls2ub','zhl2tk','zt2th','1447-06-25','1447-06','تزكية وسلوك','المجلس الثاني: الإخلاص',2,NULL,8,5,'زيارة مريضة','rejected','يلزم استكمال التقرير',NULL,1750986000000),
('zls2vc','zhl2uy','zt2uv','1447-06-13','1447-06','مدارسة على بصيرة','المجلس الأول: النية',1,NULL,10,4,'زيارة مريضة','recorded',NULL,NULL,1750640400000),
('zls2w0','zhl2uy','zt2uv','1447-06-20','1447-06','سيرة نبوية','المجلس السادس: حسن الخلق',1.5,NULL,10,3,'جولة دعوية','approved',NULL,'u-admin',1751331600000),
('zls2wx','zhl2wn','zt2wk','1447-06-14','1447-06','تثبيت الحفظ','المجلس الأول: النية',2,NULL,6,5,NULL,'approved',NULL,'u-admin',1750208400000),
('zls2xd','zhl2wn','zt2wk','1447-06-24','1447-06','مدارسة على بصيرة','المجلس الخامس: بر الوالدين',1.5,NULL,6,5,'توزيع مطويات','approved',NULL,'u-admin',1749776400000),
('zls2xt','zhl2wn','zt2wk','1447-06-13','1447-06','سيرة نبوية','المجلس الخامس: بر الوالدين',2,NULL,2,3,'جولة دعوية','approved',NULL,'u-admin',1750467600000),
('zls2y8','zhl2wn','zt2wk','1447-06-06','1447-06','تثبيت الحفظ','المجلس الرابع: الصحبة',1,NULL,6,5,'توزيع مطويات','rejected','يلزم استكمال التقرير',NULL,1749344400000),
('zls2z3','zhl2yr','zt2yo','1447-06-13','1447-06','آداب طالبة العلم','المجلس الخامس: بر الوالدين',1.5,NULL,7,5,'توزيع مطويات','approved',NULL,'u-admin',1750813200000),
('zls2zl','zhl2yr','zt2yo','1447-06-16','1447-06','تثبيت الحفظ','المجلس السادس: حسن الخلق',1.5,NULL,8,3,NULL,'approved',NULL,'u-admin',1751331600000),
('zls307','zhl2yr','zt2yo','1447-06-10','1447-06','سيرة نبوية','المجلس الأول: النية',1.5,NULL,5,4,'جولة دعوية','approved',NULL,'u-admin',1750208400000),
('zls318','zhl30z','zt30w','1447-06-20','1447-06','مدارسة على بصيرة','المجلس الخامس: بر الوالدين',1.5,NULL,5,4,NULL,'approved',NULL,'u-admin',1750122000000),
('zls31n','zhl30z','zt30w','1447-06-05','1447-06','تزكية وسلوك','المجلس الأول: النية',1.5,NULL,5,5,NULL,'approved',NULL,'u-admin',1751072400000),
('zls31y','zhl30z','zt30w','1447-06-13','1447-06','مدارسة على بصيرة','المجلس الرابع: الصحبة',1,NULL,6,5,'زيارة مريضة','approved',NULL,'u-admin',1751158800000),
('zls32b','zhl30z','zt30w','1447-06-20','1447-06','مدارسة على بصيرة','المجلس الثالث: الصلاة',2,NULL,6,5,NULL,'approved',NULL,'u-admin',1750986000000),
('zls338','zhl32v','zt32s','1447-06-24','1447-06','تزكية وسلوك','المجلس الرابع: الصحبة',1.5,NULL,6,4,'توزيع مطويات','recorded',NULL,NULL,1749862800000),
('zls33p','zhl32v','zt32s','1447-06-28','1447-06','تثبيت الحفظ','المجلس الثالث: الصلاة',1.5,NULL,9,4,'زيارة مريضة','approved',NULL,'u-admin',1751158800000),
('zls34s','zhl34j','zt34g','1447-06-20','1447-06','آداب طالبة العلم','المجلس الأول: النية',2,NULL,5,3,'جولة دعوية','rejected','يلزم استكمال التقرير',NULL,1751158800000),
('zls353','zhl34j','zt34g','1447-06-06','1447-06','سيرة نبوية','المجلس الرابع: الصحبة',2,NULL,5,5,'زيارة مريضة','approved',NULL,'u-admin',1749603600000),
('zls35g','zhl34j','zt34g','1447-06-16','1447-06','سيرة نبوية','المجلس الثالث: الصلاة',1.5,NULL,5,3,'توزيع مطويات','approved',NULL,'u-admin',1749603600000),
('zls35v','zhl34j','zt34g','1447-06-26','1447-06','سيرة نبوية','المجلس الخامس: بر الوالدين',2,NULL,6,5,'جولة دعوية','rejected','يلزم استكمال التقرير',NULL,1750208400000),
('zls366','zhl34j','zt34g','1447-06-08','1447-06','فقه العبادات','المجلس الأول: النية',1,NULL,5,4,'زيارة مريضة','rejected','يلزم استكمال التقرير',NULL,1750554000000),
('zls373','zhl36t','zt36q','1447-06-08','1447-06','سيرة نبوية','المجلس الثاني: الإخلاص',1,NULL,4,5,'جولة دعوية','recorded',NULL,NULL,1750986000000),
('zls37g','zhl36t','zt36q','1447-06-07','1447-06','فقه العبادات','المجلس الثاني: الإخلاص',1.5,NULL,6,5,'زيارة مريضة','recorded',NULL,NULL,1750035600000),
('zls37s','zhl36t','zt36q','1447-06-23','1447-06','سيرة نبوية','المجلس الثالث: الصلاة',1.5,NULL,5,3,'جولة دعوية','recorded',NULL,NULL,1750726800000),
('zls38s','zhl38d','zt38a','1447-06-22','1447-06','تثبيت الحفظ','المجلس الرابع: الصحبة',1,NULL,7,3,'زيارة مريضة','approved',NULL,'u-admin',1748739600000),
('zls39d','zhl38d','zt38a','1447-06-12','1447-06','سيرة نبوية','المجلس الثالث: الصلاة',1.5,NULL,7,4,NULL,'approved',NULL,'u-admin',1750813200000),
('zls39y','zhl38d','zt38a','1447-06-12','1447-06','فقه العبادات','المجلس الثالث: الصلاة',1,NULL,10,4,'جولة دعوية','approved',NULL,'u-admin',1751504400000),
('zls3b7','zhl3ar','zt3ao','1447-06-02','1447-06','فقه العبادات','المجلس الخامس: بر الوالدين',2,NULL,6,3,'زيارة مريضة','recorded',NULL,NULL,1751158800000),
('zls3bu','zhl3ar','zt3ao','1447-06-17','1447-06','تثبيت الحفظ','المجلس الخامس: بر الوالدين',1,NULL,7,5,'توزيع مطويات','rejected','يلزم استكمال التقرير',NULL,1748826000000),
('zls3cw','zhl3cm','zt3cj','1447-06-19','1447-06','سيرة نبوية','المجلس السادس: حسن الخلق',1,NULL,7,5,'جولة دعوية','approved',NULL,'u-admin',1750381200000),
('zls3d9','zhl3cm','zt3cj','1447-06-15','1447-06','سيرة نبوية','المجلس الثاني: الإخلاص',1.5,NULL,3,5,'توزيع مطويات','recorded',NULL,NULL,1750035600000);
INSERT OR IGNORE INTO student_evaluations (id,enrollment_id,lesson_session_id,score,note,created_at) VALUES
('zse1ax','ze1a4','zls1ai',87,NULL,1751850000000),
('zse1ay','ze1aa','zls1ai',73,NULL,1751850000000),
('zse1az','ze1ae','zls1ai',98,NULL,1751850000000),
('zse1b0','ze1af','zls1ai',74,NULL,1751850000000),
('zse1b1','ze1ah','zls1ai',67,NULL,1751850000000),
('zse1bh','ze1a5','zls1b2',88,NULL,1751850000000),
('zse1bi','ze1ag','zls1b2',94,NULL,1751850000000),
('zse1by','ze1a4','zls1bj',76,NULL,1751850000000),
('zse1bz','ze1a5','zls1bj',72,NULL,1751850000000),
('zse1c0','ze1a6','zls1bj',74,'ممتازة',1751850000000),
('zse1c1','ze1a7','zls1bj',76,NULL,1751850000000),
('zse1c2','ze1a8','zls1bj',85,'تحتاج مراجعة',1751850000000),
('zse1c3','ze1a9','zls1bj',83,'تحتاج مراجعة',1751850000000),
('zse1c4','ze1aa','zls1bj',71,NULL,1751850000000),
('zse1c5','ze1ab','zls1bj',75,'ملتزمة',1751850000000),
('zse1c6','ze1af','zls1bj',74,NULL,1751850000000),
('zse1c7','ze1ag','zls1bj',61,NULL,1751850000000),
('zse1c8','ze1ah','zls1bj',85,NULL,1751850000000),
('zse1da','ze1ck','zls1cv',69,NULL,1751850000000),
('zse1db','ze1cl','zls1cv',69,'تحتاج مراجعة',1751850000000),
('zse1dc','ze1cm','zls1cv',91,NULL,1751850000000),
('zse1dd','ze1co','zls1cv',70,NULL,1751850000000),
('zse1dt','ze1cj','zls1de',63,NULL,1751850000000),
('zse1du','ze1cl','zls1de',79,NULL,1751850000000),
('zse1dv','ze1cm','zls1de',80,'ملتزمة',1751850000000),
('zse1dw','ze1co','zls1de',90,NULL,1751850000000),
('zse1dx','ze1cq','zls1de',63,'ممتازة',1751850000000),
('zse1dy','ze1cs','zls1de',91,NULL,1751850000000),
('zse1dz','ze1ct','zls1de',63,NULL,1751850000000),
('zse1ex','ze1e8','zls1ek',100,NULL,1751850000000),
('zse1ey','ze1e9','zls1ek',82,NULL,1751850000000),
('zse1ez','ze1eb','zls1ek',65,NULL,1751850000000),
('zse1f0','ze1ec','zls1ek',72,NULL,1751850000000),
('zse1f1','ze1ef','zls1ek',92,NULL,1751850000000),
('zse1f2','ze1eg','zls1ek',61,NULL,1751850000000),
('zse1f3','ze1eh','zls1ek',81,NULL,1751850000000),
('zse1f4','ze1ej','zls1ek',87,NULL,1751850000000),
('zse1fi','ze1e8','zls1f5',62,NULL,1751850000000),
('zse1fj','ze1ec','zls1f5',72,NULL,1751850000000),
('zse1fk','ze1ed','zls1f5',85,NULL,1751850000000),
('zse1fl','ze1eg','zls1f5',86,NULL,1751850000000),
('zse1fm','ze1eh','zls1f5',69,NULL,1751850000000),
('zse1fn','ze1ei','zls1f5',74,NULL,1751850000000),
('zse1g1','ze1e8','zls1fo',60,'ملتزمة',1751850000000),
('zse1g2','ze1ea','zls1fo',93,NULL,1751850000000),
('zse1g3','ze1eb','zls1fo',74,NULL,1751850000000),
('zse1g4','ze1ec','zls1fo',72,NULL,1751850000000),
('zse1g5','ze1ed','zls1fo',71,NULL,1751850000000),
('zse1g6','ze1ee','zls1fo',60,NULL,1751850000000),
('zse1g7','ze1ef','zls1fo',86,NULL,1751850000000),
('zse1g8','ze1eh','zls1fo',90,NULL,1751850000000),
('zse1g9','ze1ej','zls1fo',85,NULL,1751850000000),
('zse1h1','ze1gj','zls1gr',95,'متقدّمة',1751850000000),
('zse1h2','ze1gk','zls1gr',64,NULL,1751850000000),
('zse1h3','ze1gm','zls1gr',97,'تحتاج مراجعة',1751850000000),
('zse1h4','ze1go','zls1gr',66,NULL,1751850000000),
('zse1h5','ze1gq','zls1gr',100,NULL,1751850000000),
('zse1hg','ze1gi','zls1h6',73,NULL,1751850000000),
('zse1hh','ze1gm','zls1h6',68,NULL,1751850000000),
('zse1hi','ze1gp','zls1h6',68,'متقدّمة',1751850000000);
INSERT OR IGNORE INTO student_evaluations (id,enrollment_id,lesson_session_id,score,note,created_at) VALUES
('zse1ht','ze1gj','zls1hj',60,NULL,1751850000000),
('zse1hu','ze1gl','zls1hj',63,'تحتاج مراجعة',1751850000000),
('zse1hv','ze1gm','zls1hj',76,NULL,1751850000000),
('zse1hw','ze1gp','zls1hj',88,NULL,1751850000000),
('zse1j0','ze1i5','zls1ik',85,'ملتزمة',1751850000000),
('zse1j1','ze1i8','zls1ik',91,NULL,1751850000000),
('zse1j2','ze1ia','zls1ik',64,NULL,1751850000000),
('zse1j3','ze1ib','zls1ik',99,NULL,1751850000000),
('zse1j4','ze1ic','zls1ik',78,NULL,1751850000000),
('zse1j5','ze1ie','zls1ik',80,'ملتزمة',1751850000000),
('zse1j6','ze1ig','zls1ik',77,'متقدّمة',1751850000000),
('zse1j7','ze1ij','zls1ik',64,NULL,1751850000000),
('zse1jo','ze1i6','zls1j8',88,NULL,1751850000000),
('zse1jp','ze1i7','zls1j8',75,NULL,1751850000000),
('zse1jq','ze1ia','zls1j8',77,'ملتزمة',1751850000000),
('zse1jr','ze1ib','zls1j8',72,'ممتازة',1751850000000),
('zse1js','ze1id','zls1j8',73,NULL,1751850000000),
('zse1jt','ze1ie','zls1j8',85,NULL,1751850000000),
('zse1ka','ze1i5','zls1ju',62,NULL,1751850000000),
('zse1kb','ze1i6','zls1ju',76,NULL,1751850000000),
('zse1kc','ze1i7','zls1ju',95,NULL,1751850000000),
('zse1kd','ze1i8','zls1ju',75,NULL,1751850000000),
('zse1ke','ze1i9','zls1ju',62,'ملتزمة',1751850000000),
('zse1kf','ze1ia','zls1ju',67,'تحتاج مراجعة',1751850000000),
('zse1kg','ze1if','zls1ju',71,NULL,1751850000000),
('zse1kh','ze1ig','zls1ju',98,NULL,1751850000000),
('zse1ki','ze1ij','zls1ju',68,'تحتاج مراجعة',1751850000000),
('zse1kz','ze1i7','zls1kj',66,NULL,1751850000000),
('zse1l0','ze1i8','zls1kj',61,'ممتازة',1751850000000),
('zse1l1','ze1ia','zls1kj',75,NULL,1751850000000),
('zse1l2','ze1ic','zls1kj',90,NULL,1751850000000),
('zse1l3','ze1id','zls1kj',72,NULL,1751850000000),
('zse1l4','ze1if','zls1kj',75,NULL,1751850000000),
('zse1l5','ze1ih','zls1kj',91,'تحتاج مراجعة',1751850000000),
('zse1m8','ze1lk','zls1lu',86,'متقدّمة',1751850000000),
('zse1m9','ze1lm','zls1lu',90,NULL,1751850000000),
('zse1ma','ze1ln','zls1lu',81,'متقدّمة',1751850000000),
('zse1mb','ze1lo','zls1lu',61,NULL,1751850000000),
('zse1mc','ze1lp','zls1lu',80,NULL,1751850000000),
('zse1md','ze1lq','zls1lu',80,NULL,1751850000000),
('zse1me','ze1ls','zls1lu',88,NULL,1751850000000),
('zse1mf','ze1lt','zls1lu',71,'متقدّمة',1751850000000),
('zse1mu','ze1lj','zls1mg',92,NULL,1751850000000),
('zse1mv','ze1ln','zls1mg',83,NULL,1751850000000),
('zse1mw','ze1lq','zls1mg',87,NULL,1751850000000),
('zse1mx','ze1lr','zls1mg',67,NULL,1751850000000),
('zse1my','ze1lt','zls1mg',78,NULL,1751850000000),
('zse1nd','ze1lh','zls1mz',69,NULL,1751850000000),
('zse1ne','ze1li','zls1mz',93,NULL,1751850000000),
('zse1nf','ze1lj','zls1mz',90,NULL,1751850000000),
('zse1ng','ze1lk','zls1mz',83,NULL,1751850000000),
('zse1nh','ze1ll','zls1mz',62,'تحتاج مراجعة',1751850000000),
('zse1ni','ze1lm','zls1mz',79,NULL,1751850000000),
('zse1nj','ze1lp','zls1mz',76,NULL,1751850000000),
('zse1nk','ze1lq','zls1mz',73,'تحتاج مراجعة',1751850000000),
('zse1nl','ze1lr','zls1mz',84,NULL,1751850000000),
('zse1nm','ze1ls','zls1mz',84,NULL,1751850000000),
('zse1o1','ze1lj','zls1nn',88,'متقدّمة',1751850000000),
('zse1o2','ze1ll','zls1nn',82,NULL,1751850000000),
('zse1o3','ze1ln','zls1nn',66,'متقدّمة',1751850000000);
INSERT OR IGNORE INTO student_evaluations (id,enrollment_id,lesson_session_id,score,note,created_at) VALUES
('zse1o4','ze1lp','zls1nn',63,'متقدّمة',1751850000000),
('zse1o5','ze1lq','zls1nn',64,'ملتزمة',1751850000000),
('zse1o6','ze1ls','zls1nn',66,NULL,1751850000000),
('zse1o7','ze1lt','zls1nn',65,NULL,1751850000000),
('zse1om','ze1lj','zls1o8',87,'ممتازة',1751850000000),
('zse1on','ze1ll','zls1o8',76,NULL,1751850000000),
('zse1oo','ze1lp','zls1o8',62,'متقدّمة',1751850000000),
('zse1op','ze1lq','zls1o8',95,'ممتازة',1751850000000),
('zse1oq','ze1ls','zls1o8',62,NULL,1751850000000),
('zse1pq','ze1p0','zls1pc',92,'ممتازة',1751850000000),
('zse1pr','ze1p1','zls1pc',92,'تحتاج مراجعة',1751850000000),
('zse1ps','ze1p4','zls1pc',100,'تحتاج مراجعة',1751850000000),
('zse1pt','ze1p5','zls1pc',87,'تحتاج مراجعة',1751850000000),
('zse1pu','ze1p8','zls1pc',93,NULL,1751850000000),
('zse1pv','ze1p9','zls1pc',66,NULL,1751850000000),
('zse1pw','ze1pa','zls1pc',87,NULL,1751850000000),
('zse1px','ze1pb','zls1pc',85,'ممتازة',1751850000000),
('zse1qc','ze1p1','zls1py',72,'ملتزمة',1751850000000),
('zse1qd','ze1p2','zls1py',97,NULL,1751850000000),
('zse1qe','ze1p3','zls1py',95,NULL,1751850000000),
('zse1qf','ze1p4','zls1py',77,'ملتزمة',1751850000000),
('zse1qg','ze1p5','zls1py',93,NULL,1751850000000),
('zse1qh','ze1p7','zls1py',84,NULL,1751850000000),
('zse1qi','ze1p9','zls1py',100,NULL,1751850000000),
('zse1qj','ze1pb','zls1py',100,NULL,1751850000000),
('zse1qy','ze1oz','zls1qk',91,'ممتازة',1751850000000),
('zse1qz','ze1p3','zls1qk',61,NULL,1751850000000),
('zse1r0','ze1p4','zls1qk',81,NULL,1751850000000),
('zse1r1','ze1p7','zls1qk',91,NULL,1751850000000),
('zse1r2','ze1p9','zls1qk',62,NULL,1751850000000),
('zse1r3','ze1pb','zls1qk',61,NULL,1751850000000),
('zse1ri','ze1p0','zls1r4',74,NULL,1751850000000),
('zse1rj','ze1p2','zls1r4',97,NULL,1751850000000),
('zse1rk','ze1p3','zls1r4',74,NULL,1751850000000),
('zse1rl','ze1p6','zls1r4',89,'تحتاج مراجعة',1751850000000),
('zse1rm','ze1p8','zls1r4',76,NULL,1751850000000),
('zse1rn','ze1p9','zls1r4',85,NULL,1751850000000),
('zse1ro','ze1pb','zls1r4',80,NULL,1751850000000),
('zse1sq','ze1s0','zls1sb',61,'ملتزمة',1751850000000),
('zse1sr','ze1s1','zls1sb',96,NULL,1751850000000),
('zse1ss','ze1s7','zls1sb',74,'تحتاج مراجعة',1751850000000),
('zse1st','ze1s9','zls1sb',61,NULL,1751850000000),
('zse1t9','ze1rz','zls1su',87,'متقدّمة',1751850000000),
('zse1ta','ze1s0','zls1su',100,'ملتزمة',1751850000000),
('zse1tb','ze1s2','zls1su',63,NULL,1751850000000),
('zse1tc','ze1s4','zls1su',87,'متقدّمة',1751850000000),
('zse1td','ze1s5','zls1su',83,NULL,1751850000000),
('zse1te','ze1s8','zls1su',67,'متقدّمة',1751850000000),
('zse1tu','ze1rx','zls1tf',100,NULL,1751850000000),
('zse1tv','ze1s3','zls1tf',89,NULL,1751850000000),
('zse1tw','ze1s5','zls1tf',73,'متقدّمة',1751850000000),
('zse1tx','ze1s7','zls1tf',92,NULL,1751850000000),
('zse1ty','ze1s8','zls1tf',93,NULL,1751850000000),
('zse1ue','ze1rz','zls1tz',70,NULL,1751850000000),
('zse1uf','ze1s0','zls1tz',65,NULL,1751850000000),
('zse1ug','ze1s1','zls1tz',82,NULL,1751850000000),
('zse1uh','ze1s4','zls1tz',97,NULL,1751850000000),
('zse1ui','ze1s6','zls1tz',63,NULL,1751850000000),
('zse1uj','ze1s7','zls1tz',65,NULL,1751850000000),
('zse1uk','ze1sa','zls1tz',93,NULL,1751850000000);
INSERT OR IGNORE INTO student_evaluations (id,enrollment_id,lesson_session_id,score,note,created_at) VALUES
('zse1vd','ze1uz','zls1v4',83,'ممتازة',1751850000000),
('zse1ve','ze1v2','zls1v4',63,NULL,1751850000000),
('zse1vf','ze1v3','zls1v4',91,NULL,1751850000000),
('zse1vp','ze1uw','zls1vg',79,'تحتاج مراجعة',1751850000000),
('zse1vq','ze1uz','zls1vg',68,NULL,1751850000000),
('zse1vr','ze1v0','zls1vg',82,NULL,1751850000000),
('zse1w1','ze1uy','zls1vs',78,NULL,1751850000000),
('zse1w2','ze1uz','zls1vs',60,NULL,1751850000000),
('zse1w3','ze1v0','zls1vs',69,NULL,1751850000000),
('zse1w4','ze1v2','zls1vs',98,NULL,1751850000000),
('zse1w5','ze1v3','zls1vs',70,NULL,1751850000000),
('zse1wf','ze1uw','zls1w6',75,'ممتازة',1751850000000),
('zse1wg','ze1uz','zls1w6',60,NULL,1751850000000),
('zse1wh','ze1v2','zls1w6',72,NULL,1751850000000),
('zse1wi','ze1v3','zls1w6',78,'ممتازة',1751850000000),
('zse1xk','ze1wr','zls1x5',88,NULL,1751850000000),
('zse1xl','ze1ws','zls1x5',99,'تحتاج مراجعة',1751850000000),
('zse1xm','ze1wu','zls1x5',91,NULL,1751850000000),
('zse1xn','ze1wv','zls1x5',80,NULL,1751850000000),
('zse1xo','ze1wx','zls1x5',79,NULL,1751850000000),
('zse1xp','ze1wz','zls1x5',93,NULL,1751850000000),
('zse1xq','ze1x4','zls1x5',76,NULL,1751850000000),
('zse1y6','ze1wr','zls1xr',87,NULL,1751850000000),
('zse1y7','ze1wv','zls1xr',70,'ممتازة',1751850000000),
('zse1y8','ze1ww','zls1xr',85,NULL,1751850000000),
('zse1y9','ze1wx','zls1xr',83,NULL,1751850000000),
('zse1ya','ze1wy','zls1xr',61,NULL,1751850000000),
('zse1yb','ze1x0','zls1xr',82,'ملتزمة',1751850000000),
('zse1zd','ze1yk','zls1yy',63,NULL,1751850000000),
('zse1ze','ze1ym','zls1yy',94,NULL,1751850000000),
('zse1zf','ze1yo','zls1yy',62,NULL,1751850000000),
('zse1zg','ze1yq','zls1yy',96,NULL,1751850000000),
('zse1zh','ze1yr','zls1yy',73,NULL,1751850000000),
('zse1zi','ze1yv','zls1yy',80,NULL,1751850000000),
('zse1zy','ze1yl','zls1zj',91,NULL,1751850000000),
('zse1zz','ze1yn','zls1zj',77,'ملتزمة',1751850000000),
('zse200','ze1yp','zls1zj',64,NULL,1751850000000),
('zse201','ze1yr','zls1zj',92,NULL,1751850000000),
('zse202','ze1yu','zls1zj',98,NULL,1751850000000),
('zse203','ze1yv','zls1zj',91,NULL,1751850000000),
('zse20j','ze1yn','zls204',68,NULL,1751850000000),
('zse20k','ze1yq','zls204',86,NULL,1751850000000),
('zse20l','ze1yr','zls204',63,NULL,1751850000000),
('zse20m','ze1ys','zls204',69,NULL,1751850000000),
('zse20n','ze1yt','zls204',74,NULL,1751850000000),
('zse20o','ze1yx','zls204',66,NULL,1751850000000),
('zse214','ze1yk','zls20p',81,'تحتاج مراجعة',1751850000000),
('zse215','ze1yl','zls20p',89,'متقدّمة',1751850000000),
('zse216','ze1yp','zls20p',65,'تحتاج مراجعة',1751850000000),
('zse217','ze1yq','zls20p',83,NULL,1751850000000),
('zse218','ze1yt','zls20p',61,NULL,1751850000000),
('zse219','ze1yv','zls20p',67,'ممتازة',1751850000000),
('zse21a','ze1yw','zls20p',98,NULL,1751850000000),
('zse21b','ze1yx','zls20p',77,NULL,1751850000000),
('zse21r','ze1yl','zls21c',99,NULL,1751850000000),
('zse21s','ze1yp','zls21c',74,NULL,1751850000000),
('zse21t','ze1yq','zls21c',62,NULL,1751850000000),
('zse21u','ze1yw','zls21c',69,'ملتزمة',1751850000000),
('zse21v','ze1yx','zls21c',87,'تحتاج مراجعة',1751850000000),
('zse22z','ze226','zls22j',84,'متقدّمة',1751850000000);
INSERT OR IGNORE INTO student_evaluations (id,enrollment_id,lesson_session_id,score,note,created_at) VALUES
('zse230','ze228','zls22j',97,NULL,1751850000000),
('zse231','ze22b','zls22j',90,NULL,1751850000000),
('zse232','ze22f','zls22j',81,NULL,1751850000000),
('zse233','ze22g','zls22j',65,'ممتازة',1751850000000),
('zse234','ze22i','zls22j',61,NULL,1751850000000),
('zse23l','ze224','zls235',84,NULL,1751850000000),
('zse23m','ze227','zls235',87,NULL,1751850000000),
('zse23n','ze22d','zls235',91,NULL,1751850000000),
('zse23o','ze22e','zls235',95,NULL,1751850000000),
('zse23p','ze22h','zls235',99,NULL,1751850000000),
('zse23q','ze22i','zls235',84,NULL,1751850000000),
('zse247','ze225','zls23r',72,NULL,1751850000000),
('zse248','ze227','zls23r',66,NULL,1751850000000),
('zse249','ze22a','zls23r',69,NULL,1751850000000),
('zse24a','ze22d','zls23r',83,NULL,1751850000000),
('zse24b','ze22e','zls23r',81,NULL,1751850000000),
('zse24c','ze22f','zls23r',72,'تحتاج مراجعة',1751850000000),
('zse254','ze24m','zls24u',80,NULL,1751850000000),
('zse255','ze24o','zls24u',82,NULL,1751850000000),
('zse256','ze24r','zls24u',91,NULL,1751850000000),
('zse257','ze24s','zls24u',100,'تحتاج مراجعة',1751850000000),
('zse258','ze24t','zls24u',70,'متقدّمة',1751850000000),
('zse25j','ze24l','zls259',66,NULL,1751850000000),
('zse25k','ze24o','zls259',96,NULL,1751850000000),
('zse25l','ze24r','zls259',92,NULL,1751850000000),
('zse25w','ze24o','zls25m',74,NULL,1751850000000),
('zse25x','ze24p','zls25m',70,NULL,1751850000000),
('zse25y','ze24q','zls25m',90,NULL,1751850000000),
('zse25z','ze24r','zls25m',99,NULL,1751850000000),
('zse260','ze24t','zls25m',82,NULL,1751850000000),
('zse26b','ze24l','zls261',98,NULL,1751850000000),
('zse26c','ze24m','zls261',85,NULL,1751850000000),
('zse26d','ze24n','zls261',96,NULL,1751850000000),
('zse26e','ze24p','zls261',93,'متقدّمة',1751850000000),
('zse26f','ze24r','zls261',74,'ملتزمة',1751850000000),
('zse26g','ze24s','zls261',91,NULL,1751850000000),
('zse27m','ze26v','zls278',98,NULL,1751850000000),
('zse27n','ze26w','zls278',80,NULL,1751850000000),
('zse27o','ze271','zls278',93,NULL,1751850000000),
('zse27p','ze273','zls278',75,NULL,1751850000000),
('zse27q','ze274','zls278',76,'ممتازة',1751850000000),
('zse27r','ze276','zls278',88,NULL,1751850000000),
('zse27s','ze277','zls278',99,'متقدّمة',1751850000000),
('zse287','ze26v','zls27t',67,NULL,1751850000000),
('zse288','ze26w','zls27t',84,NULL,1751850000000),
('zse289','ze26x','zls27t',84,'ملتزمة',1751850000000),
('zse28a','ze270','zls27t',82,'ممتازة',1751850000000),
('zse28b','ze272','zls27t',67,NULL,1751850000000),
('zse28c','ze273','zls27t',61,'متقدّمة',1751850000000),
('zse28d','ze274','zls27t',70,'ملتزمة',1751850000000),
('zse28e','ze275','zls27t',87,NULL,1751850000000),
('zse28f','ze277','zls27t',75,'تحتاج مراجعة',1751850000000),
('zse28u','ze26z','zls28g',98,NULL,1751850000000),
('zse28v','ze270','zls28g',64,NULL,1751850000000),
('zse28w','ze272','zls28g',61,NULL,1751850000000),
('zse28x','ze277','zls28g',69,NULL,1751850000000),
('zse29t','ze297','zls29h',83,NULL,1751850000000),
('zse29u','ze298','zls29h',95,NULL,1751850000000),
('zse29v','ze299','zls29h',65,NULL,1751850000000),
('zse29w','ze29a','zls29h',100,NULL,1751850000000);
INSERT OR IGNORE INTO student_evaluations (id,enrollment_id,lesson_session_id,score,note,created_at) VALUES
('zse29x','ze29d','zls29h',73,'تحتاج مراجعة',1751850000000),
('zse29y','ze29e','zls29h',70,NULL,1751850000000),
('zse29z','ze29f','zls29h',92,NULL,1751850000000),
('zse2ac','ze297','zls2a0',96,'ملتزمة',1751850000000),
('zse2ad','ze298','zls2a0',63,NULL,1751850000000),
('zse2ae','ze29c','zls2a0',98,NULL,1751850000000),
('zse2af','ze29d','zls2a0',64,NULL,1751850000000),
('zse2ag','ze29f','zls2a0',99,NULL,1751850000000),
('zse2at','ze296','zls2ah',100,NULL,1751850000000),
('zse2au','ze298','zls2ah',78,NULL,1751850000000),
('zse2av','ze299','zls2ah',94,NULL,1751850000000),
('zse2aw','ze29a','zls2ah',94,'تحتاج مراجعة',1751850000000),
('zse2ax','ze29c','zls2ah',98,NULL,1751850000000),
('zse2ay','ze29f','zls2ah',82,'ملتزمة',1751850000000),
('zse2az','ze29g','zls2ah',88,NULL,1751850000000),
('zse2bz','ze2bd','zls2bl',76,NULL,1751850000000),
('zse2c0','ze2be','zls2bl',68,NULL,1751850000000),
('zse2c1','ze2bf','zls2bl',97,NULL,1751850000000),
('zse2c2','ze2bg','zls2bl',87,NULL,1751850000000),
('zse2c3','ze2bi','zls2bl',83,'متقدّمة',1751850000000),
('zse2c4','ze2bk','zls2bl',70,NULL,1751850000000),
('zse2cj','ze2b8','zls2c5',64,NULL,1751850000000),
('zse2ck','ze2b9','zls2c5',71,'متقدّمة',1751850000000),
('zse2cl','ze2ba','zls2c5',69,NULL,1751850000000),
('zse2cm','ze2bc','zls2c5',74,NULL,1751850000000),
('zse2cn','ze2bd','zls2c5',61,NULL,1751850000000),
('zse2co','ze2be','zls2c5',90,'متقدّمة',1751850000000),
('zse2cp','ze2bi','zls2c5',87,NULL,1751850000000),
('zse2cq','ze2bk','zls2c5',93,NULL,1751850000000),
('zse2d5','ze2ba','zls2cr',64,'تحتاج مراجعة',1751850000000),
('zse2d6','ze2bc','zls2cr',63,NULL,1751850000000),
('zse2d7','ze2bd','zls2cr',89,NULL,1751850000000),
('zse2d8','ze2bf','zls2cr',87,NULL,1751850000000),
('zse2d9','ze2bh','zls2cr',69,NULL,1751850000000),
('zse2da','ze2bj','zls2cr',63,NULL,1751850000000),
('zse2e6','ze2dj','zls2du',65,NULL,1751850000000),
('zse2e7','ze2dm','zls2du',80,'ممتازة',1751850000000),
('zse2e8','ze2do','zls2du',72,'ممتازة',1751850000000),
('zse2e9','ze2dq','zls2du',66,NULL,1751850000000),
('zse2ea','ze2dr','zls2du',95,NULL,1751850000000),
('zse2eb','ze2dt','zls2du',100,NULL,1751850000000),
('zse2eo','ze2dj','zls2ec',64,NULL,1751850000000),
('zse2ep','ze2dl','zls2ec',92,'تحتاج مراجعة',1751850000000),
('zse2eq','ze2dn','zls2ec',81,'تحتاج مراجعة',1751850000000),
('zse2er','ze2do','zls2ec',69,NULL,1751850000000),
('zse2es','ze2dt','zls2ec',86,'تحتاج مراجعة',1751850000000),
('zse2fl','ze2f4','zls2fc',77,NULL,1751850000000),
('zse2fm','ze2f8','zls2fc',63,NULL,1751850000000),
('zse2fn','ze2f9','zls2fc',85,NULL,1751850000000),
('zse2fo','ze2fb','zls2fc',86,'ملتزمة',1751850000000),
('zse2fy','ze2f5','zls2fp',85,NULL,1751850000000),
('zse2g8','ze2f4','zls2fz',91,'متقدّمة',1751850000000),
('zse2g9','ze2f9','zls2fz',95,NULL,1751850000000),
('zse2ga','ze2fa','zls2fz',69,'متقدّمة',1751850000000),
('zse2gb','ze2fb','zls2fz',61,NULL,1751850000000),
('zse2h1','ze2gk','zls2gs',63,NULL,1751850000000),
('zse2h2','ze2gm','zls2gs',64,NULL,1751850000000),
('zse2h3','ze2go','zls2gs',77,NULL,1751850000000),
('zse2h4','ze2gq','zls2gs',69,NULL,1751850000000),
('zse2he','ze2gk','zls2h5',61,NULL,1751850000000);
INSERT OR IGNORE INTO student_evaluations (id,enrollment_id,lesson_session_id,score,note,created_at) VALUES
('zse2hf','ze2gm','zls2h5',97,NULL,1751850000000),
('zse2hg','ze2go','zls2h5',88,NULL,1751850000000),
('zse2hh','ze2gq','zls2h5',84,NULL,1751850000000),
('zse2hr','ze2gl','zls2hi',98,NULL,1751850000000),
('zse2hs','ze2gm','zls2hi',78,'متقدّمة',1751850000000),
('zse2ht','ze2gn','zls2hi',95,NULL,1751850000000),
('zse2hu','ze2gp','zls2hi',77,'تحتاج مراجعة',1751850000000),
('zse2hv','ze2gq','zls2hi',93,NULL,1751850000000),
('zse2i5','ze2gk','zls2hw',72,NULL,1751850000000),
('zse2i6','ze2gm','zls2hw',61,'تحتاج مراجعة',1751850000000),
('zse2i7','ze2gn','zls2hw',96,NULL,1751850000000),
('zse2i8','ze2gr','zls2hw',88,NULL,1751850000000),
('zse2j4','ze2ii','zls2is',94,NULL,1751850000000),
('zse2j5','ze2il','zls2is',70,'ممتازة',1751850000000),
('zse2j6','ze2im','zls2is',66,'ملتزمة',1751850000000),
('zse2j7','ze2in','zls2is',60,NULL,1751850000000),
('zse2j8','ze2io','zls2is',94,NULL,1751850000000),
('zse2j9','ze2iq','zls2is',68,'متقدّمة',1751850000000),
('zse2ja','ze2ir','zls2is',92,NULL,1751850000000),
('zse2jn','ze2ih','zls2jb',99,NULL,1751850000000),
('zse2jo','ze2ii','zls2jb',78,'متقدّمة',1751850000000),
('zse2jp','ze2ik','zls2jb',92,NULL,1751850000000),
('zse2jq','ze2il','zls2jb',88,'تحتاج مراجعة',1751850000000),
('zse2jr','ze2in','zls2jb',99,NULL,1751850000000),
('zse2js','ze2io','zls2jb',61,'متقدّمة',1751850000000),
('zse2jt','ze2iq','zls2jb',80,NULL,1751850000000),
('zse2kn','ze2k3','zls2kc',99,'متقدّمة',1751850000000),
('zse2ko','ze2k4','zls2kc',66,NULL,1751850000000),
('zse2kp','ze2k6','zls2kc',89,'ممتازة',1751850000000),
('zse2kq','ze2k7','zls2kc',64,NULL,1751850000000),
('zse2kr','ze2k9','zls2kc',78,NULL,1751850000000),
('zse2ks','ze2kb','zls2kc',96,'ممتازة',1751850000000),
('zse2l4','ze2k2','zls2kt',68,NULL,1751850000000),
('zse2l5','ze2k4','zls2kt',82,NULL,1751850000000),
('zse2l6','ze2k6','zls2kt',95,'تحتاج مراجعة',1751850000000),
('zse2l7','ze2k7','zls2kt',61,NULL,1751850000000),
('zse2l8','ze2k8','zls2kt',99,NULL,1751850000000),
('zse2l9','ze2ka','zls2kt',65,NULL,1751850000000),
('zse2ll','ze2k2','zls2la',60,NULL,1751850000000),
('zse2lm','ze2k3','zls2la',97,NULL,1751850000000),
('zse2ln','ze2k6','zls2la',82,NULL,1751850000000),
('zse2lo','ze2k7','zls2la',95,'ملتزمة',1751850000000),
('zse2lp','ze2k8','zls2la',71,NULL,1751850000000),
('zse2lq','ze2kb','zls2la',74,NULL,1751850000000),
('zse2mv','ze2m2','zls2mg',89,NULL,1751850000000),
('zse2mw','ze2m3','zls2mg',70,'تحتاج مراجعة',1751850000000),
('zse2mx','ze2m5','zls2mg',97,NULL,1751850000000),
('zse2my','ze2m8','zls2mg',79,'ممتازة',1751850000000),
('zse2ne','ze2m3','zls2mz',69,NULL,1751850000000),
('zse2nf','ze2m6','zls2mz',69,'ممتازة',1751850000000),
('zse2ng','ze2m7','zls2mz',89,NULL,1751850000000),
('zse2nh','ze2m9','zls2mz',77,'ممتازة',1751850000000),
('zse2ni','ze2mb','zls2mz',63,NULL,1751850000000),
('zse2nj','ze2mc','zls2mz',94,NULL,1751850000000),
('zse2nk','ze2mf','zls2mz',62,NULL,1751850000000),
('zse2o0','ze2m3','zls2nl',74,'ممتازة',1751850000000),
('zse2o1','ze2m4','zls2nl',70,'ملتزمة',1751850000000),
('zse2o2','ze2m5','zls2nl',68,NULL,1751850000000),
('zse2o3','ze2m6','zls2nl',77,'متقدّمة',1751850000000),
('zse2o4','ze2m7','zls2nl',85,NULL,1751850000000);
INSERT OR IGNORE INTO student_evaluations (id,enrollment_id,lesson_session_id,score,note,created_at) VALUES
('zse2o5','ze2m8','zls2nl',91,'ملتزمة',1751850000000),
('zse2o6','ze2m9','zls2nl',77,'ملتزمة',1751850000000),
('zse2o7','ze2mb','zls2nl',77,NULL,1751850000000),
('zse2o8','ze2mc','zls2nl',74,NULL,1751850000000),
('zse2o9','ze2me','zls2nl',68,'ملتزمة',1751850000000),
('zse2op','ze2m2','zls2oa',82,NULL,1751850000000),
('zse2oq','ze2m5','zls2oa',88,'ممتازة',1751850000000),
('zse2or','ze2m6','zls2oa',83,NULL,1751850000000),
('zse2os','ze2m9','zls2oa',87,NULL,1751850000000),
('zse2ot','ze2ma','zls2oa',76,NULL,1751850000000),
('zse2ou','ze2mc','zls2oa',85,NULL,1751850000000),
('zse2ov','ze2me','zls2oa',94,'ملتزمة',1751850000000),
('zse2ow','ze2mf','zls2oa',88,'ممتازة',1751850000000),
('zse2pw','ze2p7','zls2pi',74,'ملتزمة',1751850000000),
('zse2px','ze2pa','zls2pi',69,NULL,1751850000000),
('zse2py','ze2pb','zls2pi',84,NULL,1751850000000),
('zse2pz','ze2pc','zls2pi',75,NULL,1751850000000),
('zse2q0','ze2pd','zls2pi',100,NULL,1751850000000),
('zse2q1','ze2pe','zls2pi',71,NULL,1751850000000),
('zse2q2','ze2ph','zls2pi',64,'ملتزمة',1751850000000),
('zse2qh','ze2p5','zls2q3',88,NULL,1751850000000),
('zse2qi','ze2p6','zls2q3',63,NULL,1751850000000),
('zse2qj','ze2p8','zls2q3',66,'ملتزمة',1751850000000),
('zse2qk','ze2pb','zls2q3',76,'تحتاج مراجعة',1751850000000),
('zse2ql','ze2pc','zls2q3',93,'متقدّمة',1751850000000),
('zse2qm','ze2pd','zls2q3',68,NULL,1751850000000),
('zse2qn','ze2pe','zls2q3',67,NULL,1751850000000),
('zse2qo','ze2ph','zls2q3',76,NULL,1751850000000),
('zse2r3','ze2p5','zls2qp',91,NULL,1751850000000),
('zse2r4','ze2p7','zls2qp',65,'ملتزمة',1751850000000),
('zse2r5','ze2p8','zls2qp',92,'تحتاج مراجعة',1751850000000),
('zse2r6','ze2pa','zls2qp',79,NULL,1751850000000),
('zse2r7','ze2pe','zls2qp',85,NULL,1751850000000),
('zse2r8','ze2pg','zls2qp',70,NULL,1751850000000),
('zse2s2','ze2ri','zls2rr',85,'ملتزمة',1751850000000),
('zse2s3','ze2rj','zls2rr',84,NULL,1751850000000),
('zse2s4','ze2rk','zls2rr',66,NULL,1751850000000),
('zse2s5','ze2rm','zls2rr',75,NULL,1751850000000),
('zse2s6','ze2ro','zls2rr',100,'ملتزمة',1751850000000),
('zse2s7','ze2rp','zls2rr',73,'ملتزمة',1751850000000),
('zse2s8','ze2rq','zls2rr',89,NULL,1751850000000),
('zse2sk','ze2rh','zls2s9',67,NULL,1751850000000),
('zse2sl','ze2ri','zls2s9',66,NULL,1751850000000),
('zse2sm','ze2rj','zls2s9',61,NULL,1751850000000),
('zse2sn','ze2rk','zls2s9',90,NULL,1751850000000),
('zse2so','ze2rl','zls2s9',91,'ملتزمة',1751850000000),
('zse2sp','ze2rm','zls2s9',95,NULL,1751850000000),
('zse2sq','ze2rn','zls2s9',89,NULL,1751850000000),
('zse2sr','ze2ro','zls2s9',77,NULL,1751850000000),
('zse2t3','ze2ri','zls2ss',89,NULL,1751850000000),
('zse2t4','ze2rj','zls2ss',71,NULL,1751850000000),
('zse2t5','ze2ro','zls2ss',81,'تحتاج مراجعة',1751850000000),
('zse2t6','ze2rq','zls2ss',79,NULL,1751850000000),
('zse2u6','ze2tn','zls2tv',68,NULL,1751850000000),
('zse2u7','ze2to','zls2tv',80,NULL,1751850000000),
('zse2u8','ze2tq','zls2tv',65,NULL,1751850000000),
('zse2u9','ze2tt','zls2tv',87,'متقدّمة',1751850000000),
('zse2ua','ze2tu','zls2tv',87,NULL,1751850000000),
('zse2um','ze2tl','zls2ub',87,NULL,1751850000000),
('zse2un','ze2tn','zls2ub',72,'متقدّمة',1751850000000);
INSERT OR IGNORE INTO student_evaluations (id,enrollment_id,lesson_session_id,score,note,created_at) VALUES
('zse2uo','ze2tr','zls2ub',80,'تحتاج مراجعة',1751850000000),
('zse2up','ze2ts','zls2ub',100,NULL,1751850000000),
('zse2uq','ze2tt','zls2ub',100,NULL,1751850000000),
('zse2vq','ze2v0','zls2vc',95,NULL,1751850000000),
('zse2vr','ze2v1','zls2vc',85,NULL,1751850000000),
('zse2vs','ze2v2','zls2vc',75,NULL,1751850000000),
('zse2vt','ze2v3','zls2vc',93,NULL,1751850000000),
('zse2vu','ze2v4','zls2vc',63,NULL,1751850000000),
('zse2vv','ze2v7','zls2vc',80,NULL,1751850000000),
('zse2vw','ze2v8','zls2vc',66,NULL,1751850000000),
('zse2vx','ze2v9','zls2vc',90,'ممتازة',1751850000000),
('zse2vy','ze2va','zls2vc',71,NULL,1751850000000),
('zse2vz','ze2vb','zls2vc',90,NULL,1751850000000),
('zse2we','ze2uz','zls2w0',97,NULL,1751850000000),
('zse2wf','ze2v8','zls2w0',95,NULL,1751850000000),
('zse2x7','ze2wp','zls2wx',94,NULL,1751850000000),
('zse2x8','ze2wq','zls2wx',88,'ملتزمة',1751850000000),
('zse2x9','ze2ws','zls2wx',93,NULL,1751850000000),
('zse2xa','ze2wt','zls2wx',79,NULL,1751850000000),
('zse2xb','ze2wv','zls2wx',82,NULL,1751850000000),
('zse2xc','ze2ww','zls2wx',66,NULL,1751850000000),
('zse2xn','ze2wo','zls2xd',67,NULL,1751850000000),
('zse2xo','ze2wp','zls2xd',95,NULL,1751850000000),
('zse2xp','ze2ws','zls2xd',80,'ممتازة',1751850000000),
('zse2xq','ze2wu','zls2xd',99,'ممتازة',1751850000000),
('zse2xr','ze2wv','zls2xd',87,NULL,1751850000000),
('zse2xs','ze2ww','zls2xd',70,NULL,1751850000000),
('zse2y3','ze2wo','zls2xt',77,NULL,1751850000000),
('zse2y4','ze2wp','zls2xt',65,'متقدّمة',1751850000000),
('zse2y5','ze2ws','zls2xt',100,NULL,1751850000000),
('zse2y6','ze2wu','zls2xt',83,NULL,1751850000000),
('zse2y7','ze2ww','zls2xt',70,NULL,1751850000000),
('zse2yi','ze2wr','zls2y8',94,NULL,1751850000000),
('zse2yj','ze2wu','zls2y8',64,NULL,1751850000000),
('zse2zf','ze2yt','zls2z3',83,NULL,1751850000000),
('zse2zg','ze2yu','zls2z3',95,NULL,1751850000000),
('zse2zh','ze2yv','zls2z3',64,NULL,1751850000000),
('zse2zi','ze2yw','zls2z3',73,NULL,1751850000000),
('zse2zj','ze2yy','zls2z3',75,'تحتاج مراجعة',1751850000000),
('zse2zk','ze2z1','zls2z3',65,'تحتاج مراجعة',1751850000000),
('zse2zx','ze2ys','zls2zl',88,'ملتزمة',1751850000000),
('zse2zy','ze2yt','zls2zl',78,NULL,1751850000000),
('zse2zz','ze2yu','zls2zl',88,NULL,1751850000000),
('zse300','ze2yw','zls2zl',98,'ملتزمة',1751850000000),
('zse301','ze2yx','zls2zl',75,'ممتازة',1751850000000),
('zse302','ze2yy','zls2zl',100,NULL,1751850000000),
('zse303','ze2yz','zls2zl',73,'متقدّمة',1751850000000),
('zse304','ze2z0','zls2zl',91,NULL,1751850000000),
('zse305','ze2z1','zls2zl',95,'ملتزمة',1751850000000),
('zse306','ze2z2','zls2zl',87,NULL,1751850000000),
('zse30j','ze2yt','zls307',79,NULL,1751850000000),
('zse30k','ze2yv','zls307',91,'متقدّمة',1751850000000),
('zse30l','ze2yw','zls307',86,NULL,1751850000000),
('zse30m','ze2yz','zls307',61,'ممتازة',1751850000000),
('zse30n','ze2z0','zls307',70,NULL,1751850000000),
('zse30o','ze2z1','zls307',79,NULL,1751850000000),
('zse31h','ze310','zls318',82,NULL,1751850000000),
('zse31i','ze312','zls318',64,NULL,1751850000000),
('zse31j','ze313','zls318',85,NULL,1751850000000),
('zse31k','ze314','zls318',64,NULL,1751850000000);
INSERT OR IGNORE INTO student_evaluations (id,enrollment_id,lesson_session_id,score,note,created_at) VALUES
('zse31l','ze315','zls318',83,NULL,1751850000000),
('zse31m','ze316','zls318',67,NULL,1751850000000),
('zse31w','ze311','zls31n',97,NULL,1751850000000),
('zse31x','ze315','zls31n',70,NULL,1751850000000),
('zse327','ze310','zls31y',99,NULL,1751850000000),
('zse328','ze311','zls31y',75,'متقدّمة',1751850000000),
('zse329','ze312','zls31y',62,'متقدّمة',1751850000000),
('zse32a','ze313','zls31y',83,'تحتاج مراجعة',1751850000000),
('zse32k','ze310','zls32b',81,NULL,1751850000000),
('zse32l','ze314','zls32b',63,'متقدّمة',1751850000000),
('zse32m','ze316','zls32b',93,NULL,1751850000000),
('zse32n','ze317','zls32b',71,NULL,1751850000000),
('zse33l','ze32z','zls338',83,NULL,1751850000000),
('zse33m','ze330','zls338',62,'متقدّمة',1751850000000),
('zse33n','ze336','zls338',69,NULL,1751850000000),
('zse33o','ze337','zls338',92,NULL,1751850000000),
('zse342','ze32w','zls33p',73,NULL,1751850000000),
('zse343','ze32x','zls33p',78,'ملتزمة',1751850000000),
('zse344','ze32y','zls33p',68,'متقدّمة',1751850000000),
('zse345','ze32z','zls33p',85,NULL,1751850000000),
('zse346','ze330','zls33p',84,NULL,1751850000000),
('zse347','ze331','zls33p',86,NULL,1751850000000),
('zse348','ze332','zls33p',68,NULL,1751850000000),
('zse349','ze334','zls33p',77,'تحتاج مراجعة',1751850000000),
('zse34a','ze335','zls33p',91,'تحتاج مراجعة',1751850000000),
('zse34b','ze337','zls33p',69,'تحتاج مراجعة',1751850000000),
('zse351','ze34l','zls34s',91,NULL,1751850000000),
('zse352','ze34n','zls34s',91,'تحتاج مراجعة',1751850000000),
('zse35c','ze34k','zls353',98,NULL,1751850000000),
('zse35d','ze34l','zls353',86,NULL,1751850000000),
('zse35e','ze34n','zls353',81,NULL,1751850000000),
('zse35f','ze34q','zls353',79,NULL,1751850000000),
('zse35p','ze34k','zls35g',72,NULL,1751850000000),
('zse35q','ze34l','zls35g',78,NULL,1751850000000),
('zse35r','ze34n','zls35g',98,'ممتازة',1751850000000),
('zse35s','ze34p','zls35g',94,'ممتازة',1751850000000),
('zse35t','ze34q','zls35g',89,'ملتزمة',1751850000000),
('zse35u','ze34r','zls35g',64,NULL,1751850000000),
('zse364','ze34o','zls35v',88,NULL,1751850000000),
('zse365','ze34p','zls35v',91,NULL,1751850000000),
('zse36f','ze34k','zls366',70,NULL,1751850000000),
('zse36g','ze34l','zls366',80,NULL,1751850000000),
('zse36h','ze34o','zls366',74,NULL,1751850000000),
('zse36i','ze34q','zls366',90,'ملتزمة',1751850000000),
('zse37d','ze36u','zls373',87,'ممتازة',1751850000000),
('zse37e','ze36z','zls373',78,NULL,1751850000000),
('zse37f','ze372','zls373',92,NULL,1751850000000),
('zse37q','ze36v','zls37g',81,'تحتاج مراجعة',1751850000000),
('zse37r','ze36x','zls37g',77,NULL,1751850000000),
('zse382','ze36u','zls37s',70,NULL,1751850000000),
('zse383','ze36y','zls37s',82,NULL,1751850000000),
('zse384','ze36z','zls37s',96,'ممتازة',1751850000000),
('zse385','ze371','zls37s',96,NULL,1751850000000),
('zse397','ze38g','zls38s',83,'ممتازة',1751850000000),
('zse398','ze38h','zls38s',60,NULL,1751850000000),
('zse399','ze38j','zls38s',70,NULL,1751850000000),
('zse39a','ze38k','zls38s',96,'متقدّمة',1751850000000),
('zse39b','ze38l','zls38s',89,NULL,1751850000000),
('zse39c','ze38p','zls38s',87,'تحتاج مراجعة',1751850000000),
('zse39s','ze38e','zls39d',87,'تحتاج مراجعة',1751850000000);
INSERT OR IGNORE INTO student_evaluations (id,enrollment_id,lesson_session_id,score,note,created_at) VALUES
('zse39t','ze38i','zls39d',80,NULL,1751850000000),
('zse39u','ze38j','zls39d',98,NULL,1751850000000),
('zse39v','ze38n','zls39d',91,NULL,1751850000000),
('zse39w','ze38o','zls39d',85,NULL,1751850000000),
('zse39x','ze38q','zls39d',85,'ملتزمة',1751850000000),
('zse3ad','ze38g','zls39y',88,NULL,1751850000000),
('zse3ae','ze38i','zls39y',67,'متقدّمة',1751850000000),
('zse3af','ze38j','zls39y',88,NULL,1751850000000),
('zse3ag','ze38k','zls39y',73,NULL,1751850000000),
('zse3ah','ze38n','zls39y',60,'متقدّمة',1751850000000),
('zse3ai','ze38o','zls39y',93,NULL,1751850000000),
('zse3aj','ze38p','zls39y',78,NULL,1751850000000),
('zse3bn','ze3as','zls3b7',61,'ملتزمة',1751850000000),
('zse3bo','ze3au','zls3b7',81,NULL,1751850000000),
('zse3bp','ze3aw','zls3b7',86,NULL,1751850000000),
('zse3bq','ze3ax','zls3b7',62,'متقدّمة',1751850000000),
('zse3br','ze3ay','zls3b7',68,NULL,1751850000000),
('zse3bs','ze3b5','zls3b7',75,NULL,1751850000000),
('zse3bt','ze3b6','zls3b7',66,NULL,1751850000000),
('zse3ca','ze3as','zls3bu',85,NULL,1751850000000),
('zse3cb','ze3ax','zls3bu',75,NULL,1751850000000),
('zse3cc','ze3b2','zls3bu',76,NULL,1751850000000),
('zse3cd','ze3b3','zls3bu',76,NULL,1751850000000),
('zse3ce','ze3b5','zls3bu',76,'متقدّمة',1751850000000),
('zse3d6','ze3cn','zls3cw',89,NULL,1751850000000),
('zse3d7','ze3cs','zls3cw',79,NULL,1751850000000),
('zse3d8','ze3ct','zls3cw',93,NULL,1751850000000),
('zse3dj','ze3cn','zls3d9',62,'ملتزمة',1751850000000),
('zse3dk','ze3co','zls3d9',81,NULL,1751850000000),
('zse3dl','ze3cp','zls3d9',92,'متقدّمة',1751850000000),
('zse3dm','ze3cu','zls3d9',64,NULL,1751850000000);
INSERT OR IGNORE INTO monthly_entitlements (id,person_id,month,gross_amount,currency,status,approved_by,created_at) VALUES
('zent3ht','zp19','1447-06',3.57,'USD','approved','u-admin',1751850000000),
('zent3hv','zp2v','1447-06',7.86,'USD','proposed',NULL,1751850000000),
('zent3hx','zp4d','1447-06',0.18,'USD','paid','u-admin',1751850000000),
('zent3i0','zp5d','1447-06',8.04,'USD','proposed',NULL,1751850000000),
('zent3i2','zp85','1447-06',13.21,'USD','proposed',NULL,1751850000000),
('zent3i4','zp9x','1447-06',2.32,'USD','paid','u-admin',1751850000000),
('zent3i7','zpdg','1447-06',8.39,'USD','approved','u-admin',1751850000000),
('zent3i9','zped','1447-06',8.39,'USD','approved','u-admin',1751850000000),
('zent3ib','zpg5','1447-06',7.86,'USD','approved','u-admin',1751850000000),
('zent3id','zph0','1447-06',12.68,'USD','paid','u-admin',1751850000000),
('zent3ig','zpj0','1447-06',4.29,'USD','proposed',NULL,1751850000000),
('zent3ii','zpjv','1447-06',11.79,'USD','approved','u-admin',1751850000000),
('zent3ik','zplr','1447-06',0.54,'USD','proposed',NULL,1751850000000),
('zent3im','zpms','1447-06',10.36,'USD','proposed',NULL,1751850000000),
('zent3io','zpnw','1447-06',0.36,'USD','proposed',NULL,1751850000000),
('zent3iq','zpq1','1447-06',11.43,'USD','paid','u-admin',1751850000000),
('zent3it','zprz','1447-06',5.36,'USD','paid','u-admin',1751850000000),
('zent3iw','zpt2','1447-06',10.71,'USD','approved','u-admin',1751850000000),
('zent3iy','zptu','1447-06',1.79,'USD','proposed',NULL,1751850000000),
('zent3j0','zpuo','1447-06',8.21,'USD','proposed',NULL,1751850000000),
('zent3j2','zpx2','1447-06',11.25,'USD','approved','u-admin',1751850000000),
('zent3j4','zpyw','1447-06',4.11,'USD','approved','u-admin',1751850000000),
('zent3j6','zp10u','1447-06',4.29,'USD','proposed',NULL,1751850000000),
('zent3j8','zp11t','1447-06',8.75,'USD','approved','u-admin',1751850000000),
('zent3ja','zp13e','1447-06',2.14,'USD','approved','u-admin',1751850000000),
('zent3jc','zp14c','1447-06',9.29,'USD','proposed',NULL,1751850000000),
('zent3je','zp16m','1447-06',3.39,'USD','proposed',NULL,1751850000000),
('zent3jg','zp18p','1447-06',12.68,'USD','proposed',NULL,1751850000000),
('zent3ji','zpn','1447-06',44,'USD','approved','u-admin',1751850000000),
('zent3jk','zp35','1447-06',50,'USD','paid','u-admin',1751850000000),
('zent3jm','zp40','1447-06',38,'USD','approved','u-admin',1751850000000),
('zent3jo','zp5n','1447-06',34,'USD','proposed',NULL,1751850000000),
('zent3jq','zp7s','1447-06',20,'USD','proposed',NULL,1751850000000),
('zent3js','zp8h','1447-06',42,'USD','approved','u-admin',1751850000000),
('zent3ju','zp95','1447-06',30,'USD','proposed',NULL,1751850000000),
('zent3jw','zpa5','1447-06',16,'USD','proposed',NULL,1751850000000),
('zent3jy','zpb1','1447-06',26,'USD','paid','u-admin',1751850000000),
('zent3k0','zpcs','1447-06',52,'USD','proposed',NULL,1751850000000),
('zent3k2','zpcu','1447-06',40,'USD','approved','u-admin',1751850000000),
('zent3k4','zpd0','1447-06',26,'USD','approved','u-admin',1751850000000),
('zent3k6','zpdq','1447-06',58,'USD','proposed',NULL,1751850000000),
('zent3k8','zpdy','1447-06',46,'USD','approved','u-admin',1751850000000),
('zent3ka','zpep','1447-06',30,'USD','paid','u-admin',1751850000000),
('zent3kc','zpet','1447-06',56,'USD','paid','u-admin',1751850000000),
('zent3ke','zpev','1447-06',54,'USD','approved','u-admin',1751850000000),
('zent3kg','zpfr','1447-06',28,'USD','proposed',NULL,1751850000000),
('zent3ki','zpft','1447-06',10,'USD','paid','u-admin',1751850000000),
('zent3kk','zpgf','1447-06',24,'USD','paid','u-admin',1751850000000),
('zent3km','zpgj','1447-06',28,'USD','proposed',NULL,1751850000000),
('zent3ko','zpha','1447-06',28,'USD','paid','u-admin',1751850000000),
('zent3kq','zpif','1447-06',8,'USD','proposed',NULL,1751850000000),
('zent3ks','zpih','1447-06',46,'USD','paid','u-admin',1751850000000),
('zent3ku','zpk7','1447-06',58,'USD','paid','u-admin',1751850000000),
('zent3kw','zpkf','1447-06',16,'USD','paid','u-admin',1751850000000),
('zent3ky','zpkh','1447-06',42,'USD','proposed',NULL,1751850000000),
('zent3l0','zpm1','1447-06',22,'USD','paid','u-admin',1751850000000),
('zent3l2','zpm3','1447-06',28,'USD','approved','u-admin',1751850000000),
('zent3l4','zpm7','1447-06',56,'USD','approved','u-admin',1751850000000),
('zent3l6','zpn4','1447-06',48,'USD','proposed',NULL,1751850000000),
('zent3l8','zpo6','1447-06',14,'USD','paid','u-admin',1751850000000);
INSERT OR IGNORE INTO monthly_entitlements (id,person_id,month,gross_amount,currency,status,approved_by,created_at) VALUES
('zent3la','zpp0','1447-06',10,'USD','proposed',NULL,1751850000000),
('zent3lc','zpp4','1447-06',38,'USD','approved','u-admin',1751850000000),
('zent3le','zppl','1447-06',12,'USD','paid','u-admin',1751850000000),
('zent3lg','zprh','1447-06',40,'USD','approved','u-admin',1751850000000),
('zent3li','zps7','1447-06',26,'USD','paid','u-admin',1751850000000),
('zent3lk','zpuu','1447-06',22,'USD','approved','u-admin',1751850000000),
('zent3lm','zpzg','1447-06',46,'USD','paid','u-admin',1751850000000),
('zent3lo','zp10f','1447-06',10,'USD','approved','u-admin',1751850000000);
INSERT OR IGNORE INTO entitlement_tracks (id,entitlement_id,kind,basis,rate,amount,source_ref) VALUES
('zetk3hu','zent3ht','points',20,0.17857142857142858,3.57,'zm18'),
('zetk3hw','zent3hv','points',44,0.17857142857142858,7.86,'zm2u'),
('zetk3hy','zent3hx','points',1,0.17857142857142858,0.18,'zm4c'),
('zetk3i1','zent3i0','points',45,0.17857142857142858,8.04,'zm5c'),
('zetk3i3','zent3i2','points',74,0.17857142857142858,13.21,'zm84'),
('zetk3i5','zent3i4','points',13,0.17857142857142858,2.32,'zm9w'),
('zetk3i8','zent3i7','points',47,0.17857142857142858,8.39,'zmdf'),
('zetk3ia','zent3i9','points',47,0.17857142857142858,8.39,'zmec'),
('zetk3ic','zent3ib','points',44,0.17857142857142858,7.86,'zmg4'),
('zetk3ie','zent3id','points',71,0.17857142857142858,12.68,'zmgz'),
('zetk3ih','zent3ig','points',24,0.17857142857142858,4.29,'zmiz'),
('zetk3ij','zent3ii','points',66,0.17857142857142858,11.79,'zmju'),
('zetk3il','zent3ik','points',3,0.17857142857142858,0.54,'zmlq'),
('zetk3in','zent3im','points',58,0.17857142857142858,10.36,'zmmr'),
('zetk3ip','zent3io','points',2,0.17857142857142858,0.36,'zmnv'),
('zetk3ir','zent3iq','points',64,0.17857142857142858,11.43,'zmq0'),
('zetk3iu','zent3it','points',30,0.17857142857142858,5.36,'zmry'),
('zetk3ix','zent3iw','points',60,0.17857142857142858,10.71,'zmt1'),
('zetk3iz','zent3iy','points',10,0.17857142857142858,1.79,'zmtt'),
('zetk3j1','zent3j0','points',46,0.17857142857142858,8.21,'zmun'),
('zetk3j3','zent3j2','points',63,0.17857142857142858,11.25,'zmx1'),
('zetk3j5','zent3j4','points',23,0.17857142857142858,4.11,'zmyv'),
('zetk3j7','zent3j6','points',24,0.17857142857142858,4.29,'zm10t'),
('zetk3j9','zent3j8','points',49,0.17857142857142858,8.75,'zm11s'),
('zetk3jb','zent3ja','points',12,0.17857142857142858,2.14,'zm13d'),
('zetk3jd','zent3jc','points',52,0.17857142857142858,9.29,'zm14b'),
('zetk3jf','zent3je','points',19,0.17857142857142858,3.39,'zm16l'),
('zetk3jh','zent3jg','points',71,0.17857142857142858,12.68,'zm18o'),
('zetk3jj','zent3ji','hours',22,2,44,'ala_baseera'),
('zetk3jl','zent3jk','hours',25,2,50,'ala_baseera'),
('zetk3jn','zent3jm','hours',19,2,38,'ala_baseera'),
('zetk3jp','zent3jo','hours',17,2,34,'ala_baseera'),
('zetk3jr','zent3jq','hours',10,2,20,'ala_baseera'),
('zetk3jt','zent3js','hours',21,2,42,'ala_baseera'),
('zetk3jv','zent3ju','hours',15,2,30,'ala_baseera'),
('zetk3jx','zent3jw','hours',8,2,16,'ala_baseera'),
('zetk3jz','zent3jy','hours',13,2,26,'ala_baseera'),
('zetk3k1','zent3k0','hours',26,2,52,'ala_baseera'),
('zetk3k3','zent3k2','hours',20,2,40,'ala_baseera'),
('zetk3k5','zent3k4','hours',13,2,26,'ala_baseera'),
('zetk3k7','zent3k6','hours',29,2,58,'ala_baseera'),
('zetk3k9','zent3k8','hours',23,2,46,'ala_baseera'),
('zetk3kb','zent3ka','hours',15,2,30,'ala_baseera'),
('zetk3kd','zent3kc','hours',28,2,56,'ala_baseera'),
('zetk3kf','zent3ke','hours',27,2,54,'ala_baseera'),
('zetk3kh','zent3kg','hours',14,2,28,'ala_baseera'),
('zetk3kj','zent3ki','hours',5,2,10,'ala_baseera'),
('zetk3kl','zent3kk','hours',12,2,24,'ala_baseera'),
('zetk3kn','zent3km','hours',14,2,28,'ala_baseera'),
('zetk3kp','zent3ko','hours',14,2,28,'ala_baseera'),
('zetk3kr','zent3kq','hours',4,2,8,'ala_baseera'),
('zetk3kt','zent3ks','hours',23,2,46,'ala_baseera'),
('zetk3kv','zent3ku','hours',29,2,58,'ala_baseera'),
('zetk3kx','zent3kw','hours',8,2,16,'ala_baseera'),
('zetk3kz','zent3ky','hours',21,2,42,'ala_baseera'),
('zetk3l1','zent3l0','hours',11,2,22,'ala_baseera'),
('zetk3l3','zent3l2','hours',14,2,28,'ala_baseera'),
('zetk3l5','zent3l4','hours',28,2,56,'ala_baseera'),
('zetk3l7','zent3l6','hours',24,2,48,'ala_baseera'),
('zetk3l9','zent3l8','hours',7,2,14,'ala_baseera');
INSERT OR IGNORE INTO entitlement_tracks (id,entitlement_id,kind,basis,rate,amount,source_ref) VALUES
('zetk3lb','zent3la','hours',5,2,10,'ala_baseera'),
('zetk3ld','zent3lc','hours',19,2,38,'ala_baseera'),
('zetk3lf','zent3le','hours',6,2,12,'ala_baseera'),
('zetk3lh','zent3lg','hours',20,2,40,'ala_baseera'),
('zetk3lj','zent3li','hours',13,2,26,'ala_baseera'),
('zetk3ll','zent3lk','hours',11,2,22,'ala_baseera'),
('zetk3ln','zent3lm','hours',23,2,46,'ala_baseera'),
('zetk3lp','zent3lo','hours',5,2,10,'ala_baseera');
INSERT OR IGNORE INTO payouts (id,entitlement_id,net_amount,paid_amount,reference,recorded_by,paid_at) VALUES
('zpo3hz','zent3hx',0.18,0.18,'حوالة 9374','u-admin',1750554000000),
('zpo3i6','zent3i4',2.32,2.32,'حوالة 5227','u-admin',1751158800000),
('zpo3if','zent3id',12.68,12.68,'حوالة 8460','u-admin',1750899600000),
('zpo3is','zent3iq',11.43,11.43,'حوالة 2062','u-admin',1751158800000),
('zpo3iv','zent3it',5.36,5.36,'حوالة 3535','u-admin',1751590800000);
INSERT OR IGNORE INTO competitions (id,name,start_month,end_month,qualification_month,prize_pool,status,created_at) VALUES
('zcomp3lq','مسابقة المسجد المؤثر 1447–1448','1447-07','1448-07','1448-06',25000,'active',1751850000000);
INSERT OR IGNORE INTO monthly_programs (id,competition_id,month_hijri,track,title,max_points) VALUES
('zmp3lr','zcomp3lq','1447-07','worship','دورة علمية',150),
('zmp3ls','zcomp3lq','1447-08','knowledge','دورة علمية',100),
('zmp3lt','zcomp3lq','1447-09','worship','نشاط دعوي',50),
('zmp3lu','zcomp3lq','1447-10','knowledge','دورة علمية',50),
('zmp3lv','zcomp3lq','1447-11','knowledge','ختمة تدبر',100),
('zmp3lw','zcomp3lq','1447-12','activities','دورة علمية',100),
('zmp3lx','zcomp3lq','1447-13','worship','دورة علمية',100),
('zmp3ly','zcomp3lq','1447-14','knowledge','نشاط دعوي',100);
INSERT OR IGNORE INTO participants (id,competition_id,person_id,mosque_id,age_at_registration,status,created_at) VALUES
('zpart3lz','zcomp3lq','zp2','zmbk',28,'withdrawn',1751850000000),
('zpart3m1','zcomp3lq','zpa','zmun',37,'active',1751850000000),
('zpart3m6','zcomp3lq','zpe','zm14b',20,'withdrawn',1751850000000),
('zpart3mc','zcomp3lq','zph','zm12m',27,'withdrawn',1751850000000),
('zpart3mi','zcomp3lq','zpl','zmao',22,'active',1751850000000),
('zpart3ml','zcomp3lq','zpp','zmju',31,'active',1751850000000),
('zpart3mp','zcomp3lq','zpr','zm4c',20,'qualified',1751850000000),
('zpart3mv','zcomp3lq','zp19','zmnv',36,'active',1751850000000),
('zpart3my','zcomp3lq','zp1b','zmhy',31,'active',1751850000000),
('zpart3n0','zcomp3lq','zp1h','zm15z',34,'active',1751850000000),
('zpart3n5','zcomp3lq','zp1j','zmvf',27,'withdrawn',1751850000000),
('zpart3nb','zcomp3lq','zp1l','zmun',35,'active',1751850000000),
('zpart3ng','zcomp3lq','zp1n','zm5c',39,'withdrawn',1751850000000),
('zpart3nj','zcomp3lq','zp1p','zmzw',25,'qualified',1751850000000),
('zpart3no','zcomp3lq','zp29','zm18',17,'active',1751850000000),
('zpart3nv','zcomp3lq','zp2b','zmfc',39,'qualified',1751850000000),
('zpart3o1','zcomp3lq','zp2d','zmcf',37,'withdrawn',1751850000000),
('zpart3o6','zcomp3lq','zp2h','zmbk',16,'qualified',1751850000000),
('zpart3oa','zcomp3lq','zp2j','zmvf',19,'qualified',1751850000000),
('zpart3oe','zcomp3lq','zp2l','zmgz',38,'withdrawn',1751850000000),
('zpart3oh','zcomp3lq','zp2n','zmop',25,'withdrawn',1751850000000),
('zpart3on','zcomp3lq','zp2p','zm18',35,'active',1751850000000),
('zpart3os','zcomp3lq','zp2v','zmmr',40,'active',1751850000000),
('zpart3ow','zcomp3lq','zp31','zmry',36,'active',1751850000000),
('zpart3p1','zcomp3lq','zp33','zm13d',34,'qualified',1751850000000),
('zpart3p7','zcomp3lq','zp37','zmgz',30,'active',1751850000000),
('zpart3pd','zcomp3lq','zp3o','zmgz',17,'active',1751850000000),
('zpart3pg','zcomp3lq','zp42','zmec',32,'withdrawn',1751850000000),
('zpart3pk','zcomp3lq','zp4d','zm15c',20,'active',1751850000000),
('zpart3pn','zcomp3lq','zp4h','zm8y',20,'active',1751850000000),
('zpart3pt','zcomp3lq','zp4j','zm4c',20,'active',1751850000000),
('zpart3px','zcomp3lq','zp4n','zm18o',29,'withdrawn',1751850000000),
('zpart3q3','zcomp3lq','zp4p','zmg4',33,'active',1751850000000),
('zpart3qa','zcomp3lq','zp4r','zm13d',18,'active',1751850000000),
('zpart3qh','zcomp3lq','zp4x','zmpa',15,'qualified',1751850000000),
('zpart3qn','zcomp3lq','zp5d','zm26',26,'active',1751850000000),
('zpart3qs','zcomp3lq','zp5h','zmr0',36,'active',1751850000000),
('zpart3qw','zcomp3lq','zp5j','zm3n',30,'qualified',1751850000000),
('zpart3qz','zcomp3lq','zp5r','zmfc',35,'active',1751850000000),
('zpart3r6','zcomp3lq','zp5v','zmtt',15,'withdrawn',1751850000000),
('zpart3rb','zcomp3lq','zp5x','zm79',27,'active',1751850000000),
('zpart3re','zcomp3lq','zp6c','zm16l',30,'active',1751850000000),
('zpart3ri','zcomp3lq','zp6e','zm181',28,'active',1751850000000),
('zpart3rm','zcomp3lq','zp6g','zmlq',30,'active',1751850000000),
('zpart3rr','zcomp3lq','zp6k','zmyv',40,'withdrawn',1751850000000),
('zpart3ru','zcomp3lq','zp6m','zmw1',25,'withdrawn',1751850000000),
('zpart3rz','zcomp3lq','zp6o','zm11s',30,'withdrawn',1751850000000),
('zpart3s4','zcomp3lq','zp6q','zm9w',37,'active',1751850000000),
('zpart3s9','zcomp3lq','zp77','zm12m',40,'active',1751850000000),
('zpart3sc','zcomp3lq','zp7a','zm3n',34,'withdrawn',1751850000000),
('zpart3sh','zcomp3lq','zp7e','zm26',40,'active',1751850000000),
('zpart3sk','zcomp3lq','zp7m','zmun',38,'active',1751850000000),
('zpart3sq','zcomp3lq','zp7q','zm13d',34,'qualified',1751850000000),
('zpart3sw','zcomp3lq','zp7s','zmtt',19,'qualified',1751850000000),
('zpart3t2','zcomp3lq','zp85','zmfc',29,'active',1751850000000),
('zpart3t5','zcomp3lq','zp89','zmg4',32,'withdrawn',1751850000000),
('zpart3tb','zcomp3lq','zp8b','zm9w',37,'withdrawn',1751850000000),
('zpart3tj','zcomp3lq','zp8j','zm17g',23,'active',1751850000000),
('zpart3tm','zcomp3lq','zp8l','zm13d',22,'active',1751850000000),
('zpart3ts','zcomp3lq','zp91','zmgz',22,'withdrawn',1751850000000);
INSERT OR IGNORE INTO participants (id,competition_id,person_id,mosque_id,age_at_registration,status,created_at) VALUES
('zpart3tw','zcomp3lq','zp95','zmdf',26,'qualified',1751850000000),
('zpart3ty','zcomp3lq','zp97','zm4c',40,'qualified',1751850000000),
('zpart3u4','zcomp3lq','zp99','zm12m',32,'qualified',1751850000000),
('zpart3u8','zcomp3lq','zp9b','zmgz',38,'withdrawn',1751850000000),
('zpart3ud','zcomp3lq','zp9d','zmop',39,'active',1751850000000),
('zpart3ug','zcomp3lq','zpa1','zm15z',23,'withdrawn',1751850000000),
('zpart3ui','zcomp3lq','zpa3','zmzw',26,'active',1751850000000),
('zpart3un','zcomp3lq','zpa9','zm3n',19,'withdrawn',1751850000000),
('zpart3ut','zcomp3lq','zpap','zm5c',16,'active',1751850000000),
('zpart3uy','zcomp3lq','zpav','zmvf',22,'withdrawn',1751850000000),
('zpart3v2','zcomp3lq','zpb1','zm79',18,'qualified',1751850000000),
('zpart3v8','zcomp3lq','zpb3','zm9w',23,'active',1751850000000),
('zpart3vd','zcomp3lq','zpb7','zm11s',40,'active',1751850000000),
('zpart3vg','zcomp3lq','zpb9','zmry',37,'withdrawn',1751850000000),
('zpart3vk','zcomp3lq','zpbl','zmdf',27,'withdrawn',1751850000000),
('zpart3vp','zcomp3lq','zpbp','zm6b',33,'active',1751850000000),
('zpart3vu','zcomp3lq','zpbr','zmiz',39,'active',1751850000000),
('zpart3vz','zcomp3lq','zpbv','zmd',40,'active',1751850000000),
('zpart3w1','zcomp3lq','zpbx','zmx1',33,'qualified',1751850000000),
('zpart3w8','zcomp3lq','zpbz','zm9w',31,'active',1751850000000),
('zpart3wg','zcomp3lq','zpca','zm4c',28,'active',1751850000000),
('zpart3wk','zcomp3lq','zpck','zmpa',19,'active',1751850000000),
('zpart3wr','zcomp3lq','zpcs','zm3n',17,'active',1751850000000),
('zpart3ww','zcomp3lq','zpcu','zm14b',21,'active',1751850000000),
('zpart3x1','zcomp3lq','zpd0','zm16l',29,'qualified',1751850000000),
('zpart3x9','zcomp3lq','zpd2','zmcf',18,'qualified',1751850000000),
('zpart3xf','zcomp3lq','zpdg','zmec',34,'active',1751850000000),
('zpart3xk','zcomp3lq','zpdk','zmry',23,'withdrawn',1751850000000),
('zpart3xn','zcomp3lq','zpdm','zm26',36,'qualified',1751850000000),
('zpart3xq','zcomp3lq','zpdq','zmd',36,'withdrawn',1751850000000),
('zpart3xu','zcomp3lq','zpdu','zmbk',25,'withdrawn',1751850000000),
('zpart3xx','zcomp3lq','zpdw','zm10t',22,'active',1751850000000),
('zpart3y2','zcomp3lq','zpdy','zmfc',24,'withdrawn',1751850000000),
('zpart3y8','zcomp3lq','zpef','zmdf',29,'withdrawn',1751850000000),
('zpart3ye','zcomp3lq','zpej','zmry',22,'active',1751850000000),
('zpart3yk','zcomp3lq','zpep','zmq0',34,'withdrawn',1751850000000),
('zpart3yo','zcomp3lq','zper','zm17g',25,'withdrawn',1751850000000),
('zpart3yt','zcomp3lq','zpet','zm6b',40,'active',1751850000000),
('zpart3yy','zcomp3lq','zpfd','zmry',37,'qualified',1751850000000),
('zpart3z2','zcomp3lq','zpfh','zmr0',23,'qualified',1751850000000),
('zpart3z4','zcomp3lq','zpfj','zmzw',17,'qualified',1751850000000),
('zpart3z6','zcomp3lq','zpfl','zmao',29,'active',1751850000000),
('zpart3zb','zcomp3lq','zpg5','zmd',21,'active',1751850000000),
('zpart3zf','zcomp3lq','zpgb','zmry',27,'active',1751850000000),
('zpart3zk','zcomp3lq','zpgd','zmw1',19,'active',1751850000000),
('zpart3zr','zcomp3lq','zpgf','zmzw',30,'qualified',1751850000000),
('zpart3zv','zcomp3lq','zpgh','zm8y',37,'qualified',1751850000000),
('zpart402','zcomp3lq','zpgj','zm10t',17,'active',1751850000000),
('zpart407','zcomp3lq','zpgn','zm15z',20,'qualified',1751850000000),
('zpart40c','zcomp3lq','zph2','zm9w',20,'active',1751850000000),
('zpart40i','zcomp3lq','zph4','zm79',34,'qualified',1751850000000),
('zpart40o','zcomp3lq','zph6','zm10t',31,'active',1751850000000),
('zpart40u','zcomp3lq','zph8','zmyv',22,'withdrawn',1751850000000),
('zpart40y','zcomp3lq','zpha','zmxu',21,'qualified',1751850000000),
('zpart412','zcomp3lq','zphc','zmnv',29,'active',1751850000000),
('zpart416','zcomp3lq','zphe','zm79',27,'active',1751850000000),
('zpart419','zcomp3lq','zpi1','zmop',24,'active',1751850000000),
('zpart41e','zcomp3lq','zpi5','zmxu',22,'withdrawn',1751850000000),
('zpart41h','zcomp3lq','zpi7','zmgz',17,'qualified',1751850000000),
('zpart41l','zcomp3lq','zpid','zmtt',24,'active',1751850000000);
INSERT OR IGNORE INTO participants (id,competition_id,person_id,mosque_id,age_at_registration,status,created_at) VALUES
('zpart41p','zcomp3lq','zpih','zm8y',29,'qualified',1751850000000),
('zpart41t','zcomp3lq','zpj0','zmnv',25,'active',1751850000000),
('zpart41v','zcomp3lq','zpj2','zm3n',32,'active',1751850000000),
('zpart41z','zcomp3lq','zpj6','zm15c',32,'qualified',1751850000000),
('zpart427','zcomp3lq','zpj8','zmzw',20,'active',1751850000000),
('zpart42f','zcomp3lq','zpja','zmtt',20,'qualified',1751850000000),
('zpart42n','zcomp3lq','zpjc','zmt1',21,'active',1751850000000),
('zpart42t','zcomp3lq','zpjg','zmmr',16,'qualified',1751850000000),
('zpart42x','zcomp3lq','zpk3','zm15z',27,'active',1751850000000),
('zpart433','zcomp3lq','zpk5','zmtt',32,'active',1751850000000),
('zpart437','zcomp3lq','zpk9','zmxu',17,'active',1751850000000),
('zpart43c','zcomp3lq','zpkb','zmdf',34,'active',1751850000000),
('zpart43g','zcomp3lq','zpkf','zm15z',35,'active',1751850000000),
('zpart43l','zcomp3lq','zpkh','zm9w',27,'active',1751850000000),
('zpart43r','zcomp3lq','zpkw','zm84',18,'qualified',1751850000000),
('zpart43x','zcomp3lq','zpl2','zmxu',18,'qualified',1751850000000),
('zpart441','zcomp3lq','zpl4','zm2u',19,'active',1751850000000),
('zpart447','zcomp3lq','zpl6','zmq0',28,'active',1751850000000),
('zpart44e','zcomp3lq','zpl8','zmec',19,'active',1751850000000),
('zpart44h','zcomp3lq','zplr','zm84',20,'qualified',1751850000000),
('zpart44m','zcomp3lq','zplv','zmt1',24,'qualified',1751850000000),
('zpart44r','zcomp3lq','zpm5','zm4c',16,'qualified',1751850000000),
('zpart44x','zcomp3lq','zpm7','zmop',37,'active',1751850000000),
('zpart453','zcomp3lq','zpmw','zmxu',35,'active',1751850000000),
('zpart458','zcomp3lq','zpn4','zm13d',29,'withdrawn',1751850000000),
('zpart45d','zcomp3lq','zpn6','zm13d',24,'withdrawn',1751850000000),
('zpart45f','zcomp3lq','zpna','zmmr',28,'active',1751850000000),
('zpart45n','zcomp3lq','zpo0','zmq0',39,'active',1751850000000),
('zpart45q','zcomp3lq','zpo2','zmyv',21,'withdrawn',1751850000000),
('zpart45x','zcomp3lq','zpo4','zmbk',29,'active',1751850000000),
('zpart461','zcomp3lq','zpo6','zm15z',25,'active',1751850000000),
('zpart465','zcomp3lq','zpo8','zm5c',30,'active',1751850000000),
('zpart469','zcomp3lq','zpoa','zmgz',39,'active',1751850000000),
('zpart46d','zcomp3lq','zpoq','zmpa',26,'active',1751850000000),
('zpart46i','zcomp3lq','zpos','zm3n',22,'active',1751850000000),
('zpart46o','zcomp3lq','zpow','zmec',22,'active',1751850000000),
('zpart46u','zcomp3lq','zpp0','zmpa',23,'qualified',1751850000000),
('zpart46x','zcomp3lq','zpp2','zm12m',29,'active',1751850000000),
('zpart471','zcomp3lq','zpp4','zm16l',26,'active',1751850000000),
('zpart474','zcomp3lq','zppb','zmkv',27,'active',1751850000000),
('zpart479','zcomp3lq','zppf','zm181',35,'active',1751850000000),
('zpart47f','zcomp3lq','zpph','zmry',29,'active',1751850000000),
('zpart47i','zcomp3lq','zppj','zmfc',25,'withdrawn',1751850000000),
('zpart47o','zcomp3lq','zppl','zm181',33,'active',1751850000000),
('zpart47v','zcomp3lq','zppr','zm181',30,'active',1751850000000),
('zpart47y','zcomp3lq','zppt','zmiz',20,'active',1751850000000),
('zpart481','zcomp3lq','zpq1','zm11s',23,'withdrawn',1751850000000),
('zpart485','zcomp3lq','zpq3','zm26',34,'active',1751850000000),
('zpart489','zcomp3lq','zpq5','zmyv',24,'qualified',1751850000000),
('zpart48e','zcomp3lq','zpqb','zmpa',32,'active',1751850000000),
('zpart48i','zcomp3lq','zpqd','zmtt',22,'active',1751850000000),
('zpart48o','zcomp3lq','zpqf','zmtt',40,'withdrawn',1751850000000),
('zpart48u','zcomp3lq','zpqh','zmiz',26,'active',1751850000000),
('zpart48x','zcomp3lq','zpqn','zmr0',19,'qualified',1751850000000),
('zpart494','zcomp3lq','zpr3','zm181',18,'withdrawn',1751850000000),
('zpart49b','zcomp3lq','zpr5','zm17g',18,'active',1751850000000),
('zpart49f','zcomp3lq','zpr7','zm2u',37,'active',1751850000000),
('zpart49k','zcomp3lq','zpr9','zm181',24,'qualified',1751850000000),
('zpart49p','zcomp3lq','zprb','zm84',22,'qualified',1751850000000),
('zpart49v','zcomp3lq','zprd','zmd',40,'active',1751850000000);
INSERT OR IGNORE INTO participants (id,competition_id,person_id,mosque_id,age_at_registration,status,created_at) VALUES
('zpart49z','zcomp3lq','zprf','zm17g',24,'active',1751850000000),
('zpart4a5','zcomp3lq','zprh','zmvf',36,'qualified',1751850000000),
('zpart4a9','zcomp3lq','zps3','zm18o',35,'withdrawn',1751850000000),
('zpart4ad','zcomp3lq','zps5','zm9w',31,'active',1751850000000),
('zpart4ah','zcomp3lq','zps7','zmhy',28,'active',1751850000000),
('zpart4al','zcomp3lq','zps9','zm2u',20,'active',1751850000000),
('zpart4ar','zcomp3lq','zpsd','zm79',27,'active',1751850000000),
('zpart4aw','zcomp3lq','zpsf','zmec',40,'active',1751850000000),
('zpart4b2','zcomp3lq','zpt6','zmhy',19,'qualified',1751850000000),
('zpart4b8','zcomp3lq','zpta','zmop',34,'qualified',1751850000000),
('zpart4bc','zcomp3lq','zptc','zm181',30,'withdrawn',1751850000000),
('zpart4bj','zcomp3lq','zpte','zm12m',26,'active',1751850000000),
('zpart4br','zcomp3lq','zptg','zm18o',28,'active',1751850000000),
('zpart4bx','zcomp3lq','zpti','zm14b',23,'withdrawn',1751850000000),
('zpart4c2','zcomp3lq','zptu','zmdf',25,'qualified',1751850000000),
('zpart4c7','zcomp3lq','zptw','zmq0',36,'active',1751850000000),
('zpart4cb','zcomp3lq','zpu0','zm17g',27,'active',1751850000000),
('zpart4cf','zcomp3lq','zpu2','zmgz',31,'withdrawn',1751850000000),
('zpart4cl','zcomp3lq','zpu6','zmcf',16,'qualified',1751850000000),
('zpart4cp','zcomp3lq','zpuo','zm9w',22,'active',1751850000000),
('zpart4cu','zcomp3lq','zpuy','zmtt',40,'active',1751850000000),
('zpart4d0','zcomp3lq','zpv2','zmcf',20,'active',1751850000000),
('zpart4d5','zcomp3lq','zpvq','zmxu',23,'active',1751850000000),
('zpart4da','zcomp3lq','zpvs','zmzw',18,'qualified',1751850000000),
('zpart4dh','zcomp3lq','zpvu','zm181',28,'qualified',1751850000000),
('zpart4dm','zcomp3lq','zpvy','zm18',32,'active',1751850000000),
('zpart4ds','zcomp3lq','zpw2','zm6b',20,'active',1751850000000),
('zpart4dw','zcomp3lq','zpw6','zmq0',26,'active',1751850000000),
('zpart4e0','zcomp3lq','zpwa','zmao',26,'withdrawn',1751850000000),
('zpart4e4','zcomp3lq','zpwe','zm17g',26,'active',1751850000000),
('zpart4e8','zcomp3lq','zpwi','zmw1',25,'active',1751850000000),
('zpart4ed','zcomp3lq','zpx8','zm15z',23,'active',1751850000000),
('zpart4ei','zcomp3lq','zpxa','zm6b',23,'withdrawn',1751850000000),
('zpart4el','zcomp3lq','zpxc','zmcf',38,'active',1751850000000),
('zpart4ep','zcomp3lq','zpxv','zm2u',15,'active',1751850000000),
('zpart4es','zcomp3lq','zpxx','zm11s',28,'active',1751850000000),
('zpart4ey','zcomp3lq','zpy1','zmao',33,'active',1751850000000),
('zpart4f3','zcomp3lq','zpy5','zmhy',32,'active',1751850000000),
('zpart4f6','zcomp3lq','zpy7','zmiz',19,'withdrawn',1751850000000),
('zpart4fe','zcomp3lq','zpy9','zm4c',25,'withdrawn',1751850000000),
('zpart4fj','zcomp3lq','zpyb','zmec',28,'withdrawn',1751850000000),
('zpart4fn','zcomp3lq','zpyt','zmtt',21,'active',1751850000000),
('zpart4fu','zcomp3lq','zpz2','zm181',34,'active',1751850000000),
('zpart4g0','zcomp3lq','zpz4','zmt1',31,'qualified',1751850000000),
('zpart4g3','zcomp3lq','zpz6','zmop',23,'withdrawn',1751850000000),
('zpart4g9','zcomp3lq','zpz8','zm8y',23,'active',1751850000000),
('zpart4gg','zcomp3lq','zpza','zm3n',18,'active',1751850000000),
('zpart4gl','zcomp3lq','zpzc','zm3n',32,'active',1751850000000),
('zpart4gp','zcomp3lq','zpzg','zmdf',28,'withdrawn',1751850000000),
('zpart4gs','zcomp3lq','zpzi','zm6b',39,'withdrawn',1751850000000),
('zpart4gw','zcomp3lq','zpzx','zmw1',39,'active',1751850000000),
('zpart4h1','zcomp3lq','zp103','zmec',40,'active',1751850000000),
('zpart4h3','zcomp3lq','zp109','zmw1',18,'active',1751850000000),
('zpart4h9','zcomp3lq','zp10b','zmlq',35,'withdrawn',1751850000000),
('zpart4hg','zcomp3lq','zp10f','zm10t',36,'active',1751850000000),
('zpart4hj','zcomp3lq','zp10y','zmzw',34,'active',1751850000000),
('zpart4hp','zcomp3lq','zp110','zm15z',24,'qualified',1751850000000),
('zpart4hs','zcomp3lq','zp112','zmd',40,'active',1751850000000),
('zpart4hy','zcomp3lq','zp114','zmlq',40,'active',1751850000000),
('zpart4i4','zcomp3lq','zp116','zmhy',23,'active',1751850000000);
INSERT OR IGNORE INTO participants (id,competition_id,person_id,mosque_id,age_at_registration,status,created_at) VALUES
('zpart4i9','zcomp3lq','zp11a','zmg4',27,'qualified',1751850000000),
('zpart4id','zcomp3lq','zp11c','zmxu',33,'active',1751850000000);
INSERT OR IGNORE INTO participant_scores (id,participant_id,program_id,points,excuse_status,recorded_by,created_at) VALUES
('zpsc3m0','zpart3lz','zmp3lx',137,'none','u-admin',1751850000000),
('zpsc3m2','zpart3m1','zmp3lr',106,'excused','u-admin',1751850000000),
('zpsc3m3','zpart3m1','zmp3lt',49,'excused','u-admin',1751850000000),
('zpsc3m4','zpart3m1','zmp3lu',79,'none','u-admin',1751850000000),
('zpsc3m5','zpart3m1','zmp3lw',54,'none','u-admin',1751850000000),
('zpsc3m7','zpart3m6','zmp3lr',44,'none','u-admin',1751850000000),
('zpsc3m8','zpart3m6','zmp3ls',10,'none','u-admin',1751850000000),
('zpsc3m9','zpart3m6','zmp3lt',91,'none','u-admin',1751850000000),
('zpsc3ma','zpart3m6','zmp3lu',37,'none','u-admin',1751850000000),
('zpsc3mb','zpart3m6','zmp3ly',91,'none','u-admin',1751850000000),
('zpsc3md','zpart3mc','zmp3lr',91,'none','u-admin',1751850000000),
('zpsc3me','zpart3mc','zmp3lu',73,'none','u-admin',1751850000000),
('zpsc3mf','zpart3mc','zmp3lv',148,'none','u-admin',1751850000000),
('zpsc3mg','zpart3mc','zmp3lx',48,'excused','u-admin',1751850000000),
('zpsc3mh','zpart3mc','zmp3ly',11,'none','u-admin',1751850000000),
('zpsc3mj','zpart3mi','zmp3lx',74,'none','u-admin',1751850000000),
('zpsc3mk','zpart3mi','zmp3ly',67,'none','u-admin',1751850000000),
('zpsc3mm','zpart3ml','zmp3ls',3,'excused','u-admin',1751850000000),
('zpsc3mn','zpart3ml','zmp3lt',4,'none','u-admin',1751850000000),
('zpsc3mo','zpart3ml','zmp3lx',96,'none','u-admin',1751850000000),
('zpsc3mq','zpart3mp','zmp3lr',115,'none','u-admin',1751850000000),
('zpsc3mr','zpart3mp','zmp3ls',144,'none','u-admin',1751850000000),
('zpsc3ms','zpart3mp','zmp3lu',136,'none','u-admin',1751850000000),
('zpsc3mt','zpart3mp','zmp3lv',25,'none','u-admin',1751850000000),
('zpsc3mu','zpart3mp','zmp3lx',115,'excused','u-admin',1751850000000),
('zpsc3mw','zpart3mv','zmp3lu',53,'none','u-admin',1751850000000),
('zpsc3mx','zpart3mv','zmp3ly',146,'none','u-admin',1751850000000),
('zpsc3mz','zpart3my','zmp3lr',62,'none','u-admin',1751850000000),
('zpsc3n1','zpart3n0','zmp3ls',98,'none','u-admin',1751850000000),
('zpsc3n2','zpart3n0','zmp3lt',86,'none','u-admin',1751850000000),
('zpsc3n3','zpart3n0','zmp3lw',126,'excused','u-admin',1751850000000),
('zpsc3n4','zpart3n0','zmp3lx',41,'none','u-admin',1751850000000),
('zpsc3n6','zpart3n5','zmp3lr',93,'none','u-admin',1751850000000),
('zpsc3n7','zpart3n5','zmp3ls',143,'none','u-admin',1751850000000),
('zpsc3n8','zpart3n5','zmp3lu',128,'none','u-admin',1751850000000),
('zpsc3n9','zpart3n5','zmp3lv',64,'none','u-admin',1751850000000),
('zpsc3na','zpart3n5','zmp3lw',141,'none','u-admin',1751850000000),
('zpsc3nc','zpart3nb','zmp3lr',39,'none','u-admin',1751850000000),
('zpsc3nd','zpart3nb','zmp3lt',70,'none','u-admin',1751850000000),
('zpsc3ne','zpart3nb','zmp3lu',2,'none','u-admin',1751850000000),
('zpsc3nf','zpart3nb','zmp3lw',56,'none','u-admin',1751850000000),
('zpsc3nh','zpart3ng','zmp3lw',130,'none','u-admin',1751850000000),
('zpsc3ni','zpart3ng','zmp3lx',140,'none','u-admin',1751850000000),
('zpsc3nk','zpart3nj','zmp3lr',57,'none','u-admin',1751850000000),
('zpsc3nl','zpart3nj','zmp3lt',124,'none','u-admin',1751850000000),
('zpsc3nm','zpart3nj','zmp3lv',87,'none','u-admin',1751850000000),
('zpsc3nn','zpart3nj','zmp3ly',81,'none','u-admin',1751850000000),
('zpsc3np','zpart3no','zmp3lr',86,'none','u-admin',1751850000000),
('zpsc3nq','zpart3no','zmp3lt',54,'none','u-admin',1751850000000),
('zpsc3nr','zpart3no','zmp3lu',134,'none','u-admin',1751850000000),
('zpsc3ns','zpart3no','zmp3lv',70,'none','u-admin',1751850000000),
('zpsc3nt','zpart3no','zmp3lw',144,'none','u-admin',1751850000000),
('zpsc3nu','zpart3no','zmp3lx',93,'none','u-admin',1751850000000),
('zpsc3nw','zpart3nv','zmp3lr',137,'none','u-admin',1751850000000),
('zpsc3nx','zpart3nv','zmp3ls',45,'none','u-admin',1751850000000),
('zpsc3ny','zpart3nv','zmp3lt',125,'none','u-admin',1751850000000),
('zpsc3nz','zpart3nv','zmp3lu',144,'none','u-admin',1751850000000),
('zpsc3o0','zpart3nv','zmp3ly',25,'none','u-admin',1751850000000),
('zpsc3o2','zpart3o1','zmp3lr',133,'none','u-admin',1751850000000),
('zpsc3o3','zpart3o1','zmp3lt',108,'none','u-admin',1751850000000);
INSERT OR IGNORE INTO participant_scores (id,participant_id,program_id,points,excuse_status,recorded_by,created_at) VALUES
('zpsc3o4','zpart3o1','zmp3lu',123,'excused','u-admin',1751850000000),
('zpsc3o5','zpart3o1','zmp3ly',27,'none','u-admin',1751850000000),
('zpsc3o7','zpart3o6','zmp3ls',86,'none','u-admin',1751850000000),
('zpsc3o8','zpart3o6','zmp3lu',45,'none','u-admin',1751850000000),
('zpsc3o9','zpart3o6','zmp3lw',12,'none','u-admin',1751850000000),
('zpsc3ob','zpart3oa','zmp3ls',61,'excused','u-admin',1751850000000),
('zpsc3oc','zpart3oa','zmp3lw',38,'none','u-admin',1751850000000),
('zpsc3od','zpart3oa','zmp3lx',7,'excused','u-admin',1751850000000),
('zpsc3of','zpart3oe','zmp3lx',123,'none','u-admin',1751850000000),
('zpsc3og','zpart3oe','zmp3ly',12,'excused','u-admin',1751850000000),
('zpsc3oi','zpart3oh','zmp3ls',88,'none','u-admin',1751850000000),
('zpsc3oj','zpart3oh','zmp3lv',116,'none','u-admin',1751850000000),
('zpsc3ok','zpart3oh','zmp3lw',19,'none','u-admin',1751850000000),
('zpsc3ol','zpart3oh','zmp3lx',67,'none','u-admin',1751850000000),
('zpsc3om','zpart3oh','zmp3ly',32,'none','u-admin',1751850000000),
('zpsc3oo','zpart3on','zmp3lt',14,'none','u-admin',1751850000000),
('zpsc3op','zpart3on','zmp3lu',94,'none','u-admin',1751850000000),
('zpsc3oq','zpart3on','zmp3lw',43,'excused','u-admin',1751850000000),
('zpsc3or','zpart3on','zmp3lx',12,'none','u-admin',1751850000000),
('zpsc3ot','zpart3os','zmp3lu',104,'excused','u-admin',1751850000000),
('zpsc3ou','zpart3os','zmp3lw',78,'none','u-admin',1751850000000),
('zpsc3ov','zpart3os','zmp3lx',78,'none','u-admin',1751850000000),
('zpsc3ox','zpart3ow','zmp3lt',67,'excused','u-admin',1751850000000),
('zpsc3oy','zpart3ow','zmp3lu',44,'excused','u-admin',1751850000000),
('zpsc3oz','zpart3ow','zmp3lw',7,'none','u-admin',1751850000000),
('zpsc3p0','zpart3ow','zmp3ly',12,'none','u-admin',1751850000000),
('zpsc3p2','zpart3p1','zmp3ls',42,'none','u-admin',1751850000000),
('zpsc3p3','zpart3p1','zmp3lu',88,'none','u-admin',1751850000000),
('zpsc3p4','zpart3p1','zmp3lv',103,'none','u-admin',1751850000000),
('zpsc3p5','zpart3p1','zmp3lw',66,'none','u-admin',1751850000000),
('zpsc3p6','zpart3p1','zmp3lx',117,'none','u-admin',1751850000000),
('zpsc3p8','zpart3p7','zmp3ls',59,'none','u-admin',1751850000000),
('zpsc3p9','zpart3p7','zmp3lt',20,'none','u-admin',1751850000000),
('zpsc3pa','zpart3p7','zmp3lu',69,'none','u-admin',1751850000000),
('zpsc3pb','zpart3p7','zmp3lv',20,'none','u-admin',1751850000000),
('zpsc3pc','zpart3p7','zmp3lw',141,'none','u-admin',1751850000000),
('zpsc3pe','zpart3pd','zmp3ls',143,'none','u-admin',1751850000000),
('zpsc3pf','zpart3pd','zmp3lt',47,'none','u-admin',1751850000000),
('zpsc3ph','zpart3pg','zmp3ls',19,'none','u-admin',1751850000000),
('zpsc3pi','zpart3pg','zmp3lt',0,'none','u-admin',1751850000000),
('zpsc3pj','zpart3pg','zmp3lv',147,'none','u-admin',1751850000000),
('zpsc3pl','zpart3pk','zmp3lv',23,'none','u-admin',1751850000000),
('zpsc3pm','zpart3pk','zmp3lx',124,'none','u-admin',1751850000000),
('zpsc3po','zpart3pn','zmp3lr',142,'none','u-admin',1751850000000),
('zpsc3pp','zpart3pn','zmp3lt',140,'none','u-admin',1751850000000),
('zpsc3pq','zpart3pn','zmp3lu',87,'none','u-admin',1751850000000),
('zpsc3pr','zpart3pn','zmp3lw',64,'none','u-admin',1751850000000),
('zpsc3ps','zpart3pn','zmp3ly',103,'none','u-admin',1751850000000),
('zpsc3pu','zpart3pt','zmp3ls',121,'none','u-admin',1751850000000),
('zpsc3pv','zpart3pt','zmp3lu',24,'none','u-admin',1751850000000),
('zpsc3pw','zpart3pt','zmp3lv',88,'excused','u-admin',1751850000000),
('zpsc3py','zpart3px','zmp3lr',94,'excused','u-admin',1751850000000),
('zpsc3pz','zpart3px','zmp3lt',90,'none','u-admin',1751850000000),
('zpsc3q0','zpart3px','zmp3lv',137,'none','u-admin',1751850000000),
('zpsc3q1','zpart3px','zmp3lw',138,'none','u-admin',1751850000000),
('zpsc3q2','zpart3px','zmp3ly',30,'none','u-admin',1751850000000),
('zpsc3q4','zpart3q3','zmp3lr',82,'none','u-admin',1751850000000),
('zpsc3q5','zpart3q3','zmp3ls',116,'none','u-admin',1751850000000),
('zpsc3q6','zpart3q3','zmp3lt',29,'none','u-admin',1751850000000),
('zpsc3q7','zpart3q3','zmp3lv',15,'none','u-admin',1751850000000);
INSERT OR IGNORE INTO participant_scores (id,participant_id,program_id,points,excuse_status,recorded_by,created_at) VALUES
('zpsc3q8','zpart3q3','zmp3lx',133,'excused','u-admin',1751850000000),
('zpsc3q9','zpart3q3','zmp3ly',86,'none','u-admin',1751850000000),
('zpsc3qb','zpart3qa','zmp3lr',42,'excused','u-admin',1751850000000),
('zpsc3qc','zpart3qa','zmp3ls',32,'excused','u-admin',1751850000000),
('zpsc3qd','zpart3qa','zmp3lt',100,'none','u-admin',1751850000000),
('zpsc3qe','zpart3qa','zmp3lw',116,'none','u-admin',1751850000000),
('zpsc3qf','zpart3qa','zmp3lx',138,'none','u-admin',1751850000000),
('zpsc3qg','zpart3qa','zmp3ly',66,'none','u-admin',1751850000000),
('zpsc3qi','zpart3qh','zmp3ls',101,'none','u-admin',1751850000000),
('zpsc3qj','zpart3qh','zmp3lt',73,'none','u-admin',1751850000000),
('zpsc3qk','zpart3qh','zmp3lu',21,'none','u-admin',1751850000000),
('zpsc3ql','zpart3qh','zmp3lw',142,'none','u-admin',1751850000000),
('zpsc3qm','zpart3qh','zmp3ly',144,'none','u-admin',1751850000000),
('zpsc3qo','zpart3qn','zmp3lr',29,'none','u-admin',1751850000000),
('zpsc3qp','zpart3qn','zmp3lt',129,'excused','u-admin',1751850000000),
('zpsc3qq','zpart3qn','zmp3lv',32,'excused','u-admin',1751850000000),
('zpsc3qr','zpart3qn','zmp3ly',39,'none','u-admin',1751850000000),
('zpsc3qt','zpart3qs','zmp3lr',18,'none','u-admin',1751850000000),
('zpsc3qu','zpart3qs','zmp3ls',102,'none','u-admin',1751850000000),
('zpsc3qv','zpart3qs','zmp3lw',7,'none','u-admin',1751850000000),
('zpsc3qx','zpart3qw','zmp3ls',100,'none','u-admin',1751850000000),
('zpsc3qy','zpart3qw','zmp3ly',79,'none','u-admin',1751850000000),
('zpsc3r0','zpart3qz','zmp3lr',76,'none','u-admin',1751850000000),
('zpsc3r1','zpart3qz','zmp3ls',104,'none','u-admin',1751850000000),
('zpsc3r2','zpart3qz','zmp3lt',87,'none','u-admin',1751850000000),
('zpsc3r3','zpart3qz','zmp3lu',49,'none','u-admin',1751850000000),
('zpsc3r4','zpart3qz','zmp3lx',64,'none','u-admin',1751850000000),
('zpsc3r5','zpart3qz','zmp3ly',125,'none','u-admin',1751850000000),
('zpsc3r7','zpart3r6','zmp3lt',144,'none','u-admin',1751850000000),
('zpsc3r8','zpart3r6','zmp3lu',69,'none','u-admin',1751850000000),
('zpsc3r9','zpart3r6','zmp3lw',14,'excused','u-admin',1751850000000),
('zpsc3ra','zpart3r6','zmp3ly',112,'none','u-admin',1751850000000),
('zpsc3rc','zpart3rb','zmp3ls',78,'none','u-admin',1751850000000),
('zpsc3rd','zpart3rb','zmp3lx',52,'none','u-admin',1751850000000),
('zpsc3rf','zpart3re','zmp3lr',8,'none','u-admin',1751850000000),
('zpsc3rg','zpart3re','zmp3ls',10,'none','u-admin',1751850000000),
('zpsc3rh','zpart3re','zmp3lu',81,'none','u-admin',1751850000000),
('zpsc3rj','zpart3ri','zmp3lv',18,'none','u-admin',1751850000000),
('zpsc3rk','zpart3ri','zmp3lx',76,'none','u-admin',1751850000000),
('zpsc3rl','zpart3ri','zmp3ly',14,'none','u-admin',1751850000000),
('zpsc3rn','zpart3rm','zmp3lr',24,'none','u-admin',1751850000000),
('zpsc3ro','zpart3rm','zmp3lt',83,'none','u-admin',1751850000000),
('zpsc3rp','zpart3rm','zmp3lv',36,'none','u-admin',1751850000000),
('zpsc3rq','zpart3rm','zmp3lx',129,'none','u-admin',1751850000000),
('zpsc3rs','zpart3rr','zmp3lu',7,'none','u-admin',1751850000000),
('zpsc3rt','zpart3rr','zmp3lv',122,'none','u-admin',1751850000000),
('zpsc3rv','zpart3ru','zmp3lr',38,'none','u-admin',1751850000000),
('zpsc3rw','zpart3ru','zmp3lt',31,'excused','u-admin',1751850000000),
('zpsc3rx','zpart3ru','zmp3lv',76,'none','u-admin',1751850000000),
('zpsc3ry','zpart3ru','zmp3lw',28,'none','u-admin',1751850000000),
('zpsc3s0','zpart3rz','zmp3ls',22,'none','u-admin',1751850000000),
('zpsc3s1','zpart3rz','zmp3lt',113,'none','u-admin',1751850000000),
('zpsc3s2','zpart3rz','zmp3lv',57,'excused','u-admin',1751850000000),
('zpsc3s3','zpart3rz','zmp3lx',31,'excused','u-admin',1751850000000),
('zpsc3s5','zpart3s4','zmp3lu',10,'none','u-admin',1751850000000),
('zpsc3s6','zpart3s4','zmp3lv',143,'none','u-admin',1751850000000),
('zpsc3s7','zpart3s4','zmp3lw',84,'none','u-admin',1751850000000),
('zpsc3s8','zpart3s4','zmp3lx',32,'none','u-admin',1751850000000),
('zpsc3sa','zpart3s9','zmp3ls',109,'excused','u-admin',1751850000000),
('zpsc3sb','zpart3s9','zmp3lu',21,'none','u-admin',1751850000000);
INSERT OR IGNORE INTO participant_scores (id,participant_id,program_id,points,excuse_status,recorded_by,created_at) VALUES
('zpsc3sd','zpart3sc','zmp3lt',20,'excused','u-admin',1751850000000),
('zpsc3se','zpart3sc','zmp3lu',143,'none','u-admin',1751850000000),
('zpsc3sf','zpart3sc','zmp3lv',35,'none','u-admin',1751850000000),
('zpsc3sg','zpart3sc','zmp3ly',44,'none','u-admin',1751850000000),
('zpsc3si','zpart3sh','zmp3ls',91,'none','u-admin',1751850000000),
('zpsc3sj','zpart3sh','zmp3lw',55,'none','u-admin',1751850000000),
('zpsc3sl','zpart3sk','zmp3lr',66,'none','u-admin',1751850000000),
('zpsc3sm','zpart3sk','zmp3lt',103,'none','u-admin',1751850000000),
('zpsc3sn','zpart3sk','zmp3lu',106,'none','u-admin',1751850000000),
('zpsc3so','zpart3sk','zmp3lv',110,'none','u-admin',1751850000000),
('zpsc3sp','zpart3sk','zmp3lx',68,'excused','u-admin',1751850000000),
('zpsc3sr','zpart3sq','zmp3lr',136,'none','u-admin',1751850000000),
('zpsc3ss','zpart3sq','zmp3ls',122,'none','u-admin',1751850000000),
('zpsc3st','zpart3sq','zmp3lu',117,'none','u-admin',1751850000000),
('zpsc3su','zpart3sq','zmp3lv',61,'none','u-admin',1751850000000),
('zpsc3sv','zpart3sq','zmp3lx',22,'excused','u-admin',1751850000000),
('zpsc3sx','zpart3sw','zmp3ls',127,'none','u-admin',1751850000000),
('zpsc3sy','zpart3sw','zmp3lt',44,'excused','u-admin',1751850000000),
('zpsc3sz','zpart3sw','zmp3lu',132,'none','u-admin',1751850000000),
('zpsc3t0','zpart3sw','zmp3lw',119,'none','u-admin',1751850000000),
('zpsc3t1','zpart3sw','zmp3lx',94,'excused','u-admin',1751850000000),
('zpsc3t3','zpart3t2','zmp3ls',32,'none','u-admin',1751850000000),
('zpsc3t4','zpart3t2','zmp3lx',54,'none','u-admin',1751850000000),
('zpsc3t6','zpart3t5','zmp3lr',34,'none','u-admin',1751850000000),
('zpsc3t7','zpart3t5','zmp3ls',68,'none','u-admin',1751850000000),
('zpsc3t8','zpart3t5','zmp3lt',112,'none','u-admin',1751850000000),
('zpsc3t9','zpart3t5','zmp3lx',123,'none','u-admin',1751850000000),
('zpsc3ta','zpart3t5','zmp3ly',6,'excused','u-admin',1751850000000),
('zpsc3tc','zpart3tb','zmp3lr',42,'none','u-admin',1751850000000),
('zpsc3td','zpart3tb','zmp3ls',126,'none','u-admin',1751850000000),
('zpsc3te','zpart3tb','zmp3lt',114,'excused','u-admin',1751850000000),
('zpsc3tf','zpart3tb','zmp3lu',147,'none','u-admin',1751850000000),
('zpsc3tg','zpart3tb','zmp3lw',93,'none','u-admin',1751850000000),
('zpsc3th','zpart3tb','zmp3lx',73,'none','u-admin',1751850000000),
('zpsc3ti','zpart3tb','zmp3ly',80,'excused','u-admin',1751850000000),
('zpsc3tk','zpart3tj','zmp3lr',9,'none','u-admin',1751850000000),
('zpsc3tl','zpart3tj','zmp3lw',130,'excused','u-admin',1751850000000),
('zpsc3tn','zpart3tm','zmp3ls',134,'none','u-admin',1751850000000),
('zpsc3to','zpart3tm','zmp3lt',45,'none','u-admin',1751850000000),
('zpsc3tp','zpart3tm','zmp3lu',124,'excused','u-admin',1751850000000),
('zpsc3tq','zpart3tm','zmp3lv',113,'none','u-admin',1751850000000),
('zpsc3tr','zpart3tm','zmp3lw',22,'none','u-admin',1751850000000),
('zpsc3tt','zpart3ts','zmp3lu',103,'none','u-admin',1751850000000),
('zpsc3tu','zpart3ts','zmp3lv',6,'none','u-admin',1751850000000),
('zpsc3tv','zpart3ts','zmp3lx',52,'none','u-admin',1751850000000),
('zpsc3tx','zpart3tw','zmp3lw',135,'none','u-admin',1751850000000),
('zpsc3tz','zpart3ty','zmp3ls',97,'none','u-admin',1751850000000),
('zpsc3u0','zpart3ty','zmp3lu',72,'none','u-admin',1751850000000),
('zpsc3u1','zpart3ty','zmp3lv',149,'none','u-admin',1751850000000),
('zpsc3u2','zpart3ty','zmp3lw',137,'none','u-admin',1751850000000),
('zpsc3u3','zpart3ty','zmp3ly',46,'none','u-admin',1751850000000),
('zpsc3u5','zpart3u4','zmp3lr',91,'none','u-admin',1751850000000),
('zpsc3u6','zpart3u4','zmp3lu',37,'none','u-admin',1751850000000),
('zpsc3u7','zpart3u4','zmp3lx',61,'none','u-admin',1751850000000),
('zpsc3u9','zpart3u8','zmp3ls',66,'none','u-admin',1751850000000),
('zpsc3ua','zpart3u8','zmp3lv',111,'none','u-admin',1751850000000),
('zpsc3ub','zpart3u8','zmp3lw',9,'none','u-admin',1751850000000),
('zpsc3uc','zpart3u8','zmp3ly',5,'none','u-admin',1751850000000),
('zpsc3ue','zpart3ud','zmp3ls',44,'none','u-admin',1751850000000),
('zpsc3uf','zpart3ud','zmp3lw',17,'excused','u-admin',1751850000000);
INSERT OR IGNORE INTO participant_scores (id,participant_id,program_id,points,excuse_status,recorded_by,created_at) VALUES
('zpsc3uh','zpart3ug','zmp3lv',20,'none','u-admin',1751850000000),
('zpsc3uj','zpart3ui','zmp3ls',57,'none','u-admin',1751850000000),
('zpsc3uk','zpart3ui','zmp3lt',112,'none','u-admin',1751850000000),
('zpsc3ul','zpart3ui','zmp3lu',22,'none','u-admin',1751850000000),
('zpsc3um','zpart3ui','zmp3lw',56,'excused','u-admin',1751850000000),
('zpsc3uo','zpart3un','zmp3lr',8,'none','u-admin',1751850000000),
('zpsc3up','zpart3un','zmp3lt',57,'excused','u-admin',1751850000000),
('zpsc3uq','zpart3un','zmp3lu',59,'none','u-admin',1751850000000),
('zpsc3ur','zpart3un','zmp3lw',37,'none','u-admin',1751850000000),
('zpsc3us','zpart3un','zmp3lx',65,'excused','u-admin',1751850000000),
('zpsc3uu','zpart3ut','zmp3lr',106,'none','u-admin',1751850000000),
('zpsc3uv','zpart3ut','zmp3lt',92,'none','u-admin',1751850000000),
('zpsc3uw','zpart3ut','zmp3lu',77,'none','u-admin',1751850000000),
('zpsc3ux','zpart3ut','zmp3lw',127,'none','u-admin',1751850000000),
('zpsc3uz','zpart3uy','zmp3lr',121,'none','u-admin',1751850000000),
('zpsc3v0','zpart3uy','zmp3lv',130,'none','u-admin',1751850000000),
('zpsc3v1','zpart3uy','zmp3lw',2,'none','u-admin',1751850000000),
('zpsc3v3','zpart3v2','zmp3lr',84,'none','u-admin',1751850000000),
('zpsc3v4','zpart3v2','zmp3ls',68,'none','u-admin',1751850000000),
('zpsc3v5','zpart3v2','zmp3lu',25,'excused','u-admin',1751850000000),
('zpsc3v6','zpart3v2','zmp3lv',55,'none','u-admin',1751850000000),
('zpsc3v7','zpart3v2','zmp3ly',48,'excused','u-admin',1751850000000),
('zpsc3v9','zpart3v8','zmp3ls',37,'excused','u-admin',1751850000000),
('zpsc3va','zpart3v8','zmp3lt',129,'none','u-admin',1751850000000),
('zpsc3vb','zpart3v8','zmp3lw',126,'none','u-admin',1751850000000),
('zpsc3vc','zpart3v8','zmp3ly',39,'none','u-admin',1751850000000),
('zpsc3ve','zpart3vd','zmp3lt',31,'none','u-admin',1751850000000),
('zpsc3vf','zpart3vd','zmp3lv',148,'none','u-admin',1751850000000),
('zpsc3vh','zpart3vg','zmp3lr',143,'none','u-admin',1751850000000),
('zpsc3vi','zpart3vg','zmp3lw',141,'none','u-admin',1751850000000),
('zpsc3vj','zpart3vg','zmp3ly',41,'none','u-admin',1751850000000),
('zpsc3vl','zpart3vk','zmp3lt',118,'none','u-admin',1751850000000),
('zpsc3vm','zpart3vk','zmp3lu',122,'none','u-admin',1751850000000),
('zpsc3vn','zpart3vk','zmp3lv',9,'none','u-admin',1751850000000),
('zpsc3vo','zpart3vk','zmp3lw',101,'none','u-admin',1751850000000),
('zpsc3vq','zpart3vp','zmp3lr',81,'none','u-admin',1751850000000),
('zpsc3vr','zpart3vp','zmp3ls',2,'none','u-admin',1751850000000),
('zpsc3vs','zpart3vp','zmp3lw',113,'none','u-admin',1751850000000),
('zpsc3vt','zpart3vp','zmp3lx',150,'excused','u-admin',1751850000000),
('zpsc3vv','zpart3vu','zmp3lr',58,'none','u-admin',1751850000000),
('zpsc3vw','zpart3vu','zmp3ls',71,'none','u-admin',1751850000000),
('zpsc3vx','zpart3vu','zmp3lu',73,'none','u-admin',1751850000000),
('zpsc3vy','zpart3vu','zmp3lx',10,'none','u-admin',1751850000000),
('zpsc3w0','zpart3vz','zmp3lx',18,'none','u-admin',1751850000000),
('zpsc3w2','zpart3w1','zmp3ls',22,'excused','u-admin',1751850000000),
('zpsc3w3','zpart3w1','zmp3lt',40,'none','u-admin',1751850000000),
('zpsc3w4','zpart3w1','zmp3lu',37,'none','u-admin',1751850000000),
('zpsc3w5','zpart3w1','zmp3lv',110,'excused','u-admin',1751850000000),
('zpsc3w6','zpart3w1','zmp3lw',25,'excused','u-admin',1751850000000),
('zpsc3w7','zpart3w1','zmp3lx',91,'none','u-admin',1751850000000),
('zpsc3w9','zpart3w8','zmp3lr',78,'none','u-admin',1751850000000),
('zpsc3wa','zpart3w8','zmp3ls',89,'none','u-admin',1751850000000),
('zpsc3wb','zpart3w8','zmp3lt',136,'none','u-admin',1751850000000),
('zpsc3wc','zpart3w8','zmp3lu',139,'excused','u-admin',1751850000000),
('zpsc3wd','zpart3w8','zmp3lv',21,'none','u-admin',1751850000000),
('zpsc3we','zpart3w8','zmp3lw',23,'excused','u-admin',1751850000000),
('zpsc3wf','zpart3w8','zmp3ly',103,'none','u-admin',1751850000000),
('zpsc3wh','zpart3wg','zmp3lr',108,'none','u-admin',1751850000000),
('zpsc3wi','zpart3wg','zmp3lv',57,'excused','u-admin',1751850000000),
('zpsc3wj','zpart3wg','zmp3ly',104,'none','u-admin',1751850000000);
INSERT OR IGNORE INTO participant_scores (id,participant_id,program_id,points,excuse_status,recorded_by,created_at) VALUES
('zpsc3wl','zpart3wk','zmp3lr',81,'none','u-admin',1751850000000),
('zpsc3wm','zpart3wk','zmp3lu',52,'none','u-admin',1751850000000),
('zpsc3wn','zpart3wk','zmp3lv',82,'none','u-admin',1751850000000),
('zpsc3wo','zpart3wk','zmp3lw',137,'none','u-admin',1751850000000),
('zpsc3wp','zpart3wk','zmp3lx',146,'none','u-admin',1751850000000),
('zpsc3wq','zpart3wk','zmp3ly',23,'none','u-admin',1751850000000),
('zpsc3ws','zpart3wr','zmp3ls',1,'none','u-admin',1751850000000),
('zpsc3wt','zpart3wr','zmp3lt',60,'excused','u-admin',1751850000000),
('zpsc3wu','zpart3wr','zmp3lv',87,'excused','u-admin',1751850000000),
('zpsc3wv','zpart3wr','zmp3lw',42,'none','u-admin',1751850000000),
('zpsc3wx','zpart3ww','zmp3ls',24,'none','u-admin',1751850000000),
('zpsc3wy','zpart3ww','zmp3lt',150,'none','u-admin',1751850000000),
('zpsc3wz','zpart3ww','zmp3lu',132,'none','u-admin',1751850000000),
('zpsc3x0','zpart3ww','zmp3lw',44,'none','u-admin',1751850000000),
('zpsc3x2','zpart3x1','zmp3lr',94,'none','u-admin',1751850000000),
('zpsc3x3','zpart3x1','zmp3ls',112,'none','u-admin',1751850000000),
('zpsc3x4','zpart3x1','zmp3lt',121,'none','u-admin',1751850000000),
('zpsc3x5','zpart3x1','zmp3lu',17,'none','u-admin',1751850000000),
('zpsc3x6','zpart3x1','zmp3lv',89,'none','u-admin',1751850000000),
('zpsc3x7','zpart3x1','zmp3lw',82,'excused','u-admin',1751850000000),
('zpsc3x8','zpart3x1','zmp3lx',116,'none','u-admin',1751850000000),
('zpsc3xa','zpart3x9','zmp3lr',69,'none','u-admin',1751850000000),
('zpsc3xb','zpart3x9','zmp3ls',86,'excused','u-admin',1751850000000),
('zpsc3xc','zpart3x9','zmp3lt',47,'none','u-admin',1751850000000),
('zpsc3xd','zpart3x9','zmp3lu',144,'none','u-admin',1751850000000),
('zpsc3xe','zpart3x9','zmp3lw',114,'none','u-admin',1751850000000),
('zpsc3xg','zpart3xf','zmp3lt',66,'none','u-admin',1751850000000),
('zpsc3xh','zpart3xf','zmp3lv',81,'excused','u-admin',1751850000000),
('zpsc3xi','zpart3xf','zmp3lw',75,'none','u-admin',1751850000000),
('zpsc3xj','zpart3xf','zmp3ly',79,'none','u-admin',1751850000000),
('zpsc3xl','zpart3xk','zmp3ls',50,'none','u-admin',1751850000000),
('zpsc3xm','zpart3xk','zmp3lv',65,'none','u-admin',1751850000000),
('zpsc3xo','zpart3xn','zmp3lt',53,'none','u-admin',1751850000000),
('zpsc3xp','zpart3xn','zmp3lw',130,'none','u-admin',1751850000000),
('zpsc3xr','zpart3xq','zmp3lr',28,'none','u-admin',1751850000000),
('zpsc3xs','zpart3xq','zmp3lv',4,'none','u-admin',1751850000000),
('zpsc3xt','zpart3xq','zmp3lw',19,'none','u-admin',1751850000000),
('zpsc3xv','zpart3xu','zmp3ls',79,'none','u-admin',1751850000000),
('zpsc3xw','zpart3xu','zmp3ly',18,'none','u-admin',1751850000000),
('zpsc3xy','zpart3xx','zmp3lr',70,'none','u-admin',1751850000000),
('zpsc3xz','zpart3xx','zmp3lu',44,'none','u-admin',1751850000000),
('zpsc3y0','zpart3xx','zmp3lw',53,'none','u-admin',1751850000000),
('zpsc3y1','zpart3xx','zmp3ly',113,'none','u-admin',1751850000000),
('zpsc3y3','zpart3y2','zmp3lr',23,'excused','u-admin',1751850000000),
('zpsc3y4','zpart3y2','zmp3lt',64,'none','u-admin',1751850000000),
('zpsc3y5','zpart3y2','zmp3lu',20,'none','u-admin',1751850000000),
('zpsc3y6','zpart3y2','zmp3lv',86,'none','u-admin',1751850000000),
('zpsc3y7','zpart3y2','zmp3lx',13,'none','u-admin',1751850000000),
('zpsc3y9','zpart3y8','zmp3lr',42,'none','u-admin',1751850000000),
('zpsc3ya','zpart3y8','zmp3ls',121,'excused','u-admin',1751850000000),
('zpsc3yb','zpart3y8','zmp3lu',108,'none','u-admin',1751850000000),
('zpsc3yc','zpart3y8','zmp3lw',111,'none','u-admin',1751850000000),
('zpsc3yd','zpart3y8','zmp3ly',111,'none','u-admin',1751850000000),
('zpsc3yf','zpart3ye','zmp3ls',79,'none','u-admin',1751850000000),
('zpsc3yg','zpart3ye','zmp3lt',137,'none','u-admin',1751850000000),
('zpsc3yh','zpart3ye','zmp3lu',82,'none','u-admin',1751850000000),
('zpsc3yi','zpart3ye','zmp3lv',12,'none','u-admin',1751850000000),
('zpsc3yj','zpart3ye','zmp3lw',81,'none','u-admin',1751850000000),
('zpsc3yl','zpart3yk','zmp3ls',121,'none','u-admin',1751850000000),
('zpsc3ym','zpart3yk','zmp3lu',42,'none','u-admin',1751850000000);
INSERT OR IGNORE INTO participant_scores (id,participant_id,program_id,points,excuse_status,recorded_by,created_at) VALUES
('zpsc3yn','zpart3yk','zmp3lw',113,'none','u-admin',1751850000000),
('zpsc3yp','zpart3yo','zmp3lr',11,'none','u-admin',1751850000000),
('zpsc3yq','zpart3yo','zmp3lt',145,'excused','u-admin',1751850000000),
('zpsc3yr','zpart3yo','zmp3lv',0,'none','u-admin',1751850000000),
('zpsc3ys','zpart3yo','zmp3lx',28,'none','u-admin',1751850000000),
('zpsc3yu','zpart3yt','zmp3lt',89,'none','u-admin',1751850000000),
('zpsc3yv','zpart3yt','zmp3lv',36,'excused','u-admin',1751850000000),
('zpsc3yw','zpart3yt','zmp3lx',92,'none','u-admin',1751850000000),
('zpsc3yx','zpart3yt','zmp3ly',16,'none','u-admin',1751850000000),
('zpsc3yz','zpart3yy','zmp3lr',0,'none','u-admin',1751850000000),
('zpsc3z0','zpart3yy','zmp3ls',142,'none','u-admin',1751850000000),
('zpsc3z1','zpart3yy','zmp3ly',117,'none','u-admin',1751850000000),
('zpsc3z3','zpart3z2','zmp3lw',18,'none','u-admin',1751850000000),
('zpsc3z5','zpart3z4','zmp3lt',68,'none','u-admin',1751850000000),
('zpsc3z7','zpart3z6','zmp3ls',106,'excused','u-admin',1751850000000),
('zpsc3z8','zpart3z6','zmp3lu',50,'excused','u-admin',1751850000000),
('zpsc3z9','zpart3z6','zmp3lw',84,'none','u-admin',1751850000000),
('zpsc3za','zpart3z6','zmp3lx',138,'none','u-admin',1751850000000),
('zpsc3zc','zpart3zb','zmp3lt',8,'none','u-admin',1751850000000),
('zpsc3zd','zpart3zb','zmp3lu',45,'excused','u-admin',1751850000000),
('zpsc3ze','zpart3zb','zmp3ly',29,'none','u-admin',1751850000000),
('zpsc3zg','zpart3zf','zmp3ls',77,'none','u-admin',1751850000000),
('zpsc3zh','zpart3zf','zmp3lu',120,'none','u-admin',1751850000000),
('zpsc3zi','zpart3zf','zmp3lw',54,'none','u-admin',1751850000000),
('zpsc3zj','zpart3zf','zmp3lx',139,'excused','u-admin',1751850000000),
('zpsc3zl','zpart3zk','zmp3ls',66,'none','u-admin',1751850000000),
('zpsc3zm','zpart3zk','zmp3lt',120,'none','u-admin',1751850000000),
('zpsc3zn','zpart3zk','zmp3lu',115,'none','u-admin',1751850000000),
('zpsc3zo','zpart3zk','zmp3lw',121,'none','u-admin',1751850000000),
('zpsc3zp','zpart3zk','zmp3lx',83,'none','u-admin',1751850000000),
('zpsc3zq','zpart3zk','zmp3ly',62,'excused','u-admin',1751850000000),
('zpsc3zs','zpart3zr','zmp3ls',134,'excused','u-admin',1751850000000),
('zpsc3zt','zpart3zr','zmp3lt',129,'none','u-admin',1751850000000),
('zpsc3zu','zpart3zr','zmp3lw',65,'none','u-admin',1751850000000),
('zpsc3zw','zpart3zv','zmp3lr',113,'excused','u-admin',1751850000000),
('zpsc3zx','zpart3zv','zmp3ls',107,'none','u-admin',1751850000000),
('zpsc3zy','zpart3zv','zmp3lt',138,'excused','u-admin',1751850000000),
('zpsc3zz','zpart3zv','zmp3lv',147,'none','u-admin',1751850000000),
('zpsc400','zpart3zv','zmp3lx',38,'none','u-admin',1751850000000),
('zpsc401','zpart3zv','zmp3ly',10,'none','u-admin',1751850000000),
('zpsc403','zpart402','zmp3lr',126,'none','u-admin',1751850000000),
('zpsc404','zpart402','zmp3lv',139,'none','u-admin',1751850000000),
('zpsc405','zpart402','zmp3lw',105,'none','u-admin',1751850000000),
('zpsc406','zpart402','zmp3ly',116,'none','u-admin',1751850000000),
('zpsc408','zpart407','zmp3lr',121,'none','u-admin',1751850000000),
('zpsc409','zpart407','zmp3lu',119,'none','u-admin',1751850000000),
('zpsc40a','zpart407','zmp3lw',71,'none','u-admin',1751850000000),
('zpsc40b','zpart407','zmp3ly',43,'none','u-admin',1751850000000),
('zpsc40d','zpart40c','zmp3lr',25,'none','u-admin',1751850000000),
('zpsc40e','zpart40c','zmp3lu',61,'none','u-admin',1751850000000),
('zpsc40f','zpart40c','zmp3lv',108,'none','u-admin',1751850000000),
('zpsc40g','zpart40c','zmp3lw',121,'excused','u-admin',1751850000000),
('zpsc40h','zpart40c','zmp3ly',45,'none','u-admin',1751850000000),
('zpsc40j','zpart40i','zmp3lr',86,'none','u-admin',1751850000000),
('zpsc40k','zpart40i','zmp3ls',76,'excused','u-admin',1751850000000),
('zpsc40l','zpart40i','zmp3lu',128,'excused','u-admin',1751850000000),
('zpsc40m','zpart40i','zmp3lv',115,'none','u-admin',1751850000000),
('zpsc40n','zpart40i','zmp3lw',19,'none','u-admin',1751850000000),
('zpsc40p','zpart40o','zmp3lr',112,'none','u-admin',1751850000000),
('zpsc40q','zpart40o','zmp3ls',46,'none','u-admin',1751850000000);
INSERT OR IGNORE INTO participant_scores (id,participant_id,program_id,points,excuse_status,recorded_by,created_at) VALUES
('zpsc40r','zpart40o','zmp3lt',110,'none','u-admin',1751850000000),
('zpsc40s','zpart40o','zmp3lv',80,'none','u-admin',1751850000000),
('zpsc40t','zpart40o','zmp3lx',32,'excused','u-admin',1751850000000),
('zpsc40v','zpart40u','zmp3lt',9,'none','u-admin',1751850000000),
('zpsc40w','zpart40u','zmp3lu',119,'none','u-admin',1751850000000),
('zpsc40x','zpart40u','zmp3lw',0,'none','u-admin',1751850000000),
('zpsc40z','zpart40y','zmp3lr',3,'none','u-admin',1751850000000),
('zpsc410','zpart40y','zmp3lt',28,'none','u-admin',1751850000000),
('zpsc411','zpart40y','zmp3lx',69,'none','u-admin',1751850000000),
('zpsc413','zpart412','zmp3ls',114,'none','u-admin',1751850000000),
('zpsc414','zpart412','zmp3lv',23,'none','u-admin',1751850000000),
('zpsc415','zpart412','zmp3lw',34,'none','u-admin',1751850000000),
('zpsc417','zpart416','zmp3lt',77,'none','u-admin',1751850000000),
('zpsc418','zpart416','zmp3ly',100,'none','u-admin',1751850000000),
('zpsc41a','zpart419','zmp3lr',7,'none','u-admin',1751850000000),
('zpsc41b','zpart419','zmp3ls',78,'none','u-admin',1751850000000),
('zpsc41c','zpart419','zmp3lt',120,'none','u-admin',1751850000000),
('zpsc41d','zpart419','zmp3lv',24,'none','u-admin',1751850000000),
('zpsc41f','zpart41e','zmp3ls',33,'excused','u-admin',1751850000000),
('zpsc41g','zpart41e','zmp3lt',70,'none','u-admin',1751850000000),
('zpsc41i','zpart41h','zmp3lr',33,'none','u-admin',1751850000000),
('zpsc41j','zpart41h','zmp3ls',69,'none','u-admin',1751850000000),
('zpsc41k','zpart41h','zmp3lu',9,'none','u-admin',1751850000000),
('zpsc41m','zpart41l','zmp3lr',115,'excused','u-admin',1751850000000),
('zpsc41n','zpart41l','zmp3ls',45,'none','u-admin',1751850000000),
('zpsc41o','zpart41l','zmp3lv',100,'excused','u-admin',1751850000000),
('zpsc41q','zpart41p','zmp3lt',150,'none','u-admin',1751850000000),
('zpsc41r','zpart41p','zmp3lu',63,'none','u-admin',1751850000000),
('zpsc41s','zpart41p','zmp3ly',62,'excused','u-admin',1751850000000),
('zpsc41u','zpart41t','zmp3lx',133,'excused','u-admin',1751850000000),
('zpsc41w','zpart41v','zmp3lw',38,'none','u-admin',1751850000000),
('zpsc41x','zpart41v','zmp3lx',45,'none','u-admin',1751850000000),
('zpsc41y','zpart41v','zmp3ly',68,'none','u-admin',1751850000000),
('zpsc420','zpart41z','zmp3lr',105,'none','u-admin',1751850000000),
('zpsc421','zpart41z','zmp3ls',146,'none','u-admin',1751850000000),
('zpsc422','zpart41z','zmp3lt',41,'none','u-admin',1751850000000),
('zpsc423','zpart41z','zmp3lu',103,'none','u-admin',1751850000000),
('zpsc424','zpart41z','zmp3lv',133,'none','u-admin',1751850000000),
('zpsc425','zpart41z','zmp3lw',3,'none','u-admin',1751850000000),
('zpsc426','zpart41z','zmp3lx',112,'none','u-admin',1751850000000),
('zpsc428','zpart427','zmp3lr',101,'none','u-admin',1751850000000),
('zpsc429','zpart427','zmp3ls',76,'none','u-admin',1751850000000),
('zpsc42a','zpart427','zmp3lt',85,'none','u-admin',1751850000000),
('zpsc42b','zpart427','zmp3lu',95,'none','u-admin',1751850000000),
('zpsc42c','zpart427','zmp3lv',107,'none','u-admin',1751850000000),
('zpsc42d','zpart427','zmp3lw',97,'none','u-admin',1751850000000),
('zpsc42e','zpart427','zmp3ly',100,'excused','u-admin',1751850000000),
('zpsc42g','zpart42f','zmp3lr',83,'none','u-admin',1751850000000),
('zpsc42h','zpart42f','zmp3ls',31,'excused','u-admin',1751850000000),
('zpsc42i','zpart42f','zmp3lt',100,'excused','u-admin',1751850000000),
('zpsc42j','zpart42f','zmp3lu',138,'none','u-admin',1751850000000),
('zpsc42k','zpart42f','zmp3lw',143,'none','u-admin',1751850000000),
('zpsc42l','zpart42f','zmp3lx',8,'none','u-admin',1751850000000),
('zpsc42m','zpart42f','zmp3ly',69,'none','u-admin',1751850000000),
('zpsc42o','zpart42n','zmp3ls',44,'none','u-admin',1751850000000),
('zpsc42p','zpart42n','zmp3lt',135,'none','u-admin',1751850000000),
('zpsc42q','zpart42n','zmp3lu',18,'none','u-admin',1751850000000),
('zpsc42r','zpart42n','zmp3lv',37,'none','u-admin',1751850000000),
('zpsc42s','zpart42n','zmp3lw',9,'none','u-admin',1751850000000),
('zpsc42u','zpart42t','zmp3lr',41,'none','u-admin',1751850000000);
INSERT OR IGNORE INTO participant_scores (id,participant_id,program_id,points,excuse_status,recorded_by,created_at) VALUES
('zpsc42v','zpart42t','zmp3lv',46,'none','u-admin',1751850000000),
('zpsc42w','zpart42t','zmp3ly',76,'excused','u-admin',1751850000000),
('zpsc42y','zpart42x','zmp3ls',39,'none','u-admin',1751850000000),
('zpsc42z','zpart42x','zmp3lt',55,'none','u-admin',1751850000000),
('zpsc430','zpart42x','zmp3lw',62,'none','u-admin',1751850000000),
('zpsc431','zpart42x','zmp3lx',136,'none','u-admin',1751850000000),
('zpsc432','zpart42x','zmp3ly',98,'none','u-admin',1751850000000),
('zpsc434','zpart433','zmp3lw',43,'none','u-admin',1751850000000),
('zpsc435','zpart433','zmp3lx',66,'none','u-admin',1751850000000),
('zpsc436','zpart433','zmp3ly',35,'none','u-admin',1751850000000),
('zpsc438','zpart437','zmp3ls',83,'none','u-admin',1751850000000),
('zpsc439','zpart437','zmp3lv',100,'excused','u-admin',1751850000000),
('zpsc43a','zpart437','zmp3lw',150,'none','u-admin',1751850000000),
('zpsc43b','zpart437','zmp3lx',91,'none','u-admin',1751850000000),
('zpsc43d','zpart43c','zmp3lr',132,'none','u-admin',1751850000000),
('zpsc43e','zpart43c','zmp3ls',21,'none','u-admin',1751850000000),
('zpsc43f','zpart43c','zmp3lw',26,'none','u-admin',1751850000000),
('zpsc43h','zpart43g','zmp3lr',60,'none','u-admin',1751850000000),
('zpsc43i','zpart43g','zmp3lt',46,'excused','u-admin',1751850000000),
('zpsc43j','zpart43g','zmp3lu',107,'none','u-admin',1751850000000),
('zpsc43k','zpart43g','zmp3lw',148,'none','u-admin',1751850000000),
('zpsc43m','zpart43l','zmp3lu',91,'none','u-admin',1751850000000),
('zpsc43n','zpart43l','zmp3lv',84,'none','u-admin',1751850000000),
('zpsc43o','zpart43l','zmp3lw',59,'none','u-admin',1751850000000),
('zpsc43p','zpart43l','zmp3lx',73,'excused','u-admin',1751850000000),
('zpsc43q','zpart43l','zmp3ly',44,'none','u-admin',1751850000000),
('zpsc43s','zpart43r','zmp3lr',50,'none','u-admin',1751850000000),
('zpsc43t','zpart43r','zmp3lt',2,'none','u-admin',1751850000000),
('zpsc43u','zpart43r','zmp3lv',18,'none','u-admin',1751850000000),
('zpsc43v','zpart43r','zmp3lx',9,'excused','u-admin',1751850000000),
('zpsc43w','zpart43r','zmp3ly',35,'none','u-admin',1751850000000),
('zpsc43y','zpart43x','zmp3lr',126,'none','u-admin',1751850000000),
('zpsc43z','zpart43x','zmp3ls',72,'excused','u-admin',1751850000000),
('zpsc440','zpart43x','zmp3lw',17,'excused','u-admin',1751850000000),
('zpsc442','zpart441','zmp3lr',61,'none','u-admin',1751850000000),
('zpsc443','zpart441','zmp3ls',9,'none','u-admin',1751850000000),
('zpsc444','zpart441','zmp3lt',147,'none','u-admin',1751850000000),
('zpsc445','zpart441','zmp3lw',127,'none','u-admin',1751850000000),
('zpsc446','zpart441','zmp3ly',103,'none','u-admin',1751850000000),
('zpsc448','zpart447','zmp3lr',15,'none','u-admin',1751850000000),
('zpsc449','zpart447','zmp3lt',91,'excused','u-admin',1751850000000),
('zpsc44a','zpart447','zmp3lu',108,'none','u-admin',1751850000000),
('zpsc44b','zpart447','zmp3lw',27,'none','u-admin',1751850000000),
('zpsc44c','zpart447','zmp3lx',2,'none','u-admin',1751850000000),
('zpsc44d','zpart447','zmp3ly',85,'none','u-admin',1751850000000),
('zpsc44f','zpart44e','zmp3lt',66,'none','u-admin',1751850000000),
('zpsc44g','zpart44e','zmp3lx',10,'none','u-admin',1751850000000),
('zpsc44i','zpart44h','zmp3lr',54,'excused','u-admin',1751850000000),
('zpsc44j','zpart44h','zmp3lu',92,'none','u-admin',1751850000000),
('zpsc44k','zpart44h','zmp3lv',143,'none','u-admin',1751850000000),
('zpsc44l','zpart44h','zmp3lx',18,'none','u-admin',1751850000000),
('zpsc44n','zpart44m','zmp3ls',149,'none','u-admin',1751850000000),
('zpsc44o','zpart44m','zmp3lt',20,'none','u-admin',1751850000000),
('zpsc44p','zpart44m','zmp3lu',89,'none','u-admin',1751850000000),
('zpsc44q','zpart44m','zmp3lx',125,'none','u-admin',1751850000000),
('zpsc44s','zpart44r','zmp3lr',102,'none','u-admin',1751850000000),
('zpsc44t','zpart44r','zmp3ls',69,'excused','u-admin',1751850000000),
('zpsc44u','zpart44r','zmp3lt',126,'none','u-admin',1751850000000),
('zpsc44v','zpart44r','zmp3lw',3,'none','u-admin',1751850000000),
('zpsc44w','zpart44r','zmp3lx',23,'none','u-admin',1751850000000);
INSERT OR IGNORE INTO participant_scores (id,participant_id,program_id,points,excuse_status,recorded_by,created_at) VALUES
('zpsc44y','zpart44x','zmp3lr',31,'none','u-admin',1751850000000),
('zpsc44z','zpart44x','zmp3lt',50,'none','u-admin',1751850000000),
('zpsc450','zpart44x','zmp3lu',15,'none','u-admin',1751850000000),
('zpsc451','zpart44x','zmp3lx',49,'none','u-admin',1751850000000),
('zpsc452','zpart44x','zmp3ly',39,'none','u-admin',1751850000000),
('zpsc454','zpart453','zmp3ls',41,'none','u-admin',1751850000000),
('zpsc455','zpart453','zmp3lt',33,'excused','u-admin',1751850000000),
('zpsc456','zpart453','zmp3lx',64,'none','u-admin',1751850000000),
('zpsc457','zpart453','zmp3ly',60,'excused','u-admin',1751850000000),
('zpsc459','zpart458','zmp3ls',143,'none','u-admin',1751850000000),
('zpsc45a','zpart458','zmp3lu',46,'none','u-admin',1751850000000),
('zpsc45b','zpart458','zmp3lv',27,'none','u-admin',1751850000000),
('zpsc45c','zpart458','zmp3lw',26,'none','u-admin',1751850000000),
('zpsc45e','zpart45d','zmp3lx',76,'none','u-admin',1751850000000),
('zpsc45g','zpart45f','zmp3ls',97,'none','u-admin',1751850000000),
('zpsc45h','zpart45f','zmp3lt',25,'none','u-admin',1751850000000),
('zpsc45i','zpart45f','zmp3lu',37,'none','u-admin',1751850000000),
('zpsc45j','zpart45f','zmp3lv',78,'none','u-admin',1751850000000),
('zpsc45k','zpart45f','zmp3lw',44,'excused','u-admin',1751850000000),
('zpsc45l','zpart45f','zmp3lx',48,'none','u-admin',1751850000000),
('zpsc45m','zpart45f','zmp3ly',20,'none','u-admin',1751850000000),
('zpsc45o','zpart45n','zmp3lv',133,'excused','u-admin',1751850000000),
('zpsc45p','zpart45n','zmp3lx',80,'none','u-admin',1751850000000),
('zpsc45r','zpart45q','zmp3lr',84,'none','u-admin',1751850000000),
('zpsc45s','zpart45q','zmp3ls',140,'none','u-admin',1751850000000),
('zpsc45t','zpart45q','zmp3lt',108,'none','u-admin',1751850000000),
('zpsc45u','zpart45q','zmp3lw',87,'excused','u-admin',1751850000000),
('zpsc45v','zpart45q','zmp3lx',86,'none','u-admin',1751850000000),
('zpsc45w','zpart45q','zmp3ly',46,'none','u-admin',1751850000000),
('zpsc45y','zpart45x','zmp3lw',127,'none','u-admin',1751850000000),
('zpsc45z','zpart45x','zmp3lx',144,'none','u-admin',1751850000000),
('zpsc460','zpart45x','zmp3ly',34,'none','u-admin',1751850000000),
('zpsc462','zpart461','zmp3ls',125,'none','u-admin',1751850000000),
('zpsc463','zpart461','zmp3lw',47,'none','u-admin',1751850000000),
('zpsc464','zpart461','zmp3lx',17,'excused','u-admin',1751850000000),
('zpsc466','zpart465','zmp3ls',29,'none','u-admin',1751850000000),
('zpsc467','zpart465','zmp3lu',5,'excused','u-admin',1751850000000),
('zpsc468','zpart465','zmp3ly',26,'excused','u-admin',1751850000000),
('zpsc46a','zpart469','zmp3lr',3,'none','u-admin',1751850000000),
('zpsc46b','zpart469','zmp3ls',71,'none','u-admin',1751850000000),
('zpsc46c','zpart469','zmp3lv',60,'none','u-admin',1751850000000),
('zpsc46e','zpart46d','zmp3lt',72,'none','u-admin',1751850000000),
('zpsc46f','zpart46d','zmp3lv',89,'none','u-admin',1751850000000),
('zpsc46g','zpart46d','zmp3lx',111,'none','u-admin',1751850000000),
('zpsc46h','zpart46d','zmp3ly',90,'none','u-admin',1751850000000),
('zpsc46j','zpart46i','zmp3ls',52,'excused','u-admin',1751850000000),
('zpsc46k','zpart46i','zmp3lt',32,'none','u-admin',1751850000000),
('zpsc46l','zpart46i','zmp3lu',25,'none','u-admin',1751850000000),
('zpsc46m','zpart46i','zmp3lw',30,'none','u-admin',1751850000000),
('zpsc46n','zpart46i','zmp3ly',129,'none','u-admin',1751850000000),
('zpsc46p','zpart46o','zmp3lr',53,'none','u-admin',1751850000000),
('zpsc46q','zpart46o','zmp3lt',44,'none','u-admin',1751850000000),
('zpsc46r','zpart46o','zmp3lv',85,'none','u-admin',1751850000000),
('zpsc46s','zpart46o','zmp3lw',27,'none','u-admin',1751850000000),
('zpsc46t','zpart46o','zmp3lx',99,'none','u-admin',1751850000000),
('zpsc46v','zpart46u','zmp3ls',69,'excused','u-admin',1751850000000),
('zpsc46w','zpart46u','zmp3lw',27,'none','u-admin',1751850000000),
('zpsc46y','zpart46x','zmp3ls',24,'none','u-admin',1751850000000),
('zpsc46z','zpart46x','zmp3lx',142,'excused','u-admin',1751850000000),
('zpsc470','zpart46x','zmp3ly',52,'none','u-admin',1751850000000);
INSERT OR IGNORE INTO participant_scores (id,participant_id,program_id,points,excuse_status,recorded_by,created_at) VALUES
('zpsc472','zpart471','zmp3lr',65,'none','u-admin',1751850000000),
('zpsc473','zpart471','zmp3ly',58,'none','u-admin',1751850000000),
('zpsc475','zpart474','zmp3lr',95,'none','u-admin',1751850000000),
('zpsc476','zpart474','zmp3lt',141,'none','u-admin',1751850000000),
('zpsc477','zpart474','zmp3lw',95,'none','u-admin',1751850000000),
('zpsc478','zpart474','zmp3lx',140,'none','u-admin',1751850000000),
('zpsc47a','zpart479','zmp3lr',33,'none','u-admin',1751850000000),
('zpsc47b','zpart479','zmp3lt',119,'none','u-admin',1751850000000),
('zpsc47c','zpart479','zmp3lu',113,'none','u-admin',1751850000000),
('zpsc47d','zpart479','zmp3lx',130,'none','u-admin',1751850000000),
('zpsc47e','zpart479','zmp3ly',125,'none','u-admin',1751850000000),
('zpsc47g','zpart47f','zmp3lw',63,'none','u-admin',1751850000000),
('zpsc47h','zpart47f','zmp3ly',58,'none','u-admin',1751850000000),
('zpsc47j','zpart47i','zmp3ls',27,'none','u-admin',1751850000000),
('zpsc47k','zpart47i','zmp3lt',137,'none','u-admin',1751850000000),
('zpsc47l','zpart47i','zmp3lv',112,'excused','u-admin',1751850000000),
('zpsc47m','zpart47i','zmp3lw',25,'none','u-admin',1751850000000),
('zpsc47n','zpart47i','zmp3lx',77,'none','u-admin',1751850000000),
('zpsc47p','zpart47o','zmp3ls',120,'none','u-admin',1751850000000),
('zpsc47q','zpart47o','zmp3lt',72,'none','u-admin',1751850000000),
('zpsc47r','zpart47o','zmp3lu',32,'excused','u-admin',1751850000000),
('zpsc47s','zpart47o','zmp3lv',31,'none','u-admin',1751850000000),
('zpsc47t','zpart47o','zmp3lw',149,'excused','u-admin',1751850000000),
('zpsc47u','zpart47o','zmp3ly',92,'none','u-admin',1751850000000),
('zpsc47w','zpart47v','zmp3lr',89,'none','u-admin',1751850000000),
('zpsc47x','zpart47v','zmp3lt',28,'none','u-admin',1751850000000),
('zpsc47z','zpart47y','zmp3lr',28,'excused','u-admin',1751850000000),
('zpsc480','zpart47y','zmp3lw',46,'none','u-admin',1751850000000),
('zpsc482','zpart481','zmp3ls',24,'none','u-admin',1751850000000),
('zpsc483','zpart481','zmp3lt',119,'none','u-admin',1751850000000),
('zpsc484','zpart481','zmp3lv',94,'none','u-admin',1751850000000),
('zpsc486','zpart485','zmp3ls',37,'none','u-admin',1751850000000),
('zpsc487','zpart485','zmp3lu',47,'none','u-admin',1751850000000),
('zpsc488','zpart485','zmp3lw',122,'none','u-admin',1751850000000),
('zpsc48a','zpart489','zmp3ls',42,'none','u-admin',1751850000000),
('zpsc48b','zpart489','zmp3lt',13,'none','u-admin',1751850000000),
('zpsc48c','zpart489','zmp3lv',111,'none','u-admin',1751850000000),
('zpsc48d','zpart489','zmp3lw',147,'none','u-admin',1751850000000),
('zpsc48f','zpart48e','zmp3ls',107,'none','u-admin',1751850000000),
('zpsc48g','zpart48e','zmp3lt',38,'none','u-admin',1751850000000),
('zpsc48h','zpart48e','zmp3lu',46,'none','u-admin',1751850000000),
('zpsc48j','zpart48i','zmp3lr',14,'none','u-admin',1751850000000),
('zpsc48k','zpart48i','zmp3ls',119,'none','u-admin',1751850000000),
('zpsc48l','zpart48i','zmp3lt',70,'none','u-admin',1751850000000),
('zpsc48m','zpart48i','zmp3lv',89,'none','u-admin',1751850000000),
('zpsc48n','zpart48i','zmp3ly',71,'none','u-admin',1751850000000),
('zpsc48p','zpart48o','zmp3lr',120,'none','u-admin',1751850000000),
('zpsc48q','zpart48o','zmp3lt',142,'none','u-admin',1751850000000),
('zpsc48r','zpart48o','zmp3lu',127,'none','u-admin',1751850000000),
('zpsc48s','zpart48o','zmp3lw',4,'none','u-admin',1751850000000),
('zpsc48t','zpart48o','zmp3lx',88,'excused','u-admin',1751850000000),
('zpsc48v','zpart48u','zmp3lv',123,'none','u-admin',1751850000000),
('zpsc48w','zpart48u','zmp3lx',14,'none','u-admin',1751850000000),
('zpsc48y','zpart48x','zmp3lr',127,'none','u-admin',1751850000000),
('zpsc48z','zpart48x','zmp3lt',94,'none','u-admin',1751850000000),
('zpsc490','zpart48x','zmp3lv',4,'excused','u-admin',1751850000000),
('zpsc491','zpart48x','zmp3lw',129,'none','u-admin',1751850000000),
('zpsc492','zpart48x','zmp3lx',104,'none','u-admin',1751850000000),
('zpsc493','zpart48x','zmp3ly',48,'excused','u-admin',1751850000000),
('zpsc495','zpart494','zmp3lt',62,'none','u-admin',1751850000000);
INSERT OR IGNORE INTO participant_scores (id,participant_id,program_id,points,excuse_status,recorded_by,created_at) VALUES
('zpsc496','zpart494','zmp3lu',19,'none','u-admin',1751850000000),
('zpsc497','zpart494','zmp3lv',2,'none','u-admin',1751850000000),
('zpsc498','zpart494','zmp3lw',0,'none','u-admin',1751850000000),
('zpsc499','zpart494','zmp3lx',37,'none','u-admin',1751850000000),
('zpsc49a','zpart494','zmp3ly',107,'none','u-admin',1751850000000),
('zpsc49c','zpart49b','zmp3lt',87,'none','u-admin',1751850000000),
('zpsc49d','zpart49b','zmp3lw',36,'none','u-admin',1751850000000),
('zpsc49e','zpart49b','zmp3ly',50,'none','u-admin',1751850000000),
('zpsc49g','zpart49f','zmp3ls',65,'none','u-admin',1751850000000),
('zpsc49h','zpart49f','zmp3lu',122,'excused','u-admin',1751850000000),
('zpsc49i','zpart49f','zmp3lv',105,'none','u-admin',1751850000000),
('zpsc49j','zpart49f','zmp3ly',89,'none','u-admin',1751850000000),
('zpsc49l','zpart49k','zmp3lr',58,'none','u-admin',1751850000000),
('zpsc49m','zpart49k','zmp3lv',91,'none','u-admin',1751850000000),
('zpsc49n','zpart49k','zmp3lx',81,'none','u-admin',1751850000000),
('zpsc49o','zpart49k','zmp3ly',65,'none','u-admin',1751850000000),
('zpsc49q','zpart49p','zmp3lr',28,'none','u-admin',1751850000000),
('zpsc49r','zpart49p','zmp3ls',33,'none','u-admin',1751850000000),
('zpsc49s','zpart49p','zmp3lt',67,'none','u-admin',1751850000000),
('zpsc49t','zpart49p','zmp3lv',25,'excused','u-admin',1751850000000),
('zpsc49u','zpart49p','zmp3lx',2,'none','u-admin',1751850000000),
('zpsc49w','zpart49v','zmp3lr',105,'none','u-admin',1751850000000),
('zpsc49x','zpart49v','zmp3lt',68,'none','u-admin',1751850000000),
('zpsc49y','zpart49v','zmp3lv',15,'none','u-admin',1751850000000),
('zpsc4a0','zpart49z','zmp3lr',101,'excused','u-admin',1751850000000),
('zpsc4a1','zpart49z','zmp3ls',117,'none','u-admin',1751850000000),
('zpsc4a2','zpart49z','zmp3lt',122,'excused','u-admin',1751850000000),
('zpsc4a3','zpart49z','zmp3lv',99,'none','u-admin',1751850000000),
('zpsc4a4','zpart49z','zmp3lw',16,'excused','u-admin',1751850000000),
('zpsc4a6','zpart4a5','zmp3lt',105,'none','u-admin',1751850000000),
('zpsc4a7','zpart4a5','zmp3lu',142,'none','u-admin',1751850000000),
('zpsc4a8','zpart4a5','zmp3lw',91,'none','u-admin',1751850000000),
('zpsc4aa','zpart4a9','zmp3lt',34,'none','u-admin',1751850000000),
('zpsc4ab','zpart4a9','zmp3lw',116,'none','u-admin',1751850000000),
('zpsc4ac','zpart4a9','zmp3lx',109,'none','u-admin',1751850000000),
('zpsc4ae','zpart4ad','zmp3lr',22,'none','u-admin',1751850000000),
('zpsc4af','zpart4ad','zmp3lu',101,'none','u-admin',1751850000000),
('zpsc4ag','zpart4ad','zmp3lv',144,'none','u-admin',1751850000000),
('zpsc4ai','zpart4ah','zmp3lr',55,'none','u-admin',1751850000000),
('zpsc4aj','zpart4ah','zmp3lw',39,'none','u-admin',1751850000000),
('zpsc4ak','zpart4ah','zmp3lx',64,'excused','u-admin',1751850000000),
('zpsc4am','zpart4al','zmp3lr',101,'none','u-admin',1751850000000),
('zpsc4an','zpart4al','zmp3ls',10,'none','u-admin',1751850000000),
('zpsc4ao','zpart4al','zmp3lt',99,'none','u-admin',1751850000000),
('zpsc4ap','zpart4al','zmp3lu',19,'none','u-admin',1751850000000),
('zpsc4aq','zpart4al','zmp3lw',85,'none','u-admin',1751850000000),
('zpsc4as','zpart4ar','zmp3lr',18,'none','u-admin',1751850000000),
('zpsc4at','zpart4ar','zmp3lt',99,'none','u-admin',1751850000000),
('zpsc4au','zpart4ar','zmp3lu',105,'none','u-admin',1751850000000),
('zpsc4av','zpart4ar','zmp3ly',27,'none','u-admin',1751850000000),
('zpsc4ax','zpart4aw','zmp3lr',148,'none','u-admin',1751850000000),
('zpsc4ay','zpart4aw','zmp3ls',104,'none','u-admin',1751850000000),
('zpsc4az','zpart4aw','zmp3lt',132,'excused','u-admin',1751850000000),
('zpsc4b0','zpart4aw','zmp3lw',98,'none','u-admin',1751850000000),
('zpsc4b1','zpart4aw','zmp3ly',28,'excused','u-admin',1751850000000),
('zpsc4b3','zpart4b2','zmp3lr',36,'excused','u-admin',1751850000000),
('zpsc4b4','zpart4b2','zmp3lt',91,'none','u-admin',1751850000000),
('zpsc4b5','zpart4b2','zmp3lv',94,'none','u-admin',1751850000000),
('zpsc4b6','zpart4b2','zmp3lw',93,'none','u-admin',1751850000000),
('zpsc4b7','zpart4b2','zmp3lx',23,'none','u-admin',1751850000000);
INSERT OR IGNORE INTO participant_scores (id,participant_id,program_id,points,excuse_status,recorded_by,created_at) VALUES
('zpsc4b9','zpart4b8','zmp3ls',17,'excused','u-admin',1751850000000),
('zpsc4ba','zpart4b8','zmp3lw',108,'none','u-admin',1751850000000),
('zpsc4bb','zpart4b8','zmp3lx',54,'excused','u-admin',1751850000000),
('zpsc4bd','zpart4bc','zmp3lr',66,'none','u-admin',1751850000000),
('zpsc4be','zpart4bc','zmp3ls',30,'none','u-admin',1751850000000),
('zpsc4bf','zpart4bc','zmp3lt',132,'none','u-admin',1751850000000),
('zpsc4bg','zpart4bc','zmp3lw',109,'none','u-admin',1751850000000),
('zpsc4bh','zpart4bc','zmp3lx',30,'none','u-admin',1751850000000),
('zpsc4bi','zpart4bc','zmp3ly',131,'excused','u-admin',1751850000000),
('zpsc4bk','zpart4bj','zmp3ls',59,'none','u-admin',1751850000000),
('zpsc4bl','zpart4bj','zmp3lt',66,'none','u-admin',1751850000000),
('zpsc4bm','zpart4bj','zmp3lu',135,'none','u-admin',1751850000000),
('zpsc4bn','zpart4bj','zmp3lv',51,'none','u-admin',1751850000000),
('zpsc4bo','zpart4bj','zmp3lw',150,'excused','u-admin',1751850000000),
('zpsc4bp','zpart4bj','zmp3lx',87,'none','u-admin',1751850000000),
('zpsc4bq','zpart4bj','zmp3ly',44,'none','u-admin',1751850000000),
('zpsc4bs','zpart4br','zmp3lr',107,'none','u-admin',1751850000000),
('zpsc4bt','zpart4br','zmp3ls',147,'excused','u-admin',1751850000000),
('zpsc4bu','zpart4br','zmp3lt',33,'none','u-admin',1751850000000),
('zpsc4bv','zpart4br','zmp3lu',14,'excused','u-admin',1751850000000),
('zpsc4bw','zpart4br','zmp3lw',110,'none','u-admin',1751850000000),
('zpsc4by','zpart4bx','zmp3ls',40,'none','u-admin',1751850000000),
('zpsc4bz','zpart4bx','zmp3lt',86,'none','u-admin',1751850000000),
('zpsc4c0','zpart4bx','zmp3lv',74,'none','u-admin',1751850000000),
('zpsc4c1','zpart4bx','zmp3lw',30,'none','u-admin',1751850000000),
('zpsc4c3','zpart4c2','zmp3lr',83,'none','u-admin',1751850000000),
('zpsc4c4','zpart4c2','zmp3ls',114,'none','u-admin',1751850000000),
('zpsc4c5','zpart4c2','zmp3lv',150,'none','u-admin',1751850000000),
('zpsc4c6','zpart4c2','zmp3lw',83,'none','u-admin',1751850000000),
('zpsc4c8','zpart4c7','zmp3lu',0,'excused','u-admin',1751850000000),
('zpsc4c9','zpart4c7','zmp3lw',63,'excused','u-admin',1751850000000),
('zpsc4ca','zpart4c7','zmp3lx',61,'none','u-admin',1751850000000),
('zpsc4cc','zpart4cb','zmp3lt',82,'none','u-admin',1751850000000),
('zpsc4cd','zpart4cb','zmp3lx',80,'none','u-admin',1751850000000),
('zpsc4ce','zpart4cb','zmp3ly',63,'excused','u-admin',1751850000000),
('zpsc4cg','zpart4cf','zmp3lt',20,'excused','u-admin',1751850000000),
('zpsc4ch','zpart4cf','zmp3lu',97,'none','u-admin',1751850000000),
('zpsc4ci','zpart4cf','zmp3lv',149,'none','u-admin',1751850000000),
('zpsc4cj','zpart4cf','zmp3lw',6,'none','u-admin',1751850000000),
('zpsc4ck','zpart4cf','zmp3lx',81,'none','u-admin',1751850000000),
('zpsc4cm','zpart4cl','zmp3lr',36,'excused','u-admin',1751850000000),
('zpsc4cn','zpart4cl','zmp3ls',99,'none','u-admin',1751850000000),
('zpsc4co','zpart4cl','zmp3lv',9,'none','u-admin',1751850000000),
('zpsc4cq','zpart4cp','zmp3lt',46,'none','u-admin',1751850000000),
('zpsc4cr','zpart4cp','zmp3lv',60,'excused','u-admin',1751850000000),
('zpsc4cs','zpart4cp','zmp3lw',87,'excused','u-admin',1751850000000),
('zpsc4ct','zpart4cp','zmp3ly',139,'none','u-admin',1751850000000),
('zpsc4cv','zpart4cu','zmp3lr',111,'none','u-admin',1751850000000),
('zpsc4cw','zpart4cu','zmp3ls',77,'excused','u-admin',1751850000000),
('zpsc4cx','zpart4cu','zmp3lt',73,'none','u-admin',1751850000000),
('zpsc4cy','zpart4cu','zmp3lv',15,'excused','u-admin',1751850000000),
('zpsc4cz','zpart4cu','zmp3ly',11,'none','u-admin',1751850000000),
('zpsc4d1','zpart4d0','zmp3lt',136,'none','u-admin',1751850000000),
('zpsc4d2','zpart4d0','zmp3lw',46,'none','u-admin',1751850000000),
('zpsc4d3','zpart4d0','zmp3lx',58,'none','u-admin',1751850000000),
('zpsc4d4','zpart4d0','zmp3ly',25,'excused','u-admin',1751850000000),
('zpsc4d6','zpart4d5','zmp3lr',85,'excused','u-admin',1751850000000),
('zpsc4d7','zpart4d5','zmp3ls',34,'none','u-admin',1751850000000),
('zpsc4d8','zpart4d5','zmp3lw',134,'none','u-admin',1751850000000),
('zpsc4d9','zpart4d5','zmp3lx',72,'none','u-admin',1751850000000);
INSERT OR IGNORE INTO participant_scores (id,participant_id,program_id,points,excuse_status,recorded_by,created_at) VALUES
('zpsc4db','zpart4da','zmp3lr',24,'none','u-admin',1751850000000),
('zpsc4dc','zpart4da','zmp3lu',60,'none','u-admin',1751850000000),
('zpsc4dd','zpart4da','zmp3lv',123,'none','u-admin',1751850000000),
('zpsc4de','zpart4da','zmp3lw',48,'none','u-admin',1751850000000),
('zpsc4df','zpart4da','zmp3lx',34,'none','u-admin',1751850000000),
('zpsc4dg','zpart4da','zmp3ly',93,'none','u-admin',1751850000000),
('zpsc4di','zpart4dh','zmp3lt',47,'none','u-admin',1751850000000),
('zpsc4dj','zpart4dh','zmp3lv',71,'none','u-admin',1751850000000),
('zpsc4dk','zpart4dh','zmp3lx',33,'none','u-admin',1751850000000),
('zpsc4dl','zpart4dh','zmp3ly',109,'none','u-admin',1751850000000),
('zpsc4dn','zpart4dm','zmp3lr',77,'excused','u-admin',1751850000000),
('zpsc4do','zpart4dm','zmp3lt',122,'none','u-admin',1751850000000),
('zpsc4dp','zpart4dm','zmp3lu',34,'none','u-admin',1751850000000),
('zpsc4dq','zpart4dm','zmp3lv',3,'none','u-admin',1751850000000),
('zpsc4dr','zpart4dm','zmp3lw',40,'none','u-admin',1751850000000),
('zpsc4dt','zpart4ds','zmp3lt',71,'none','u-admin',1751850000000),
('zpsc4du','zpart4ds','zmp3lu',85,'none','u-admin',1751850000000),
('zpsc4dv','zpart4ds','zmp3lv',12,'none','u-admin',1751850000000),
('zpsc4dx','zpart4dw','zmp3ls',118,'none','u-admin',1751850000000),
('zpsc4dy','zpart4dw','zmp3lt',125,'none','u-admin',1751850000000),
('zpsc4dz','zpart4dw','zmp3lv',108,'none','u-admin',1751850000000),
('zpsc4e1','zpart4e0','zmp3ls',24,'none','u-admin',1751850000000),
('zpsc4e2','zpart4e0','zmp3lu',29,'none','u-admin',1751850000000),
('zpsc4e3','zpart4e0','zmp3ly',76,'none','u-admin',1751850000000),
('zpsc4e5','zpart4e4','zmp3lt',87,'none','u-admin',1751850000000),
('zpsc4e6','zpart4e4','zmp3lu',61,'none','u-admin',1751850000000),
('zpsc4e7','zpart4e4','zmp3lx',2,'none','u-admin',1751850000000),
('zpsc4e9','zpart4e8','zmp3ls',74,'none','u-admin',1751850000000),
('zpsc4ea','zpart4e8','zmp3lu',42,'excused','u-admin',1751850000000),
('zpsc4eb','zpart4e8','zmp3lv',112,'none','u-admin',1751850000000),
('zpsc4ec','zpart4e8','zmp3lx',24,'none','u-admin',1751850000000),
('zpsc4ee','zpart4ed','zmp3ls',35,'none','u-admin',1751850000000),
('zpsc4ef','zpart4ed','zmp3lt',1,'none','u-admin',1751850000000),
('zpsc4eg','zpart4ed','zmp3lv',119,'none','u-admin',1751850000000),
('zpsc4eh','zpart4ed','zmp3ly',113,'none','u-admin',1751850000000),
('zpsc4ej','zpart4ei','zmp3lw',121,'excused','u-admin',1751850000000),
('zpsc4ek','zpart4ei','zmp3ly',14,'none','u-admin',1751850000000),
('zpsc4em','zpart4el','zmp3ls',59,'none','u-admin',1751850000000),
('zpsc4en','zpart4el','zmp3lv',15,'none','u-admin',1751850000000),
('zpsc4eo','zpart4el','zmp3lx',65,'none','u-admin',1751850000000),
('zpsc4eq','zpart4ep','zmp3lu',81,'none','u-admin',1751850000000),
('zpsc4er','zpart4ep','zmp3lv',55,'none','u-admin',1751850000000),
('zpsc4et','zpart4es','zmp3lr',96,'none','u-admin',1751850000000),
('zpsc4eu','zpart4es','zmp3ls',88,'none','u-admin',1751850000000),
('zpsc4ev','zpart4es','zmp3lt',32,'none','u-admin',1751850000000),
('zpsc4ew','zpart4es','zmp3lv',57,'none','u-admin',1751850000000),
('zpsc4ex','zpart4es','zmp3lx',19,'none','u-admin',1751850000000),
('zpsc4ez','zpart4ey','zmp3lr',43,'none','u-admin',1751850000000),
('zpsc4f0','zpart4ey','zmp3lt',23,'none','u-admin',1751850000000),
('zpsc4f1','zpart4ey','zmp3lu',76,'none','u-admin',1751850000000),
('zpsc4f2','zpart4ey','zmp3lw',117,'excused','u-admin',1751850000000),
('zpsc4f4','zpart4f3','zmp3lr',42,'none','u-admin',1751850000000),
('zpsc4f5','zpart4f3','zmp3lu',100,'excused','u-admin',1751850000000),
('zpsc4f7','zpart4f6','zmp3ls',59,'excused','u-admin',1751850000000),
('zpsc4f8','zpart4f6','zmp3lt',19,'none','u-admin',1751850000000),
('zpsc4f9','zpart4f6','zmp3lu',112,'none','u-admin',1751850000000),
('zpsc4fa','zpart4f6','zmp3lv',33,'excused','u-admin',1751850000000),
('zpsc4fb','zpart4f6','zmp3lw',39,'none','u-admin',1751850000000),
('zpsc4fc','zpart4f6','zmp3lx',73,'excused','u-admin',1751850000000),
('zpsc4fd','zpart4f6','zmp3ly',92,'none','u-admin',1751850000000);
INSERT OR IGNORE INTO participant_scores (id,participant_id,program_id,points,excuse_status,recorded_by,created_at) VALUES
('zpsc4ff','zpart4fe','zmp3lu',78,'none','u-admin',1751850000000),
('zpsc4fg','zpart4fe','zmp3lv',100,'none','u-admin',1751850000000),
('zpsc4fh','zpart4fe','zmp3lw',3,'none','u-admin',1751850000000),
('zpsc4fi','zpart4fe','zmp3ly',117,'none','u-admin',1751850000000),
('zpsc4fk','zpart4fj','zmp3lt',54,'none','u-admin',1751850000000),
('zpsc4fl','zpart4fj','zmp3lu',114,'none','u-admin',1751850000000),
('zpsc4fm','zpart4fj','zmp3lx',128,'none','u-admin',1751850000000),
('zpsc4fo','zpart4fn','zmp3lr',114,'none','u-admin',1751850000000),
('zpsc4fp','zpart4fn','zmp3ls',140,'excused','u-admin',1751850000000),
('zpsc4fq','zpart4fn','zmp3lt',73,'none','u-admin',1751850000000),
('zpsc4fr','zpart4fn','zmp3lu',123,'none','u-admin',1751850000000),
('zpsc4fs','zpart4fn','zmp3lw',105,'excused','u-admin',1751850000000),
('zpsc4ft','zpart4fn','zmp3lx',77,'none','u-admin',1751850000000),
('zpsc4fv','zpart4fu','zmp3lr',129,'none','u-admin',1751850000000),
('zpsc4fw','zpart4fu','zmp3lt',13,'none','u-admin',1751850000000),
('zpsc4fx','zpart4fu','zmp3lu',136,'excused','u-admin',1751850000000),
('zpsc4fy','zpart4fu','zmp3lv',29,'none','u-admin',1751850000000),
('zpsc4fz','zpart4fu','zmp3lw',88,'none','u-admin',1751850000000),
('zpsc4g1','zpart4g0','zmp3lu',109,'excused','u-admin',1751850000000),
('zpsc4g2','zpart4g0','zmp3lw',130,'none','u-admin',1751850000000),
('zpsc4g4','zpart4g3','zmp3lr',67,'excused','u-admin',1751850000000),
('zpsc4g5','zpart4g3','zmp3ls',147,'none','u-admin',1751850000000),
('zpsc4g6','zpart4g3','zmp3lt',25,'none','u-admin',1751850000000),
('zpsc4g7','zpart4g3','zmp3lu',150,'none','u-admin',1751850000000),
('zpsc4g8','zpart4g3','zmp3lv',142,'none','u-admin',1751850000000),
('zpsc4ga','zpart4g9','zmp3lr',76,'none','u-admin',1751850000000),
('zpsc4gb','zpart4g9','zmp3lt',45,'none','u-admin',1751850000000),
('zpsc4gc','zpart4g9','zmp3lu',138,'none','u-admin',1751850000000),
('zpsc4gd','zpart4g9','zmp3lv',89,'none','u-admin',1751850000000),
('zpsc4ge','zpart4g9','zmp3lw',6,'none','u-admin',1751850000000),
('zpsc4gf','zpart4g9','zmp3ly',21,'none','u-admin',1751850000000),
('zpsc4gh','zpart4gg','zmp3lt',13,'none','u-admin',1751850000000),
('zpsc4gi','zpart4gg','zmp3lu',17,'none','u-admin',1751850000000),
('zpsc4gj','zpart4gg','zmp3lv',98,'none','u-admin',1751850000000),
('zpsc4gk','zpart4gg','zmp3ly',25,'excused','u-admin',1751850000000),
('zpsc4gm','zpart4gl','zmp3lr',141,'excused','u-admin',1751850000000),
('zpsc4gn','zpart4gl','zmp3lt',133,'none','u-admin',1751850000000),
('zpsc4go','zpart4gl','zmp3ly',26,'excused','u-admin',1751850000000),
('zpsc4gq','zpart4gp','zmp3lr',93,'none','u-admin',1751850000000),
('zpsc4gr','zpart4gp','zmp3lx',131,'excused','u-admin',1751850000000),
('zpsc4gt','zpart4gs','zmp3lr',85,'none','u-admin',1751850000000),
('zpsc4gu','zpart4gs','zmp3lv',101,'none','u-admin',1751850000000),
('zpsc4gv','zpart4gs','zmp3lx',64,'none','u-admin',1751850000000),
('zpsc4gx','zpart4gw','zmp3lr',54,'excused','u-admin',1751850000000),
('zpsc4gy','zpart4gw','zmp3lt',31,'none','u-admin',1751850000000),
('zpsc4gz','zpart4gw','zmp3lu',34,'none','u-admin',1751850000000),
('zpsc4h0','zpart4gw','zmp3lv',130,'excused','u-admin',1751850000000),
('zpsc4h2','zpart4h1','zmp3lv',127,'none','u-admin',1751850000000),
('zpsc4h4','zpart4h3','zmp3ls',75,'excused','u-admin',1751850000000),
('zpsc4h5','zpart4h3','zmp3lt',63,'none','u-admin',1751850000000),
('zpsc4h6','zpart4h3','zmp3lv',9,'none','u-admin',1751850000000),
('zpsc4h7','zpart4h3','zmp3lw',20,'none','u-admin',1751850000000),
('zpsc4h8','zpart4h3','zmp3ly',12,'none','u-admin',1751850000000),
('zpsc4ha','zpart4h9','zmp3lr',24,'none','u-admin',1751850000000),
('zpsc4hb','zpart4h9','zmp3ls',17,'none','u-admin',1751850000000),
('zpsc4hc','zpart4h9','zmp3lt',96,'none','u-admin',1751850000000),
('zpsc4hd','zpart4h9','zmp3lv',20,'none','u-admin',1751850000000),
('zpsc4he','zpart4h9','zmp3lx',61,'excused','u-admin',1751850000000),
('zpsc4hf','zpart4h9','zmp3ly',54,'none','u-admin',1751850000000),
('zpsc4hh','zpart4hg','zmp3lr',91,'none','u-admin',1751850000000);
INSERT OR IGNORE INTO participant_scores (id,participant_id,program_id,points,excuse_status,recorded_by,created_at) VALUES
('zpsc4hi','zpart4hg','zmp3lv',105,'excused','u-admin',1751850000000),
('zpsc4hk','zpart4hj','zmp3lr',34,'none','u-admin',1751850000000),
('zpsc4hl','zpart4hj','zmp3lu',80,'none','u-admin',1751850000000),
('zpsc4hm','zpart4hj','zmp3lv',15,'none','u-admin',1751850000000),
('zpsc4hn','zpart4hj','zmp3lw',134,'none','u-admin',1751850000000),
('zpsc4ho','zpart4hj','zmp3ly',5,'none','u-admin',1751850000000),
('zpsc4hq','zpart4hp','zmp3lr',26,'none','u-admin',1751850000000),
('zpsc4hr','zpart4hp','zmp3lx',115,'none','u-admin',1751850000000),
('zpsc4ht','zpart4hs','zmp3lr',135,'none','u-admin',1751850000000),
('zpsc4hu','zpart4hs','zmp3ls',113,'none','u-admin',1751850000000),
('zpsc4hv','zpart4hs','zmp3lu',120,'excused','u-admin',1751850000000),
('zpsc4hw','zpart4hs','zmp3lv',62,'none','u-admin',1751850000000),
('zpsc4hx','zpart4hs','zmp3lx',137,'none','u-admin',1751850000000),
('zpsc4hz','zpart4hy','zmp3lr',33,'none','u-admin',1751850000000),
('zpsc4i0','zpart4hy','zmp3lt',6,'none','u-admin',1751850000000),
('zpsc4i1','zpart4hy','zmp3lv',72,'none','u-admin',1751850000000),
('zpsc4i2','zpart4hy','zmp3lw',21,'none','u-admin',1751850000000),
('zpsc4i3','zpart4hy','zmp3ly',9,'none','u-admin',1751850000000),
('zpsc4i5','zpart4i4','zmp3lr',66,'none','u-admin',1751850000000),
('zpsc4i6','zpart4i4','zmp3lt',101,'excused','u-admin',1751850000000),
('zpsc4i7','zpart4i4','zmp3lv',100,'none','u-admin',1751850000000),
('zpsc4i8','zpart4i4','zmp3lw',27,'none','u-admin',1751850000000),
('zpsc4ia','zpart4i9','zmp3lt',55,'excused','u-admin',1751850000000),
('zpsc4ib','zpart4i9','zmp3lu',63,'none','u-admin',1751850000000),
('zpsc4ic','zpart4i9','zmp3lw',34,'none','u-admin',1751850000000),
('zpsc4ie','zpart4id','zmp3lt',81,'none','u-admin',1751850000000),
('zpsc4if','zpart4id','zmp3lv',118,'none','u-admin',1751850000000),
('zpsc4ig','zpart4id','zmp3lw',30,'none','u-admin',1751850000000);
INSERT OR IGNORE INTO tahfeez_circles (id,mosque_id,name,teacher_person_id,created_at) VALUES
('ztc4ih','zmd','حلقة الصغار','zpp4',1751850000000),
('ztc4j4','zm6b','حلقة الإتقان','zpkb',1751850000000),
('ztc4jh','zm79','حلقة الإتقان','zp3y',1751850000000),
('ztc4jz','zm84','حلقة الإتقان','zp18a',1751850000000),
('ztc4kb','zm9w','حلقة الفجر','zp2te',1751850000000),
('ztc4ko','zmao','حلقة الإتقان','zp6i',1751850000000),
('ztc4kx','zmec','حلقة الفجر','zp16w',1751850000000),
('ztc4ld','zmg4','حلقة الإتقان','zp18a',1751850000000),
('ztc4ls','zmlq','حلقة الصغار','zpi5',1751850000000),
('ztc4m2','zmmr','حلقة الفجر','zpj8',1751850000000),
('ztc4mh','zmpa','حلقة الفجر','zp1rq',1751850000000),
('ztc4n3','zmt1','حلقة الفجر','zp11t',1751850000000),
('ztc4o9','zm17g','حلقة الإتقان','zpwk',1751850000000);
INSERT OR IGNORE INTO tahfeez_students (id,circle_id,person_id,status,created_at) VALUES
('zts4ii','ztc4ih','zpnw','active',1751850000000),
('zts4il','ztc4ih','zpoa','active',1751850000000),
('zts4in','ztc4ih','zp40','active',1751850000000),
('zts4iq','ztc4ih','zppj','active',1751850000000),
('zts4it','ztc4ih','zp1p','active',1751850000000),
('zts4iv','ztc4ih','zpo0','active',1751850000000),
('zts4j5','ztc4j4','zppt','active',1751850000000),
('zts4j7','ztc4j4','zpn2','active',1751850000000),
('zts4j9','ztc4j4','zpw8','active',1751850000000),
('zts4jc','ztc4j4','zp7k','active',1751850000000),
('zts4je','ztc4j4','zpp','active',1751850000000),
('zts4ji','ztc4jh','zp2v','active',1751850000000),
('zts4jl','ztc4jh','zp5l','active',1751850000000),
('zts4jn','ztc4jh','zp95','active',1751850000000),
('zts4jq','ztc4jh','zp91','active',1751850000000),
('zts4js','ztc4jh','zp7i','active',1751850000000),
('zts4ju','ztc4jh','zpp6','active',1751850000000),
('zts4k0','ztc4jz','zp93','active',1751850000000),
('zts4k3','ztc4jz','zpdk','active',1751850000000),
('zts4k5','ztc4jz','zpdm','active',1751850000000),
('zts4k8','ztc4jz','zpcd','active',1751850000000),
('zts4kc','ztc4kb','zpfp','active',1751850000000),
('zts4kf','ztc4kb','zpuo','active',1751850000000),
('zts4ki','ztc4kb','zpdm','active',1751850000000),
('zts4kl','ztc4kb','zpha','active',1751850000000),
('zts4kp','ztc4ko','zpu2','active',1751850000000),
('zts4ks','ztc4ko','zpt','active',1751850000000),
('zts4kv','ztc4ko','zpq1','active',1751850000000),
('zts4ky','ztc4kx','zp4j','active',1751850000000),
('zts4l0','ztc4kx','zp77','active',1751850000000),
('zts4l3','ztc4kx','zp31','active',1751850000000),
('zts4le','ztc4ld','zp118','active',1751850000000),
('zts4lg','ztc4ld','zpaz','active',1751850000000),
('zts4lj','ztc4ld','zpi3','active',1751850000000),
('zts4lt','ztc4ls','zp7i','active',1751850000000),
('zts4lv','ztc4ls','zpoa','active',1751850000000),
('zts4ly','ztc4ls','zpn','active',1751850000000),
('zts4m0','ztc4ls','zpfj','active',1751850000000),
('zts4m3','ztc4m2','zpl8','active',1751850000000),
('zts4m5','ztc4m2','zpx4','active',1751850000000),
('zts4m8','ztc4m2','zpb9','active',1751850000000),
('zts4mb','ztc4m2','zpl2','active',1751850000000),
('zts4mi','ztc4mh','zpos','active',1751850000000),
('zts4ml','ztc4mh','zpk1','active',1751850000000),
('zts4mo','ztc4mh','zpxa','active',1751850000000),
('zts4mq','ztc4mh','zppt','active',1751850000000),
('zts4mt','ztc4mh','zph2','active',1751850000000),
('zts4mv','ztc4mh','zpj0','active',1751850000000),
('zts4n4','ztc4n3','zpr','active',1751850000000),
('zts4n6','ztc4n3','zpcq','active',1751850000000),
('zts4n8','ztc4n3','zpj4','active',1751850000000),
('zts4oa','ztc4o9','zpij','active',1751850000000),
('zts4oc','ztc4o9','zpgb','active',1751850000000),
('zts4of','ztc4o9','zp10w','active',1751850000000),
('zts4oi','ztc4o9','zp5x','active',1751850000000),
('zts4ok','ztc4o9','zpwa','active',1751850000000),
('zts4on','ztc4o9','zpgh','active',1751850000000),
('zts4op','ztc4o9','zprd','active',1751850000000);
INSERT OR IGNORE INTO tahfeez_progress (id,student_id,scope,from_ayah,to_ayah,rating,date_hijri,created_at) VALUES
('ztp4ij','zts4ii','سورة البقرة',1,30,5,'1447-06-10',1751850000000),
('ztp4ik','zts4ii','سورة البقرة',1,29,5,'1447-06-10',1751850000000),
('ztp4im','zts4il','سورة البقرة',1,33,4,'1447-06-10',1751850000000),
('ztp4io','zts4in','جزء عمّ',1,12,4,'1447-06-10',1751850000000),
('ztp4ip','zts4in','سورة الكهف',1,35,5,'1447-06-10',1751850000000),
('ztp4ir','zts4iq','سورة الكهف',1,15,4,'1447-06-10',1751850000000),
('ztp4is','zts4iq','جزء عمّ',1,40,5,'1447-06-10',1751850000000),
('ztp4iu','zts4it','سورة البقرة',1,29,4,'1447-06-10',1751850000000),
('ztp4iw','zts4iv','سورة الكهف',1,32,5,'1447-06-10',1751850000000),
('ztp4j6','zts4j5','سورة الكهف',1,11,3,'1447-06-10',1751850000000),
('ztp4j8','zts4j7','جزء عمّ',1,29,3,'1447-06-10',1751850000000),
('ztp4ja','zts4j9','سورة الكهف',1,12,4,'1447-06-10',1751850000000),
('ztp4jb','zts4j9','سورة الكهف',1,44,5,'1447-06-10',1751850000000),
('ztp4jd','zts4jc','جزء عمّ',1,24,4,'1447-06-10',1751850000000),
('ztp4jf','zts4je','سورة البقرة',1,11,4,'1447-06-10',1751850000000),
('ztp4jg','zts4je','سورة الكهف',1,23,4,'1447-06-10',1751850000000),
('ztp4jj','zts4ji','سورة البقرة',1,40,4,'1447-06-10',1751850000000),
('ztp4jk','zts4ji','سورة البقرة',1,37,4,'1447-06-10',1751850000000),
('ztp4jm','zts4jl','سورة الكهف',1,34,3,'1447-06-10',1751850000000),
('ztp4jo','zts4jn','سورة البقرة',1,35,3,'1447-06-10',1751850000000),
('ztp4jp','zts4jn','سورة البقرة',1,43,5,'1447-06-10',1751850000000),
('ztp4jr','zts4jq','سورة الكهف',1,34,5,'1447-06-10',1751850000000),
('ztp4jt','zts4js','سورة البقرة',1,28,3,'1447-06-10',1751850000000),
('ztp4jv','zts4ju','سورة الكهف',1,17,4,'1447-06-10',1751850000000),
('ztp4k1','zts4k0','جزء عمّ',1,16,4,'1447-06-10',1751850000000),
('ztp4k2','zts4k0','جزء عمّ',1,13,4,'1447-06-10',1751850000000),
('ztp4k4','zts4k3','سورة الكهف',1,33,5,'1447-06-10',1751850000000),
('ztp4k6','zts4k5','سورة الكهف',1,38,5,'1447-06-10',1751850000000),
('ztp4k7','zts4k5','جزء عمّ',1,29,5,'1447-06-10',1751850000000),
('ztp4k9','zts4k8','جزء عمّ',1,46,3,'1447-06-10',1751850000000),
('ztp4ka','zts4k8','جزء عمّ',1,27,4,'1447-06-10',1751850000000),
('ztp4kd','zts4kc','سورة البقرة',1,19,5,'1447-06-10',1751850000000),
('ztp4ke','zts4kc','جزء عمّ',1,38,4,'1447-06-10',1751850000000),
('ztp4kg','zts4kf','جزء عمّ',1,44,3,'1447-06-10',1751850000000),
('ztp4kh','zts4kf','سورة الكهف',1,50,3,'1447-06-10',1751850000000),
('ztp4kj','zts4ki','جزء عمّ',1,19,4,'1447-06-10',1751850000000),
('ztp4kk','zts4ki','سورة الكهف',1,13,5,'1447-06-10',1751850000000),
('ztp4km','zts4kl','سورة البقرة',1,27,5,'1447-06-10',1751850000000),
('ztp4kn','zts4kl','سورة الكهف',1,11,4,'1447-06-10',1751850000000),
('ztp4kq','zts4kp','جزء عمّ',1,26,4,'1447-06-10',1751850000000),
('ztp4kr','zts4kp','جزء عمّ',1,35,3,'1447-06-10',1751850000000),
('ztp4kt','zts4ks','سورة البقرة',1,19,3,'1447-06-10',1751850000000),
('ztp4ku','zts4ks','سورة البقرة',1,45,3,'1447-06-10',1751850000000),
('ztp4kw','zts4kv','جزء عمّ',1,11,3,'1447-06-10',1751850000000),
('ztp4kz','zts4ky','سورة الكهف',1,36,5,'1447-06-10',1751850000000),
('ztp4l1','zts4l0','سورة الكهف',1,19,3,'1447-06-10',1751850000000),
('ztp4l2','zts4l0','جزء عمّ',1,17,4,'1447-06-10',1751850000000),
('ztp4l4','zts4l3','سورة البقرة',1,13,4,'1447-06-10',1751850000000),
('ztp4lf','zts4le','سورة الكهف',1,17,4,'1447-06-10',1751850000000),
('ztp4lh','zts4lg','جزء عمّ',1,39,3,'1447-06-10',1751850000000),
('ztp4li','zts4lg','سورة الكهف',1,20,4,'1447-06-10',1751850000000),
('ztp4lk','zts4lj','سورة الكهف',1,28,5,'1447-06-10',1751850000000),
('ztp4lu','zts4lt','سورة البقرة',1,17,4,'1447-06-10',1751850000000),
('ztp4lw','zts4lv','سورة الكهف',1,17,4,'1447-06-10',1751850000000),
('ztp4lx','zts4lv','جزء عمّ',1,18,5,'1447-06-10',1751850000000),
('ztp4lz','zts4ly','جزء عمّ',1,34,3,'1447-06-10',1751850000000),
('ztp4m1','zts4m0','سورة البقرة',1,47,5,'1447-06-10',1751850000000),
('ztp4m4','zts4m3','جزء عمّ',1,30,4,'1447-06-10',1751850000000),
('ztp4m6','zts4m5','جزء عمّ',1,41,5,'1447-06-10',1751850000000),
('ztp4m7','zts4m5','سورة الكهف',1,21,5,'1447-06-10',1751850000000);
INSERT OR IGNORE INTO tahfeez_progress (id,student_id,scope,from_ayah,to_ayah,rating,date_hijri,created_at) VALUES
('ztp4m9','zts4m8','سورة الكهف',1,31,5,'1447-06-10',1751850000000),
('ztp4ma','zts4m8','سورة البقرة',1,10,4,'1447-06-10',1751850000000),
('ztp4mc','zts4mb','سورة البقرة',1,33,5,'1447-06-10',1751850000000),
('ztp4mj','zts4mi','سورة الكهف',1,40,3,'1447-06-10',1751850000000),
('ztp4mk','zts4mi','سورة البقرة',1,18,5,'1447-06-10',1751850000000),
('ztp4mm','zts4ml','جزء عمّ',1,18,5,'1447-06-10',1751850000000),
('ztp4mn','zts4ml','سورة الكهف',1,28,3,'1447-06-10',1751850000000),
('ztp4mp','zts4mo','سورة البقرة',1,15,4,'1447-06-10',1751850000000),
('ztp4mr','zts4mq','سورة البقرة',1,30,4,'1447-06-10',1751850000000),
('ztp4ms','zts4mq','سورة الكهف',1,24,5,'1447-06-10',1751850000000),
('ztp4mu','zts4mt','سورة الكهف',1,15,4,'1447-06-10',1751850000000),
('ztp4mw','zts4mv','سورة الكهف',1,27,3,'1447-06-10',1751850000000),
('ztp4n5','zts4n4','جزء عمّ',1,44,5,'1447-06-10',1751850000000),
('ztp4n7','zts4n6','سورة الكهف',1,31,5,'1447-06-10',1751850000000),
('ztp4n9','zts4n8','سورة الكهف',1,34,4,'1447-06-10',1751850000000),
('ztp4na','zts4n8','جزء عمّ',1,42,4,'1447-06-10',1751850000000),
('ztp4ob','zts4oa','جزء عمّ',1,49,3,'1447-06-10',1751850000000),
('ztp4od','zts4oc','جزء عمّ',1,12,5,'1447-06-10',1751850000000),
('ztp4oe','zts4oc','جزء عمّ',1,46,3,'1447-06-10',1751850000000),
('ztp4og','zts4of','سورة الكهف',1,36,3,'1447-06-10',1751850000000),
('ztp4oh','zts4of','سورة الكهف',1,21,3,'1447-06-10',1751850000000),
('ztp4oj','zts4oi','سورة الكهف',1,30,5,'1447-06-10',1751850000000),
('ztp4ol','zts4ok','سورة البقرة',1,21,3,'1447-06-10',1751850000000),
('ztp4om','zts4ok','جزء عمّ',1,39,4,'1447-06-10',1751850000000),
('ztp4oo','zts4on','سورة البقرة',1,39,4,'1447-06-10',1751850000000),
('ztp4oq','zts4op','سورة البقرة',1,32,3,'1447-06-10',1751850000000),
('ztp4or','zts4op','سورة البقرة',1,18,4,'1447-06-10',1751850000000);
INSERT OR IGNORE INTO donations (id,mosque_id,donor_name,amount,collected_by,approved_by_amir,note,at) VALUES
('zdon4ix','zm4c',NULL,100,'u-admin',1,NULL,1750640400000),
('zdon4j0','zm6b','أسامة الديب',200,'u-admin',1,NULL,1747616400000),
('zdon4j1','zm6b','يوسف الخطيب',100,'u-admin',1,NULL,1746752400000),
('zdon4j2','zm6b','خالد الشامي',200,'u-admin',1,NULL,1749776400000),
('zdon4jw','zm84','محمد الجاسم',100,'u-admin',1,NULL,1744765200000),
('zdon4l5','zmfc','حمزة الرفاعي',50,'u-admin',1,NULL,1749085200000),
('zdon4l8','zmg4','سعيد الديب',500,'u-admin',1,NULL,1745802000000),
('zdon4l9','zmg4','أنس الحسن',50,'u-admin',1,NULL,1749085200000),
('zdon4la','zmg4',NULL,50,'u-admin',1,NULL,1751245200000),
('zdon4ll','zmju','أحمد الرفاعي',200,'u-admin',1,NULL,1745715600000),
('zdon4lm','zmju','طارق الخطيب',500,'u-admin',1,NULL,1749776400000),
('zdon4ln','zmju',NULL,500,'u-admin',1,NULL,1745802000000),
('zdon4lq','zmkv',NULL,200,'u-admin',1,NULL,1747011600000),
('zdon4md','zmnv','أحمد الحلبي',500,'u-admin',1,NULL,1745197200000),
('zdon4me','zmnv',NULL,100,'u-admin',1,NULL,1746147600000),
('zdon4mx','zmq0',NULL,50,'u-admin',1,NULL,1750467600000),
('zdon4n0','zmr0','خالد الحريري',50,'u-admin',1,NULL,1747702800000),
('zdon4n1','zmr0','محمد السالم',200,'u-admin',1,NULL,1744419600000),
('zdon4nb','zmtt','عبدالرحمن الصالح',500,'u-admin',1,NULL,1751158800000),
('zdon4nc','zmtt',NULL,200,'u-admin',1,NULL,1751418000000),
('zdon4nd','zmtt','بلال الزعبي',100,'u-admin',1,NULL,1745802000000),
('zdon4nf','zmvf',NULL,100,'u-admin',1,NULL,1749949200000),
('zdon4nh','zmx1','أنس الديب',200,'u-admin',1,NULL,1745456400000),
('zdon4ni','zmx1','عبدالله الجاسم',500,'u-admin',1,NULL,1750813200000),
('zdon4nk','zmxu','علي الأحمد',200,'u-admin',1,NULL,1745110800000),
('zdon4nl','zmxu',NULL,100,'u-admin',1,NULL,1749517200000),
('zdon4no','zmzw','معاذ الصالح',50,'u-admin',1,NULL,1744333200000),
('zdon4np','zmzw','حسين الشامي',200,'u-admin',1,NULL,1744246800000),
('zdon4nq','zmzw','خالد العمر',200,'u-admin',1,NULL,1748221200000),
('zdon4nt','zm13d',NULL,200,'u-admin',1,NULL,1745629200000),
('zdon4nu','zm13d','عمر الأحمد',50,'u-admin',1,NULL,1748998800000),
('zdon4nv','zm13d',NULL,100,'u-admin',1,NULL,1751245200000),
('zdon4ny','zm15c',NULL,50,'u-admin',1,NULL,1746752400000),
('zdon4nz','zm15c',NULL,50,'u-admin',1,NULL,1751331600000),
('zdon4o2','zm15z','طارق الحلبي',50,'u-admin',1,NULL,1744678800000),
('zdon4o3','zm15z','عثمان الإدلبي',500,'u-admin',1,NULL,1746061200000),
('zdon4o6','zm16l',NULL,500,'u-admin',1,NULL,1749085200000),
('zdon4os','zm181','يوسف القاسم',50,'u-admin',1,NULL,1746493200000),
('zdon4ou','zm18o',NULL,50,'u-admin',1,NULL,1745283600000);
INSERT OR IGNORE INTO expenses (id,mosque_id,category,amount,spent_by,note,at) VALUES
('zexp4iy','zm4c','صيانة',60,'u-admin',NULL,1744160400000),
('zexp4iz','zm4c','صيانة',120,'u-admin',NULL,1744592400000),
('zexp4j3','zm6b','كهرباء',60,'u-admin',NULL,1747702800000),
('zexp4jx','zm84','كهرباء',250,'u-admin',NULL,1748912400000),
('zexp4jy','zm84','صيانة',250,'u-admin',NULL,1746579600000),
('zexp4l6','zmfc','ماء',250,'u-admin',NULL,1746406800000),
('zexp4l7','zmfc','تدفئة',120,'u-admin',NULL,1750294800000),
('zexp4lb','zmg4','كهرباء',60,'u-admin',NULL,1744160400000),
('zexp4lc','zmg4','ماء',120,'u-admin',NULL,1748653200000),
('zexp4lo','zmju','ماء',120,'u-admin',NULL,1749776400000),
('zexp4lp','zmju','كهرباء',60,'u-admin',NULL,1745542800000),
('zexp4lr','zmkv','ماء',60,'u-admin',NULL,1744419600000),
('zexp4mf','zmnv','كهرباء',250,'u-admin',NULL,1745715600000),
('zexp4mg','zmnv','كهرباء',60,'u-admin',NULL,1751590800000),
('zexp4my','zmq0','صيانة',250,'u-admin',NULL,1747875600000),
('zexp4mz','zmq0','كهرباء',250,'u-admin',NULL,1749776400000),
('zexp4n2','zmr0','صيانة',60,'u-admin',NULL,1745024400000),
('zexp4ne','zmtt','كهرباء',30,'u-admin',NULL,1749344400000),
('zexp4ng','zmvf','ماء',60,'u-admin',NULL,1744851600000),
('zexp4nj','zmx1','تدفئة',30,'u-admin',NULL,1745974800000),
('zexp4nm','zmxu','ماء',250,'u-admin',NULL,1750122000000),
('zexp4nn','zmxu','تدفئة',250,'u-admin',NULL,1749949200000),
('zexp4nr','zmzw','تدفئة',120,'u-admin',NULL,1751763600000),
('zexp4ns','zmzw','ماء',120,'u-admin',NULL,1744160400000),
('zexp4nw','zm13d','تدفئة',30,'u-admin',NULL,1747702800000),
('zexp4nx','zm13d','ماء',120,'u-admin',NULL,1745024400000),
('zexp4o0','zm15c','صيانة',250,'u-admin',NULL,1745456400000),
('zexp4o1','zm15c','كهرباء',120,'u-admin',NULL,1747875600000),
('zexp4o4','zm15z','تدفئة',60,'u-admin',NULL,1745629200000),
('zexp4o5','zm15z','كهرباء',60,'u-admin',NULL,1746406800000),
('zexp4o7','zm16l','ماء',250,'u-admin',NULL,1748998800000),
('zexp4o8','zm16l','تدفئة',30,'u-admin',NULL,1747184400000),
('zexp4ot','zm181','ماء',250,'u-admin',NULL,1746147600000),
('zexp4ov','zm18o','صيانة',30,'u-admin',NULL,1749862800000);
INSERT OR IGNORE INTO person_contacts (person_id,phone,telegram,guardian_phone) VALUES
('zp1','0960321419','@userp1',NULL),
('zpa','0984189202',NULL,NULL),
('zpe','0918334213','@userpe',NULL),
('zpj','0935491131',NULL,NULL),
('zpv','0977199805','@userpv',NULL),
('zp1d','0953182062',NULL,NULL),
('zp1j','0950261151',NULL,NULL),
('zp1l','0946778738','@userp1l','0913570023'),
('zp1n','0989813681',NULL,NULL),
('zp27','0932316639',NULL,NULL),
('zp29','0932401550','@userp29','0921964967'),
('zp2b','0993878815',NULL,NULL),
('zp2f','0951421643',NULL,NULL),
('zp2h','0964210594','@userp2h','0983877244'),
('zp2j','0922454875','@userp2j',NULL),
('zp2n','0999363383',NULL,NULL),
('zp2p','0963480443',NULL,NULL),
('zp2v','0972125965','@userp2v',NULL),
('zp2z','0967448502','@userp2z',NULL),
('zp33','0917008987','@userp33',NULL),
('zp37','0912805596','@userp37',NULL),
('zp3o','0977609744','@userp3o',NULL),
('zp3s','0965238297',NULL,NULL),
('zp4d','0950326545',NULL,NULL),
('zp4l','0986524574',NULL,NULL),
('zp4p','0916556427',NULL,NULL),
('zp4t','0917569077','@userp4t',NULL),
('zp4x','0925980307',NULL,NULL),
('zp5d','0942779762','@userp5d',NULL),
('zp5h','0955142242',NULL,NULL),
('zp5j','0968876471',NULL,NULL),
('zp5l','0951930975','@userp5l',NULL),
('zp5n','0942467892',NULL,NULL),
('zp5p','0946526878',NULL,NULL),
('zp5t','0923802264','@userp5t',NULL),
('zp6i','0991961443',NULL,NULL),
('zp7e','0968027669','@userp7e',NULL),
('zp7i','0936338254',NULL,NULL),
('zp7o','0966338352','@userp7o','0935608519'),
('zp7s','0965868018',NULL,NULL),
('zp8b','0955453862',NULL,NULL),
('zp8d','0915724631',NULL,NULL),
('zp8h','0996117382',NULL,NULL),
('zp8j','0973604072',NULL,NULL),
('zp97','0943654584','@userp97',NULL),
('zp99','0969613530','@userp99',NULL),
('zp9b','0945450343',NULL,NULL),
('zp9d','0928443877','@userp9d','0975657628'),
('zp9x','0975662858','@userp9x','0972138247'),
('zpa1','0936538460','@userpa1',NULL),
('zpa3','0963844666','@userpa3',NULL),
('zpap','0938771099','@userpap',NULL),
('zpax','0956842558','@userpax',NULL),
('zpaz','0914290633','@userpaz',NULL),
('zpb1','0999713379',NULL,NULL),
('zpb3','0917718386',NULL,NULL),
('zpb5','0981073356','@userpb5','0917466321'),
('zpb9','0949803559','@userpb9',NULL),
('zpbn','0997431163',NULL,NULL),
('zpbr','0964112038',NULL,NULL);
INSERT OR IGNORE INTO person_contacts (person_id,phone,telegram,guardian_phone) VALUES
('zpbt','0933237467',NULL,NULL),
('zpbv','0960770380',NULL,NULL),
('zpcd','0939346628',NULL,'0942989748'),
('zpcg','0959626501',NULL,NULL),
('zpco','0927317526',NULL,NULL),
('zpcq','0966297880',NULL,NULL),
('zpcs','0984356192','@userpcs','0974096021'),
('zpd2','0932193105',NULL,NULL),
('zpdm','0957073082',NULL,'0917957706'),
('zpdq','0962329679',NULL,NULL),
('zpds','0985281483',NULL,NULL),
('zpdy','0970354185','@userpdy',NULL),
('zped','0910913579',NULL,NULL),
('zpel','0949252913',NULL,'0976751858'),
('zpep','0983419188',NULL,NULL),
('zper','0992260545','@userper',NULL),
('zpet','0947545063','@userpet',NULL),
('zpev','0978616186','@userpev',NULL),
('zpfd','0968942521','@userpfd',NULL),
('zpff','0995792919',NULL,NULL),
('zpfh','0961287846',NULL,NULL),
('zpfj','0925910745','@userpfj',NULL),
('zpfr','0915291425','@userpfr',NULL),
('zpg9','0978925369','@userpg9',NULL),
('zpgb','0948301920',NULL,NULL),
('zpgf','0924985733',NULL,NULL),
('zpgj','0979561046','@userpgj',NULL),
('zpgn','0985298342','@userpgn','0985454428'),
('zph4','0976382794',NULL,NULL),
('zph8','0948066525',NULL,NULL),
('zphw','0943103677','@userphw',NULL),
('zpi1','0981846597',NULL,NULL),
('zpi9','0976016788','@userpi9','0983648034'),
('zpih','0978074456',NULL,NULL),
('zpij','0961393306',NULL,NULL),
('zpj0','0949925844',NULL,NULL),
('zpj2','0928167605','@userpj2',NULL),
('zpj6','0925623116','@userpj6',NULL),
('zpjc','0963413792',NULL,NULL),
('zpjv','0915765223',NULL,'0994674744'),
('zpk1','0928302137',NULL,NULL),
('zpk9','0916766691','@userpk9',NULL),
('zpkd','0997100678',NULL,NULL),
('zpkf','0954403504',NULL,NULL),
('zpkw','0934222683','@userpkw',NULL),
('zpl0','0916561548',NULL,NULL),
('zpl6','0998615902','@userpl6',NULL),
('zpl8','0949648329',NULL,NULL),
('zpla','0929332446',NULL,'0999949518'),
('zplv','0963376057','@userplv',NULL),
('zplx','0945277671',NULL,NULL),
('zpm1','0973060837',NULL,NULL),
('zpm5','0947212138',NULL,NULL),
('zpn2','0937967532',NULL,NULL),
('zpn4','0975956560',NULL,NULL),
('zpnt','0935512552',NULL,NULL),
('zpnw','0911581196',NULL,NULL),
('zpny','0963209480',NULL,'0968024652'),
('zpo0','0963660984','@userpo0',NULL),
('zpo2','0996362198','@userpo2',NULL);
INSERT OR IGNORE INTO person_contacts (person_id,phone,telegram,guardian_phone) VALUES
('zpo4','0971119719',NULL,NULL),
('zpo6','0942125841','@userpo6',NULL),
('zpoq','0975746974','@userpoq',NULL),
('zpos','0977274935','@userpos',NULL),
('zpou','0943516398',NULL,NULL),
('zpow','0964174689',NULL,NULL),
('zpp4','0973979758','@userpp4',NULL),
('zpp6','0982561704',NULL,NULL),
('zppf','0991207557','@userppf',NULL),
('zpph','0970919052','@userpph','0933988410'),
('zppj','0972318577',NULL,NULL),
('zpq3','0960097091','@userpq3',NULL),
('zpq7','0993903827','@userpq7',NULL),
('zpq9','0995408630','@userpq9',NULL),
('zpqd','0934724717',NULL,NULL),
('zpqf','0920717397','@userpqf',NULL),
('zpqh','0942552758','@userpqh',NULL),
('zpr3','0936290355',NULL,NULL),
('zpr5','0928481628','@userpr5',NULL),
('zprb','0949242176',NULL,NULL),
('zprd','0935211790',NULL,NULL),
('zprf','0947413657',NULL,NULL),
('zprh','0944635975',NULL,NULL),
('zprz','0954923147','@userprz',NULL),
('zpsd','0960941137','@userpsd',NULL),
('zpsf','0982183446',NULL,'0960912967'),
('zpt2','0944738168',NULL,NULL),
('zpt6','0994987436','@userpt6',NULL),
('zpta','0994072013',NULL,NULL),
('zpte','0965663070','@userpte',NULL),
('zpti','0952895125','@userpti',NULL),
('zptu','0983404572',NULL,NULL),
('zpty','0966968738',NULL,'0938812382'),
('zpu2','0976357729','@userpu2',NULL),
('zpu4','0930573663',NULL,NULL),
('zpu6','0981014981','@userpu6','0999021267'),
('zpus','0981689666','@userpus',NULL),
('zpuw','0955039392','@userpuw','0937672486'),
('zpvk','0995848002',NULL,NULL),
('zpvm','0950697913',NULL,NULL),
('zpvo','0990838209',NULL,NULL),
('zpvy','0938873265','@userpvy','0961227564'),
('zpw2','0927833264',NULL,NULL),
('zpwa','0956063293',NULL,NULL),
('zpwc','0914880384',NULL,NULL),
('zpwk','0931805489','@userpwk',NULL),
('zpx4','0948079460',NULL,NULL),
('zpx6','0956066355','@userpx6',NULL),
('zpxe','0973835768',NULL,NULL),
('zpxz','0990033224',NULL,NULL),
('zpy1','0993422557',NULL,NULL),
('zpy3','0965476936',NULL,NULL),
('zpy5','0991027180','@userpy5','0945496337'),
('zpy7','0977345809',NULL,NULL),
('zpy9','0977252358','@userpy9',NULL),
('zpyd','0983183862',NULL,NULL),
('zpyt','0963217247',NULL,NULL),
('zpyw','0939830008',NULL,NULL),
('zpz8','0917845039',NULL,NULL),
('zpzc','0994041393',NULL,NULL);
INSERT OR IGNORE INTO person_contacts (person_id,phone,telegram,guardian_phone) VALUES
('zpze','0912367955','@userpze',NULL),
('zpzg','0965687466','@userpzg',NULL),
('zpzi','0960030845',NULL,NULL),
('zpzk','0930697870','@userpzk',NULL),
('zpzx','0929003902','@userpzx',NULL),
('zpzz','0915196684',NULL,NULL),
('zp10d','0937285443',NULL,'0935799415'),
('zp10f','0969856195',NULL,NULL),
('zp10h','0925243482',NULL,NULL),
('zp10u','0973701999',NULL,NULL),
('zp10w','0997884751',NULL,NULL),
('zp10y','0986111965',NULL,'0942932691'),
('zp112','0968927064',NULL,NULL),
('zp114','0962472375',NULL,NULL),
('zp116','0954478711','@userp116',NULL),
('zp11a','0993287063','@userp11a','0984100469'),
('zp123','0962923971',NULL,NULL),
('zp12x','0919432497','@userp12x',NULL),
('zp12z','0928458194',NULL,NULL),
('zp13e','0910980698','@userp13e',NULL),
('zp13k','0979538132','@userp13k','0997258014'),
('zp13m','0977262695',NULL,NULL),
('zp13q','0936490463','@userp13q',NULL),
('zp13u','0940878811',NULL,NULL),
('zp14c','0970579535','@userp14c',NULL),
('zp14e','0920195757',NULL,NULL),
('zp14k','0920715348',NULL,'0980832553'),
('zp14o','0953058452',NULL,NULL),
('zp14q','0984158532',NULL,NULL),
('zp14u','0940792442',NULL,NULL),
('zp15d','0999227218',NULL,NULL),
('zp15h','0949774805',NULL,NULL),
('zp15j','0920163887',NULL,'0978837788'),
('zp15t','0946089398','@userp15t',NULL),
('zp160','0978442308',NULL,NULL),
('zp164','0996127066',NULL,NULL),
('zp168','0995284213','@userp168',NULL),
('zp16a','0937474012',NULL,NULL),
('zp16e','0948600414',NULL,NULL),
('zp16i','0943272172','@userp16i',NULL),
('zp16s','0938632371',NULL,'0956749181'),
('zp16w','0922090853','@userp16w','0954128574'),
('zp16y','0920340027','@userp16y',NULL),
('zp17h','0959123181','@userp17h',NULL),
('zp17l','0967309735','@userp17l',NULL),
('zp17n','0982889362','@userp17n',NULL),
('zp17p','0988968814',NULL,'0914869748'),
('zp17r','0955545089',NULL,NULL),
('zp17x','0950573801',NULL,NULL),
('zp182','0928494999',NULL,NULL),
('zp186','0934955848',NULL,NULL),
('zp18c','0926079256','@userp18c',NULL),
('zp18g','0972728819','@userp18g','0964442349'),
('zp18k','0979437438',NULL,'0925973034'),
('zp18p','0926568565',NULL,NULL),
('zp191','0930591716',NULL,NULL),
('zp193','0960515465',NULL,NULL),
('zp19n','0913888495',NULL,NULL),
('zp19v','0950884002',NULL,'0927682342'),
('zp19y','0934402151','@userp19y',NULL);
INSERT OR IGNORE INTO person_contacts (person_id,phone,telegram,guardian_phone) VALUES
('zp1ca','0919828016',NULL,NULL),
('zp1e1','0962988929','@userp1e1',NULL),
('zp1gb','0965452953',NULL,NULL),
('zp1gd','0932517555',NULL,NULL),
('zp1hy','0963850505',NULL,NULL),
('zp1i0','0942592575',NULL,NULL),
('zp1l7','0980505191',NULL,NULL),
('zp1la','0953126076','@userp1la',NULL),
('zp1lc','0948535754',NULL,NULL),
('zp1os','0990189046',NULL,NULL),
('zp1rq','0993252903',NULL,NULL),
('zp1rs','0942477923',NULL,NULL),
('zp1um','0995150606','@userp1um',NULL),
('zp1ur','0954980091',NULL,'0954907889'),
('zp1wm','0913353483','@userp1wm',NULL),
('zp1yd','0952926598',NULL,NULL),
('zp1yf','0932066446','@userp1yf',NULL),
('zp21x','0969254402',NULL,NULL),
('zp21z','0941547915',NULL,'0910385752'),
('zp24g','0997756423',NULL,NULL),
('zp291','0965216859','@userp291',NULL),
('zp2de','0948196846',NULL,NULL),
('zp2gf','0982484119',NULL,NULL),
('zp2ia','0936026121','@userp2ia',NULL),
('zp2ic','0990268853','@userp2ic',NULL),
('zp2jv','0984020481','@userp2jv',NULL),
('zp2jx','0941860532','@userp2jx',NULL),
('zp2lv','0956809657',NULL,NULL),
('zp2rc','0981032576','@userp2rc',NULL),
('zp2tb','0997143188',NULL,NULL),
('zp2wh','0981953109','@userp2wh',NULL),
('zp2yl','0943871487',NULL,NULL),
('zp30q','0986502216','@userp30q',NULL),
('zp30v','0952111432',NULL,NULL),
('zp32p','0928564985','@userp32p','0942618400'),
('zp32r','0970622225',NULL,NULL),
('zp36n','0964115853',NULL,'0981115501'),
('zp36p','0952156357','@userp36p','0940870518'),
('zp3an','0939640987',NULL,NULL),
('zp5q6','0955123456','@finance_officer',NULL);
INSERT OR IGNORE INTO circle_students (id,circle_id,name,notes,status,created_at) VALUES
('zcs4ow','zcx','أسامة الصالح',NULL,'active',1751850000000),
('zcs4ox','zcx','معاذ الإدلبي',NULL,'active',1751850000000),
('zcs4oy','zcx','بلال الزعبي',NULL,'active',1751850000000),
('zcs4oz','zcx','ياسر الأحمد',NULL,'active',1751850000000),
('zcs4p0','zcx','محمد الرفاعي','منتظم','active',1751850000000),
('zcs4p1','zcx','مصطفى الشامي',NULL,'active',1751850000000),
('zcs4p2','zcx','عبدالرحمن الجاسم',NULL,'active',1751850000000),
('zcs4p3','zcy','أنس الحسن','منتظم','active',1751850000000),
('zcs4p4','zcy','زيد الأحمد',NULL,'active',1751850000000),
('zcs4p5','zcy','سلمان المحمد','منتظم','active',1751850000000),
('zcs4p6','zcy','خالد الحريري',NULL,'active',1751850000000),
('zcs4p7','zcy','مصطفى الحسن',NULL,'active',1751850000000),
('zcs4p8','zc1s','عثمان الجاسم',NULL,'active',1751850000000),
('zcs4p9','zc1s','سعيد الإدلبي',NULL,'active',1751850000000),
('zcs4pa','zc1s','عبدالله الإدلبي',NULL,'active',1751850000000),
('zcs4pb','zc1s','معاذ الخطيب',NULL,'left',1751850000000),
('zcs4pc','zc1s','معاذ الشامي',NULL,'active',1751850000000),
('zcs4pd','zc1s','ياسر الأحمد',NULL,'active',1751850000000),
('zcs4pe','zc1s','عبدالله السالم',NULL,'left',1751850000000),
('zcs4pf','zc2s','عبدالله الخطيب','منتظم','active',1751850000000),
('zcs4pg','zc2s','بلال السالم',NULL,'active',1751850000000),
('zcs4ph','zc2s','يوسف البكري',NULL,'active',1751850000000),
('zcs4pi','zc2s','سلمان الكردي',NULL,'active',1751850000000),
('zcs4pj','zc39','زيد الحلبي',NULL,'active',1751850000000),
('zcs4pk','zc39','عثمان الديب',NULL,'active',1751850000000),
('zcs4pl','zc39','محمد الحسن','منتظم','active',1751850000000),
('zcs4pm','zc39','إبراهيم الحريري',NULL,'active',1751850000000),
('zcs4pn','zc39','حسين الرفاعي','منتظم','active',1751850000000),
('zcs4po','zc39','عبدالرحمن الحلبي',NULL,'left',1751850000000),
('zcs4pp','zc4z','زيد الرفاعي',NULL,'active',1751850000000),
('zcs4pq','zc4z','عمر الخطيب',NULL,'active',1751850000000),
('zcs4pr','zc4z','طارق الحموي',NULL,'active',1751850000000),
('zcs4ps','zc4z','أسامة المحمد',NULL,'active',1751850000000),
('zcs4pt','zc4z','إبراهيم الحموي',NULL,'active',1751850000000),
('zcs4pu','zc4z','عبدالله النعسان',NULL,'active',1751850000000),
('zcs4pv','zc4z','أنس الخطيب',NULL,'active',1751850000000),
('zcs4pw','zc5z','عبدالله الحريري',NULL,'active',1751850000000),
('zcs4px','zc5z','عثمان الشامي',NULL,'active',1751850000000),
('zcs4py','zc5z','أسامة السالم','منتظم','active',1751850000000),
('zcs4pz','zc5z','طارق النعسان','منتظم','active',1751850000000),
('zcs4q0','zc5z','صهيب الحريري',NULL,'active',1751850000000),
('zcs4q1','zc5z','معاذ السالم',NULL,'active',1751850000000),
('zcs4q2','zc5z','صهيب الأحمد','منتظم','active',1751850000000),
('zcs4q3','zc5z','علي الحسن',NULL,'active',1751850000000),
('zcs4q4','zc6s','طارق الحلبي','منتظم','left',1751850000000),
('zcs4q5','zc6s','سلمان الحلبي',NULL,'active',1751850000000),
('zcs4q6','zc6s','أسامة البكري',NULL,'active',1751850000000),
('zcs4q7','zc6s','عبدالله الديب',NULL,'active',1751850000000),
('zcs4q8','zc6s','حسن الجاسم',NULL,'active',1751850000000),
('zcs4q9','zc6s','علي الكردي','منتظم','active',1751850000000),
('zcs4qa','zc7u','أحمد الحموي',NULL,'active',1751850000000),
('zcs4qb','zc7u','حمزة الشامي','منتظم','active',1751850000000),
('zcs4qc','zc7u','عمر الصالح','منتظم','active',1751850000000),
('zcs4qd','zc7u','خالد المحمد',NULL,'active',1751850000000),
('zcs4qe','zc7u','أيمن الرفاعي','منتظم','active',1751850000000),
('zcs4qf','zc7u','بلال الإدلبي','منتظم','active',1751850000000),
('zcs4qg','zc8n','حسن الرفاعي',NULL,'active',1751850000000),
('zcs4qh','zc8n','مصطفى الشامي',NULL,'active',1751850000000),
('zcs4qi','zc8n','بلال الرفاعي',NULL,'active',1751850000000),
('zcs4qj','zc8n','حسين المحمد',NULL,'active',1751850000000);
INSERT OR IGNORE INTO circle_students (id,circle_id,name,notes,status,created_at) VALUES
('zcs4qk','zc8n','خالد السالم',NULL,'active',1751850000000),
('zcs4ql','zc8n','ياسر القاسم','منتظم','left',1751850000000),
('zcs4qm','zc8n','أيمن البكري',NULL,'active',1751850000000),
('zcs4qn','zc9f','بلال الرفاعي',NULL,'active',1751850000000),
('zcs4qo','zc9f','طارق الشامي','منتظم','active',1751850000000),
('zcs4qp','zc9f','مصطفى العمر',NULL,'active',1751850000000),
('zcs4qq','zc9f','خالد الجاسم',NULL,'active',1751850000000),
('zcs4qr','zc9f','إبراهيم الإدلبي',NULL,'active',1751850000000),
('zcs4qs','zc9f','زيد الشامي',NULL,'active',1751850000000),
('zcs4qt','zc9f','عبدالله المحمد',NULL,'active',1751850000000),
('zcs4qu','zcab','زيد الجاسم',NULL,'active',1751850000000),
('zcs4qv','zcab','يوسف الحموي',NULL,'active',1751850000000),
('zcs4qw','zcab','حمزة السالم',NULL,'left',1751850000000),
('zcs4qx','zcab','عمر الحموي','منتظم','active',1751850000000),
('zcs4qy','zcab','أسامة الجاسم','منتظم','active',1751850000000),
('zcs4qz','zcab','حمزة الإدلبي',NULL,'active',1751850000000),
('zcs4r0','zcab','مصطفى الحلبي',NULL,'active',1751850000000),
('zcs4r1','zcab','أنس السالم',NULL,'active',1751850000000),
('zcs4r2','zcbb','إبراهيم الحلبي',NULL,'active',1751850000000),
('zcs4r3','zcbb','زيد الجاسم','منتظم','active',1751850000000),
('zcs4r4','zcbb','سلمان الخطيب',NULL,'active',1751850000000),
('zcs4r5','zcbb','طارق الإدلبي',NULL,'active',1751850000000),
('zcs4r6','zcbb','أحمد الصالح','منتظم','active',1751850000000),
('zcs4r7','zcbc','إبراهيم القاسم',NULL,'active',1751850000000),
('zcs4r8','zcbc','أيمن الشامي',NULL,'active',1751850000000),
('zcs4r9','zcbc','حسين الديب','منتظم','active',1751850000000),
('zcs4ra','zcbc','صهيب البكري',NULL,'active',1751850000000),
('zcs4rb','zcbc','حسين الرفاعي','منتظم','active',1751850000000),
('zcs4rc','zcbc','علي الرفاعي',NULL,'active',1751850000000),
('zcs4rd','zcbc','بلال الجاسم','منتظم','active',1751850000000),
('zcs4re','zcd4','ياسر الحريري',NULL,'active',1751850000000),
('zcs4rf','zcd4','خالد الإدلبي',NULL,'left',1751850000000),
('zcs4rg','zcd4','زيد الرفاعي',NULL,'active',1751850000000),
('zcs4rh','zcd4','أنس الشامي',NULL,'active',1751850000000),
('zcs4ri','zcd4','حمزة الرفاعي',NULL,'active',1751850000000),
('zcs4rj','zcd5','إبراهيم الصالح','منتظم','active',1751850000000),
('zcs4rk','zcd5','حسين الحسن',NULL,'left',1751850000000),
('zcs4rl','zcd5','عبدالرحمن الحموي',NULL,'active',1751850000000),
('zcs4rm','zcd5','عمر الصالح',NULL,'active',1751850000000),
('zcs4rn','zcd5','حسين الحلبي',NULL,'active',1751850000000),
('zcs4ro','zcd5','عبدالرحمن الزعبي',NULL,'active',1751850000000),
('zcs4rp','zcd5','سلمان البكري',NULL,'active',1751850000000),
('zcs4rq','zcd5','عبدالله البكري','منتظم','active',1751850000000),
('zcs4rr','zcd5','خالد الحلبي',NULL,'active',1751850000000),
('zcs4rs','zcd5','أسامة السالم',NULL,'active',1751850000000),
('zcs4rt','zce0','يوسف النعسان','منتظم','active',1751850000000),
('zcs4ru','zce0','عبدالله الصالح','منتظم','active',1751850000000),
('zcs4rv','zce0','عثمان الأحمد',NULL,'active',1751850000000),
('zcs4rw','zce0','إبراهيم السالم',NULL,'active',1751850000000),
('zcs4rx','zcex','سلمان الشامي',NULL,'active',1751850000000),
('zcs4ry','zcex','أنس الرفاعي','منتظم','active',1751850000000),
('zcs4rz','zcex','طارق الحريري',NULL,'active',1751850000000),
('zcs4s0','zcex','أيمن الجاسم',NULL,'active',1751850000000),
('zcs4s1','zcex','سلمان الكردي',NULL,'active',1751850000000),
('zcs4s2','zcex','حسن الشامي',NULL,'active',1751850000000),
('zcs4s3','zcex','عمر السالم',NULL,'active',1751850000000),
('zcs4s4','zcey','صهيب البكري','منتظم','active',1751850000000),
('zcs4s5','zcey','علي الرفاعي','منتظم','active',1751850000000),
('zcs4s6','zcey','طارق الرفاعي','منتظم','active',1751850000000),
('zcs4s7','zcey','زيد الحريري',NULL,'active',1751850000000);
INSERT OR IGNORE INTO circle_students (id,circle_id,name,notes,status,created_at) VALUES
('zcs4s8','zcey','زيد الحسن','منتظم','active',1751850000000),
('zcs4s9','zcey','بلال الإدلبي',NULL,'left',1751850000000),
('zcs4sa','zcey','يوسف الشامي','منتظم','active',1751850000000),
('zcs4sb','zcey','طارق السالم',NULL,'active',1751850000000),
('zcs4sc','zcfv','عبدالرحمن المحمد','منتظم','active',1751850000000),
('zcs4sd','zcfv','حسن العمر',NULL,'active',1751850000000),
('zcs4se','zcfv','سعيد الحلبي','منتظم','active',1751850000000),
('zcs4sf','zcfv','محمد الصالح',NULL,'active',1751850000000),
('zcs4sg','zcfv','زيد الصالح','منتظم','active',1751850000000),
('zcs4sh','zcfv','علي الجاسم',NULL,'active',1751850000000),
('zcs4si','zcfv','زيد الحسن',NULL,'active',1751850000000),
('zcs4sj','zcfv','محمد الشامي',NULL,'active',1751850000000),
('zcs4sk','zcfv','أنس الأحمد',NULL,'active',1751850000000),
('zcs4sl','zcfw','أنس الكردي',NULL,'active',1751850000000),
('zcs4sm','zcfw','صهيب الديب','منتظم','active',1751850000000),
('zcs4sn','zcfw','أحمد الأحمد','منتظم','active',1751850000000),
('zcs4so','zcfw','حمزة النعسان',NULL,'active',1751850000000),
('zcs4sp','zcfw','حمزة الزعبي',NULL,'active',1751850000000),
('zcs4sq','zcgp','أسامة الشامي',NULL,'active',1751850000000),
('zcs4sr','zcgp','بلال الرفاعي','منتظم','active',1751850000000),
('zcs4ss','zcgp','عبدالرحمن الصالح',NULL,'active',1751850000000),
('zcs4st','zcgp','أسامة المحمد',NULL,'active',1751850000000),
('zcs4su','zcgp','بلال الزعبي',NULL,'active',1751850000000),
('zcs4sv','zcgp','يوسف المحمد',NULL,'active',1751850000000),
('zcs4sw','zcgp','صهيب الإدلبي',NULL,'active',1751850000000),
('zcs4sx','zcgp','خالد الحلبي',NULL,'active',1751850000000),
('zcs4sy','zchg','يوسف البكري',NULL,'active',1751850000000),
('zcs4sz','zchg','صهيب الحلبي',NULL,'active',1751850000000),
('zcs4t0','zchg','طارق العمر',NULL,'left',1751850000000),
('zcs4t1','zchg','علي الخطيب',NULL,'left',1751850000000),
('zcs4t2','zchg','عمر الخطيب',NULL,'active',1751850000000),
('zcs4t3','zchg','علي القاسم',NULL,'active',1751850000000),
('zcs4t4','zchg','عبدالله القاسم',NULL,'active',1751850000000),
('zcs4t5','zchg','أنس الشامي',NULL,'active',1751850000000),
('zcs4t6','zchh','صهيب البكري',NULL,'active',1751850000000),
('zcs4t7','zchh','معاذ الكردي',NULL,'active',1751850000000),
('zcs4t8','zchh','زيد السالم',NULL,'active',1751850000000),
('zcs4t9','zchh','يوسف الأحمد',NULL,'active',1751850000000),
('zcs4ta','zchh','سلمان الديب','منتظم','left',1751850000000),
('zcs4tb','zchh','سعيد الحريري','منتظم','active',1751850000000),
('zcs4tc','zchh','معاذ الزعبي',NULL,'active',1751850000000),
('zcs4td','zcji','سعيد الأحمد',NULL,'active',1751850000000),
('zcs4te','zcji','أيمن السالم',NULL,'left',1751850000000),
('zcs4tf','zcji','محمد القاسم',NULL,'active',1751850000000),
('zcs4tg','zcji','أنس الخطيب',NULL,'active',1751850000000),
('zcs4th','zcji','ياسر الرفاعي','منتظم','active',1751850000000),
('zcs4ti','zcji','عبدالرحمن الأحمد','منتظم','active',1751850000000),
('zcs4tj','zcji','سعيد الجاسم',NULL,'left',1751850000000),
('zcs4tk','zckj','حسن الشامي',NULL,'active',1751850000000),
('zcs4tl','zckj','أحمد الرفاعي',NULL,'active',1751850000000),
('zcs4tm','zckj','خالد البكري','منتظم','active',1751850000000),
('zcs4tn','zckj','أسامة السالم','منتظم','active',1751850000000),
('zcs4to','zckj','إبراهيم الحلبي','منتظم','active',1751850000000),
('zcs4tp','zckj','أسامة العمر',NULL,'active',1751850000000),
('zcs4tq','zckj','طارق الأحمد',NULL,'active',1751850000000),
('zcs4tr','zckj','إبراهيم السالم','منتظم','left',1751850000000),
('zcs4ts','zckk','أيمن الخطيب',NULL,'active',1751850000000),
('zcs4tt','zckk','أيمن البكري','منتظم','active',1751850000000),
('zcs4tu','zckk','حسن الحلبي',NULL,'active',1751850000000),
('zcs4tv','zckk','سلمان النعسان','منتظم','active',1751850000000);
INSERT OR IGNORE INTO circle_students (id,circle_id,name,notes,status,created_at) VALUES
('zcs4tw','zckk','أيمن الجاسم',NULL,'active',1751850000000),
('zcs4tx','zckk','عبدالرحمن الديب',NULL,'active',1751850000000),
('zcs4ty','zckk','عمر الإدلبي',NULL,'active',1751850000000),
('zcs4tz','zckl','حمزة النعسان',NULL,'left',1751850000000),
('zcs4u0','zckl','صهيب المحمد',NULL,'left',1751850000000),
('zcs4u1','zckl','زيد القاسم',NULL,'active',1751850000000),
('zcs4u2','zckl','ياسر السالم',NULL,'active',1751850000000),
('zcs4u3','zckl','صهيب الشامي',NULL,'active',1751850000000),
('zcs4u4','zckl','أحمد الكردي','منتظم','left',1751850000000),
('zcs4u5','zckl','عبدالله القاسم',NULL,'active',1751850000000),
('zcs4u6','zcmb','عثمان الصالح','منتظم','active',1751850000000),
('zcs4u7','zcmb','طارق الخطيب',NULL,'active',1751850000000),
('zcs4u8','zcmb','حمزة النعسان',NULL,'active',1751850000000),
('zcs4u9','zcmb','يوسف الزعبي',NULL,'active',1751850000000),
('zcs4ua','zcmb','سعيد النعسان',NULL,'active',1751850000000),
('zcs4ub','zcmb','سلمان الجاسم',NULL,'active',1751850000000),
('zcs4uc','zcmb','حسين الزعبي',NULL,'active',1751850000000),
('zcs4ud','zcmd','ياسر الزعبي',NULL,'active',1751850000000),
('zcs4ue','zcmd','طارق الديب',NULL,'active',1751850000000),
('zcs4uf','zcmd','حسين الرفاعي',NULL,'active',1751850000000),
('zcs4ug','zcmd','علي الحريري','منتظم','active',1751850000000),
('zcs4uh','zcmd','عمر الصالح',NULL,'active',1751850000000),
('zcs4ui','zcnd','أنس القاسم','منتظم','active',1751850000000),
('zcs4uj','zcnd','عبدالرحمن الديب','منتظم','active',1751850000000),
('zcs4uk','zcnd','أنس الكردي',NULL,'active',1751850000000),
('zcs4ul','zcnd','بلال الحلبي','منتظم','active',1751850000000),
('zcs4um','zcnd','محمد الزعبي',NULL,'active',1751850000000),
('zcs4un','zcnd','عمر النعسان',NULL,'active',1751850000000),
('zcs4uo','zcnd','سعيد النعسان',NULL,'active',1751850000000),
('zcs4up','zcne','أحمد الرفاعي','منتظم','active',1751850000000),
('zcs4uq','zcne','عمر الصالح',NULL,'active',1751850000000),
('zcs4ur','zcne','يوسف الأحمد',NULL,'active',1751850000000),
('zcs4us','zcne','أسامة الجاسم',NULL,'active',1751850000000),
('zcs4ut','zcne','يوسف السالم',NULL,'active',1751850000000),
('zcs4uu','zcof','إبراهيم العمر',NULL,'active',1751850000000),
('zcs4uv','zcof','خالد الحريري',NULL,'active',1751850000000),
('zcs4uw','zcof','صهيب البكري',NULL,'active',1751850000000),
('zcs4ux','zcof','مصطفى الصالح',NULL,'active',1751850000000),
('zcs4uy','zcof','حمزة الرفاعي',NULL,'active',1751850000000),
('zcs4uz','zcp8','صهيب البكري','منتظم','active',1751850000000),
('zcs4v0','zcp8','سعيد الديب',NULL,'left',1751850000000),
('zcs4v1','zcp8','سلمان الحلبي','منتظم','active',1751850000000),
('zcs4v2','zcp8','محمد الخطيب',NULL,'active',1751850000000),
('zcs4v3','zcqp','أيمن الحلبي',NULL,'active',1751850000000),
('zcs4v4','zcqp','علي الحموي',NULL,'active',1751850000000),
('zcs4v5','zcqp','طارق الإدلبي',NULL,'active',1751850000000),
('zcs4v6','zcqp','زيد الصالح','منتظم','active',1751850000000),
('zcs4v7','zcrk','أحمد الكردي',NULL,'active',1751850000000),
('zcs4v8','zcrk','طارق النعسان',NULL,'left',1751850000000),
('zcs4v9','zcrk','ياسر العمر',NULL,'active',1751850000000),
('zcs4va','zcrk','عبدالرحمن الصالح',NULL,'left',1751850000000),
('zcs4vb','zcrk','سلمان الديب','منتظم','left',1751850000000),
('zcs4vc','zcsi','أنس الحموي',NULL,'active',1751850000000),
('zcs4vd','zcsi','معاذ الحسن',NULL,'active',1751850000000),
('zcs4ve','zcsi','أنس الصالح',NULL,'left',1751850000000),
('zcs4vf','zcsi','معاذ النعسان',NULL,'active',1751850000000),
('zcs4vg','zcsi','يوسف النعسان','منتظم','active',1751850000000),
('zcs4vh','zcsi','عبدالله الجاسم','منتظم','active',1751850000000),
('zcs4vi','zcsi','علي السالم','منتظم','active',1751850000000),
('zcs4vj','zcsi','حسن الجاسم','منتظم','active',1751850000000);
INSERT OR IGNORE INTO circle_students (id,circle_id,name,notes,status,created_at) VALUES
('zcs4vk','zcsi','أنس الحموي',NULL,'active',1751850000000),
('zcs4vl','zcsj','معاذ الحموي',NULL,'active',1751850000000),
('zcs4vm','zcsj','ياسر الرفاعي','منتظم','active',1751850000000),
('zcs4vn','zcsj','حسن الجاسم','منتظم','active',1751850000000),
('zcs4vo','zcsj','مصطفى الشامي',NULL,'active',1751850000000),
('zcs4vp','zcsj','بلال الإدلبي',NULL,'active',1751850000000),
('zcs4vq','zcsj','بلال الخطيب',NULL,'active',1751850000000),
('zcs4vr','zcsj','سلمان الحلبي',NULL,'active',1751850000000),
('zcs4vs','zcsj','عبدالله الخطيب',NULL,'active',1751850000000),
('zcs4vt','zcub','علي الكردي',NULL,'active',1751850000000),
('zcs4vu','zcub','محمد العمر',NULL,'active',1751850000000),
('zcs4vv','zcub','علي الحلبي','منتظم','active',1751850000000),
('zcs4vw','zcub','أسامة القاسم',NULL,'active',1751850000000),
('zcs4vx','zcub','مصطفى الصالح',NULL,'active',1751850000000),
('zcs4vy','zcub','صهيب الحموي',NULL,'active',1751850000000),
('zcs4vz','zcub','إبراهيم الحسن',NULL,'left',1751850000000),
('zcs4w0','zcv4','طارق الصالح',NULL,'active',1751850000000),
('zcs4w1','zcv4','حمزة الحلبي','منتظم','active',1751850000000),
('zcs4w2','zcv4','طارق الكردي','منتظم','active',1751850000000),
('zcs4w3','zcv4','مصطفى الرفاعي','منتظم','active',1751850000000),
('zcs4w4','zcv4','علي البكري','منتظم','active',1751850000000),
('zcs4w5','zcv4','بلال القاسم',NULL,'active',1751850000000),
('zcs4w6','zcv4','سلمان البكري',NULL,'active',1751850000000),
('zcs4w7','zcv4','أيمن المحمد',NULL,'left',1751850000000),
('zcs4w8','zcv4','طارق الصالح','منتظم','active',1751850000000),
('zcs4w9','zcv5','أحمد الحريري','منتظم','active',1751850000000),
('zcs4wa','zcv5','بلال القاسم','منتظم','active',1751850000000),
('zcs4wb','zcv5','عبدالله الشامي',NULL,'active',1751850000000),
('zcs4wc','zcv5','أسامة القاسم',NULL,'active',1751850000000),
('zcs4wd','zcv5','زيد الخطيب',NULL,'active',1751850000000),
('zcs4we','zcv5','حسين المحمد',NULL,'active',1751850000000),
('zcs4wf','zcv5','صهيب الخطيب',NULL,'active',1751850000000),
('zcs4wg','zcw0','ياسر الحريري',NULL,'active',1751850000000),
('zcs4wh','zcw0','عبدالله العمر',NULL,'active',1751850000000),
('zcs4wi','zcw0','زيد الإدلبي',NULL,'active',1751850000000),
('zcs4wj','zcw0','طارق الحسن',NULL,'active',1751850000000),
('zcs4wk','zcw0','علي الأحمد',NULL,'active',1751850000000),
('zcs4wl','zcw0','أحمد الجاسم',NULL,'active',1751850000000),
('zcs4wm','zcw0','أحمد القاسم',NULL,'active',1751850000000),
('zcs4wn','zcwn','ياسر الحلبي','منتظم','active',1751850000000),
('zcs4wo','zcwn','حسين الحسن',NULL,'active',1751850000000),
('zcs4wp','zcwn','صهيب الحسن',NULL,'active',1751850000000),
('zcs4wq','zcwn','حسين الخطيب',NULL,'active',1751850000000),
('zcs4wr','zcxi','خالد الزعبي',NULL,'left',1751850000000),
('zcs4ws','zcxi','سعيد الأحمد',NULL,'active',1751850000000),
('zcs4wt','zcxi','علي الخطيب','منتظم','active',1751850000000),
('zcs4wu','zcxi','حسين البكري',NULL,'active',1751850000000),
('zcs4wv','zcxi','صهيب الحلبي',NULL,'active',1751850000000),
('zcs4ww','zcxi','صهيب الإدلبي',NULL,'active',1751850000000),
('zcs4wx','zcyf','طارق الكردي',NULL,'left',1751850000000),
('zcs4wy','zcyf','حمزة العمر',NULL,'active',1751850000000),
('zcs4wz','zcyf','ياسر المحمد',NULL,'active',1751850000000),
('zcs4x0','zcyf','بلال العمر',NULL,'active',1751850000000),
('zcs4x1','zcyf','حمزة القاسم','منتظم','active',1751850000000),
('zcs4x2','zczm','عبدالرحمن الحسن','منتظم','left',1751850000000),
('zcs4x3','zczm','مصطفى الحموي',NULL,'active',1751850000000),
('zcs4x4','zczm','عمر الحسن',NULL,'active',1751850000000),
('zcs4x5','zczm','حسين المحمد','منتظم','active',1751850000000),
('zcs4x6','zczm','إبراهيم العمر',NULL,'active',1751850000000),
('zcs4x7','zczm','بلال العمر',NULL,'left',1751850000000);
INSERT OR IGNORE INTO circle_students (id,circle_id,name,notes,status,created_at) VALUES
('zcs4x8','zczm','مصطفى العمر',NULL,'active',1751850000000),
('zcs4x9','zczm','حسن المحمد',NULL,'active',1751850000000),
('zcs4xa','zc10j','حسن البكري',NULL,'active',1751850000000),
('zcs4xb','zc10j','زيد السالم',NULL,'active',1751850000000),
('zcs4xc','zc10j','محمد الحسن','منتظم','active',1751850000000),
('zcs4xd','zc10j','حمزة المحمد',NULL,'active',1751850000000),
('zcs4xe','zc10j','طارق القاسم',NULL,'active',1751850000000),
('zcs4xf','zc10j','سعيد الديب',NULL,'active',1751850000000),
('zcs4xg','zc10j','يوسف الكردي',NULL,'active',1751850000000),
('zcs4xh','zc10j','عبدالرحمن الرفاعي',NULL,'active',1751850000000),
('zcs4xi','zc11g','أيمن الكردي',NULL,'active',1751850000000),
('zcs4xj','zc11g','خالد القاسم',NULL,'active',1751850000000),
('zcs4xk','zc11g','عمر الكردي','منتظم','active',1751850000000),
('zcs4xl','zc11g','حمزة الديب',NULL,'active',1751850000000),
('zcs4xm','zc11g','أحمد العمر',NULL,'active',1751850000000),
('zcs4xn','zc11g','حسين الديب',NULL,'active',1751850000000),
('zcs4xo','zc129','حمزة الحسن',NULL,'active',1751850000000),
('zcs4xp','zc129','علي الجاسم',NULL,'active',1751850000000),
('zcs4xq','zc129','زيد الزعبي',NULL,'active',1751850000000),
('zcs4xr','zc129','أحمد المحمد',NULL,'active',1751850000000),
('zcs4xs','zc129','حسين الشامي','منتظم','active',1751850000000),
('zcs4xt','zc13x','أيمن الحلبي',NULL,'active',1751850000000),
('zcs4xu','zc13x','إبراهيم الحريري','منتظم','active',1751850000000),
('zcs4xv','zc13x','حسن الجاسم',NULL,'active',1751850000000),
('zcs4xw','zc13x','سعيد الشامي',NULL,'left',1751850000000),
('zcs4xx','zc14y','حمزة الزعبي','منتظم','left',1751850000000),
('zcs4xy','zc14y','عثمان الديب',NULL,'active',1751850000000),
('zcs4xz','zc14y','محمد الإدلبي','منتظم','active',1751850000000),
('zcs4y0','zc14y','خالد الإدلبي',NULL,'active',1751850000000),
('zcs4y1','zc14y','حسن الحموي',NULL,'active',1751850000000),
('zcs4y2','zc14y','طارق الخطيب',NULL,'active',1751850000000),
('zcs4y3','zc14y','أيمن المحمد',NULL,'active',1751850000000),
('zcs4y4','zc14z','أيمن الديب',NULL,'active',1751850000000),
('zcs4y5','zc14z','حمزة السالم',NULL,'active',1751850000000),
('zcs4y6','zc14z','عثمان الجاسم',NULL,'active',1751850000000),
('zcs4y7','zc14z','معاذ البكري',NULL,'active',1751850000000),
('zcs4y8','zc15y','خالد الحسن',NULL,'active',1751850000000),
('zcs4y9','zc15y','مصطفى الجاسم',NULL,'active',1751850000000),
('zcs4ya','zc15y','مصطفى الإدلبي',NULL,'active',1751850000000),
('zcs4yb','zc15y','أيمن الحريري',NULL,'active',1751850000000),
('zcs4yc','zc172','صهيب الصالح','منتظم','active',1751850000000),
('zcs4yd','zc172','أسامة الجاسم',NULL,'active',1751850000000),
('zcs4ye','zc172','عبدالرحمن الجاسم',NULL,'active',1751850000000),
('zcs4yf','zc172','بلال القاسم',NULL,'active',1751850000000),
('zcs4yg','zc172','عبدالرحمن الشامي',NULL,'active',1751850000000),
('zcs4yh','zc172','سعيد العمر',NULL,'active',1751850000000),
('zcs4yi','zc172','حسين الحموي',NULL,'active',1751850000000),
('zcs4yj','zc172','ياسر المحمد',NULL,'active',1751850000000),
('zcs4yk','zc17z','أنس النعسان',NULL,'active',1751850000000),
('zcs4yl','zc17z','أيمن الكردي',NULL,'active',1751850000000),
('zcs4ym','zc17z','محمد المحمد',NULL,'active',1751850000000),
('zcs4yn','zc17z','أحمد المحمد',NULL,'active',1751850000000),
('zcs4yo','zc17z','معاذ المحمد',NULL,'active',1751850000000),
('zcs4yp','zc17z','حسين الأحمد',NULL,'active',1751850000000),
('zcs4yq','zc180','طارق البكري',NULL,'active',1751850000000),
('zcs4yr','zc180','سعيد الحموي',NULL,'active',1751850000000),
('zcs4ys','zc180','علي الزعبي',NULL,'active',1751850000000),
('zcs4yt','zc180','خالد القاسم',NULL,'active',1751850000000),
('zcs4yu','zc18m','معاذ السالم',NULL,'active',1751850000000),
('zcs4yv','zc18m','أسامة النعسان','منتظم','active',1751850000000);
INSERT OR IGNORE INTO circle_students (id,circle_id,name,notes,status,created_at) VALUES
('zcs4yw','zc18m','زيد الخطيب',NULL,'active',1751850000000),
('zcs4yx','zc18m','حسن الزعبي',NULL,'active',1751850000000),
('zcs4yy','zc18m','عبدالرحمن البكري',NULL,'active',1751850000000),
('zcs4yz','zc18m','يوسف الحموي',NULL,'active',1751850000000),
('zcs4z0','zc18n','حمزة العمر','منتظم','active',1751850000000),
('zcs4z1','zc18n','أنس المحمد',NULL,'active',1751850000000),
('zcs4z2','zc18n','عمر الصالح',NULL,'active',1751850000000),
('zcs4z3','zc18n','حسين البكري',NULL,'active',1751850000000),
('zcs4z4','zc18n','أنس العمر',NULL,'active',1751850000000),
('zcs4z5','zc18n','أسامة الصالح',NULL,'active',1751850000000),
('zcs4z6','zc18n','أسامة المحمد',NULL,'active',1751850000000);
INSERT OR IGNORE INTO incentives (id,person_id,recipient_name,month,reason,amount,created_by,created_at) VALUES
('zinc4z7','zp15r','إبراهيم الجاسم','1447-06','صيانة طارئة',150,'u-admin',1751850000000),
('zinc4z8','zp10u','خالد الشامي','1447-06','تجهيز مراوح',50,'u-admin',1751850000000),
('zinc4z9','zpj8','زيد القاسم','1447-06','صيانة طارئة',150,'u-admin',1751850000000),
('zinc4za','zp2f','حسين العمر','1447-06','مكافأة تميّز',200,'u-admin',1751850000000),
('zinc4zb','zpk3','عبدالله الزعبي','1447-06','صيانة طارئة',200,'u-admin',1751850000000),
('zinc4zc','zp1wk','مصطفى الجاسم','1447-06','صيانة طارئة',50,'u-admin',1751850000000),
('zinc4zd','zpzg','عمر البكري','1447-06','صيانة طارئة',100,'u-admin',1751850000000),
('zinc4ze','zp2uu','حسن الحسن','1447-06','دعم دورة',200,'u-admin',1751850000000),
('zinc4zf','zpw8','خالد الخطيب','1447-06','مكافأة تميّز',100,'u-admin',1751850000000),
('zinc4zg','zp14e','حسين الصالح','1447-06','مكافأة تميّز',100,'u-admin',1751850000000),
('zinc4zh','zp2gf','علي الإدلبي','1447-06','تجهيز مراوح',100,'u-admin',1751850000000),
('zinc4zi','zptu','عبدالله المحمد','1447-06','تجهيز مراوح',150,'u-admin',1751850000000),
('zinc4zj','zpou','بلال الحريري','1447-06','صيانة طارئة',150,'u-admin',1751850000000),
('zinc4zk','zp14q','عثمان الحموي','1447-06','صيانة طارئة',200,'u-admin',1751850000000),
('zinc4zl','zp118','علي القاسم','1447-06','دعم دورة',200,'u-admin',1751850000000);
INSERT OR IGNORE INTO central_exams (id,competition_id,title,date_hijri,max_score,created_at) VALUES
('zce4zm','zcomp3lq','الاختبار المركزي 1','1447-09-15',100,1751850000000),
('zce536','zcomp3lq','الاختبار المركزي 2','1447-11-15',100,1751850000000),
('zce56b','zcomp3lq','الاختبار المركزي 3','1447-13-15',100,1751850000000);
INSERT OR IGNORE INTO exam_results (id,exam_id,participant_id,score,created_at) VALUES
('zer4zn','zce4zm','zpart3lz',53,1751850000000),
('zer4zo','zce4zm','zpart3m6',90,1751850000000),
('zer4zp','zce4zm','zpart3mc',81,1751850000000),
('zer4zq','zce4zm','zpart3mi',100,1751850000000),
('zer4zr','zce4zm','zpart3mp',75,1751850000000),
('zer4zs','zce4zm','zpart3mv',92,1751850000000),
('zer4zt','zce4zm','zpart3my',46,1751850000000),
('zer4zu','zce4zm','zpart3n0',66,1751850000000),
('zer4zv','zce4zm','zpart3n5',83,1751850000000),
('zer4zw','zce4zm','zpart3nb',63,1751850000000),
('zer4zx','zce4zm','zpart3nj',75,1751850000000),
('zer4zy','zce4zm','zpart3o1',43,1751850000000),
('zer4zz','zce4zm','zpart3o6',67,1751850000000),
('zer500','zce4zm','zpart3oa',94,1751850000000),
('zer501','zce4zm','zpart3oh',53,1751850000000),
('zer502','zce4zm','zpart3os',56,1751850000000),
('zer503','zce4zm','zpart3pd',87,1751850000000),
('zer504','zce4zm','zpart3pg',100,1751850000000),
('zer505','zce4zm','zpart3pk',78,1751850000000),
('zer506','zce4zm','zpart3pt',57,1751850000000),
('zer507','zce4zm','zpart3q3',56,1751850000000),
('zer508','zce4zm','zpart3qh',82,1751850000000),
('zer509','zce4zm','zpart3qs',78,1751850000000),
('zer50a','zce4zm','zpart3qz',54,1751850000000),
('zer50b','zce4zm','zpart3rb',65,1751850000000),
('zer50c','zce4zm','zpart3re',87,1751850000000),
('zer50d','zce4zm','zpart3ri',59,1751850000000),
('zer50e','zce4zm','zpart3rm',93,1751850000000),
('zer50f','zce4zm','zpart3s4',63,1751850000000),
('zer50g','zce4zm','zpart3s9',77,1751850000000),
('zer50h','zce4zm','zpart3sc',91,1751850000000),
('zer50i','zce4zm','zpart3sk',62,1751850000000),
('zer50j','zce4zm','zpart3t5',41,1751850000000),
('zer50k','zce4zm','zpart3tj',59,1751850000000),
('zer50l','zce4zm','zpart3u4',67,1751850000000),
('zer50m','zce4zm','zpart3un',90,1751850000000),
('zer50n','zce4zm','zpart3ut',85,1751850000000),
('zer50o','zce4zm','zpart3v8',51,1751850000000),
('zer50p','zce4zm','zpart3vd',97,1751850000000),
('zer50q','zce4zm','zpart3vg',61,1751850000000),
('zer50r','zce4zm','zpart3vk',42,1751850000000),
('zer50s','zce4zm','zpart3vz',50,1751850000000),
('zer50t','zce4zm','zpart3w1',77,1751850000000),
('zer50u','zce4zm','zpart3wg',53,1751850000000),
('zer50v','zce4zm','zpart3wr',94,1751850000000),
('zer50w','zce4zm','zpart3ww',88,1751850000000),
('zer50x','zce4zm','zpart3xk',73,1751850000000),
('zer50y','zce4zm','zpart3xn',69,1751850000000),
('zer50z','zce4zm','zpart3xx',82,1751850000000),
('zer510','zce4zm','zpart3y8',85,1751850000000),
('zer511','zce4zm','zpart3z2',40,1751850000000),
('zer512','zce4zm','zpart3z4',68,1751850000000),
('zer513','zce4zm','zpart3z6',55,1751850000000),
('zer514','zce4zm','zpart3zf',91,1751850000000),
('zer515','zce4zm','zpart3zk',60,1751850000000),
('zer516','zce4zm','zpart3zr',83,1751850000000),
('zer517','zce4zm','zpart402',41,1751850000000),
('zer518','zce4zm','zpart407',81,1751850000000),
('zer519','zce4zm','zpart40c',68,1751850000000),
('zer51a','zce4zm','zpart40i',58,1751850000000);
INSERT OR IGNORE INTO exam_results (id,exam_id,participant_id,score,created_at) VALUES
('zer51b','zce4zm','zpart412',80,1751850000000),
('zer51c','zce4zm','zpart41e',84,1751850000000),
('zer51d','zce4zm','zpart41h',87,1751850000000),
('zer51e','zce4zm','zpart41l',55,1751850000000),
('zer51f','zce4zm','zpart42f',76,1751850000000),
('zer51g','zce4zm','zpart42t',97,1751850000000),
('zer51h','zce4zm','zpart42x',85,1751850000000),
('zer51i','zce4zm','zpart433',42,1751850000000),
('zer51j','zce4zm','zpart43c',48,1751850000000),
('zer51k','zce4zm','zpart43l',63,1751850000000),
('zer51l','zce4zm','zpart43x',67,1751850000000),
('zer51m','zce4zm','zpart441',100,1751850000000),
('zer51n','zce4zm','zpart44e',70,1751850000000),
('zer51o','zce4zm','zpart44h',43,1751850000000),
('zer51p','zce4zm','zpart44m',43,1751850000000),
('zer51q','zce4zm','zpart458',82,1751850000000),
('zer51r','zce4zm','zpart45q',64,1751850000000),
('zer51s','zce4zm','zpart465',81,1751850000000),
('zer51t','zce4zm','zpart469',68,1751850000000),
('zer51u','zce4zm','zpart46o',72,1751850000000),
('zer51v','zce4zm','zpart479',93,1751850000000),
('zer51w','zce4zm','zpart47f',46,1751850000000),
('zer51x','zce4zm','zpart47i',93,1751850000000),
('zer51y','zce4zm','zpart47o',74,1751850000000),
('zer51z','zce4zm','zpart47v',40,1751850000000),
('zer520','zce4zm','zpart47y',90,1751850000000),
('zer521','zce4zm','zpart485',80,1751850000000),
('zer522','zce4zm','zpart48e',49,1751850000000),
('zer523','zce4zm','zpart48u',81,1751850000000),
('zer524','zce4zm','zpart49b',40,1751850000000),
('zer525','zce4zm','zpart49f',76,1751850000000),
('zer526','zce4zm','zpart49k',75,1751850000000),
('zer527','zce4zm','zpart49p',85,1751850000000),
('zer528','zce4zm','zpart4ar',83,1751850000000),
('zer529','zce4zm','zpart4aw',100,1751850000000),
('zer52a','zce4zm','zpart4b2',55,1751850000000),
('zer52b','zce4zm','zpart4b8',93,1751850000000),
('zer52c','zce4zm','zpart4bc',80,1751850000000),
('zer52d','zce4zm','zpart4bj',75,1751850000000),
('zer52e','zce4zm','zpart4br',75,1751850000000),
('zer52f','zce4zm','zpart4c7',55,1751850000000),
('zer52g','zce4zm','zpart4cb',40,1751850000000),
('zer52h','zce4zm','zpart4cf',58,1751850000000),
('zer52i','zce4zm','zpart4cl',42,1751850000000),
('zer52j','zce4zm','zpart4cu',45,1751850000000),
('zer52k','zce4zm','zpart4d5',62,1751850000000),
('zer52l','zce4zm','zpart4da',77,1751850000000),
('zer52m','zce4zm','zpart4dh',47,1751850000000),
('zer52n','zce4zm','zpart4dw',53,1751850000000),
('zer52o','zce4zm','zpart4e0',52,1751850000000),
('zer52p','zce4zm','zpart4e4',75,1751850000000),
('zer52q','zce4zm','zpart4e8',69,1751850000000),
('zer52r','zce4zm','zpart4ei',90,1751850000000),
('zer52s','zce4zm','zpart4el',53,1751850000000),
('zer52t','zce4zm','zpart4ey',65,1751850000000),
('zer52u','zce4zm','zpart4f3',55,1751850000000),
('zer52v','zce4zm','zpart4fe',73,1751850000000),
('zer52w','zce4zm','zpart4g0',97,1751850000000),
('zer52x','zce4zm','zpart4g9',98,1751850000000),
('zer52y','zce4zm','zpart4gg',91,1751850000000);
INSERT OR IGNORE INTO exam_results (id,exam_id,participant_id,score,created_at) VALUES
('zer52z','zce4zm','zpart4gl',60,1751850000000),
('zer530','zce4zm','zpart4gs',61,1751850000000),
('zer531','zce4zm','zpart4gw',59,1751850000000),
('zer532','zce4zm','zpart4h1',53,1751850000000),
('zer533','zce4zm','zpart4h3',60,1751850000000),
('zer534','zce4zm','zpart4hs',49,1751850000000),
('zer535','zce4zm','zpart4i9',63,1751850000000),
('zer537','zce536','zpart3mc',97,1751850000000),
('zer538','zce536','zpart3mi',100,1751850000000),
('zer539','zce536','zpart3ml',62,1751850000000),
('zer53a','zce536','zpart3mv',51,1751850000000),
('zer53b','zce536','zpart3my',67,1751850000000),
('zer53c','zce536','zpart3n5',73,1751850000000),
('zer53d','zce536','zpart3ng',56,1751850000000),
('zer53e','zce536','zpart3o6',70,1751850000000),
('zer53f','zce536','zpart3oa',48,1751850000000),
('zer53g','zce536','zpart3oe',89,1751850000000),
('zer53h','zce536','zpart3ow',55,1751850000000),
('zer53i','zce536','zpart3pd',93,1751850000000),
('zer53j','zce536','zpart3pk',53,1751850000000),
('zer53k','zce536','zpart3pt',95,1751850000000),
('zer53l','zce536','zpart3px',73,1751850000000),
('zer53m','zce536','zpart3q3',59,1751850000000),
('zer53n','zce536','zpart3qw',98,1751850000000),
('zer53o','zce536','zpart3qz',58,1751850000000),
('zer53p','zce536','zpart3r6',49,1751850000000),
('zer53q','zce536','zpart3ri',90,1751850000000),
('zer53r','zce536','zpart3rr',44,1751850000000),
('zer53s','zce536','zpart3sc',52,1751850000000),
('zer53t','zce536','zpart3sk',80,1751850000000),
('zer53u','zce536','zpart3sw',63,1751850000000),
('zer53v','zce536','zpart3t5',82,1751850000000),
('zer53w','zce536','zpart3tb',50,1751850000000),
('zer53x','zce536','zpart3ts',63,1751850000000),
('zer53y','zce536','zpart3u4',76,1751850000000),
('zer53z','zce536','zpart3u8',93,1751850000000),
('zer540','zce536','zpart3ud',99,1751850000000),
('zer541','zce536','zpart3ug',80,1751850000000),
('zer542','zce536','zpart3vd',58,1751850000000),
('zer543','zce536','zpart3vg',89,1751850000000),
('zer544','zce536','zpart3vu',85,1751850000000),
('zer545','zce536','zpart3vz',87,1751850000000),
('zer546','zce536','zpart3w8',63,1751850000000),
('zer547','zce536','zpart3wg',59,1751850000000),
('zer548','zce536','zpart3wk',67,1751850000000),
('zer549','zce536','zpart3x9',93,1751850000000),
('zer54a','zce536','zpart3xf',96,1751850000000),
('zer54b','zce536','zpart3xn',87,1751850000000),
('zer54c','zce536','zpart3xq',91,1751850000000),
('zer54d','zce536','zpart3y2',71,1751850000000),
('zer54e','zce536','zpart3y8',89,1751850000000),
('zer54f','zce536','zpart3ye',41,1751850000000),
('zer54g','zce536','zpart3yk',65,1751850000000),
('zer54h','zce536','zpart3yt',98,1751850000000),
('zer54i','zce536','zpart3yy',67,1751850000000),
('zer54j','zce536','zpart3z2',43,1751850000000),
('zer54k','zce536','zpart3z6',43,1751850000000),
('zer54l','zce536','zpart3zb',96,1751850000000),
('zer54m','zce536','zpart3zf',89,1751850000000),
('zer54n','zce536','zpart3zv',74,1751850000000);
INSERT OR IGNORE INTO exam_results (id,exam_id,participant_id,score,created_at) VALUES
('zer54o','zce536','zpart40c',74,1751850000000),
('zer54p','zce536','zpart40o',95,1751850000000),
('zer54q','zce536','zpart40u',87,1751850000000),
('zer54r','zce536','zpart412',56,1751850000000),
('zer54s','zce536','zpart416',59,1751850000000),
('zer54t','zce536','zpart419',81,1751850000000),
('zer54u','zce536','zpart41e',61,1751850000000),
('zer54v','zce536','zpart41h',60,1751850000000),
('zer54w','zce536','zpart41l',86,1751850000000),
('zer54x','zce536','zpart42f',64,1751850000000),
('zer54y','zce536','zpart42t',46,1751850000000),
('zer54z','zce536','zpart433',81,1751850000000),
('zer550','zce536','zpart43c',88,1751850000000),
('zer551','zce536','zpart43g',51,1751850000000),
('zer552','zce536','zpart43r',100,1751850000000),
('zer553','zce536','zpart441',45,1751850000000),
('zer554','zce536','zpart44e',86,1751850000000),
('zer555','zce536','zpart44h',47,1751850000000),
('zer556','zce536','zpart44x',63,1751850000000),
('zer557','zce536','zpart45n',71,1751850000000),
('zer558','zce536','zpart45q',44,1751850000000),
('zer559','zce536','zpart45x',61,1751850000000),
('zer55a','zce536','zpart461',48,1751850000000),
('zer55b','zce536','zpart46d',78,1751850000000),
('zer55c','zce536','zpart46x',62,1751850000000),
('zer55d','zce536','zpart474',73,1751850000000),
('zer55e','zce536','zpart479',66,1751850000000),
('zer55f','zce536','zpart47f',65,1751850000000),
('zer55g','zce536','zpart47o',68,1751850000000),
('zer55h','zce536','zpart47v',65,1751850000000),
('zer55i','zce536','zpart481',57,1751850000000),
('zer55j','zce536','zpart485',64,1751850000000),
('zer55k','zce536','zpart489',83,1751850000000),
('zer55l','zce536','zpart48i',89,1751850000000),
('zer55m','zce536','zpart494',65,1751850000000),
('zer55n','zce536','zpart49b',74,1751850000000),
('zer55o','zce536','zpart49p',80,1751850000000),
('zer55p','zce536','zpart4a9',41,1751850000000),
('zer55q','zce536','zpart4ad',75,1751850000000),
('zer55r','zce536','zpart4ah',50,1751850000000),
('zer55s','zce536','zpart4b8',87,1751850000000),
('zer55t','zce536','zpart4bj',68,1751850000000),
('zer55u','zce536','zpart4cb',57,1751850000000),
('zer55v','zce536','zpart4d5',52,1751850000000),
('zer55w','zce536','zpart4dh',64,1751850000000),
('zer55x','zce536','zpart4dw',62,1751850000000),
('zer55y','zce536','zpart4e0',45,1751850000000),
('zer55z','zce536','zpart4ey',98,1751850000000),
('zer560','zce536','zpart4f3',85,1751850000000),
('zer561','zce536','zpart4f6',81,1751850000000),
('zer562','zce536','zpart4fe',93,1751850000000),
('zer563','zce536','zpart4fn',49,1751850000000),
('zer564','zce536','zpart4fu',77,1751850000000),
('zer565','zce536','zpart4g0',54,1751850000000),
('zer566','zce536','zpart4gw',40,1751850000000),
('zer567','zce536','zpart4h1',55,1751850000000),
('zer568','zce536','zpart4h3',83,1751850000000),
('zer569','zce536','zpart4hp',88,1751850000000),
('zer56a','zce536','zpart4hy',88,1751850000000),
('zer56c','zce56b','zpart3m6',56,1751850000000);
INSERT OR IGNORE INTO exam_results (id,exam_id,participant_id,score,created_at) VALUES
('zer56d','zce56b','zpart3mc',98,1751850000000),
('zer56e','zce56b','zpart3mi',98,1751850000000),
('zer56f','zce56b','zpart3mp',63,1751850000000),
('zer56g','zce56b','zpart3mv',63,1751850000000),
('zer56h','zce56b','zpart3my',99,1751850000000),
('zer56i','zce56b','zpart3nb',64,1751850000000),
('zer56j','zce56b','zpart3nj',64,1751850000000),
('zer56k','zce56b','zpart3no',99,1751850000000),
('zer56l','zce56b','zpart3nv',46,1751850000000),
('zer56m','zce56b','zpart3o1',69,1751850000000),
('zer56n','zce56b','zpart3o6',49,1751850000000),
('zer56o','zce56b','zpart3oa',97,1751850000000),
('zer56p','zce56b','zpart3oe',98,1751850000000),
('zer56q','zce56b','zpart3on',76,1751850000000),
('zer56r','zce56b','zpart3os',97,1751850000000),
('zer56s','zce56b','zpart3ow',90,1751850000000),
('zer56t','zce56b','zpart3pd',62,1751850000000),
('zer56u','zce56b','zpart3pg',47,1751850000000),
('zer56v','zce56b','zpart3pt',70,1751850000000),
('zer56w','zce56b','zpart3q3',86,1751850000000),
('zer56x','zce56b','zpart3qs',71,1751850000000),
('zer56y','zce56b','zpart3qw',50,1751850000000),
('zer56z','zce56b','zpart3qz',41,1751850000000),
('zer570','zce56b','zpart3r6',72,1751850000000),
('zer571','zce56b','zpart3rb',82,1751850000000),
('zer572','zce56b','zpart3ru',92,1751850000000),
('zer573','zce56b','zpart3rz',49,1751850000000),
('zer574','zce56b','zpart3s4',40,1751850000000),
('zer575','zce56b','zpart3sh',96,1751850000000),
('zer576','zce56b','zpart3sq',80,1751850000000),
('zer577','zce56b','zpart3t2',81,1751850000000),
('zer578','zce56b','zpart3tb',41,1751850000000),
('zer579','zce56b','zpart3tm',99,1751850000000),
('zer57a','zce56b','zpart3ts',91,1751850000000),
('zer57b','zce56b','zpart3tw',72,1751850000000),
('zer57c','zce56b','zpart3ty',69,1751850000000),
('zer57d','zce56b','zpart3un',86,1751850000000),
('zer57e','zce56b','zpart3ut',93,1751850000000),
('zer57f','zce56b','zpart3vd',90,1751850000000),
('zer57g','zce56b','zpart3vk',42,1751850000000),
('zer57h','zce56b','zpart3vu',88,1751850000000),
('zer57i','zce56b','zpart3vz',95,1751850000000),
('zer57j','zce56b','zpart3w1',84,1751850000000),
('zer57k','zce56b','zpart3w8',43,1751850000000),
('zer57l','zce56b','zpart3wk',78,1751850000000),
('zer57m','zce56b','zpart3wr',87,1751850000000),
('zer57n','zce56b','zpart3ww',90,1751850000000),
('zer57o','zce56b','zpart3xq',63,1751850000000),
('zer57p','zce56b','zpart3xu',61,1751850000000),
('zer57q','zce56b','zpart3xx',84,1751850000000),
('zer57r','zce56b','zpart3ye',68,1751850000000),
('zer57s','zce56b','zpart3yk',49,1751850000000),
('zer57t','zce56b','zpart3yo',79,1751850000000),
('zer57u','zce56b','zpart3yt',63,1751850000000),
('zer57v','zce56b','zpart3yy',67,1751850000000),
('zer57w','zce56b','zpart3z2',82,1751850000000),
('zer57x','zce56b','zpart3z4',61,1751850000000),
('zer57y','zce56b','zpart3z6',43,1751850000000),
('zer57z','zce56b','zpart3zb',73,1751850000000),
('zer580','zce56b','zpart3zv',64,1751850000000);
INSERT OR IGNORE INTO exam_results (id,exam_id,participant_id,score,created_at) VALUES
('zer581','zce56b','zpart402',41,1751850000000),
('zer582','zce56b','zpart40c',87,1751850000000),
('zer583','zce56b','zpart40i',59,1751850000000),
('zer584','zce56b','zpart40o',61,1751850000000),
('zer585','zce56b','zpart40y',97,1751850000000),
('zer586','zce56b','zpart412',85,1751850000000),
('zer587','zce56b','zpart41h',100,1751850000000),
('zer588','zce56b','zpart41p',60,1751850000000),
('zer589','zce56b','zpart41t',52,1751850000000),
('zer58a','zce56b','zpart41v',98,1751850000000),
('zer58b','zce56b','zpart41z',55,1751850000000),
('zer58c','zce56b','zpart427',99,1751850000000),
('zer58d','zce56b','zpart42f',76,1751850000000),
('zer58e','zce56b','zpart42t',94,1751850000000),
('zer58f','zce56b','zpart42x',64,1751850000000),
('zer58g','zce56b','zpart437',71,1751850000000),
('zer58h','zce56b','zpart43r',61,1751850000000),
('zer58i','zce56b','zpart43x',42,1751850000000),
('zer58j','zce56b','zpart441',67,1751850000000),
('zer58k','zce56b','zpart44m',56,1751850000000),
('zer58l','zce56b','zpart44r',70,1751850000000),
('zer58m','zce56b','zpart458',99,1751850000000),
('zer58n','zce56b','zpart45d',92,1751850000000),
('zer58o','zce56b','zpart45n',98,1751850000000),
('zer58p','zce56b','zpart45x',99,1751850000000),
('zer58q','zce56b','zpart461',93,1751850000000),
('zer58r','zce56b','zpart465',53,1751850000000),
('zer58s','zce56b','zpart469',73,1751850000000),
('zer58t','zce56b','zpart46d',59,1751850000000),
('zer58u','zce56b','zpart46i',42,1751850000000),
('zer58v','zce56b','zpart46u',78,1751850000000),
('zer58w','zce56b','zpart46x',92,1751850000000),
('zer58x','zce56b','zpart471',51,1751850000000),
('zer58y','zce56b','zpart474',45,1751850000000),
('zer58z','zce56b','zpart47f',98,1751850000000),
('zer590','zce56b','zpart489',56,1751850000000),
('zer591','zce56b','zpart48e',73,1751850000000),
('zer592','zce56b','zpart48u',90,1751850000000),
('zer593','zce56b','zpart48x',84,1751850000000),
('zer594','zce56b','zpart494',56,1751850000000),
('zer595','zce56b','zpart49f',98,1751850000000),
('zer596','zce56b','zpart49k',87,1751850000000),
('zer597','zce56b','zpart49v',87,1751850000000),
('zer598','zce56b','zpart49z',58,1751850000000),
('zer599','zce56b','zpart4a9',52,1751850000000),
('zer59a','zce56b','zpart4b2',76,1751850000000),
('zer59b','zce56b','zpart4br',44,1751850000000),
('zer59c','zce56b','zpart4bx',48,1751850000000),
('zer59d','zce56b','zpart4cf',53,1751850000000),
('zer59e','zce56b','zpart4cu',82,1751850000000),
('zer59f','zce56b','zpart4dm',60,1751850000000),
('zer59g','zce56b','zpart4ds',83,1751850000000),
('zer59h','zce56b','zpart4e4',54,1751850000000),
('zer59i','zce56b','zpart4e8',73,1751850000000),
('zer59j','zce56b','zpart4el',51,1751850000000),
('zer59k','zce56b','zpart4es',96,1751850000000),
('zer59l','zce56b','zpart4ey',91,1751850000000),
('zer59m','zce56b','zpart4f6',64,1751850000000),
('zer59n','zce56b','zpart4fe',65,1751850000000),
('zer59o','zce56b','zpart4fn',92,1751850000000);
INSERT OR IGNORE INTO exam_results (id,exam_id,participant_id,score,created_at) VALUES
('zer59p','zce56b','zpart4g0',84,1751850000000),
('zer59q','zce56b','zpart4g3',90,1751850000000),
('zer59r','zce56b','zpart4g9',42,1751850000000),
('zer59s','zce56b','zpart4gg',87,1751850000000),
('zer59t','zce56b','zpart4gl',83,1751850000000),
('zer59u','zce56b','zpart4gs',69,1751850000000),
('zer59v','zce56b','zpart4hj',57,1751850000000),
('zer59w','zce56b','zpart4hp',80,1751850000000),
('zer59x','zce56b','zpart4hy',63,1751850000000),
('zer59y','zce56b','zpart4i9',75,1751850000000);
INSERT OR IGNORE INTO meetings (id,mosque_id,type,called_by,scheduled_at,member_count,minutes,created_at) VALUES
('zmt59z','zm2u','extraordinary','u-admin',1750640400000,5,'نوقشت خطة اللجان واعتُمدت الموازنة الشهرية.',1751850000000),
('zmt5a7','zm3n','periodic','u-admin',1746666000000,5,'نوقشت خطة اللجان واعتُمدت الموازنة الشهرية.',1751850000000),
('zmt5af','zm84','periodic','u-admin',1751677200000,5,'نوقشت خطة اللجان واعتُمدت الموازنة الشهرية.',1751850000000),
('zmt5ao','zm9w','periodic','u-admin',1749258000000,6,'نوقشت خطة اللجان واعتُمدت الموازنة الشهرية.',1751850000000),
('zmt5ay','zmcf','periodic','u-admin',1751418000000,7,NULL,1751850000000),
('zmt5b7','zmec','periodic','u-admin',1751072400000,8,NULL,1751850000000),
('zmt5bj','zmju','periodic','u-admin',1751331600000,9,'نوقشت خطة اللجان واعتُمدت الموازنة الشهرية.',1751850000000),
('zmt5bv','zmlq','periodic','u-admin',1750035600000,5,NULL,1751850000000),
('zmt5c3','zmpa','extraordinary','u-admin',1749776400000,8,'نوقشت خطة اللجان واعتُمدت الموازنة الشهرية.',1751850000000),
('zmt5cd','zmq0','periodic','u-admin',1748739600000,9,'نوقشت خطة اللجان واعتُمدت الموازنة الشهرية.',1751850000000),
('zmt5cp','zmr0','periodic','u-admin',1750294800000,9,NULL,1751850000000),
('zmt5d1','zmry','periodic','u-admin',1747357200000,8,'نوقشت خطة اللجان واعتُمدت الموازنة الشهرية.',1751850000000),
('zmt5dc','zmun','extraordinary','u-admin',1746666000000,6,'نوقشت خطة اللجان واعتُمدت الموازنة الشهرية.',1751850000000),
('zmt5dl','zmw1','extraordinary','u-admin',1749430800000,5,NULL,1751850000000),
('zmt5dt','zm10t','periodic','u-admin',1748653200000,6,'نوقشت خطة اللجان واعتُمدت الموازنة الشهرية.',1751850000000),
('zmt5e1','zm14b','extraordinary','u-admin',1751072400000,8,'نوقشت خطة اللجان واعتُمدت الموازنة الشهرية.',1751850000000),
('zmt5ec','zm15c','periodic','u-admin',1748221200000,8,NULL,1751850000000),
('zmt5eo','zm181','periodic','u-admin',1749862800000,9,NULL,1751850000000),
('zmt5ez','zm18o','periodic','u-admin',1747443600000,5,'نوقشت خطة اللجان واعتُمدت الموازنة الشهرية.',1751850000000);
INSERT OR IGNORE INTO meeting_attendance (id,meeting_id,person_id,present) VALUES
('zma5a0','zmt59z','zpq1',1),
('zma5a1','zmt59z','zp2yl',1),
('zma5a2','zmt59z','zp15d',1),
('zma5a3','zmt59z','zp2ic',1),
('zma5a4','zmt59z','zp125',0),
('zma5a8','zmt5a7','zp19v',1),
('zma5a9','zmt5a7','zpp6',1),
('zma5aa','zmt5a7','zpmu',1),
('zma5ab','zmt5a7','zp1yd',1),
('zma5ac','zmt5a7','zp4n',1),
('zma5ag','zmt5af','zpi3',1),
('zma5ah','zmt5af','zp14w',1),
('zma5ai','zmt5af','zp14o',1),
('zma5aj','zmt5af','zp184',1),
('zma5ak','zmt5af','zpca',1),
('zma5ap','zmt5ao','zpvy',1),
('zma5aq','zmt5ao','zp3y',1),
('zma5ar','zmt5ao','zpdm',1),
('zma5as','zmt5ao','zp2gf',1),
('zma5at','zmt5ao','zpvm',1),
('zma5au','zmt5ao','zp4v',0),
('zma5az','zmt5ay','zpbt',1),
('zma5b0','zmt5ay','zpbv',1),
('zma5b1','zmt5ay','zpwe',1),
('zma5b2','zmt5ay','zp18v',1),
('zma5b3','zmt5ay','zp2tg',0),
('zma5b4','zmt5ay','zp193',0),
('zma5b5','zmt5ay','zp110',0),
('zma5b8','zmt5b7','zpoq',1),
('zma5b9','zmt5b7','zplz',1),
('zma5ba','zmt5b7','zp14q',1),
('zma5bb','zmt5b7','zp18g',1),
('zma5bc','zmt5b7','zp16c',1),
('zma5bd','zmt5b7','zp18i',1),
('zma5be','zmt5b7','zp2ra',1),
('zma5bf','zmt5b7','zp85',0),
('zma5bk','zmt5bj','zpij',1),
('zma5bl','zmt5bj','zpij',1),
('zma5bm','zmt5bj','zpm5',1),
('zma5bn','zmt5bj','zp8j',1),
('zma5bo','zmt5bj','zpvu',1),
('zma5bp','zmt5bj','zp2h',1),
('zma5bq','zmt5bj','zp2wj',1),
('zma5br','zmt5bj','zp2eu',0),
('zma5bs','zmt5bj','zph8',0),
('zma5bw','zmt5bv','zp2l',1),
('zma5bx','zmt5bv','zp8l',1),
('zma5by','zmt5bv','zp30v',1),
('zma5bz','zmt5bv','zpta',1),
('zma5c0','zmt5bv','zpzc',0),
('zma5c4','zmt5c3','zpbp',1),
('zma5c5','zmt5c3','zpk3',1),
('zma5c6','zmt5c3','zp4t',1),
('zma5c7','zmt5c3','zp10h',1),
('zma5c8','zmt5c3','zp10u',1),
('zma5c9','zmt5c3','zp9d',1),
('zma5ca','zmt5c3','zpn8',1),
('zma5cb','zmt5c3','zpo4',1),
('zma5ce','zmt5cd','zpuu',1),
('zma5cf','zmt5cd','zpxe',1);
INSERT OR IGNORE INTO meeting_attendance (id,meeting_id,person_id,present) VALUES
('zma5cg','zmt5cd','zpy9',1),
('zma5ch','zmt5cd','zp12v',1),
('zma5ci','zmt5cd','zp1e3',1),
('zma5cj','zmt5cd','zp15d',0),
('zma5ck','zmt5cd','zp2lx',0),
('zma5cl','zmt5cd','zpk7',0),
('zma5cm','zmt5cd','zpj8',0),
('zma5cq','zmt5cp','zpny',1),
('zma5cr','zmt5cp','zpq3',1),
('zma5cs','zmt5cp','zp109',1),
('zma5ct','zmt5cp','zpxz',1),
('zma5cu','zmt5cp','zps9',1),
('zma5cv','zmt5cp','zphz',0),
('zma5cw','zmt5cp','zp2ic',0),
('zma5cx','zmt5cp','zp1l7',0),
('zma5cy','zmt5cp','zp4d',0),
('zma5d2','zmt5d1','zpla',1),
('zma5d3','zmt5d1','zpd0',1),
('zma5d4','zmt5d1','zpev',1),
('zma5d5','zmt5d1','zp1yd',1),
('zma5d6','zmt5d1','zph2',1),
('zma5d7','zmt5d1','zp2ez',0),
('zma5d8','zmt5d1','zp389',0),
('zma5d9','zmt5d1','zp18g',0),
('zma5dd','zmt5dc','zp7s',1),
('zma5de','zmt5dc','zpfr',1),
('zma5df','zmt5dc','zp17t',1),
('zma5dg','zmt5dc','zp91',0),
('zma5dh','zmt5dc','zp11e',0),
('zma5di','zmt5dc','zp13o',0),
('zma5dm','zmt5dl','zp15r',1),
('zma5dn','zmt5dl','zpep',1),
('zma5do','zmt5dl','zp7i',1),
('zma5dp','zmt5dl','zpgj',1),
('zma5dq','zmt5dl','zpuw',1),
('zma5du','zmt5dt','zp13g',1),
('zma5dv','zmt5dt','zp125',1),
('zma5dw','zmt5dt','zp118',1),
('zma5dx','zmt5dt','zp18k',0),
('zma5dy','zmt5dt','zpcq',0),
('zma5dz','zmt5dt','zp2n',0),
('zma5e2','zmt5e1','zp19v',1),
('zma5e3','zmt5e1','zp1f',1),
('zma5e4','zmt5e1','zppx',1),
('zma5e5','zmt5e1','zp77',1),
('zma5e6','zmt5e1','zp101',1),
('zma5e7','zmt5e1','zp2v',1),
('zma5e8','zmt5e1','zp5t',0),
('zma5e9','zmt5e1','zpsw',0),
('zma5ed','zmt5ec','zp24g',1),
('zma5ee','zmt5ec','zp123',1),
('zma5ef','zmt5ec','zpfh',1),
('zma5eg','zmt5ec','zp7o',1),
('zma5eh','zmt5ec','zpcu',0),
('zma5ei','zmt5ec','zp14o',0),
('zma5ej','zmt5ec','zpef',0),
('zma5ek','zmt5ec','zp13m',0),
('zma5ep','zmt5eo','zp4p',1),
('zma5eq','zmt5eo','zpgd',1),
('zma5er','zmt5eo','zppp',1);
INSERT OR IGNORE INTO meeting_attendance (id,meeting_id,person_id,present) VALUES
('zma5es','zmt5eo','zp6g',1),
('zma5et','zmt5eo','zprz',1),
('zma5eu','zmt5eo','zp18e',1),
('zma5ev','zmt5eo','zp8d',0),
('zma5ew','zmt5eo','zplc',0),
('zma5ex','zmt5eo','zpco',0),
('zma5f0','zmt5ez','zpa1',1),
('zma5f1','zmt5ez','zp1lc',1),
('zma5f2','zmt5ez','zp13q',1),
('zma5f3','zmt5ez','zpq9',0),
('zma5f4','zmt5ez','zpy3',0);
INSERT OR IGNORE INTO decisions (id,meeting_id,title,kind,votes_for,votes_against,total_voters,amir_vote_for,result,note) VALUES
('zdc5a5','zmt59z','تكليف عضو جديد','binding',3,1,4,1,'passed',NULL),
('zdc5a6','zmt59z','تكليف عضو جديد','advisory',2,2,4,1,'failed',NULL),
('zdc5ad','zmt5a7','اعتماد الموازنة','binding',4,1,5,1,'passed',NULL),
('zdc5ae','zmt5a7','تنظيم نشاط دعوي','advisory',5,0,5,1,'passed',NULL),
('zdc5al','zmt5af','تنظيم نشاط دعوي','binding',5,0,5,1,'passed',NULL),
('zdc5am','zmt5af','إقرار خطة اللجنة','advisory',3,2,5,1,'passed',NULL),
('zdc5an','zmt5af','تنظيم نشاط دعوي','binding',5,0,5,1,'passed',NULL),
('zdc5av','zmt5ao','إقرار خطة اللجنة','advisory',5,0,5,1,'passed',NULL),
('zdc5aw','zmt5ao','إقرار خطة اللجنة','advisory',5,0,5,1,'passed',NULL),
('zdc5ax','zmt5ao','تكليف عضو جديد','advisory',4,1,5,1,'passed',NULL),
('zdc5b6','zmt5ay','تنظيم نشاط دعوي','binding',3,1,4,1,'passed',NULL),
('zdc5bg','zmt5b7','إقرار خطة اللجنة','advisory',6,1,7,1,'passed',NULL),
('zdc5bh','zmt5b7','تنظيم نشاط دعوي','binding',5,2,7,1,'passed',NULL),
('zdc5bi','zmt5b7','اعتماد الموازنة','advisory',5,2,7,1,'passed',NULL),
('zdc5bt','zmt5bj','تكليف عضو جديد','advisory',4,3,7,1,'passed',NULL),
('zdc5bu','zmt5bj','تكليف عضو جديد','binding',4,3,7,1,'passed',NULL),
('zdc5c1','zmt5bv','تنظيم نشاط دعوي','advisory',4,0,4,1,'passed',NULL),
('zdc5c2','zmt5bv','تنظيم نشاط دعوي','binding',2,2,4,1,'failed',NULL),
('zdc5cc','zmt5c3','تكليف عضو جديد','advisory',6,2,8,1,'passed',NULL),
('zdc5cn','zmt5cd','تنظيم نشاط دعوي','binding',5,0,5,1,'passed',NULL),
('zdc5co','zmt5cd','تنظيم نشاط دعوي','advisory',4,1,5,1,'passed',NULL),
('zdc5cz','zmt5cp','تنظيم نشاط دعوي','binding',4,1,5,1,'passed',NULL),
('zdc5d0','zmt5cp','تنظيم نشاط دعوي','advisory',5,0,5,1,'passed',NULL),
('zdc5da','zmt5d1','إقرار خطة اللجنة','binding',3,2,5,1,'passed',NULL),
('zdc5db','zmt5d1','اعتماد الموازنة','advisory',3,2,5,1,'passed',NULL),
('zdc5dj','zmt5dc','تكليف عضو جديد','binding',3,0,3,1,'passed',NULL),
('zdc5dk','zmt5dc','إقرار خطة اللجنة','binding',2,1,3,1,'passed',NULL),
('zdc5dr','zmt5dl','تكليف عضو جديد','advisory',4,1,5,1,'passed',NULL),
('zdc5ds','zmt5dl','تنظيم نشاط دعوي','binding',5,0,5,1,'passed',NULL),
('zdc5e0','zmt5dt','تنظيم نشاط دعوي','binding',3,0,3,1,'passed',NULL),
('zdc5ea','zmt5e1','إقرار خطة اللجنة','binding',4,2,6,1,'passed',NULL),
('zdc5eb','zmt5e1','تنظيم نشاط دعوي','advisory',3,3,6,1,'failed',NULL),
('zdc5el','zmt5ec','إقرار خطة اللجنة','binding',2,2,4,1,'failed',NULL),
('zdc5em','zmt5ec','اعتماد الموازنة','binding',4,0,4,1,'passed',NULL),
('zdc5en','zmt5ec','اعتماد الموازنة','advisory',4,0,4,1,'passed',NULL),
('zdc5ey','zmt5eo','إقرار خطة اللجنة','binding',4,2,6,1,'passed',NULL),
('zdc5f5','zmt5ez','اعتماد الموازنة','advisory',3,0,3,1,'passed',NULL),
('zdc5f6','zmt5ez','اعتماد الموازنة','binding',2,1,3,1,'passed',NULL),
('zdc5f7','zmt5ez','تنظيم نشاط دعوي','advisory',3,0,3,1,'passed',NULL);
INSERT OR IGNORE INTO committees (id,mosque_id,name,type,head_person_id,head_name,status,created_at) VALUES
('zcm5f8','zm4c','الدعوة والتربية الشرعية','main','zp14w','حسن الصالح','active',1751850000000),
('zcm5fb','zm4c','العلاقات العامة','main','zpnw','حمزة الأحمد','active',1751850000000),
('zcm5fe','zm4c','الإغاثة','main','zp40','أسامة الحريري','active',1751850000000),
('zcm5fi','zm4c','الإعلام والنشر','sub','zp17j','بلال الحموي','active',1751850000000),
('zcm5fk','zmao','الدعوة والتربية الشرعية','main','zp4v','خالد الرفاعي','active',1751850000000),
('zcm5fm','zmg4','الدعوة والتربية الشرعية','main','zps1','زيد الجاسم','active',1751850000000),
('zcm5fo','zmg4','الإعلام والنشر','sub','zp16c','أسامة الكردي','active',1751850000000),
('zcm5fs','zmgz','الدعوة والتربية الشرعية','main','zpq1','سعيد الديب','active',1751850000000),
('zcm5fu','zmgz','الإغاثة','main','zp1up','حمزة القاسم','active',1751850000000),
('zcm5fy','zmgz','الإعلام والنشر','sub','zp15n','يوسف الشامي','active',1751850000000),
('zcm5g3','zmju','الدعوة والتربية الشرعية','main','zp2n','حسين القاسم','active',1751850000000),
('zcm5g7','zmju','العلاقات العامة','main','zp2lx','سعيد البكري','active',1751850000000),
('zcm5ga','zmju','الإعلام والنشر','sub','zpe','يوسف الزعبي','active',1751850000000),
('zcm5gf','zmju','الصيانة والنظافة','sub','zpx4','حسن الرفاعي','active',1751850000000),
('zcm5gj','zmop','الدعوة والتربية الشرعية','main','zpfl','أحمد القاسم','active',1751850000000),
('zcm5gn','zmop','الإغاثة','main','zpi7','عمر النعسان','active',1751850000000),
('zcm5gq','zmop','الصيانة والنظافة','sub','zpuw','حسين الديب','active',1751850000000),
('zcm5gu','zmw1','العلاقات العامة','main','zpi7','صهيب القاسم','active',1751850000000),
('zcm5gy','zmw1','الإغاثة','main','zpfd','إبراهيم النعسان','active',1751850000000),
('zcm5h1','zmw1','الإعلام والنشر','sub','zpwi','بلال الأحمد','active',1751850000000),
('zcm5h4','zmx1','الدعوة والتربية الشرعية','main','zp14o','عمر الحلبي','active',1751850000000),
('zcm5h8','zmx1','الصيانة والنظافة','sub','zpze','عبدالله الحسن','active',1751850000000),
('zcm5hb','zmxu','الدعوة والتربية الشرعية','main','zp2oy','إبراهيم الحسن','active',1751850000000),
('zcm5he','zmxu','الإغاثة','main','zpgl','يوسف المحمد','active',1751850000000),
('zcm5hi','zmzw','العلاقات العامة','main','zp14u','ياسر الأحمد','active',1751850000000),
('zcm5hm','zmzw','الصيانة والنظافة','sub','zppv','عمر الكردي','active',1751850000000),
('zcm5hq','zm10t','الدعوة والتربية الشرعية','main','zp2lv','حسين الديب','active',1751850000000),
('zcm5hs','zm10t','العلاقات العامة','main','zp6i','إبراهيم القاسم','active',1751850000000),
('zcm5hv','zm10t','الإغاثة','main','zpr1','حسين السالم','active',1751850000000),
('zcm5hz','zm10t','الإعلام والنشر','sub','zp5n','أحمد الحسن','active',1751850000000),
('zcm5i2','zm15z','الدعوة والتربية الشرعية','main','zp2dc','سلمان السالم','active',1751850000000),
('zcm5i4','zm15z','العلاقات العامة','main','zp4j','يوسف البكري','active',1751850000000),
('zcm5i6','zm15z','الإغاثة','main','zpp','عمر الشامي','active',1751850000000),
('zcm5i9','zm15z','الإعلام والنشر','sub','zpo4','أنس الزعبي','active',1751850000000),
('zcm5ic','zm15z','الصيانة والنظافة','sub','zppt','أحمد القاسم','active',1751850000000),
('zcm5if','zm181','الدعوة والتربية الشرعية','main','zppr','مصطفى الحموي','active',1751850000000),
('zcm5ih','zm181','العلاقات العامة','main','zp8d','يوسف الأحمد','active',1751850000000),
('zcm5im','zm181','الإغاثة','main','zphe','إبراهيم الأحمد','active',1751850000000),
('zcm5ip','zm181','الإعلام والنشر','sub','zpy1','يوسف الديب','active',1751850000000),
('zcm5it','zm181','الصيانة والنظافة','sub','zp30t','محمد الأحمد','active',1751850000000);
INSERT OR IGNORE INTO committee_plans (id,committee_id,title,period,recurring,month_hijri,status,created_at) VALUES
('zcp5f9','zcm5f8','حملة إغاثية',NULL,0,'1447-10','done',1751850000000),
('zcp5fa','zcm5f8','نشرة إعلامية',NULL,0,NULL,'planned',1751850000000),
('zcp5fc','zcm5fb','نشرة إعلامية',NULL,0,'1447-10','done',1751850000000),
('zcp5fd','zcm5fb','نشاط طلابي',NULL,0,'1447-10','done',1751850000000),
('zcp5ff','zcm5fe','نشرة إعلامية',NULL,0,'1447-12','cancelled',1751850000000),
('zcp5fg','zcm5fe','نشرة إعلامية',NULL,0,NULL,'cancelled',1751850000000),
('zcp5fh','zcm5fe','حملة إغاثية',NULL,0,NULL,'cancelled',1751850000000),
('zcp5fj','zcm5fi','نشاط طلابي',NULL,0,'1447-06','done',1751850000000),
('zcp5fl','zcm5fk','نشاط طلابي',NULL,0,'1447-10','done',1751850000000),
('zcp5fn','zcm5fm','نشرة إعلامية',NULL,0,NULL,'planned',1751850000000),
('zcp5fp','zcm5fo','نشاط طلابي',NULL,0,'1447-06','planned',1751850000000),
('zcp5fq','zcm5fo','حملة إغاثية',NULL,0,'1447-10','done',1751850000000),
('zcp5fr','zcm5fo','نشاط طلابي',NULL,0,'1447-07','cancelled',1751850000000),
('zcp5ft','zcm5fs','نشاط طلابي',NULL,0,'1447-07','cancelled',1751850000000),
('zcp5fv','zcm5fu','نشرة إعلامية',NULL,0,'1447-10','done',1751850000000),
('zcp5fw','zcm5fu','نشاط طلابي',NULL,0,'1447-07','done',1751850000000),
('zcp5fx','zcm5fu','حملة إغاثية',NULL,0,'1447-11','done',1751850000000),
('zcp5fz','zcm5fy','نشاط طلابي',NULL,0,'1447-07','done',1751850000000),
('zcp5g0','zcm5fy','نشاط طلابي',NULL,1,'1447-07','planned',1751850000000),
('zcp5g1','zcm5fy','نشرة إعلامية',NULL,0,'1447-11','done',1751850000000),
('zcp5g2','zcm5fy','نشرة إعلامية',NULL,0,'1447-06','cancelled',1751850000000),
('zcp5g4','zcm5g3','نشاط طلابي',NULL,0,'1447-07','done',1751850000000),
('zcp5g5','zcm5g3','دورة شرعية',NULL,0,'1447-10','planned',1751850000000),
('zcp5g6','zcm5g3','حملة إغاثية',NULL,0,NULL,'planned',1751850000000),
('zcp5g8','zcm5g7','حملة إغاثية',NULL,0,NULL,'planned',1751850000000),
('zcp5g9','zcm5g7','نشاط طلابي',NULL,1,'1447-08','done',1751850000000),
('zcp5gb','zcm5ga','حملة إغاثية',NULL,0,'1447-11','cancelled',1751850000000),
('zcp5gc','zcm5ga','حملة إغاثية',NULL,0,'1447-07','done',1751850000000),
('zcp5gd','zcm5ga','دورة شرعية',NULL,1,'1447-07','planned',1751850000000),
('zcp5ge','zcm5ga','حملة إغاثية',NULL,1,'1447-06','done',1751850000000),
('zcp5gg','zcm5gf','نشرة إعلامية',NULL,1,'1447-12','cancelled',1751850000000),
('zcp5gh','zcm5gf','حملة إغاثية',NULL,1,'1447-12','done',1751850000000),
('zcp5gi','zcm5gf','نشرة إعلامية',NULL,1,'1447-07','planned',1751850000000),
('zcp5gk','zcm5gj','نشرة إعلامية',NULL,0,NULL,'planned',1751850000000),
('zcp5gl','zcm5gj','نشاط طلابي',NULL,0,NULL,'cancelled',1751850000000),
('zcp5gm','zcm5gj','نشرة إعلامية',NULL,1,'1447-06','cancelled',1751850000000),
('zcp5go','zcm5gn','نشرة إعلامية',NULL,1,'1447-08','planned',1751850000000),
('zcp5gp','zcm5gn','نشرة إعلامية',NULL,0,'1447-06','done',1751850000000),
('zcp5gr','zcm5gq','نشاط طلابي',NULL,0,'1447-08','planned',1751850000000),
('zcp5gs','zcm5gq','دورة شرعية',NULL,0,NULL,'done',1751850000000),
('zcp5gt','zcm5gq','حملة إغاثية',NULL,0,'1447-12','planned',1751850000000),
('zcp5gv','zcm5gu','نشاط طلابي',NULL,0,'1447-09','planned',1751850000000),
('zcp5gw','zcm5gu','دورة شرعية',NULL,0,'1447-11','done',1751850000000),
('zcp5gx','zcm5gu','نشرة إعلامية',NULL,0,NULL,'planned',1751850000000),
('zcp5gz','zcm5gy','دورة شرعية',NULL,0,NULL,'done',1751850000000),
('zcp5h0','zcm5gy','دورة شرعية',NULL,1,'1447-07','cancelled',1751850000000),
('zcp5h2','zcm5h1','نشاط طلابي',NULL,0,NULL,'done',1751850000000),
('zcp5h3','zcm5h1','دورة شرعية',NULL,0,NULL,'done',1751850000000),
('zcp5h5','zcm5h4','دورة شرعية',NULL,0,'1447-12','done',1751850000000),
('zcp5h6','zcm5h4','حملة إغاثية',NULL,1,'1447-12','done',1751850000000),
('zcp5h7','zcm5h4','حملة إغاثية',NULL,0,'1447-09','planned',1751850000000),
('zcp5h9','zcm5h8','نشاط طلابي',NULL,0,'1447-12','planned',1751850000000),
('zcp5ha','zcm5h8','دورة شرعية',NULL,1,'1447-10','cancelled',1751850000000),
('zcp5hc','zcm5hb','نشاط طلابي',NULL,0,NULL,'done',1751850000000),
('zcp5hd','zcm5hb','حملة إغاثية',NULL,0,'1447-08','done',1751850000000),
('zcp5hf','zcm5he','نشرة إعلامية',NULL,1,NULL,'planned',1751850000000),
('zcp5hg','zcm5he','نشاط طلابي',NULL,0,'1447-12','done',1751850000000),
('zcp5hh','zcm5he','نشاط طلابي',NULL,1,'1447-10','planned',1751850000000),
('zcp5hj','zcm5hi','حملة إغاثية',NULL,0,'1447-12','cancelled',1751850000000),
('zcp5hk','zcm5hi','نشرة إعلامية',NULL,1,'1447-12','done',1751850000000);
INSERT OR IGNORE INTO committee_plans (id,committee_id,title,period,recurring,month_hijri,status,created_at) VALUES
('zcp5hl','zcm5hi','دورة شرعية',NULL,0,NULL,'planned',1751850000000),
('zcp5hn','zcm5hm','حملة إغاثية',NULL,1,'1447-07','cancelled',1751850000000),
('zcp5ho','zcm5hm','نشاط طلابي',NULL,0,'1447-11','cancelled',1751850000000),
('zcp5hp','zcm5hm','نشرة إعلامية',NULL,0,'1447-09','done',1751850000000),
('zcp5hr','zcm5hq','حملة إغاثية',NULL,0,NULL,'planned',1751850000000),
('zcp5ht','zcm5hs','حملة إغاثية',NULL,0,'1447-09','cancelled',1751850000000),
('zcp5hu','zcm5hs','دورة شرعية',NULL,0,'1447-07','cancelled',1751850000000),
('zcp5hw','zcm5hv','حملة إغاثية',NULL,0,'1447-06','planned',1751850000000),
('zcp5hx','zcm5hv','حملة إغاثية',NULL,0,'1447-11','cancelled',1751850000000),
('zcp5hy','zcm5hv','دورة شرعية',NULL,1,NULL,'planned',1751850000000),
('zcp5i0','zcm5hz','نشرة إعلامية',NULL,0,'1447-11','planned',1751850000000),
('zcp5i1','zcm5hz','دورة شرعية',NULL,1,NULL,'cancelled',1751850000000),
('zcp5i3','zcm5i2','نشرة إعلامية',NULL,0,'1447-11','done',1751850000000),
('zcp5i5','zcm5i4','دورة شرعية',NULL,0,NULL,'cancelled',1751850000000),
('zcp5i7','zcm5i6','دورة شرعية',NULL,0,'1447-12','planned',1751850000000),
('zcp5i8','zcm5i6','نشاط طلابي',NULL,1,NULL,'planned',1751850000000),
('zcp5ia','zcm5i9','حملة إغاثية',NULL,1,'1447-08','done',1751850000000),
('zcp5ib','zcm5i9','حملة إغاثية',NULL,0,NULL,'done',1751850000000),
('zcp5id','zcm5ic','نشرة إعلامية',NULL,0,'1447-11','done',1751850000000),
('zcp5ie','zcm5ic','نشاط طلابي',NULL,0,NULL,'planned',1751850000000),
('zcp5ig','zcm5if','دورة شرعية',NULL,0,NULL,'cancelled',1751850000000),
('zcp5ii','zcm5ih','دورة شرعية',NULL,1,NULL,'cancelled',1751850000000),
('zcp5ij','zcm5ih','دورة شرعية',NULL,0,NULL,'cancelled',1751850000000),
('zcp5ik','zcm5ih','حملة إغاثية',NULL,0,'1447-07','cancelled',1751850000000),
('zcp5il','zcm5ih','نشرة إعلامية',NULL,1,'1447-10','done',1751850000000),
('zcp5in','zcm5im','نشاط طلابي',NULL,0,'1447-07','cancelled',1751850000000),
('zcp5io','zcm5im','نشاط طلابي',NULL,0,NULL,'planned',1751850000000),
('zcp5iq','zcm5ip','نشاط طلابي',NULL,1,'1447-08','cancelled',1751850000000),
('zcp5ir','zcm5ip','نشرة إعلامية',NULL,1,'1447-10','cancelled',1751850000000),
('zcp5is','zcm5ip','نشرة إعلامية',NULL,0,NULL,'cancelled',1751850000000),
('zcp5iu','zcm5it','نشرة إعلامية',NULL,1,NULL,'planned',1751850000000),
('zcp5iv','zcm5it','دورة شرعية',NULL,0,'1447-11','done',1751850000000),
('zcp5iw','zcm5it','نشرة إعلامية',NULL,0,'1447-09','done',1751850000000);
INSERT OR IGNORE INTO weekly_halaqa_records (id,halaqa_id,week_start,supervisor_notes,admin_notes,created_at) VALUES
('zwh5ix','zhl1a3','2025-12-06',NULL,NULL,1751850000000),
('zwh5j0','zhl1e7','2025-12-06',NULL,'تُشكر الحلقة على نشاطها.',1751850000000),
('zwh5j3','zhl1oy','2025-12-06','أداء المعلّم/ة ممتاز والالتزام جيّد.','تُشكر الحلقة على نشاطها.',1751850000000),
('zwh5j6','zhl1rw','2025-12-06','أداء المعلّم/ة ممتاز والالتزام جيّد.',NULL,1751850000000),
('zwh5j8','zhl1uv','2025-12-06','أداء المعلّم/ة ممتاز والالتزام جيّد.',NULL,1751850000000),
('zwh5ja','zhl1yj','2025-12-06',NULL,NULL,1751850000000),
('zwh5je','zhl24k','2025-12-06',NULL,NULL,1751850000000),
('zwh5ji','zhl295','2025-12-06',NULL,NULL,1751850000000),
('zwh5jk','zhl2di','2025-12-06',NULL,NULL,1751850000000),
('zwh5jo','zhl2f3','2025-12-06',NULL,'تُشكر الحلقة على نشاطها.',1751850000000),
('zwh5jt','zhl2ig','2025-12-06',NULL,NULL,1751850000000),
('zwh5jw','zhl2tk','2025-12-06',NULL,NULL,1751850000000),
('zwh5jy','zhl2uy','2025-12-06','أداء المعلّم/ة ممتاز والالتزام جيّد.','تُشكر الحلقة على نشاطها.',1751850000000),
('zwh5k3','zhl34j','2025-12-06',NULL,NULL,1751850000000),
('zwh5k6','zhl36t','2025-12-06',NULL,NULL,1751850000000),
('zwh5kb','zhl3cm','2025-12-06','أداء المعلّم/ة ممتاز والالتزام جيّد.','تُشكر الحلقة على نشاطها.',1751850000000),
('zwh5ke','zhl3fn','2025-12-06',NULL,NULL,1751850000000),
('zwh5ki','zhl3fq','2025-12-06','أداء المعلّم/ة ممتاز والالتزام جيّد.','تُشكر الحلقة على نشاطها.',1751850000000),
('zwh5kl','zhl3ft','2025-12-06','أداء المعلّم/ة ممتاز والالتزام جيّد.',NULL,1751850000000),
('zwh5ko','zhl3fz','2025-12-06',NULL,NULL,1751850000000),
('zwh5kq','zhl3g0','2025-12-06',NULL,'تُشكر الحلقة على نشاطها.',1751850000000),
('zwh5ku','zhl3g5','2025-12-06','أداء المعلّم/ة ممتاز والالتزام جيّد.',NULL,1751850000000),
('zwh5kw','zhl3g8','2025-12-06','أداء المعلّم/ة ممتاز والالتزام جيّد.',NULL,1751850000000),
('zwh5ky','zhl3gb','2025-12-06',NULL,NULL,1751850000000),
('zwh5l0','zhl3gc','2025-12-06','أداء المعلّم/ة ممتاز والالتزام جيّد.',NULL,1751850000000),
('zwh5l3','zhl3gd','2025-12-06',NULL,NULL,1751850000000),
('zwh5l7','zhl3gf','2025-12-06','أداء المعلّم/ة ممتاز والالتزام جيّد.',NULL,1751850000000),
('zwh5la','zhl3gi','2025-12-06','أداء المعلّم/ة ممتاز والالتزام جيّد.',NULL,1751850000000),
('zwh5lf','zhl3gj','2025-12-06','أداء المعلّم/ة ممتاز والالتزام جيّد.',NULL,1751850000000),
('zwh5lk','zhl3go','2025-12-06',NULL,'تُشكر الحلقة على نشاطها.',1751850000000),
('zwh5lo','zhl3gp','2025-12-06','أداء المعلّم/ة ممتاز والالتزام جيّد.',NULL,1751850000000),
('zwh5lr','zhl3gx','2025-12-06',NULL,NULL,1751850000000),
('zwh5lt','zhl3gz','2025-12-06','أداء المعلّم/ة ممتاز والالتزام جيّد.','تُشكر الحلقة على نشاطها.',1751850000000),
('zwh5lw','zhl3h1','2025-12-06','أداء المعلّم/ة ممتاز والالتزام جيّد.',NULL,1751850000000),
('zwh5ly','zhl3h6','2025-12-06',NULL,'تُشكر الحلقة على نشاطها.',1751850000000),
('zwh5m0','zhl3h7','2025-12-06','أداء المعلّم/ة ممتاز والالتزام جيّد.',NULL,1751850000000),
('zwh5m3','zhl3hb','2025-12-06','أداء المعلّم/ة ممتاز والالتزام جيّد.',NULL,1751850000000),
('zwh5m7','zhl3he','2025-12-06',NULL,NULL,1751850000000),
('zwh5mb','zhl3hf','2025-12-06',NULL,'تُشكر الحلقة على نشاطها.',1751850000000),
('zwh5me','zhl3hh','2025-12-06','أداء المعلّم/ة ممتاز والالتزام جيّد.','تُشكر الحلقة على نشاطها.',1751850000000),
('zwh5mg','zhl3hi','2025-12-06','أداء المعلّم/ة ممتاز والالتزام جيّد.',NULL,1751850000000),
('zwh5ml','zhl3hk','2025-12-06','أداء المعلّم/ة ممتاز والالتزام جيّد.','تُشكر الحلقة على نشاطها.',1751850000000);
INSERT OR IGNORE INTO halaqa_group_activities (id,halaqa_id,week_start,seq,description,date_hijri,created_at) VALUES
('zga5iy','zhl1a3','2025-12-06',1,'زيارة مريض','1447-06-25',1751850000000),
('zga5iz','zhl1a3','2025-12-06',2,'درس عام لشيخ ضيف','1447-06-23',1751850000000),
('zga5j1','zhl1e7','2025-12-06',1,'درس عام لشيخ ضيف','1447-06-01',1751850000000),
('zga5j2','zhl1e7','2025-12-06',2,'تنظيف المكان','1447-06-09',1751850000000),
('zga5j4','zhl1oy','2025-12-06',1,'نشاط رياضي/ترفيهي','1447-06-14',1751850000000),
('zga5j5','zhl1oy','2025-12-06',2,'ملتقى طلابي','1447-06-17',1751850000000),
('zga5j7','zhl1rw','2025-12-06',1,'زيارة مريض','1447-06-22',1751850000000),
('zga5j9','zhl1uv','2025-12-06',1,'جولة دعوية وتوزيع مطويات','1447-06-09',1751850000000),
('zga5jb','zhl1yj','2025-12-06',1,'ملتقى طلابي','1447-06-26',1751850000000),
('zga5jc','zhl1yj','2025-12-06',2,'درس عام لشيخ ضيف','1447-06-07',1751850000000),
('zga5jd','zhl1yj','2025-12-06',3,'جولة دعوية وتوزيع مطويات','1447-06-20',1751850000000),
('zga5jf','zhl24k','2025-12-06',1,'درس عام لشيخ ضيف','1447-06-17',1751850000000),
('zga5jg','zhl24k','2025-12-06',2,'جولة دعوية وتوزيع مطويات','1447-06-10',1751850000000),
('zga5jh','zhl24k','2025-12-06',3,'درس عام لشيخ ضيف','1447-06-09',1751850000000),
('zga5jj','zhl295','2025-12-06',1,'نشاط رياضي/ترفيهي','1447-06-24',1751850000000),
('zga5jl','zhl2di','2025-12-06',1,'نشاط رياضي/ترفيهي','1447-06-11',1751850000000),
('zga5jm','zhl2di','2025-12-06',2,'نشاط رياضي/ترفيهي','1447-06-18',1751850000000),
('zga5jn','zhl2di','2025-12-06',3,'تنظيف المكان','1447-06-08',1751850000000),
('zga5jp','zhl2f3','2025-12-06',1,'درس عام لشيخ ضيف','1447-06-16',1751850000000),
('zga5jq','zhl2f3','2025-12-06',2,'تنظيف المكان','1447-06-25',1751850000000),
('zga5jr','zhl2f3','2025-12-06',3,'نشاط رياضي/ترفيهي','1447-06-19',1751850000000),
('zga5js','zhl2f3','2025-12-06',4,'نشاط رياضي/ترفيهي','1447-06-14',1751850000000),
('zga5ju','zhl2ig','2025-12-06',1,'نشاط رياضي/ترفيهي','1447-06-05',1751850000000),
('zga5jv','zhl2ig','2025-12-06',2,'نشاط رياضي/ترفيهي','1447-06-09',1751850000000),
('zga5jx','zhl2tk','2025-12-06',1,'زيارة مريض','1447-06-10',1751850000000),
('zga5jz','zhl2uy','2025-12-06',1,'زيارة مريض','1447-06-25',1751850000000),
('zga5k0','zhl2uy','2025-12-06',2,'جولة دعوية وتوزيع مطويات','1447-06-10',1751850000000),
('zga5k1','zhl2uy','2025-12-06',3,'درس عام لشيخ ضيف','1447-06-26',1751850000000),
('zga5k2','zhl2uy','2025-12-06',4,'جولة دعوية وتوزيع مطويات','1447-06-03',1751850000000),
('zga5k4','zhl34j','2025-12-06',1,'ملتقى طلابي','1447-06-19',1751850000000),
('zga5k5','zhl34j','2025-12-06',2,'ملتقى طلابي','1447-06-04',1751850000000),
('zga5k7','zhl36t','2025-12-06',1,'تنظيف المكان','1447-06-13',1751850000000),
('zga5k8','zhl36t','2025-12-06',2,'نشاط رياضي/ترفيهي','1447-06-28',1751850000000),
('zga5k9','zhl36t','2025-12-06',3,'تنظيف المكان','1447-06-16',1751850000000),
('zga5ka','zhl36t','2025-12-06',4,'جولة دعوية وتوزيع مطويات','1447-06-10',1751850000000),
('zga5kc','zhl3cm','2025-12-06',1,'جولة دعوية وتوزيع مطويات','1447-06-26',1751850000000),
('zga5kd','zhl3cm','2025-12-06',2,'درس عام لشيخ ضيف','1447-06-13',1751850000000),
('zga5kf','zhl3fn','2025-12-06',1,'تنظيف المكان','1447-06-05',1751850000000),
('zga5kg','zhl3fn','2025-12-06',2,'جولة دعوية وتوزيع مطويات','1447-06-23',1751850000000),
('zga5kh','zhl3fn','2025-12-06',3,'تنظيف المكان','1447-06-19',1751850000000),
('zga5kj','zhl3fq','2025-12-06',1,'تنظيف المكان','1447-06-08',1751850000000),
('zga5kk','zhl3fq','2025-12-06',2,'جولة دعوية وتوزيع مطويات','1447-06-25',1751850000000),
('zga5km','zhl3ft','2025-12-06',1,'زيارة مريض','1447-06-19',1751850000000),
('zga5kn','zhl3ft','2025-12-06',2,'نشاط رياضي/ترفيهي','1447-06-14',1751850000000),
('zga5kp','zhl3fz','2025-12-06',1,'تنظيف المكان','1447-06-27',1751850000000),
('zga5kr','zhl3g0','2025-12-06',1,'جولة دعوية وتوزيع مطويات','1447-06-26',1751850000000),
('zga5ks','zhl3g0','2025-12-06',2,'درس عام لشيخ ضيف','1447-06-23',1751850000000),
('zga5kt','zhl3g0','2025-12-06',3,'زيارة مريض','1447-06-01',1751850000000),
('zga5kv','zhl3g5','2025-12-06',1,'درس عام لشيخ ضيف','1447-06-11',1751850000000),
('zga5kx','zhl3g8','2025-12-06',1,'ملتقى طلابي','1447-06-07',1751850000000),
('zga5kz','zhl3gb','2025-12-06',1,'درس عام لشيخ ضيف','1447-06-02',1751850000000),
('zga5l1','zhl3gc','2025-12-06',1,'ملتقى طلابي','1447-06-10',1751850000000),
('zga5l2','zhl3gc','2025-12-06',2,'ملتقى طلابي','1447-06-17',1751850000000),
('zga5l4','zhl3gd','2025-12-06',1,'زيارة مريض','1447-06-13',1751850000000),
('zga5l5','zhl3gd','2025-12-06',2,'جولة دعوية وتوزيع مطويات','1447-06-08',1751850000000),
('zga5l6','zhl3gd','2025-12-06',3,'جولة دعوية وتوزيع مطويات','1447-06-03',1751850000000),
('zga5l8','zhl3gf','2025-12-06',1,'زيارة مريض','1447-06-13',1751850000000),
('zga5l9','zhl3gf','2025-12-06',2,'جولة دعوية وتوزيع مطويات','1447-06-21',1751850000000),
('zga5lb','zhl3gi','2025-12-06',1,'درس عام لشيخ ضيف','1447-06-18',1751850000000),
('zga5lc','zhl3gi','2025-12-06',2,'نشاط رياضي/ترفيهي','1447-06-15',1751850000000);
INSERT OR IGNORE INTO halaqa_group_activities (id,halaqa_id,week_start,seq,description,date_hijri,created_at) VALUES
('zga5ld','zhl3gi','2025-12-06',3,'تنظيف المكان','1447-06-25',1751850000000),
('zga5le','zhl3gi','2025-12-06',4,'زيارة مريض','1447-06-05',1751850000000),
('zga5lg','zhl3gj','2025-12-06',1,'تنظيف المكان','1447-06-12',1751850000000),
('zga5lh','zhl3gj','2025-12-06',2,'درس عام لشيخ ضيف','1447-06-02',1751850000000),
('zga5li','zhl3gj','2025-12-06',3,'درس عام لشيخ ضيف','1447-06-09',1751850000000),
('zga5lj','zhl3gj','2025-12-06',4,'تنظيف المكان','1447-06-12',1751850000000),
('zga5ll','zhl3go','2025-12-06',1,'جولة دعوية وتوزيع مطويات','1447-06-08',1751850000000),
('zga5lm','zhl3go','2025-12-06',2,'تنظيف المكان','1447-06-23',1751850000000),
('zga5ln','zhl3go','2025-12-06',3,'ملتقى طلابي','1447-06-19',1751850000000),
('zga5lp','zhl3gp','2025-12-06',1,'جولة دعوية وتوزيع مطويات','1447-06-16',1751850000000),
('zga5lq','zhl3gp','2025-12-06',2,'جولة دعوية وتوزيع مطويات','1447-06-23',1751850000000),
('zga5ls','zhl3gx','2025-12-06',1,'ملتقى طلابي','1447-06-20',1751850000000),
('zga5lu','zhl3gz','2025-12-06',1,'جولة دعوية وتوزيع مطويات','1447-06-28',1751850000000),
('zga5lv','zhl3gz','2025-12-06',2,'زيارة مريض','1447-06-28',1751850000000),
('zga5lx','zhl3h1','2025-12-06',1,'نشاط رياضي/ترفيهي','1447-06-06',1751850000000),
('zga5lz','zhl3h6','2025-12-06',1,'جولة دعوية وتوزيع مطويات','1447-06-16',1751850000000),
('zga5m1','zhl3h7','2025-12-06',1,'نشاط رياضي/ترفيهي','1447-06-24',1751850000000),
('zga5m2','zhl3h7','2025-12-06',2,'ملتقى طلابي','1447-06-04',1751850000000),
('zga5m4','zhl3hb','2025-12-06',1,'نشاط رياضي/ترفيهي','1447-06-02',1751850000000),
('zga5m5','zhl3hb','2025-12-06',2,'زيارة مريض','1447-06-15',1751850000000),
('zga5m6','zhl3hb','2025-12-06',3,'درس عام لشيخ ضيف','1447-06-25',1751850000000),
('zga5m8','zhl3he','2025-12-06',1,'درس عام لشيخ ضيف','1447-06-28',1751850000000),
('zga5m9','zhl3he','2025-12-06',2,'ملتقى طلابي','1447-06-02',1751850000000),
('zga5ma','zhl3he','2025-12-06',3,'تنظيف المكان','1447-06-26',1751850000000),
('zga5mc','zhl3hf','2025-12-06',1,'تنظيف المكان','1447-06-04',1751850000000),
('zga5md','zhl3hf','2025-12-06',2,'تنظيف المكان','1447-06-09',1751850000000),
('zga5mf','zhl3hh','2025-12-06',1,'درس عام لشيخ ضيف','1447-06-08',1751850000000),
('zga5mh','zhl3hi','2025-12-06',1,'تنظيف المكان','1447-06-28',1751850000000),
('zga5mi','zhl3hi','2025-12-06',2,'درس عام لشيخ ضيف','1447-06-10',1751850000000),
('zga5mj','zhl3hi','2025-12-06',3,'تنظيف المكان','1447-06-18',1751850000000),
('zga5mk','zhl3hi','2025-12-06',4,'تنظيف المكان','1447-06-28',1751850000000),
('zga5mm','zhl3hk','2025-12-06',1,'زيارة مريض','1447-06-02',1751850000000),
('zga5mn','zhl3hk','2025-12-06',2,'تنظيف المكان','1447-06-24',1751850000000);
INSERT OR IGNORE INTO resignations (id,role_assignment_id,person_id,reason,requested_at,decision_deadline,status,decided_by,decided_at) VALUES
('zrs5mo','zra14j','zp14i','انتقال سكن',1748739600000,1753146000000,'accepted',NULL,NULL),
('zrs5mp','zra5e','zp5d','انشغال دراسي',1749517200000,1753059600000,'accepted',NULL,NULL),
('zrs5mq','zra3p','zp3o','انتقال سكن',1749430800000,1751936400000,'accepted',NULL,NULL),
('zrs5mr','zra13h','zp13g','انشغال دراسي',1750381200000,1752886800000,'accepted','u-admin',1751331600000),
('zrs5ms','zra8g','zp8f','انتقال سكن',1749085200000,1752973200000,'rejected',NULL,NULL),
('zrs5mt','zra2dg','zp2de','ظروف خاصة',1749690000000,1752109200000,'rejected','u-admin',1751245200000);
INSERT OR IGNORE INTO app_settings (key,value,updated_at) VALUES
('point_rate_note','المعدّل 50$/280 نقطة — قابل للتعديل بأثر قادم',1751850000000),
('hourly_rate_note','سعر الساعة 2$ — قابل للتعديل',1751850000000),
('weekly_target','70',1751850000000);
INSERT OR IGNORE INTO notifications (id,person_id,channel,kind,payload,status,created_at,sent_at,read_at) VALUES
('zn5mu','zp29','inapp','term_ending',NULL,'sent',1751850000000,1750899600000,NULL),
('zn5mv','zph4','inapp','layer_approval_needed',NULL,'sent',1749517200000,1750122000000,NULL),
('zn5mw','zp8d','inapp','week_approved',NULL,'sent',1750640400000,1751763600000,NULL),
('zn5mx','zp1wk','inapp','entry_reminder',NULL,'sent',1751590800000,1751850000000,NULL),
('zn5my','zpxa','inapp','layer_approval_needed',NULL,'sent',1750986000000,1749517200000,1751158800000),
('zn5mz','zp16s','inapp','week_approved',NULL,'sent',1750122000000,1750640400000,NULL),
('zn5n0','zpy3','inapp','entry_reminder',NULL,'sent',1750640400000,1751072400000,1751072400000),
('zn5n1','zphz','telegram','entry_reminder',NULL,'queued',1751677200000,NULL,NULL),
('zn5n2','zp7c','inapp','term_ending',NULL,'sent',1750122000000,NULL,1751850000000),
('zn5n3','zp8h','inapp','entry_reminder',NULL,'sent',1749862800000,1751850000000,1751677200000),
('zn5n4','zpsw','inapp','layer_approval_needed',NULL,'sent',1749344400000,1751504400000,NULL),
('zn5n5','zpfl','inapp','week_rejected',NULL,'queued',1751418000000,1750035600000,NULL),
('zn5n6','zph2','telegram','entry_reminder',NULL,'queued',1751418000000,1749690000000,1750986000000),
('zn5n7','zp7m','inapp','term_ending',NULL,'sent',1751072400000,NULL,1751331600000),
('zn5n8','zp5j','inapp','term_ending',NULL,'queued',1750813200000,NULL,1751158800000),
('zn5n9','zpsw','inapp','week_rejected',NULL,'queued',1749258000000,1751763600000,NULL),
('zn5na','zp17l','inapp','week_rejected',NULL,'sent',1751590800000,1750726800000,1751763600000),
('zn5nb','zp2b','telegram','layer_approval_needed',NULL,'sent',1751850000000,1751331600000,NULL),
('zn5nc','zp5j','inapp','term_ending',NULL,'sent',1750467600000,1749430800000,NULL),
('zn5nd','zp2wj','telegram','term_ending',NULL,'sent',1750640400000,NULL,NULL),
('zn5ne','zp11c','telegram','week_approved',NULL,'queued',1749776400000,1749776400000,1751418000000),
('zn5nf','zp13m','inapp','week_approved',NULL,'queued',1750640400000,1749258000000,1751158800000),
('zn5ng','zp2v','telegram','layer_approval_needed',NULL,'queued',1750294800000,1750208400000,NULL),
('zn5nh','zp18x','inapp','entry_reminder',NULL,'sent',1750381200000,1751158800000,NULL),
('zn5ni','zpds','inapp','term_ending',NULL,'sent',1749603600000,1751245200000,NULL),
('zn5nj','zpi9','inapp','term_ending',NULL,'sent',1749517200000,NULL,NULL),
('zn5nk','zpny','inapp','term_ending',NULL,'sent',1749862800000,NULL,1751850000000),
('zn5nl','zp1lc','inapp','layer_approval_needed',NULL,'sent',1750899600000,1750381200000,1751504400000),
('zn5nm','zpbz','inapp','entry_reminder',NULL,'sent',1751677200000,1749862800000,1751590800000),
('zn5nn','zpu8','inapp','week_rejected',NULL,'queued',1751245200000,1749430800000,NULL),
('zn5no','zp118','telegram','entry_reminder',NULL,'sent',1751504400000,1749949200000,1751763600000),
('zn5np','zpj0','telegram','week_rejected',NULL,'sent',1751763600000,NULL,1751158800000),
('zn5nq','zpz0','telegram','entry_reminder',NULL,'queued',1749258000000,NULL,1751418000000),
('zn5nr','zpvq','inapp','term_ending',NULL,'sent',1751158800000,NULL,NULL),
('zn5ns','zp12t','inapp','week_rejected',NULL,'sent',1750726800000,NULL,NULL),
('zn5nt','zp15p','telegram','term_ending',NULL,'sent',1749690000000,NULL,NULL),
('zn5nu','zp13u','inapp','week_approved',NULL,'sent',1749862800000,NULL,1751158800000),
('zn5nv','zp1e1','inapp','term_ending',NULL,'sent',1751072400000,1751418000000,NULL),
('zn5nw','zp2b1','inapp','week_rejected',NULL,'queued',1749344400000,1750726800000,NULL),
('zn5nx','zpk7','inapp','term_ending',NULL,'sent',1750035600000,1749344400000,NULL),
('zn5ny','zp9x','inapp','term_ending',NULL,'queued',1751677200000,NULL,1751245200000),
('zn5nz','zpb1','inapp','entry_reminder',NULL,'sent',1750554000000,NULL,NULL),
('zn5o0','zpta','telegram','entry_reminder',NULL,'queued',1749862800000,1749862800000,NULL),
('zn5o1','zp15a','inapp','entry_reminder',NULL,'queued',1750640400000,1751504400000,1751677200000),
('zn5o2','zp2ia','inapp','week_rejected',NULL,'sent',1751850000000,1751590800000,NULL),
('zn5o3','zp4j','inapp','week_rejected',NULL,'queued',1750726800000,NULL,1750986000000),
('zn5o4','zp2tb','inapp','week_rejected',NULL,'sent',1751158800000,NULL,1750986000000),
('zn5o5','zpj2','telegram','entry_reminder',NULL,'sent',1750381200000,NULL,1751245200000),
('zn5o6','zpos','telegram','layer_approval_needed',NULL,'queued',1750208400000,1749776400000,1751590800000),
('zn5o7','zp35','inapp','layer_approval_needed',NULL,'sent',1749862800000,NULL,1751850000000),
('zn5o8','zpn4','inapp','entry_reminder',NULL,'sent',1751504400000,NULL,NULL),
('zn5o9','zpzk','telegram','term_ending',NULL,'sent',1750381200000,1749690000000,NULL),
('zn5oa','zp7g','telegram','week_approved',NULL,'sent',1750899600000,NULL,NULL),
('zn5ob','zp15r','telegram','term_ending',NULL,'queued',1749603600000,1750813200000,NULL),
('zn5oc','zpta','inapp','layer_approval_needed',NULL,'sent',1749258000000,1750122000000,1751763600000),
('zn5od','zp10b','inapp','week_approved',NULL,'sent',1750813200000,1750208400000,NULL),
('zn5oe','zpi5','inapp','week_approved',NULL,'sent',1751158800000,NULL,1750986000000),
('zn5of','zp7q','telegram','week_approved',NULL,'queued',1750035600000,1750726800000,1751504400000),
('zn5og','zp2b1','inapp','term_ending',NULL,'sent',1750208400000,1750467600000,NULL),
('zn5oh','zp4t','inapp','term_ending',NULL,'queued',1749517200000,1749603600000,1751590800000);
INSERT OR IGNORE INTO notifications (id,person_id,channel,kind,payload,status,created_at,sent_at,read_at) VALUES
('zn5oi','zp1hy','telegram','layer_approval_needed',NULL,'sent',1749517200000,NULL,NULL),
('zn5oj','zpb5','inapp','term_ending',NULL,'sent',1750813200000,1751590800000,NULL),
('zn5ok','zpsw','telegram','week_rejected',NULL,'queued',1750208400000,1749776400000,NULL),
('zn5ol','zp11c','inapp','week_approved',NULL,'queued',1750208400000,NULL,1751331600000),
('zn5om','zp7q','telegram','term_ending',NULL,'queued',1750899600000,NULL,NULL),
('zn5on','zp24g','inapp','layer_approval_needed',NULL,'queued',1750035600000,1750813200000,NULL),
('zn5oo','zp6k','inapp','week_rejected',NULL,'queued',1751331600000,NULL,1751418000000),
('zn5op','zpb1','inapp','entry_reminder',NULL,'queued',1749776400000,NULL,NULL),
('zn5oq','zped','telegram','week_rejected',NULL,'queued',1751331600000,NULL,1751677200000),
('zn5or','zpav','inapp','week_rejected',NULL,'queued',1749949200000,NULL,NULL),
('zn5os','zp4j','inapp','entry_reminder',NULL,'queued',1749258000000,1751590800000,NULL),
('zn5ot','zpwc','inapp','entry_reminder',NULL,'sent',1750035600000,1749517200000,NULL),
('zn5ou','zp103','telegram','entry_reminder',NULL,'queued',1749430800000,1750381200000,1751850000000),
('zn5ov','zpj6','telegram','layer_approval_needed',NULL,'sent',1750813200000,1751331600000,1751677200000),
('zn5ow','zpvw','inapp','layer_approval_needed',NULL,'queued',1750726800000,1750467600000,NULL),
('zn5ox','zpa7','telegram','week_rejected',NULL,'queued',1751245200000,1749344400000,NULL),
('zn5oy','zp3q','inapp','entry_reminder',NULL,'sent',1750899600000,NULL,NULL),
('zn5oz','zpty','inapp','week_rejected',NULL,'sent',1749603600000,1751763600000,NULL),
('zn5p0','zp4p','inapp','layer_approval_needed',NULL,'queued',1750554000000,1749776400000,1751418000000),
('zn5p1','zp17v','telegram','week_approved',NULL,'queued',1751158800000,NULL,NULL),
('zn5p2','zp168','inapp','entry_reminder',NULL,'queued',1751418000000,1751504400000,1751850000000),
('zn5p3','zpy9','inapp','layer_approval_needed',NULL,'sent',1751158800000,1751677200000,NULL),
('zn5p4','zp1j','telegram','week_rejected',NULL,'queued',1751072400000,1749949200000,NULL),
('zn5p5','zp18p','inapp','term_ending',NULL,'queued',1750035600000,NULL,NULL),
('zn5p6','zps1','inapp','week_rejected',NULL,'sent',1749517200000,1750986000000,NULL),
('zn5p7','zppr','telegram','week_approved',NULL,'queued',1749517200000,1750122000000,1751158800000),
('zn5p8','zpb9','telegram','week_approved',NULL,'sent',1749430800000,NULL,NULL),
('zn5p9','zps3','telegram','week_rejected',NULL,'sent',1750208400000,1750208400000,1751158800000),
('zn5pa','zp2l','inapp','entry_reminder',NULL,'queued',1749690000000,NULL,NULL),
('zn5pb','zp2tg','telegram','week_rejected',NULL,'sent',1750899600000,1749690000000,1751418000000),
('zn5pc','zp28z','telegram','term_ending',NULL,'sent',1750726800000,NULL,1750986000000),
('zn5pd','zpbn','telegram','week_approved',NULL,'queued',1749517200000,NULL,1751245200000),
('zn5pe','zp32p','inapp','term_ending',NULL,'sent',1751850000000,1751418000000,NULL),
('zn5pf','zp1l','telegram','term_ending',NULL,'sent',1749517200000,1749258000000,1751245200000),
('zn5pg','zppr','inapp','term_ending',NULL,'sent',1751590800000,1749776400000,NULL),
('zn5ph','zp1b','telegram','entry_reminder',NULL,'sent',1749344400000,1750640400000,1751331600000),
('zn5pi','zp103','inapp','term_ending',NULL,'sent',1751072400000,1749776400000,NULL),
('zn5pj','zpxz','inapp','layer_approval_needed',NULL,'sent',1749862800000,NULL,NULL),
('zn5pk','zp7e','telegram','week_rejected',NULL,'sent',1749430800000,NULL,1751331600000),
('zn5pl','zpj0','inapp','week_rejected',NULL,'sent',1751504400000,1751763600000,1751331600000),
('zn5pm','zpzg','telegram','week_approved',NULL,'sent',1750122000000,1749344400000,NULL),
('zn5pn','zplz','telegram','term_ending',NULL,'sent',1751677200000,1751331600000,NULL),
('zn5po','zpt6','telegram','week_rejected',NULL,'queued',1750122000000,1751245200000,1751504400000),
('zn5pp','zp6g','inapp','entry_reminder',NULL,'sent',1750986000000,1751158800000,NULL),
('zn5pq','zp95','inapp','week_rejected',NULL,'queued',1749517200000,1749344400000,NULL),
('zn5pr','zpna','telegram','term_ending',NULL,'sent',1750467600000,NULL,NULL),
('zn5ps','zp18r','telegram','week_rejected',NULL,'queued',1751850000000,1750813200000,NULL),
('zn5pt','zpo4','telegram','layer_approval_needed',NULL,'sent',1749862800000,1751850000000,1751245200000),
('zn5pu','zph','inapp','week_rejected',NULL,'queued',1751763600000,1749949200000,1751072400000),
('zn5pv','zpx6','telegram','week_rejected',NULL,'queued',1751418000000,1750986000000,1750986000000),
('zn5pw','zp6o','inapp','term_ending',NULL,'sent',1750813200000,NULL,NULL),
('zn5px','zpr1','telegram','week_rejected',NULL,'queued',1750122000000,NULL,1751245200000),
('zn5py','zpj4','inapp','term_ending',NULL,'queued',1750122000000,1749517200000,NULL),
('zn5pz','zp26i','telegram','entry_reminder',NULL,'queued',1750208400000,1749344400000,NULL),
('zn5q0','zps1','telegram','entry_reminder',NULL,'queued',1750554000000,NULL,1751590800000),
('zn5q1','zp14o','telegram','week_rejected',NULL,'sent',1750294800000,1750122000000,1751158800000),
('zn5q2','zpkw','telegram','term_ending',NULL,'sent',1749949200000,1750381200000,1750986000000),
('zn5q3','zpo2','telegram','term_ending',NULL,'queued',1749430800000,1751331600000,NULL),
('zn5q4','zp2b1','telegram','term_ending',NULL,'queued',1750986000000,1749776400000,NULL),
('zn5q5','zpqf','telegram','week_approved',NULL,'queued',1750208400000,1750813200000,1751763600000);
INSERT OR IGNORE INTO notifications (id,person_id,channel,kind,payload,status,created_at,sent_at,read_at) VALUES
('zn2664','zp1','inapp','finance_proposal','{"summary":"ضبطُ موازنة مشاريع بـ$1,500","amountUsd":0}','queued',1751677200000,NULL,NULL),
('zn2665','zp1','inapp','finance_proposal','{"summary":"تحديثُ سعر صرف ₺","amountUsd":0}','queued',1751504400000,NULL,NULL),
('zn2666','zp1','inapp','finance_proposal','{"summary":"مصروفُ «صيانة مكيّفات» $180 من صندوق general","amountUsd":180}','queued',1751504400000,NULL,NULL),
('zn2667','zp5q6','inapp','finance_decision','{"outcome":"rejected","summary":"مصروفُ «أثاث فاخر» $2,000","reason":"يتجاوز حاجةَ الشهر — قدِّم بندًا أدنى"}','sent',1751245200000,1751245200000,NULL),
('zn2668','zp5q6','inapp','finance_decision','{"outcome":"approved","summary":"تبرّعٌ $300 لصندوق general"}','sent',1750899600000,1750899600000,1750986000000);
INSERT OR IGNORE INTO journal_entries (id,entry_date,date_hijri,memo,source,source_ref,reversal_of,created_by,created_at) VALUES
('zje5q7',1737162000000,'1447-06','رصيدٌ افتتاحيّ (نقد)','opening','1110:general',NULL,'u-admin',1751850000000),
('zje5qa',1737162000000,'1447-06','رصيدٌ افتتاحيّ (نقد)','opening','1110:zakat',NULL,'u-admin',1751850000000),
('zje5qd',1737162000000,'1447-06','رصيدٌ افتتاحيّ (نقد)','opening','1110:sadaqah',NULL,'u-admin',1751850000000),
('zje5qg',1737162000000,'1447-06','رصيدٌ افتتاحيّ (نقد)','opening','1110:waqf',NULL,'u-admin',1751850000000),
('zje5qj',1737162000000,'1447-06','رصيدٌ افتتاحيّ (نقد)','opening','1110:projects',NULL,'u-admin',1751850000000),
('zje5qm',1737162000000,'1447-06','رصيدٌ افتتاحيّ (بنك)','opening','1120:general',NULL,'u-admin',1751850000000),
('zje5qp',1737162000000,'1447-06','رصيدٌ افتتاحيّ (بنك)','opening','1120:zakat',NULL,'u-admin',1751850000000),
('zje5qs',1737162000000,'1447-06','رصيدٌ افتتاحيّ (بنك)','opening','1120:sadaqah',NULL,'u-admin',1751850000000),
('zje5qv',1737162000000,'1447-06','رصيدٌ افتتاحيّ (بنك)','opening','1120:waqf',NULL,'u-admin',1751850000000),
('zje5qy',1737162000000,'1447-06','رصيدٌ افتتاحيّ (بنك)','opening','1120:projects',NULL,'u-admin',1751850000000),
('zje5r1',1737162000000,'1447-06','رصيدٌ افتتاحيّ (ل.س)','opening','1115:general',NULL,'u-admin',1751850000000),
('zje5r5',1749603600000,'1447-06-23','تبرّعٌ لصندوق waqf','donation','dref5r4',NULL,'u-admin',1751850000000),
('zje5r9',1739322000000,'1447-05-27','تبرّعٌ لصندوق zakat','donation','dref5r8',NULL,'u-admin',1751850000000),
('zje5rd',1747616400000,'1447-05-25','تبرّعٌ لصندوق general','donation','dref5rc',NULL,'u-admin',1751850000000),
('zje5rh',1740358800000,'1447-06-11','تبرّعٌ لصندوق projects','donation','dref5rg',NULL,'u-admin',1751850000000),
('zje5rl',1742864400000,'1447-05-28','تبرّعٌ لصندوق zakat','donation','dref5rk',NULL,'u-admin',1751850000000),
('zje5rp',1743642000000,'1447-05-26','تبرّعٌ لصندوق waqf','donation','dref5ro',NULL,'u-admin',1751850000000),
('zje5rt',1749171600000,'1447-05-06','تبرّعٌ لصندوق general','donation','dref5rs',NULL,'u-admin',1751850000000),
('zje5rx',1747184400000,'1447-05-08','تبرّعٌ لصندوق zakat','donation','dref5rw',NULL,'u-admin',1751850000000),
('zje5s1',1750554000000,'1447-05-22','تبرّعٌ لصندوق general','donation','dref5s0',NULL,'u-admin',1751850000000),
('zje5s5',1747443600000,'1447-05-12','تبرّعٌ لصندوق waqf','donation','dref5s4',NULL,'u-admin',1751850000000),
('zje5s9',1744592400000,'1447-04-25','تبرّعٌ لصندوق zakat','donation','dref5s8',NULL,'u-admin',1751850000000),
('zje5sd',1749258000000,'1447-06-10','تبرّعٌ لصندوق zakat','donation','dref5sc',NULL,'u-admin',1751850000000),
('zje5sh',1748912400000,'1447-05-02','تبرّعٌ لصندوق waqf','donation','dref5sg',NULL,'u-admin',1751850000000),
('zje5sl',1745888400000,'1447-05-21','تبرّعٌ لصندوق waqf','donation','dref5sk',NULL,'u-admin',1751850000000),
('zje5sp',1749085200000,'1447-05-28','تبرّعٌ لصندوق zakat','donation','dref5so',NULL,'u-admin',1751850000000),
('zje5st',1751158800000,'1447-05-02','تبرّعٌ لصندوق waqf','donation','dref5ss',NULL,'u-admin',1751850000000),
('zje5sx',1738803600000,'1447-05-10','تبرّعٌ لصندوق general','donation','dref5sw',NULL,'u-admin',1751850000000),
('zje5t1',1738458000000,'1447-05-07','تبرّعٌ لصندوق projects','donation','dref5t0',NULL,'u-admin',1751850000000),
('zje5t5',1741482000000,'1447-04-09','تبرّعٌ لصندوق waqf','donation','dref5t4',NULL,'u-admin',1751850000000),
('zje5t9',1739235600000,'1447-05-22','تبرّعٌ لصندوق projects','donation','dref5t8',NULL,'u-admin',1751850000000),
('zje5td',1739581200000,'1447-05-20','تبرّعٌ لصندوق waqf','donation','dref5tc',NULL,'u-admin',1751850000000),
('zje5th',1751331600000,'1447-04-14','تبرّعٌ لصندوق general','donation','dref5tg',NULL,'u-admin',1751850000000),
('zje5tl',1742346000000,'1447-04-20','تبرّعٌ لصندوق waqf','donation','dref5tk',NULL,'u-admin',1751850000000),
('zje5tp',1747270800000,'1447-06-19','تبرّعٌ لصندوق projects','donation','dref5to',NULL,'u-admin',1751850000000),
('zje5tt',1745197200000,'1447-04-09','تبرّعٌ لصندوق general','donation','dref5ts',NULL,'u-admin',1751850000000),
('zje5tx',1749517200000,'1447-05-04','تبرّعٌ لصندوق sadaqah','donation','dref5tw',NULL,'u-admin',1751850000000),
('zje5u1',1737248400000,'1447-06-25','تبرّعٌ لصندوق general','donation','dref5u0',NULL,'u-admin',1751850000000),
('zje5u5',1746061200000,'1447-04-02','تبرّعٌ لصندوق general','donation','dref5u4',NULL,'u-admin',1751850000000),
('zje5u9',1748998800000,'1447-05-27','تبرّعٌ لصندوق waqf','donation','dref5u8',NULL,'u-admin',1751850000000),
('zje5ud',1742950800000,'1447-06-21','تبرّعٌ لصندوق general','donation','dref5uc',NULL,'u-admin',1751850000000),
('zje5uh',1750467600000,'1447-04-01','تبرّعٌ لصندوق zakat','donation','dref5ug',NULL,'u-admin',1751850000000),
('zje5ul',1745024400000,'1447-06-28','تبرّعٌ لصندوق sadaqah','donation','dref5uk',NULL,'u-admin',1751850000000),
('zje5up',1740186000000,'1447-04-17','تبرّعٌ لصندوق general','donation','dref5uo',NULL,'u-admin',1751850000000),
('zje5ut',1738026000000,'1447-05-09','تبرّعٌ لصندوق waqf','donation','dref5us',NULL,'u-admin',1751850000000),
('zje5ux',1750467600000,'1447-05-23','تبرّعٌ لصندوق waqf','donation','dref5uw',NULL,'u-admin',1751850000000),
('zje5v1',1746925200000,'1447-06-04','تبرّعٌ لصندوق waqf','donation','dref5v0',NULL,'u-admin',1751850000000),
('zje5v5',1744678800000,'1447-06-22','تبرّعٌ لصندوق waqf','donation','dref5v4',NULL,'u-admin',1751850000000),
('zje5v9',1751158800000,'1447-06-05','تبرّعٌ لصندوق general','donation','dref5v8',NULL,'u-admin',1751850000000),
('zje5vd',1737507600000,'1447-04-23','تبرّعٌ لصندوق general','donation','dref5vc',NULL,'u-admin',1751850000000),
('zje5vh',1739062800000,'1447-05-28','تبرّعٌ لصندوق general','donation','dref5vg',NULL,'u-admin',1751850000000),
('zje5vl',1737334800000,'1447-05-10','تدفئة','expense','eref5vk',NULL,'u-admin',1751850000000),
('zje5vp',1751245200000,'1447-05-28','صيانة','expense','eref5vo',NULL,'u-admin',1751850000000),
('zje5vt',1740013200000,'1447-05-08','محروقات مولّد','expense','eref5vs',NULL,'u-admin',1751850000000),
('zje5vx',1747616400000,'1447-04-09','صيانة','expense','eref5vw',NULL,'u-admin',1751850000000),
('zje5w1',1747789200000,'1447-04-28','قرطاسية','expense','eref5w0',NULL,'u-admin',1751850000000),
('zje5w5',1750122000000,'1447-06-20','تدفئة','expense','eref5w4',NULL,'u-admin',1751850000000),
('zje5w9',1746234000000,'1447-05-03','صيانة','expense','eref5w8',NULL,'u-admin',1751850000000),
('zje5wd',1746925200000,'1447-06-24','محروقات مولّد','expense','eref5wc',NULL,'u-admin',1751850000000),
('zje5wh',1749949200000,'1447-04-03','صيانة','expense','eref5wg',NULL,'u-admin',1751850000000);
INSERT OR IGNORE INTO journal_entries (id,entry_date,date_hijri,memo,source,source_ref,reversal_of,created_by,created_at) VALUES
('zje5wl',1739322000000,'1447-05-20','صيانة','expense','eref5wk',NULL,'u-admin',1751850000000),
('zje5wp',1744160400000,'1447-05-12','قرطاسية','expense','eref5wo',NULL,'u-admin',1751850000000),
('zje5wt',1745802000000,'1447-05-23','تدفئة','expense','eref5ws',NULL,'u-admin',1751850000000),
('zje5wx',1743382800000,'1447-06-14','صيانة','expense','eref5ww',NULL,'u-admin',1751850000000),
('zje5x1',1743814800000,'1447-05-16','كهرباء وماء','expense','eref5x0',NULL,'u-admin',1751850000000),
('zje5x5',1739926800000,'1447-04-19','كهرباء وماء','expense','eref5x4',NULL,'u-admin',1751850000000),
('zje5x9',1747098000000,'1447-05-18','قرطاسية','expense','eref5x8',NULL,'u-admin',1751850000000),
('zje5xd',1737421200000,'1447-04-19','محروقات مولّد','expense','eref5xc',NULL,'u-admin',1751850000000),
('zje5xh',1742864400000,'1447-06-20','تدفئة','expense','eref5xg',NULL,'u-admin',1751850000000),
('zje5xl',1741741200000,'1447-06-16','كهرباء وماء','expense','eref5xk',NULL,'u-admin',1751850000000),
('zje5xp',1743037200000,'1447-04-18','كهرباء وماء','expense','eref5xo',NULL,'u-admin',1751850000000),
('zje5xt',1737594000000,'1447-04-13','كهرباء وماء','expense','eref5xs',NULL,'u-admin',1751850000000),
('zje5xx',1751504400000,'1447-06-04','قرطاسية','expense','eref5xw',NULL,'u-admin',1751850000000),
('zje5y1',1751504400000,'1447-06-06','صيانة','expense','eref5y0',NULL,'u-admin',1751850000000),
('zje5y5',1745888400000,'1447-06-11','تدفئة','expense','eref5y4',NULL,'u-admin',1751850000000),
('zje5y9',1743469200000,'1447-06-20','كهرباء وماء','expense','eref5y8',NULL,'u-admin',1751850000000),
('zje5yd',1742691600000,'1447-05-16','صيانة','expense','eref5yc',NULL,'u-admin',1751850000000),
('zje5yh',1749862800000,'1447-05-08','تدفئة','expense','eref5yg',NULL,'u-admin',1751850000000),
('zje5yl',1750986000000,'1447-04-08','كهرباء وماء','expense','eref5yk',NULL,'u-admin',1751850000000),
('zje5yp',1744938000000,'1447-05-17','قرطاسية','expense','eref5yo',NULL,'u-admin',1751850000000),
('zje5yt',1745283600000,'1447-05-28','كهرباء وماء','expense','eref5ys',NULL,'u-admin',1751850000000),
('zje5yx',1738803600000,'1447-06','راتبٌ/مكافأةٌ مصروفة','payout','pref5yw',NULL,'u-admin',1751850000000),
('zje5z1',1742346000000,'1447-06','راتبٌ/مكافأةٌ مصروفة','payout','pref5z0',NULL,'u-admin',1751850000000),
('zje5z5',1739926800000,'1447-06','راتبٌ/مكافأةٌ مصروفة','payout','pref5z4',NULL,'u-admin',1751850000000),
('zje5z9',1748048400000,'1447-06','راتبٌ/مكافأةٌ مصروفة','payout','pref5z8',NULL,'u-admin',1751850000000),
('zje5zd',1747443600000,'1447-06','راتبٌ/مكافأةٌ مصروفة','payout','pref5zc',NULL,'u-admin',1751850000000),
('zje5zh',1742950800000,'1447-06','راتبٌ/مكافأةٌ مصروفة','payout','pref5zg',NULL,'u-admin',1751850000000),
('zje5zl',1744851600000,'1447-06','راتبٌ/مكافأةٌ مصروفة','payout','pref5zk',NULL,'u-admin',1751850000000),
('zje5zp',1738371600000,'1447-06','راتبٌ/مكافأةٌ مصروفة','payout','pref5zo',NULL,'u-admin',1751850000000),
('zje5zt',1744074000000,'1447-06','راتبٌ/مكافأةٌ مصروفة','payout','pref5zs',NULL,'u-admin',1751850000000),
('zje5zx',1738803600000,'1447-06','راتبٌ/مكافأةٌ مصروفة','payout','pref5zw',NULL,'u-admin',1751850000000),
('zje601',1748739600000,'1447-06','راتبٌ/مكافأةٌ مصروفة','payout','pref600',NULL,'u-admin',1751850000000),
('zje605',1748048400000,'1447-06','راتبٌ/مكافأةٌ مصروفة','payout','pref604',NULL,'u-admin',1751850000000);
INSERT OR IGNORE INTO journal_lines (id,entry_id,account_id,fund_id,debit_cents,credit_cents,currency,amount_orig) VALUES
('zjl5q8','zje5q7','1110','general',720000,0,NULL,NULL),
('zjl5q9','zje5q7','3100','general',0,720000,NULL,NULL),
('zjl5qb','zje5qa','1110','zakat',480000,0,NULL,NULL),
('zjl5qc','zje5qa','3100','zakat',0,480000,NULL,NULL),
('zjl5qe','zje5qd','1110','sadaqah',240000,0,NULL,NULL),
('zjl5qf','zje5qd','3100','sadaqah',0,240000,NULL,NULL),
('zjl5qh','zje5qg','1110','waqf',360000,0,NULL,NULL),
('zjl5qi','zje5qg','3100','waqf',0,360000,NULL,NULL),
('zjl5qk','zje5qj','1110','projects',180000,0,NULL,NULL),
('zjl5ql','zje5qj','3100','projects',0,180000,NULL,NULL),
('zjl5qn','zje5qm','1120','general',480000,0,NULL,NULL),
('zjl5qo','zje5qm','3100','general',0,480000,NULL,NULL),
('zjl5qq','zje5qp','1120','zakat',320000,0,NULL,NULL),
('zjl5qr','zje5qp','3100','zakat',0,320000,NULL,NULL),
('zjl5qt','zje5qs','1120','sadaqah',160000,0,NULL,NULL),
('zjl5qu','zje5qs','3100','sadaqah',0,160000,NULL,NULL),
('zjl5qw','zje5qv','1120','waqf',240000,0,NULL,NULL),
('zjl5qx','zje5qv','3100','waqf',0,240000,NULL,NULL),
('zjl5qz','zje5qy','1120','projects',120000,0,NULL,NULL),
('zjl5r0','zje5qy','3100','projects',0,120000,NULL,NULL),
('zjl5r2','zje5r1','1115','general',50000,0,'SYP',6500000),
('zjl5r3','zje5r1','3100','general',0,50000,NULL,NULL),
('zjl5r6','zje5r5','1110','waqf',30000,0,NULL,NULL),
('zjl5r7','zje5r5','4100','waqf',0,30000,NULL,NULL),
('zjl5ra','zje5r9','1120','zakat',10000,0,NULL,NULL),
('zjl5rb','zje5r9','4100','zakat',0,10000,NULL,NULL),
('zjl5re','zje5rd','1120','general',10000,0,NULL,NULL),
('zjl5rf','zje5rd','4100','general',0,10000,NULL,NULL),
('zjl5ri','zje5rh','1110','projects',100000,0,NULL,NULL),
('zjl5rj','zje5rh','4100','projects',0,100000,NULL,NULL),
('zjl5rm','zje5rl','1110','zakat',30000,0,NULL,NULL),
('zjl5rn','zje5rl','4100','zakat',0,30000,NULL,NULL),
('zjl5rq','zje5rp','1110','waqf',50000,0,NULL,NULL),
('zjl5rr','zje5rp','4100','waqf',0,50000,NULL,NULL),
('zjl5ru','zje5rt','1110','general',100000,0,NULL,NULL),
('zjl5rv','zje5rt','4100','general',0,100000,NULL,NULL),
('zjl5ry','zje5rx','1110','zakat',10000,0,NULL,NULL),
('zjl5rz','zje5rx','4100','zakat',0,10000,NULL,NULL),
('zjl5s2','zje5s1','1110','general',100000,0,NULL,NULL),
('zjl5s3','zje5s1','4100','general',0,100000,NULL,NULL),
('zjl5s6','zje5s5','1110','waqf',20000,0,NULL,NULL),
('zjl5s7','zje5s5','4100','waqf',0,20000,NULL,NULL),
('zjl5sa','zje5s9','1120','zakat',20000,0,NULL,NULL),
('zjl5sb','zje5s9','4100','zakat',0,20000,NULL,NULL),
('zjl5se','zje5sd','1110','zakat',100000,0,NULL,NULL),
('zjl5sf','zje5sd','4100','zakat',0,100000,NULL,NULL),
('zjl5si','zje5sh','1120','waqf',75000,0,NULL,NULL),
('zjl5sj','zje5sh','4100','waqf',0,75000,NULL,NULL),
('zjl5sm','zje5sl','1120','waqf',75000,0,NULL,NULL),
('zjl5sn','zje5sl','4100','waqf',0,75000,NULL,NULL),
('zjl5sq','zje5sp','1110','zakat',10000,0,NULL,NULL),
('zjl5sr','zje5sp','4100','zakat',0,10000,NULL,NULL),
('zjl5su','zje5st','1110','waqf',100000,0,NULL,NULL),
('zjl5sv','zje5st','4100','waqf',0,100000,NULL,NULL),
('zjl5sy','zje5sx','1120','general',10000,0,NULL,NULL),
('zjl5sz','zje5sx','4100','general',0,10000,NULL,NULL),
('zjl5t2','zje5t1','1110','projects',10000,0,NULL,NULL),
('zjl5t3','zje5t1','4100','projects',0,10000,NULL,NULL),
('zjl5t6','zje5t5','1110','waqf',10000,0,NULL,NULL),
('zjl5t7','zje5t5','4100','waqf',0,10000,NULL,NULL);
INSERT OR IGNORE INTO journal_lines (id,entry_id,account_id,fund_id,debit_cents,credit_cents,currency,amount_orig) VALUES
('zjl5ta','zje5t9','1110','projects',10000,0,NULL,NULL),
('zjl5tb','zje5t9','4100','projects',0,10000,NULL,NULL),
('zjl5te','zje5td','1110','waqf',10000,0,NULL,NULL),
('zjl5tf','zje5td','4100','waqf',0,10000,NULL,NULL),
('zjl5ti','zje5th','1120','general',30000,0,NULL,NULL),
('zjl5tj','zje5th','4100','general',0,30000,NULL,NULL),
('zjl5tm','zje5tl','1110','waqf',20000,0,NULL,NULL),
('zjl5tn','zje5tl','4100','waqf',0,20000,NULL,NULL),
('zjl5tq','zje5tp','1120','projects',10000,0,NULL,NULL),
('zjl5tr','zje5tp','4100','projects',0,10000,NULL,NULL),
('zjl5tu','zje5tt','1120','general',20000,0,NULL,NULL),
('zjl5tv','zje5tt','4100','general',0,20000,NULL,NULL),
('zjl5ty','zje5tx','1110','sadaqah',75000,0,NULL,NULL),
('zjl5tz','zje5tx','4100','sadaqah',0,75000,NULL,NULL),
('zjl5u2','zje5u1','1110','general',10000,0,NULL,NULL),
('zjl5u3','zje5u1','4100','general',0,10000,NULL,NULL),
('zjl5u6','zje5u5','1110','general',50000,0,NULL,NULL),
('zjl5u7','zje5u5','4100','general',0,50000,NULL,NULL),
('zjl5ua','zje5u9','1120','waqf',30000,0,NULL,NULL),
('zjl5ub','zje5u9','4100','waqf',0,30000,NULL,NULL),
('zjl5ue','zje5ud','1110','general',75000,0,NULL,NULL),
('zjl5uf','zje5ud','4100','general',0,75000,NULL,NULL),
('zjl5ui','zje5uh','1110','zakat',100000,0,NULL,NULL),
('zjl5uj','zje5uh','4100','zakat',0,100000,NULL,NULL),
('zjl5um','zje5ul','1120','sadaqah',30000,0,NULL,NULL),
('zjl5un','zje5ul','4100','sadaqah',0,30000,NULL,NULL),
('zjl5uq','zje5up','1110','general',100000,0,NULL,NULL),
('zjl5ur','zje5up','4100','general',0,100000,NULL,NULL),
('zjl5uu','zje5ut','1110','waqf',75000,0,NULL,NULL),
('zjl5uv','zje5ut','4100','waqf',0,75000,NULL,NULL),
('zjl5uy','zje5ux','1120','waqf',100000,0,NULL,NULL),
('zjl5uz','zje5ux','4100','waqf',0,100000,NULL,NULL),
('zjl5v2','zje5v1','1110','waqf',75000,0,NULL,NULL),
('zjl5v3','zje5v1','4100','waqf',0,75000,NULL,NULL),
('zjl5v6','zje5v5','1110','waqf',50000,0,NULL,NULL),
('zjl5v7','zje5v5','4100','waqf',0,50000,NULL,NULL),
('zjl5va','zje5v9','1120','general',75000,0,NULL,NULL),
('zjl5vb','zje5v9','4100','general',0,75000,NULL,NULL),
('zjl5ve','zje5vd','1120','general',10000,0,NULL,NULL),
('zjl5vf','zje5vd','4100','general',0,10000,NULL,NULL),
('zjl5vi','zje5vh','1120','general',20000,0,NULL,NULL),
('zjl5vj','zje5vh','4100','general',0,20000,NULL,NULL),
('zjl5vm','zje5vl','5200','waqf',35000,0,NULL,NULL),
('zjl5vn','zje5vl','1110','waqf',0,35000,NULL,NULL),
('zjl5vq','zje5vp','5300','projects',35000,0,NULL,NULL),
('zjl5vr','zje5vp','1110','projects',0,35000,NULL,NULL),
('zjl5vu','zje5vt','5200','waqf',12000,0,NULL,NULL),
('zjl5vv','zje5vt','1110','waqf',0,12000,NULL,NULL),
('zjl5vy','zje5vx','5300','waqf',4000,0,NULL,NULL),
('zjl5vz','zje5vx','1110','waqf',0,4000,NULL,NULL),
('zjl5w2','zje5w1','5300','waqf',35000,0,NULL,NULL),
('zjl5w3','zje5w1','1110','waqf',0,35000,NULL,NULL),
('zjl5w6','zje5w5','5200','projects',8000,0,NULL,NULL),
('zjl5w7','zje5w5','1110','projects',0,8000,NULL,NULL),
('zjl5wa','zje5w9','5300','waqf',4000,0,NULL,NULL),
('zjl5wb','zje5w9','1110','waqf',0,4000,NULL,NULL),
('zjl5we','zje5wd','5300','general',20000,0,NULL,NULL),
('zjl5wf','zje5wd','1110','general',0,20000,NULL,NULL),
('zjl5wi','zje5wh','5200','general',8000,0,NULL,NULL),
('zjl5wj','zje5wh','1110','general',0,8000,NULL,NULL);
INSERT OR IGNORE INTO journal_lines (id,entry_id,account_id,fund_id,debit_cents,credit_cents,currency,amount_orig) VALUES
('zjl5wm','zje5wl','5200','general',20000,0,NULL,NULL),
('zjl5wn','zje5wl','1110','general',0,20000,NULL,NULL),
('zjl5wq','zje5wp','5300','general',8000,0,NULL,NULL),
('zjl5wr','zje5wp','1110','general',0,8000,NULL,NULL),
('zjl5wu','zje5wt','5300','waqf',20000,0,NULL,NULL),
('zjl5wv','zje5wt','1110','waqf',0,20000,NULL,NULL),
('zjl5wy','zje5wx','5200','projects',35000,0,NULL,NULL),
('zjl5wz','zje5wx','1110','projects',0,35000,NULL,NULL),
('zjl5x2','zje5x1','5200','waqf',4000,0,NULL,NULL),
('zjl5x3','zje5x1','1110','waqf',0,4000,NULL,NULL),
('zjl5x6','zje5x5','5200','waqf',12000,0,NULL,NULL),
('zjl5x7','zje5x5','1110','waqf',0,12000,NULL,NULL),
('zjl5xa','zje5x9','5200','general',20000,0,NULL,NULL),
('zjl5xb','zje5x9','1110','general',0,20000,NULL,NULL),
('zjl5xe','zje5xd','5300','general',4000,0,NULL,NULL),
('zjl5xf','zje5xd','1110','general',0,4000,NULL,NULL),
('zjl5xi','zje5xh','5200','waqf',8000,0,NULL,NULL),
('zjl5xj','zje5xh','1110','waqf',0,8000,NULL,NULL),
('zjl5xm','zje5xl','5300','general',35000,0,NULL,NULL),
('zjl5xn','zje5xl','1110','general',0,35000,NULL,NULL),
('zjl5xq','zje5xp','5200','waqf',35000,0,NULL,NULL),
('zjl5xr','zje5xp','1110','waqf',0,35000,NULL,NULL),
('zjl5xu','zje5xt','5200','general',12000,0,NULL,NULL),
('zjl5xv','zje5xt','1110','general',0,12000,NULL,NULL),
('zjl5xy','zje5xx','5200','projects',20000,0,NULL,NULL),
('zjl5xz','zje5xx','1110','projects',0,20000,NULL,NULL),
('zjl5y2','zje5y1','5200','general',8000,0,NULL,NULL),
('zjl5y3','zje5y1','1110','general',0,8000,NULL,NULL),
('zjl5y6','zje5y5','5200','general',12000,0,NULL,NULL),
('zjl5y7','zje5y5','1110','general',0,12000,NULL,NULL),
('zjl5ya','zje5y9','5200','waqf',35000,0,NULL,NULL),
('zjl5yb','zje5y9','1110','waqf',0,35000,NULL,NULL),
('zjl5ye','zje5yd','5300','projects',12000,0,NULL,NULL),
('zjl5yf','zje5yd','1110','projects',0,12000,NULL,NULL),
('zjl5yi','zje5yh','5200','general',4000,0,NULL,NULL),
('zjl5yj','zje5yh','1110','general',0,4000,NULL,NULL),
('zjl5ym','zje5yl','5200','waqf',12000,0,NULL,NULL),
('zjl5yn','zje5yl','1110','waqf',0,12000,NULL,NULL),
('zjl5yq','zje5yp','5200','waqf',4000,0,NULL,NULL),
('zjl5yr','zje5yp','1110','waqf',0,4000,NULL,NULL),
('zjl5yu','zje5yt','5300','general',4000,0,NULL,NULL),
('zjl5yv','zje5yt','1110','general',0,4000,NULL,NULL),
('zjl5yy','zje5yx','5100','general',5000,0,NULL,NULL),
('zjl5yz','zje5yx','1110','general',0,5000,NULL,NULL),
('zjl5z2','zje5z1','5100','general',5000,0,NULL,NULL),
('zjl5z3','zje5z1','1110','general',0,5000,NULL,NULL),
('zjl5z6','zje5z5','5100','general',15000,0,NULL,NULL),
('zjl5z7','zje5z5','1110','general',0,15000,NULL,NULL),
('zjl5za','zje5z9','5100','general',10000,0,NULL,NULL),
('zjl5zb','zje5z9','1110','general',0,10000,NULL,NULL),
('zjl5ze','zje5zd','5100','general',10000,0,NULL,NULL),
('zjl5zf','zje5zd','1110','general',0,10000,NULL,NULL),
('zjl5zi','zje5zh','5100','general',20000,0,NULL,NULL),
('zjl5zj','zje5zh','1110','general',0,20000,NULL,NULL),
('zjl5zm','zje5zl','5100','general',5000,0,NULL,NULL),
('zjl5zn','zje5zl','1110','general',0,5000,NULL,NULL),
('zjl5zq','zje5zp','5100','general',5000,0,NULL,NULL),
('zjl5zr','zje5zp','1110','general',0,5000,NULL,NULL),
('zjl5zu','zje5zt','5100','general',5000,0,NULL,NULL),
('zjl5zv','zje5zt','1110','general',0,5000,NULL,NULL);
INSERT OR IGNORE INTO journal_lines (id,entry_id,account_id,fund_id,debit_cents,credit_cents,currency,amount_orig) VALUES
('zjl5zy','zje5zx','5100','general',10000,0,NULL,NULL),
('zjl5zz','zje5zx','1110','general',0,10000,NULL,NULL),
('zjl602','zje601','5100','general',20000,0,NULL,NULL),
('zjl603','zje601','1110','general',0,20000,NULL,NULL),
('zjl606','zje605','5100','general',10000,0,NULL,NULL),
('zjl607','zje605','1110','general',0,10000,NULL,NULL);
INSERT OR IGNORE INTO donors (id,name,phone,note,created_at) VALUES
('zdnr608','زيد السالم','0930216391',NULL,1730422800000),
('zdnr609','يوسف الحريري',NULL,NULL,1743814800000),
('zdnr60a','عمر القاسم','0992809758','من أهل الخير',1726102800000),
('zdnr60b','مصطفى الديب','0980746216',NULL,1738803600000),
('zdnr60c','عبدالرحمن الخطيب',NULL,NULL,1737421200000),
('zdnr60d','عبدالرحمن الحموي','0975651679',NULL,1737594000000),
('zdnr60e','عثمان الزعبي','0926131441','من أهل الخير',1739581200000),
('zdnr60f','عبدالله الحموي','0939613937',NULL,1748998800000),
('zdnr60g','إبراهيم الحسن','0988304413',NULL,1745715600000),
('zdnr60h','بلال القاسم','0988709163',NULL,1742086800000),
('zdnr60i','معاذ الرفاعي','0910469841',NULL,1739149200000),
('zdnr60j','علي السالم','0998752259',NULL,1743382800000),
('zdnr60k','خالد الأحمد','0985105629','محسنٌ دائم',1737248400000),
('zdnr60l','حمزة الديب','0913224164',NULL,1743987600000),
('zdnr60m','إبراهيم الديب',NULL,NULL,1742691600000),
('zdnr60n','طارق الإدلبي',NULL,NULL,1735261200000),
('zdnr60o','بلال الصالح','0959839146',NULL,1733274000000),
('zdnr60p','حسين الخطيب','0915408614',NULL,1727830800000),
('zdnr60q','طارق الديب','0975045551',NULL,1744333200000),
('zdnr60r','حمزة القاسم','0925386779',NULL,1735520400000),
('zdnr60s','يوسف الحموي','0974478094',NULL,1739149200000),
('zdnr60t','صهيب الحلبي','0967210653',NULL,1740790800000),
('zdnr60u','سعيد الخطيب','0974560587',NULL,1729990800000),
('zdnr60v','عمر البكري','0998076646',NULL,1729299600000),
('zdnr60w','أحمد الحلبي','0954574847',NULL,1728349200000),
('zdnr60x','خالد الديب','0983511633',NULL,1738285200000),
('zdnr60y','أسامة الرفاعي','0910145672',NULL,1729904400000),
('zdnr60z','عبدالله البكري',NULL,NULL,1726016400000),
('zdnr610','عمر الزعبي','0993955696',NULL,1738717200000),
('zdnr611','علي الجاسم',NULL,'محسنٌ دائم',1742864400000);
INSERT OR IGNORE INTO pledges (id,donor_id,fund_id,amount,fulfilled,due_at,status,note,created_by,created_at) VALUES
('zplg612','zdnr60f','zakat',1000,250,1754787600000,'open','تعهّدٌ لمشروع المصلّى','u-admin',1750381200000),
('zplg613','zdnr60h','projects',2000,0,1755565200000,'open',NULL,'u-admin',1745802000000),
('zplg614','zdnr60j','waqf',2000,500,1753491600000,'open',NULL,'u-admin',1745542800000),
('zplg615','zdnr60k','general',5000,5000,1760749200000,'fulfilled',NULL,'u-admin',1747270800000),
('zplg616','zdnr60l','projects',1000,0,1759971600000,'open','تعهّدٌ لمشروع المصلّى','u-admin',1748912400000),
('zplg617','zdnr60o','general',2000,1000,1759280400000,'open','تعهّدٌ لمشروع المصلّى','u-admin',1750899600000),
('zplg618','zdnr60p','general',5000,5000,1756947600000,'fulfilled',NULL,'u-admin',1749344400000),
('zplg619','zdnr60q','waqf',500,125,1753232400000,'open',NULL,'u-admin',1748912400000),
('zplg61a','zdnr60t','general',2000,1000,1756774800000,'open',NULL,'u-admin',1749862800000),
('zplg61b','zdnr60u','zakat',2000,2000,1755651600000,'fulfilled',NULL,'u-admin',1745974800000),
('zplg61c','zdnr60v','zakat',5000,2500,1759280400000,'open','تعهّدٌ لمشروع المصلّى','u-admin',1745629200000),
('zplg61d','zdnr60x','projects',500,500,1760403600000,'fulfilled',NULL,'u-admin',1744246800000),
('zplg61e','zdnr610','waqf',5000,0,1761526800000,'open',NULL,'u-admin',1749603600000);
INSERT OR IGNORE INTO budgets (id,period,fund_id,account_id,amount,note,created_by,created_at) VALUES
('zbdg61f','1447-05','general','5100',1000,NULL,'u-admin',1748998800000),
('zbdg61g','1447-05','zakat','5300',1000,NULL,'u-admin',1747011600000),
('zbdg61h','1447-05','sadaqah','5200',5000,NULL,'u-admin',1745629200000),
('zbdg61i','1447-05','waqf','5200',2000,NULL,'u-admin',1749171600000),
('zbdg61j','1447-05','projects','5100',2000,NULL,'u-admin',1749171600000),
('zbdg61k','1447-06','general','5300',5000,NULL,'u-admin',1750122000000),
('zbdg61l','1447-06','zakat','5200',5000,NULL,'u-admin',1748394000000),
('zbdg61m','1447-06','sadaqah','5100',5000,NULL,'u-admin',1746925200000),
('zbdg61n','1447-06','waqf','5200',5000,NULL,'u-admin',1746406800000),
('zbdg61o','1447-06','projects','5100',2000,NULL,'u-admin',1746838800000);
INSERT OR IGNORE INTO expense_claims (id,mosque_id,fund_id,category,amount,note,status,requested_by,requested_at,decided_by,decided_at,reject_reason,expense_id,receipt_url) VALUES
('zclm61p','zm11s','general','طباعة مطويات',600,NULL,'pending','u-admin',1750122000000,NULL,NULL,NULL,NULL,NULL),
('zclm61q','zmd','general','طباعة مطويات',60,'مرفقٌ الإيصال','approved','u-admin',1749949200000,'u-admin',1750294800000,NULL,NULL,NULL),
('zclm61r','zm26','waqf','أدوات نظافة',600,'مرفقٌ الإيصال','pending','u-admin',1749258000000,NULL,NULL,NULL,NULL,NULL),
('zclm61s','zm18o','waqf','إكرام ضيف',250,'مرفقٌ الإيصال','approved','u-finance',1749085200000,'u-admin',1750640400000,NULL,NULL,NULL),
('zclm61t','zmiz','projects','صيانة سبورة',400,NULL,'approved','u-finance',1751245200000,'u-admin',1751763600000,NULL,NULL,NULL),
('zclm61u','zmun','waqf','أدوات نظافة',250,NULL,'pending','u-admin',1750035600000,NULL,NULL,NULL,NULL,'/media/receipt-sample.jpg'),
('zclm61v','zm6b','waqf','أدوات نظافة',250,'مرفقٌ الإيصال','pending','u-admin',1750035600000,NULL,NULL,NULL,NULL,'/media/receipt-sample.jpg'),
('zclm61w','zmbk','waqf','شراء مكيّف',60,'مرفقٌ الإيصال','approved','u-admin',1750726800000,'u-admin',1750986000000,NULL,NULL,NULL),
('zclm61x','zmxu','projects','إكرام ضيف',400,'مرفقٌ الإيصال','rejected','u-finance',1750467600000,'u-admin',1750986000000,'يتجاوز الموازنة',NULL,NULL),
('zclm61y','zmx1','general','صيانة سبورة',120,'مرفقٌ الإيصال','pending','u-admin',1749085200000,NULL,NULL,NULL,NULL,NULL),
('zclm61z','zm5c','waqf','شراء مكيّف',600,NULL,'pending','u-finance',1748653200000,NULL,NULL,NULL,NULL,NULL),
('zclm620','zmiz','waqf','صيانة سبورة',600,NULL,'pending','u-finance',1750122000000,NULL,NULL,NULL,NULL,NULL),
('zclm621','zmzw','projects','إكرام ضيف',600,NULL,'pending','u-finance',1749085200000,NULL,NULL,NULL,NULL,'/media/receipt-sample.jpg'),
('zclm622','zmkv','projects','صيانة سبورة',250,'مرفقٌ الإيصال','rejected','u-finance',1750554000000,'u-admin',1750122000000,'بندٌ غيرُ ضروريّ الآن',NULL,NULL),
('zclm623','zmq0','general','شراء مكيّف',250,NULL,'approved','u-admin',1748912400000,'u-admin',1750899600000,NULL,NULL,NULL),
('zclm624','zmry','general','شراء مكيّف',60,NULL,'rejected','u-admin',1750554000000,'u-admin',1751331600000,'يلزم عرضُ سعرٍ ثانٍ',NULL,'/media/receipt-sample.jpg'),
('zclm625','zm26','general','شراء مكيّف',120,NULL,'pending','u-admin',1750294800000,NULL,NULL,NULL,NULL,NULL),
('zclm626','zm9w','waqf','طباعة مطويات',600,NULL,'rejected','u-finance',1750640400000,'u-admin',1751504400000,'بندٌ غيرُ ضروريّ الآن',NULL,NULL),
('zclm627','zm15z','projects','شراء مكيّف',60,NULL,'approved','u-admin',1751590800000,'u-admin',1750986000000,NULL,NULL,'/media/receipt-sample.jpg'),
('zclm628','zmnv','projects','أدوات نظافة',60,'مرفقٌ الإيصال','pending','u-finance',1751158800000,NULL,NULL,NULL,NULL,NULL);
INSERT OR IGNORE INTO staff_advances (id,person_id,principal,balance,monthly_deduction,fund_id,status,note,created_by,created_at) VALUES
('zadv629','zpzi',200,200,50,'general','active',NULL,'u-admin',1742173200000),
('zadv62a','zp11c',300,300,50,'general','active',NULL,'u-admin',1749258000000),
('zadv62b','zpl',500,400,80,'general','active','سلفةٌ تُستردّ أقساطًا','u-admin',1749171600000),
('zadv62c','zp11x',300,300,50,'general','active',NULL,'u-admin',1749862800000),
('zadv62d','zpax',200,200,50,'general','active',NULL,'u-admin',1743728400000),
('zadv62e','zptu',200,200,50,'general','active',NULL,'u-admin',1746579600000),
('zadv62f','zp10d',300,300,80,'general','active','سلفةٌ تُستردّ أقساطًا','u-admin',1742173200000),
('zadv62g','zp6o',200,160,80,'general','active',NULL,'u-admin',1747702800000),
('zadv62h','zpaz',200,200,50,'general','active','سلفةٌ تُستردّ أقساطًا','u-admin',1746752400000),
('zadv62i','zpfn',500,500,100,'general','active','سلفةٌ تُستردّ أقساطًا','u-admin',1745715600000);
INSERT OR IGNORE INTO petty_cash_boxes (id,name,custodian_person_id,custodian_name,float_amount,balance,fund_id,status,created_by,created_at) VALUES
('zpcb62j','نثرية الصيانة','zp162','إبراهيم السالم',300,240,'general','active','u-admin',1748048400000),
('zpcb62n','نثرية الإدارة','zpkd','عبدالرحمن النعسان',300,120,'general','active','u-admin',1745024400000),
('zpcb62t','نثرية اللجان','zpen','علي الزعبي',200,80,'general','active','u-admin',1744074000000),
('zpcb62y','نثرية اللجان','zpt','محمد الحسن',200,160,'general','active','u-admin',1746752400000);
INSERT OR IGNORE INTO petty_cash_txns (id,box_id,kind,amount,category,note,created_by,created_at) VALUES
('zpct62k','zpcb62j','expense',20,'قرطاسية',NULL,'u-finance',1750899600000),
('zpct62l','zpcb62j','expense',40,'قرطاسية',NULL,'u-finance',1751072400000),
('zpct62m','zpcb62j','open',300,NULL,'فتحُ الصندوق','u-admin',1748566800000),
('zpct62o','zpcb62n','expense',50,'أدوات',NULL,'u-finance',1751331600000),
('zpct62p','zpcb62n','expense',50,'قرطاسية',NULL,'u-finance',1751331600000),
('zpct62q','zpcb62n','expense',20,'ضيافة',NULL,'u-finance',1751504400000),
('zpct62r','zpcb62n','expense',50,'مواصلات',NULL,'u-finance',1749862800000),
('zpct62s','zpcb62n','open',300,NULL,'فتحُ الصندوق','u-admin',1746061200000),
('zpct62u','zpcb62t','expense',10,'قرطاسية',NULL,'u-finance',1750122000000),
('zpct62v','zpcb62t','expense',10,'مواصلات',NULL,'u-finance',1749690000000),
('zpct62w','zpcb62t','expense',50,'قرطاسية',NULL,'u-finance',1751590800000),
('zpct62x','zpcb62t','open',200,NULL,'فتحُ الصندوق','u-admin',1743296400000),
('zpct62z','zpcb62y','expense',10,'أدوات',NULL,'u-finance',1750381200000),
('zpct630','zpcb62y','expense',30,'مواصلات',NULL,'u-finance',1750381200000),
('zpct631','zpcb62y','open',200,NULL,'فتحُ الصندوق','u-admin',1747270800000);
INSERT OR IGNORE INTO fixed_assets (id,name,cost,salvage_value,useful_life_months,start_period,fund_id,status,note,created_by,created_at) VALUES
('zfa632','مكيّف',5000,500,36,'1447-01','waqf','active',NULL,'u-admin',1739149200000),
('zfa636','مكيّف',2400,240,36,'1447-01','waqf','active',NULL,'u-admin',1739926800000),
('zfa63a','مولّد كهرباء',600,60,36,'1447-01','projects','active',NULL,'u-admin',1744765200000),
('zfa63f','حاسوب مكتبيّ',2400,240,48,'1447-01','waqf','active',NULL,'u-admin',1745542800000),
('zfa63i','أثاث مكتب',900,90,12,'1447-01','waqf','active',NULL,'u-admin',1737594000000),
('zfa63o','نظام صوت',1200,120,12,'1447-01','projects','active',NULL,'u-admin',1743123600000),
('zfa63r','طابعة',900,90,24,'1447-01','general','active',NULL,'u-admin',1742518800000),
('zfa63v','حاسوب مكتبيّ',1200,120,36,'1447-01','projects','active',NULL,'u-admin',1742173200000);
INSERT OR IGNORE INTO depreciation_runs (id,fixed_asset_id,period,amount,created_at) VALUES
('zdep633','zfa632','1447-01',125,1743210000000),
('zdep634','zfa632','1447-02',125,1744938000000),
('zdep635','zfa632','1447-03',125,1746666000000),
('zdep637','zfa636','1447-01',60,1743210000000),
('zdep638','zfa636','1447-02',60,1744938000000),
('zdep639','zfa636','1447-03',60,1746666000000),
('zdep63b','zfa63a','1447-01',15,1743210000000),
('zdep63c','zfa63a','1447-02',15,1744938000000),
('zdep63d','zfa63a','1447-03',15,1746666000000),
('zdep63e','zfa63a','1447-04',15,1748394000000),
('zdep63g','zfa63f','1447-01',45,1743210000000),
('zdep63h','zfa63f','1447-02',45,1744938000000),
('zdep63j','zfa63i','1447-01',67.5,1743210000000),
('zdep63k','zfa63i','1447-02',67.5,1744938000000),
('zdep63l','zfa63i','1447-03',67.5,1746666000000),
('zdep63m','zfa63i','1447-04',67.5,1748394000000),
('zdep63n','zfa63i','1447-05',67.5,1750122000000),
('zdep63p','zfa63o','1447-01',90,1743210000000),
('zdep63q','zfa63o','1447-02',90,1744938000000),
('zdep63s','zfa63r','1447-01',33.75,1743210000000),
('zdep63t','zfa63r','1447-02',33.75,1744938000000),
('zdep63u','zfa63r','1447-03',33.75,1746666000000),
('zdep63w','zfa63v','1447-01',30,1743210000000),
('zdep63x','zfa63v','1447-02',30,1744938000000),
('zdep63y','zfa63v','1447-03',30,1746666000000),
('zdep63z','zfa63v','1447-04',30,1748394000000);
INSERT OR IGNORE INTO payment_batches (id,title,period,fund_id,status,created_by,created_at,paid_by,paid_at) VALUES
('zpb640','بدلات مواصلات','1447-06','general','draft','u-finance',1750726800000,NULL,NULL),
('zpb647','دفعة أمراء المساجد','1447-06','general','draft','u-finance',1751418000000,NULL,NULL),
('zpb64d','بدلات مواصلات','1447-06','general','draft','u-finance',1751331600000,NULL,NULL),
('zpb64k','دعم اللجان','1447-06','general','draft','u-finance',1748826000000,NULL,NULL),
('zpb64o','دعم اللجان','1447-06','general','paid','u-finance',1749517200000,'u-admin',1751331600000);
INSERT OR IGNORE INTO payment_batch_items (id,batch_id,person_name,amount,note,created_at) VALUES
('zpbi641','zpb640','أحمد الصالح',75,NULL,1750899600000),
('zpbi642','zpb640','زيد العمر',100,NULL,1749258000000),
('zpbi643','zpb640','حسن النعسان',100,NULL,1749690000000),
('zpbi644','zpb640','مصطفى البكري',150,NULL,1748566800000),
('zpbi645','zpb640','عبدالرحمن الإدلبي',100,NULL,1749776400000),
('zpbi646','zpb640','أسامة الحموي',50,NULL,1748480400000),
('zpbi648','zpb647','بلال الحموي',150,NULL,1748566800000),
('zpbi649','zpb647','سعيد الشامي',100,NULL,1750726800000),
('zpbi64a','zpb647','طارق الحسن',150,NULL,1749862800000),
('zpbi64b','zpb647','خالد العمر',75,NULL,1749171600000),
('zpbi64c','zpb647','طارق الصالح',50,NULL,1749517200000),
('zpbi64e','zpb64d','علي الصالح',150,NULL,1749085200000),
('zpbi64f','zpb64d','طارق الإدلبي',50,NULL,1750122000000),
('zpbi64g','zpb64d','ياسر الجاسم',150,NULL,1748394000000),
('zpbi64h','zpb64d','طارق القاسم',150,NULL,1750726800000),
('zpbi64i','zpb64d','خالد الحلبي',100,NULL,1749344400000),
('zpbi64j','zpb64d','خالد الشامي',50,NULL,1749085200000),
('zpbi64l','zpb64k','أحمد الخطيب',100,NULL,1749085200000),
('zpbi64m','zpb64k','محمد الرفاعي',50,NULL,1751158800000),
('zpbi64n','zpb64k','عثمان النعسان',100,NULL,1750899600000),
('zpbi64p','zpb64o','خالد الصالح',75,NULL,1749690000000),
('zpbi64q','zpb64o','صهيب الحلبي',100,NULL,1749258000000),
('zpbi64r','zpb64o','خالد المحمد',75,NULL,1749430800000);
INSERT OR IGNORE INTO fx_rates (id,currency,rate_to_base,effective_at,created_by,created_at) VALUES
('zfx64s','SYP',0.0000769,1751850000000,'u-admin',1751850000000),
('zfx64t','SYP',0.000073055,1750122000000,'u-admin',1750122000000),
('zfx64u','SYP',0.00006921,1748394000000,'u-admin',1748394000000),
('zfx64v','TRY',0.031,1751850000000,'u-admin',1751850000000),
('zfx64w','TRY',0.03007,1750122000000,'u-admin',1750122000000),
('zfx64x','TRY',0.02914,1748394000000,'u-admin',1748394000000);
INSERT OR IGNORE INTO reconciliations (id,entry_id,account_id,reconciled_by,reconciled_at,note) VALUES
('zrec64y','zje5qm','1120','u-admin',1751418000000,NULL),
('zrec64z','zje5qp','1120','u-admin',1751072400000,NULL),
('zrec650','zje5qv','1120','u-admin',1750208400000,NULL),
('zrec651','zje5qy','1120','u-admin',1751245200000,NULL),
('zrec652','zje5r9','1120','u-admin',1750554000000,NULL),
('zrec653','zje5rd','1120','u-admin',1750294800000,NULL),
('zrec654','zje5s9','1120','u-admin',1750554000000,NULL),
('zrec655','zje5sh','1120','u-admin',1750899600000,NULL),
('zrec656','zje5sl','1120','u-admin',1750467600000,NULL),
('zrec657','zje5th','1120','u-admin',1751072400000,NULL);
INSERT OR IGNORE INTO payroll_adjustments (id,person_id,month,kind,amount,note,created_by,created_at) VALUES
('zpadj658','zpu6','1447-06','allowance',50,'بدلُ مواصلات','u-admin',1751245200000),
('zpadj659','zpjc','1447-06','allowance',20,'بدلُ سكن','u-admin',1751418000000),
('zpadj65a','zp13o','1447-06','allowance',30,'بدلُ مواصلات','u-admin',1749344400000),
('zpadj65b','zpi1','1447-06','allowance',50,'بدلُ سكن','u-admin',1749517200000),
('zpadj65c','zptg','1447-06','allowance',50,'مكافأةُ تميّز','u-admin',1750554000000),
('zpadj65d','zp7i','1447-06','allowance',30,'خصمُ غياب','u-admin',1751331600000),
('zpadj65e','zpvq','1447-06','allowance',20,'بدلُ سكن','u-admin',1749690000000),
('zpadj65f','zp15t','1447-06','allowance',20,'خصمُ غياب','u-admin',1751418000000),
('zpadj65g','zp15d','1447-06','allowance',50,'مكافأةُ تميّز','u-admin',1750208400000),
('zpadj65h','zp4v','1447-06','allowance',30,'خصمُ غياب','u-admin',1751072400000),
('zpadj65i','zp5h','1447-06','allowance',30,'خصمُ غياب','u-admin',1751418000000),
('zpadj65j','zpzx','1447-06','allowance',20,'خصمُ غياب','u-admin',1749517200000),
('zpadj65k','zplr','1447-06','deduction',20,'بدلُ مواصلات','u-admin',1749862800000),
('zpadj65l','zp4d','1447-06','allowance',75,'بدلُ سكن','u-admin',1751072400000),
('zpadj65m','zp2j','1447-06','allowance',30,'مكافأةُ تميّز','u-admin',1749517200000),
('zpadj65n','zp4j','1447-06','allowance',50,'بدلُ مواصلات','u-admin',1749603600000);
INSERT OR IGNORE INTO finance_actions (id,kind,payload,summary,amount_usd,currency,orig_amount,status,proposed_by,proposed_at,decided_by,decided_at,reject_reason,executed_at,result_ref,error,resubmit_of,client_uuid,created_at) VALUES
('zfa265o','budget_set','{"period":"1447-06","fundId":"projects","amount":1500}','ضبطُ موازنة مشاريع بـ$1,500',0,NULL,NULL,'pending','u-finance',1751677200000,NULL,NULL,NULL,NULL,NULL,NULL,NULL,'cufa65p',1751677200000),
('zfa265q','fx_rate_set','{"currency":"TRY","rateToBase":0.032}','تحديثُ سعر صرف ₺',0,NULL,NULL,'pending','u-finance',1751504400000,NULL,NULL,NULL,NULL,NULL,NULL,NULL,'cufa65r',1751504400000),
('zfa265s','expense_add','{"mosqueId":"zmd","category":"صيانة مكيّفات","amount":180,"fund":"general"}','مصروفُ «صيانة مكيّفات» $180 من صندوق general',180,NULL,NULL,'pending','u-finance',1751331600000,NULL,NULL,NULL,NULL,NULL,NULL,NULL,'cufa65t',1751331600000),
('zfa265u','petty_open','{"name":"نثرية الطوارئ","floatAmount":250}','فتحُ صندوقٍ نثريّ «نثرية الطوارئ» بسقف $250',250,NULL,NULL,'pending','u-finance',1751158800000,NULL,NULL,NULL,NULL,NULL,NULL,NULL,'cufa65v',1751158800000),
('zfa265w','advance_grant','{"personId":"zpbn","principal":400,"monthlyDeduction":80}','منحُ سلفةٍ $400 تُستردُّ $80 شهريًّا',400,NULL,NULL,'pending','u-finance',1750986000000,NULL,NULL,NULL,NULL,NULL,NULL,NULL,'cufa65x',1750986000000),
('zfa265y','donation_add','{"mosqueId":"zmd","amount":300,"donorName":"محسن","fund":"general"}','تبرّعٌ $300 لصندوق general',300,NULL,NULL,'executed','u-finance',1750813200000,'u-admin',1750899600000,NULL,1750899600000,'R-000123',NULL,NULL,'cufa65z',1750813200000),
('zfa2660','budget_set','{"period":"1447-06","fundId":"general","amount":4000}','ضبطُ موازنة عامّة $4,000',0,NULL,NULL,'executed','u-finance',1750986000000,'u-admin',1751072400000,NULL,1751072400000,NULL,NULL,NULL,'cufa661',1750986000000),
('zfa2662','expense_add','{"mosqueId":"zmd","category":"أثاث فاخر","amount":2000,"fund":"general"}','مصروفُ «أثاث فاخر» $2,000',2000,NULL,NULL,'rejected','u-finance',1751158800000,'u-admin',1751245200000,'يتجاوز حاجةَ الشهر — قدِّم بندًا أدنى',NULL,NULL,NULL,NULL,'cufa663',1751158800000);
INSERT OR IGNORE INTO materials (id,title,category,kind,external_url,content_type,size_bytes,description,audience,sort_order,status,created_by,created_at) VALUES
('zmat669','دليل الأمير','leadership','pdf',NULL,'application/pdf',3983410,'مادّةٌ تدريبيّةٌ إلزاميّةٌ ضمن مسار التأهيل.','amir',1,'active','u-admin',1736989200000),
('zmat66a','أساسيّات على بصيرة','education','pdf',NULL,'application/pdf',1206877,'مادّةٌ تدريبيّةٌ إلزاميّةٌ ضمن مسار التأهيل.','teacher',2,'active','u-admin',1737075600000),
('zmat66b','مهارات الإشراف','supervision','link','https://example.org/material',NULL,NULL,'مادّةٌ تدريبيّةٌ إلزاميّةٌ ضمن مسار التأهيل.','supervisor',3,'active','u-admin',1736470800000),
('zmat66c','فقه إدارة المسجد','management','pdf',NULL,'application/pdf',3430737,'مادّةٌ تدريبيّةٌ إلزاميّةٌ ضمن مسار التأهيل.','amir',4,'active','u-admin',1736298000000),
('zmat66d','التعامل مع الشباب','education','audio',NULL,'audio/mpeg',NULL,'مادّةٌ تدريبيّةٌ إلزاميّةٌ ضمن مسار التأهيل.','all',5,'active','u-admin',1744938000000),
('zmat66e','إعداد التقارير','admin','pdf',NULL,'application/pdf',3598279,'مادّةٌ تدريبيّةٌ إلزاميّةٌ ضمن مسار التأهيل.','amir',6,'active','u-admin',1748134800000),
('zmat66f','أمن المعلومات','tech','link','https://example.org/material',NULL,NULL,'مادّةٌ تدريبيّةٌ إلزاميّةٌ ضمن مسار التأهيل.','all',7,'active','u-admin',1734915600000),
('zmat66g','الإسعافات الأوّليّة','safety','pdf',NULL,'application/pdf',4267100,'مادّةٌ تدريبيّةٌ إلزاميّةٌ ضمن مسار التأهيل.','all',8,'active','u-admin',1746579600000);
INSERT OR IGNORE INTO material_progress (id,material_id,person_id,delivered_at,opened_at,completed_at) VALUES
('zmp66h','zmat669','zpe',1746752400000,1747184400000,NULL),
('zmp66i','zmat66e','zpe',1746925200000,NULL,NULL),
('zmp66j','zmat66g','zpe',1745974800000,1748307600000,NULL),
('zmp66k','zmat66e','zp19',1747530000000,NULL,NULL),
('zmp66l','zmat66f','zp19',1748221200000,1748134800000,1748826000000),
('zmp66m','zmat66g','zp19',1749862800000,1750208400000,NULL),
('zmp66n','zmat669','zp27',1748307600000,1748048400000,1750208400000),
('zmp66o','zmat66c','zp27',1745542800000,1748307600000,NULL),
('zmp66p','zmat66d','zp27',1748998800000,1750208400000,1749344400000),
('zmp66q','zmat66f','zp27',1746579600000,1750122000000,NULL),
('zmp66r','zmat66g','zp27',1747184400000,1749776400000,1748394000000),
('zmp66s','zmat669','zp2v',1744333200000,NULL,NULL),
('zmp66t','zmat66e','zp2v',1746579600000,NULL,NULL),
('zmp66u','zmat66f','zp2v',1747184400000,1750899600000,1748998800000),
('zmp66v','zmat669','zp3o',1744592400000,1750467600000,NULL),
('zmp66w','zmat66c','zp3o',1746666000000,NULL,NULL),
('zmp66x','zmat66d','zp3o',1746320400000,1750640400000,1748912400000),
('zmp66y','zmat66e','zp3o',1749862800000,1750986000000,1749603600000),
('zmp66z','zmat66g','zp3o',1747443600000,1748221200000,1750208400000),
('zmp670','zmat669','zp4d',1745542800000,1749258000000,NULL),
('zmp671','zmat66d','zp4d',1745629200000,1746752400000,1751158800000),
('zmp672','zmat66e','zp5d',1744160400000,1747184400000,NULL),
('zmp673','zmat66g','zp5d',1748653200000,1748480400000,1748998800000),
('zmp674','zmat66c','zp6c',1749517200000,1747270800000,1750381200000),
('zmp675','zmat66f','zp6c',1745974800000,NULL,NULL),
('zmp676','zmat66g','zp6c',1744246800000,NULL,NULL),
('zmp677','zmat669','zp7a',1749949200000,1748134800000,NULL),
('zmp678','zmat66c','zp7a',1745110800000,NULL,NULL),
('zmp679','zmat66d','zp7a',1748307600000,NULL,NULL),
('zmp67a','zmat66f','zp7a',1744074000000,1749862800000,1751677200000),
('zmp67b','zmat66g','zp7a',1749430800000,1747443600000,NULL),
('zmp67c','zmat669','zp85',1746147600000,1748653200000,1750122000000),
('zmp67d','zmat66d','zp85',1744333200000,1747184400000,NULL),
('zmp67e','zmat66f','zp85',1748912400000,1749085200000,NULL),
('zmp67f','zmat669','zp8z',1746666000000,1749171600000,NULL),
('zmp67g','zmat66c','zp8z',1749344400000,1748739600000,NULL),
('zmp67h','zmat66e','zp8z',1749344400000,1750122000000,1750899600000),
('zmp67i','zmat66f','zp8z',1748480400000,1748653200000,1749430800000),
('zmp67j','zmat66g','zp8z',1744592400000,1748221200000,1748912400000),
('zmp67k','zmat669','zp9x',1749776400000,1749171600000,1748566800000),
('zmp67l','zmat66c','zp9x',1748653200000,1751245200000,1748826000000),
('zmp67m','zmat66e','zp9x',1748653200000,1748998800000,NULL),
('zmp67n','zmat66f','zp9x',1745197200000,1748134800000,NULL),
('zmp67o','zmat66g','zp9x',1745542800000,1751331600000,1749344400000),
('zmp67p','zmat669','zpap',1750035600000,1749430800000,1751072400000),
('zmp67q','zmat66e','zpap',1746493200000,1750035600000,NULL),
('zmp67r','zmat66f','zpap',1748394000000,1750122000000,1751590800000),
('zmp67s','zmat66g','zpap',1744419600000,NULL,NULL),
('zmp67t','zmat66c','zpbl',1747702800000,1748739600000,1751763600000),
('zmp67u','zmat66e','zpbl',1749603600000,1748739600000,1748653200000),
('zmp67v','zmat66f','zpbl',1748134800000,1750726800000,1750554000000),
('zmp67w','zmat66g','zpbl',1744592400000,1750208400000,1748653200000),
('zmp67x','zmat66d','zpcg',1749862800000,1746666000000,1750554000000),
('zmp67y','zmat66e','zpcg',1744851600000,1747616400000,NULL),
('zmp67z','zmat66g','zpcg',1749258000000,1750294800000,1751590800000),
('zmp680','zmat669','zpdg',1746666000000,1749344400000,1748912400000),
('zmp681','zmat66c','zpdg',1747357200000,NULL,NULL),
('zmp682','zmat66d','zpdg',1745370000000,NULL,NULL),
('zmp683','zmat66g','zpdg',1744419600000,1749603600000,1748912400000),
('zmp684','zmat66c','zped',1746579600000,1748134800000,1749862800000);
INSERT OR IGNORE INTO material_progress (id,material_id,person_id,delivered_at,opened_at,completed_at) VALUES
('zmp685','zmat66d','zped',1749776400000,1749949200000,NULL),
('zmp686','zmat66f','zped',1749085200000,1747184400000,1749171600000),
('zmp687','zmat669','zpfd',1744851600000,1749517200000,NULL),
('zmp688','zmat66d','zpfd',1744074000000,1750813200000,1750122000000),
('zmp689','zmat66e','zpfd',1746579600000,1748048400000,1749949200000),
('zmp68a','zmat66f','zpfd',1749949200000,NULL,NULL),
('zmp68b','zmat66g','zpfd',1745456400000,1750899600000,NULL),
('zmp68c','zmat66e','zpg5',1750122000000,NULL,NULL),
('zmp68d','zmat66f','zpg5',1745629200000,1747789200000,1751763600000),
('zmp68e','zmat669','zph0',1747098000000,NULL,NULL),
('zmp68f','zmat66d','zph0',1745542800000,1748566800000,1748739600000),
('zmp68g','zmat66e','zph0',1746406800000,1748394000000,NULL),
('zmp68h','zmat66g','zph0',1748739600000,1751331600000,NULL),
('zmp68i','zmat66f','zphz',1746666000000,1750122000000,1749258000000),
('zmp68j','zmat66g','zphz',1746752400000,1750122000000,1748566800000),
('zmp68k','zmat66c','zpj0',1749949200000,NULL,NULL),
('zmp68l','zmat66g','zpj0',1749517200000,1749517200000,1750381200000),
('zmp68m','zmat669','zpjv',1745542800000,NULL,NULL),
('zmp68n','zmat66c','zpjv',1745197200000,NULL,NULL),
('zmp68o','zmat66e','zpjv',1748480400000,1747702800000,NULL),
('zmp68p','zmat66f','zpjv',1746406800000,1749776400000,1750035600000),
('zmp68q','zmat66g','zpjv',1749430800000,1750122000000,1749690000000),
('zmp68r','zmat669','zpkw',1746320400000,1746838800000,1750640400000),
('zmp68s','zmat66e','zpkw',1748912400000,1747184400000,1749603600000),
('zmp68t','zmat66f','zpkw',1748739600000,NULL,NULL),
('zmp68u','zmat669','zplr',1749862800000,1750208400000,1750640400000),
('zmp68v','zmat66c','zplr',1746666000000,1750467600000,1748394000000),
('zmp68w','zmat66e','zplr',1746493200000,1748394000000,1749258000000),
('zmp68x','zmat66g','zplr',1745802000000,1750640400000,NULL),
('zmp68y','zmat669','zpms',1746752400000,1750467600000,NULL),
('zmp68z','zmat66d','zpms',1746320400000,1751245200000,NULL),
('zmp690','zmat66f','zpms',1744851600000,1749171600000,1750467600000),
('zmp691','zmat66c','zpnw',1748307600000,1746838800000,1750035600000),
('zmp692','zmat66d','zpnw',1747184400000,NULL,NULL),
('zmp693','zmat66e','zpnw',1744333200000,1747098000000,1748394000000),
('zmp694','zmat66f','zpnw',1746493200000,1749776400000,NULL),
('zmp695','zmat66c','zpoq',1748480400000,1747616400000,1749776400000),
('zmp696','zmat66d','zpoq',1744074000000,1750381200000,1750467600000),
('zmp697','zmat66e','zpoq',1749085200000,1749949200000,NULL),
('zmp698','zmat669','zppb',1746234000000,NULL,NULL),
('zmp699','zmat66c','zppb',1746666000000,NULL,NULL),
('zmp69a','zmat66d','zppb',1745370000000,1749776400000,NULL),
('zmp69b','zmat66e','zppb',1744160400000,1746925200000,NULL),
('zmp69c','zmat66f','zppb',1746579600000,1748653200000,NULL),
('zmp69d','zmat669','zpq1',1745024400000,1747184400000,NULL),
('zmp69e','zmat66c','zpq1',1749258000000,1749949200000,1750467600000),
('zmp69f','zmat66d','zpq1',1746320400000,NULL,NULL),
('zmp69g','zmat66e','zpq1',1748134800000,1750554000000,NULL),
('zmp69h','zmat66c','zpr1',1748998800000,NULL,NULL),
('zmp69i','zmat66d','zpr1',1747184400000,1748221200000,1748566800000),
('zmp69j','zmat66f','zpr1',1744506000000,1750122000000,1750467600000),
('zmp69k','zmat66g','zpr1',1746147600000,1751418000000,1751763600000),
('zmp69l','zmat66e','zprz',1748912400000,1747270800000,1750208400000),
('zmp69m','zmat669','zpt2',1749085200000,NULL,NULL),
('zmp69n','zmat66c','zpt2',1745456400000,1751418000000,1748826000000),
('zmp69o','zmat66e','zpt2',1747616400000,1747270800000,1749085200000),
('zmp69p','zmat66f','zpt2',1746752400000,NULL,NULL),
('zmp69q','zmat66g','zpt2',1749171600000,1750640400000,1751418000000),
('zmp69r','zmat669','zptu',1748221200000,1748048400000,1749517200000),
('zmp69s','zmat66c','zptu',1749171600000,1747616400000,NULL);
INSERT OR IGNORE INTO material_progress (id,material_id,person_id,delivered_at,opened_at,completed_at) VALUES
('zmp69t','zmat66d','zptu',1749517200000,1747357200000,NULL),
('zmp69u','zmat66e','zptu',1750122000000,NULL,NULL),
('zmp69v','zmat66f','zptu',1747702800000,1751418000000,1751245200000),
('zmp69w','zmat66g','zptu',1748998800000,1747270800000,1749603600000),
('zmp69x','zmat66c','zpuo',1746061200000,1749949200000,NULL),
('zmp69y','zmat66f','zpuo',1748912400000,1747702800000,NULL),
('zmp69z','zmat66g','zpuo',1745456400000,1747962000000,1749949200000),
('zmp6a0','zmat669','zpvg',1749862800000,1747270800000,NULL),
('zmp6a1','zmat66c','zpvg',1745456400000,1748998800000,1751418000000),
('zmp6a2','zmat66d','zpvg',1748048400000,NULL,NULL),
('zmp6a3','zmat66e','zpvg',1744419600000,1749517200000,1750726800000),
('zmp6a4','zmat669','zpw2',1744074000000,1749171600000,1748566800000),
('zmp6a5','zmat66c','zpw2',1747357200000,1747098000000,1749258000000),
('zmp6a6','zmat66d','zpw2',1747962000000,1748480400000,NULL),
('zmp6a7','zmat66e','zpw2',1749344400000,1751158800000,1750813200000),
('zmp6a8','zmat66f','zpw2',1748826000000,1747702800000,1748739600000),
('zmp6a9','zmat66g','zpw2',1749776400000,1747962000000,1748998800000),
('zmp6aa','zmat669','zpx2',1744506000000,1746838800000,1750122000000),
('zmp6ab','zmat66c','zpx2',1746666000000,1750467600000,1748998800000),
('zmp6ac','zmat66f','zpx2',1744678800000,NULL,NULL),
('zmp6ad','zmat66g','zpx2',1748221200000,1750208400000,NULL),
('zmp6ae','zmat66c','zpxv',1748480400000,1750726800000,NULL),
('zmp6af','zmat66d','zpxv',1749517200000,1746666000000,1749603600000),
('zmp6ag','zmat66e','zpxv',1747962000000,1748653200000,1750381200000),
('zmp6ah','zmat66g','zpyw',1747530000000,NULL,NULL);
INSERT OR IGNORE INTO exams (id,scope_kind,scope_id,mosque_id,kind,title,description,publish_at,due_at,status,created_by,created_by_name,created_at) VALUES
('zex6ai','mosque','zmnv','zmnv','homework','تلخيص الدرس','أجب عن الأسئلة قبل انتهاء الوقت.',1749690000000,1751936400000,'closed','u-admin','المدير العام',1750294800000),
('zex6aj','circle','zcsh','zmw1','homework','تلخيص الدرس','أجب عن الأسئلة قبل انتهاء الوقت.',1750035600000,1752800400000,'published','u-admin','المدير العام',1749690000000),
('zex6ak','circle','zc39','zm11s','exam','اختبار الفقه','أجب عن الأسئلة قبل انتهاء الوقت.',1749258000000,1752195600000,'published','u-admin','المدير العام',1749603600000),
('zex6al','circle','zcoe','zmfc','exam','مراجعة الوحدة','أجب عن الأسئلة قبل انتهاء الوقت.',1750208400000,1752973200000,'closed','u-admin','المدير العام',1750035600000),
('zex6am','mosque','zmcf','zmcf','homework','تلخيص الدرس','أجب عن الأسئلة قبل انتهاء الوقت.',1749517200000,1752368400000,'closed','u-admin','المدير العام',1750986000000),
('zex6an','circle','zc50','zmq0','exam','اختبار على بصيرة','أجب عن الأسئلة قبل انتهاء الوقت.',1749258000000,1752886800000,'draft','u-admin','المدير العام',1749517200000),
('zex6ao','circle','zcji','zmbk','exam','اختبار الفقه','أجب عن الأسئلة قبل انتهاء الوقت.',1750035600000,1751504400000,'published','u-admin','المدير العام',1750899600000),
('zex6ap','mosque','zmnv','zmnv','homework','بحثٌ قصير','أجب عن الأسئلة قبل انتهاء الوقت.',1750467600000,1752541200000,'closed','u-admin','المدير العام',1749344400000),
('zex6aq','circle','zc17z','zm9w','exam','اختبار الفقه','أجب عن الأسئلة قبل انتهاء الوقت.',1750294800000,1752195600000,'published','u-admin','المدير العام',1748480400000),
('zex6ar','mosque','zm12m','zm12m','homework','تلخيص الدرس','أجب عن الأسئلة قبل انتهاء الوقت.',1749690000000,1752541200000,'closed','u-admin','المدير العام',1750986000000);
INSERT OR IGNORE INTO exam_questions (id,exam_id,sort_order,kind,text,options,correct,points) VALUES
('zeq6as','zex6ai',1,'mcq','متى يجب الوضوء؟','["واجبة","سنّة مؤكّدة","مستحبّة","مباحة"]','0',1),
('zeq6at','zex6ai',2,'mcq','متى يجب الوضوء؟','["واجبة","سنّة مؤكّدة","مستحبّة","مباحة"]','0',1),
('zeq6au','zex6ai',3,'tf','الوضوءُ لا ينتقض بالنوم.',NULL,'false',1),
('zeq6av','zex6ai',4,'mcq','متى يجب الوضوء؟','["واجبة","سنّة مؤكّدة","مستحبّة","مباحة"]','0',1),
('zeq6aw','zex6ai',5,'mcq','متى يجب الوضوء؟','["واجبة","سنّة مؤكّدة","مستحبّة","مباحة"]','0',1),
('zeq6ax','zex6aj',1,'mcq','ما حكمُ صلاة الجماعة؟','["واجبة","سنّة مؤكّدة","مستحبّة","مباحة"]','0',1),
('zeq6ay','zex6aj',2,'tf','الزكاةُ ركنٌ من أركان الإسلام.',NULL,'false',1),
('zeq6az','zex6aj',3,'mcq','ما أوّلُ أركان الإسلام؟','["واجبة","سنّة مؤكّدة","مستحبّة","مباحة"]','0',1),
('zeq6b0','zex6aj',4,'mcq','متى يجب الوضوء؟','["واجبة","سنّة مؤكّدة","مستحبّة","مباحة"]','0',1),
('zeq6b1','zex6ak',1,'tf','الصلاةُ عمودُ الدين.',NULL,'true',1),
('zeq6b2','zex6ak',2,'mcq','ما حكمُ صلاة الجماعة؟','["واجبة","سنّة مؤكّدة","مستحبّة","مباحة"]','0',1),
('zeq6b3','zex6ak',3,'tf','الصلاةُ عمودُ الدين.',NULL,'true',1),
('zeq6b4','zex6ak',4,'mcq','ما أوّلُ أركان الإسلام؟','["واجبة","سنّة مؤكّدة","مستحبّة","مباحة"]','0',1),
('zeq6b5','zex6ak',5,'mcq','ما حكمُ صلاة الجماعة؟','["واجبة","سنّة مؤكّدة","مستحبّة","مباحة"]','0',1),
('zeq6b6','zex6al',1,'mcq','ما أوّلُ أركان الإسلام؟','["واجبة","سنّة مؤكّدة","مستحبّة","مباحة"]','0',1),
('zeq6b7','zex6al',2,'mcq','متى يجب الوضوء؟','["واجبة","سنّة مؤكّدة","مستحبّة","مباحة"]','0',1),
('zeq6b8','zex6al',3,'mcq','ما أوّلُ أركان الإسلام؟','["واجبة","سنّة مؤكّدة","مستحبّة","مباحة"]','0',1),
('zeq6b9','zex6al',4,'mcq','متى يجب الوضوء؟','["واجبة","سنّة مؤكّدة","مستحبّة","مباحة"]','0',1),
('zeq6ba','zex6al',5,'tf','الوضوءُ لا ينتقض بالنوم.',NULL,'true',1),
('zeq6bb','zex6am',1,'tf','الوضوءُ لا ينتقض بالنوم.',NULL,'true',1),
('zeq6bc','zex6am',2,'tf','الزكاةُ ركنٌ من أركان الإسلام.',NULL,'false',1),
('zeq6bd','zex6am',3,'mcq','ما أوّلُ أركان الإسلام؟','["واجبة","سنّة مؤكّدة","مستحبّة","مباحة"]','0',1),
('zeq6be','zex6an',1,'mcq','ما أوّلُ أركان الإسلام؟','["واجبة","سنّة مؤكّدة","مستحبّة","مباحة"]','0',1),
('zeq6bf','zex6an',2,'tf','الصلاةُ عمودُ الدين.',NULL,'true',1),
('zeq6bg','zex6an',3,'mcq','ما حكمُ صلاة الجماعة؟','["واجبة","سنّة مؤكّدة","مستحبّة","مباحة"]','0',1),
('zeq6bh','zex6an',4,'mcq','ما حكمُ صلاة الجماعة؟','["واجبة","سنّة مؤكّدة","مستحبّة","مباحة"]','0',1),
('zeq6bi','zex6ao',1,'mcq','متى يجب الوضوء؟','["واجبة","سنّة مؤكّدة","مستحبّة","مباحة"]','0',1),
('zeq6bj','zex6ao',2,'mcq','متى يجب الوضوء؟','["واجبة","سنّة مؤكّدة","مستحبّة","مباحة"]','0',1),
('zeq6bk','zex6ao',3,'mcq','ما حكمُ صلاة الجماعة؟','["واجبة","سنّة مؤكّدة","مستحبّة","مباحة"]','0',1),
('zeq6bl','zex6ap',1,'tf','الوضوءُ لا ينتقض بالنوم.',NULL,'false',1),
('zeq6bm','zex6ap',2,'mcq','متى يجب الوضوء؟','["واجبة","سنّة مؤكّدة","مستحبّة","مباحة"]','0',1),
('zeq6bn','zex6ap',3,'mcq','متى يجب الوضوء؟','["واجبة","سنّة مؤكّدة","مستحبّة","مباحة"]','0',1),
('zeq6bo','zex6ap',4,'tf','الصلاةُ عمودُ الدين.',NULL,'true',1),
('zeq6bp','zex6ap',5,'mcq','متى يجب الوضوء؟','["واجبة","سنّة مؤكّدة","مستحبّة","مباحة"]','0',1),
('zeq6bq','zex6aq',1,'mcq','متى يجب الوضوء؟','["واجبة","سنّة مؤكّدة","مستحبّة","مباحة"]','0',1),
('zeq6br','zex6aq',2,'mcq','متى يجب الوضوء؟','["واجبة","سنّة مؤكّدة","مستحبّة","مباحة"]','0',1),
('zeq6bs','zex6aq',3,'mcq','ما أوّلُ أركان الإسلام؟','["واجبة","سنّة مؤكّدة","مستحبّة","مباحة"]','0',1),
('zeq6bt','zex6aq',4,'mcq','متى يجب الوضوء؟','["واجبة","سنّة مؤكّدة","مستحبّة","مباحة"]','0',1),
('zeq6bu','zex6ar',1,'mcq','متى يجب الوضوء؟','["واجبة","سنّة مؤكّدة","مستحبّة","مباحة"]','0',1),
('zeq6bv','zex6ar',2,'mcq','ما حكمُ صلاة الجماعة؟','["واجبة","سنّة مؤكّدة","مستحبّة","مباحة"]','0',1),
('zeq6bw','zex6ar',3,'tf','الوضوءُ لا ينتقض بالنوم.',NULL,'false',1),
('zeq6bx','zex6ar',4,'mcq','ما أوّلُ أركان الإسلام؟','["واجبة","سنّة مؤكّدة","مستحبّة","مباحة"]','0',1);
INSERT OR IGNORE INTO exam_submissions (id,exam_id,person_id,person_name,answers,score,max_score,submitted_at) VALUES
('zes6by','zex6ai','zpta','أسامة الإدلبي','{"0":"0","1":"true"}',1,4,1750122000000),
('zes6bz','zex6ai','zp14e','خالد النعسان','{"0":"0","1":"true"}',4,5,1750122000000),
('zes6c0','zex6ai','zp184','زيد الحلبي','{"0":"0","1":"true"}',2,4,1751158800000),
('zes6c1','zex6ai','zpq7','حمزة الخطيب','{"0":"0","1":"true"}',5,5,1750208400000),
('zes6c2','zex6ai','zp17x','يوسف الشامي','{"0":"0","1":"true"}',2,4,1751331600000),
('zes6c3','zex6ai','zpr','حسن الحموي','{"0":"0","1":"true"}',2,6,1751763600000),
('zes6c4','zex6aj','zp8j','زيد المحمد','{"0":"0","1":"true"}',1,6,1751245200000),
('zes6c5','zex6aj','zp4v','علي الصالح','{"0":"0","1":"true"}',2,4,1751677200000),
('zes6c6','zex6aj','zp17l','حمزة العمر','{"0":"0","1":"true"}',3,6,1751677200000),
('zes6c7','zex6aj','zpvq','ياسر الحموي','{"0":"0","1":"true"}',2,3,1751590800000),
('zes6c8','zex6ak','zp29','عبدالرحمن البكري','{"0":"0","1":"true"}',2,6,1750554000000),
('zes6c9','zex6ak','zpk7','سعيد الحريري','{"0":"0","1":"true"}',1,4,1751677200000),
('zes6ca','zex6ak','zp118','سعيد الرفاعي','{"0":"0","1":"true"}',1,4,1751590800000),
('zes6cb','zex6al','zpib','عبدالله الحلبي','{"0":"0","1":"true"}',1,4,1750467600000),
('zes6cc','zex6al','zp13q','إبراهيم الحسن','{"0":"0","1":"true"}',3,6,1750726800000),
('zes6cd','zex6al','zpat','عبدالرحمن الحريري','{"0":"0","1":"true"}',5,5,1750467600000),
('zes6ce','zex6al','zpy3','حسين الحموي','{"0":"0","1":"true"}',3,4,1750813200000),
('zes6cf','zex6al','zp1h','علي الكردي','{"0":"0","1":"true"}',5,6,1751590800000),
('zes6cg','zex6al','zpej','عبدالله البكري','{"0":"0","1":"true"}',1,3,1750122000000),
('zes6ch','zex6al','zpty','حمزة الحريري','{"0":"0","1":"true"}',3,5,1751590800000),
('zes6ci','zex6am','zpdk','عمر الرفاعي','{"0":"0","1":"true"}',4,5,1750640400000),
('zes6cj','zex6am','zpz0','سلمان القاسم','{"0":"0","1":"true"}',2,5,1750467600000),
('zes6ck','zex6am','zpbr','سعيد السالم','{"0":"0","1":"true"}',5,6,1751072400000),
('zes6cl','zex6am','zp16c','مصطفى الإدلبي','{"0":"0","1":"true"}',3,5,1751504400000),
('zes6cm','zex6am','zp19','علي النعسان','{"0":"0","1":"true"}',4,6,1751677200000),
('zes6cn','zex6am','zpi7','إبراهيم الجاسم','{"0":"0","1":"true"}',4,5,1750208400000),
('zes6co','zex6am','zpqj','يوسف الخطيب','{"0":"0","1":"true"}',1,3,1750122000000),
('zes6cp','zex6an','zpwg','أسامة الصالح','{"0":"0","1":"true"}',3,4,1751677200000),
('zes6cq','zex6an','zp16w','حسين الحموي','{"0":"0","1":"true"}',1,4,1750381200000),
('zes6cr','zex6ao','zpax','خالد القاسم','{"0":"0","1":"true"}',3,4,1750813200000),
('zes6cs','zex6ao','zp7m','عمر الحريري','{"0":"0","1":"true"}',3,5,1751331600000),
('zes6ct','zex6ap','zp164','محمد الأحمد','{"0":"0","1":"true"}',4,5,1751158800000),
('zes6cu','zex6ap','zp14i','خالد العمر','{"0":"0","1":"true"}',1,6,1751418000000),
('zes6cv','zex6aq','zp4v','محمد المحمد','{"0":"0","1":"true"}',4,6,1751331600000),
('zes6cw','zex6aq','zptu','عثمان الديب','{"0":"0","1":"true"}',5,5,1751418000000),
('zes6cx','zex6aq','zp7k','أنس الجاسم','{"0":"0","1":"true"}',3,5,1751763600000),
('zes6cy','zex6aq','zpdm','محمد الحسن','{"0":"0","1":"true"}',3,3,1750986000000),
('zes6cz','zex6aq','zpe','أيمن البكري','{"0":"0","1":"true"}',3,3,1750208400000),
('zes6d0','zex6aq','zpi1','بلال الزعبي','{"0":"0","1":"true"}',1,3,1751331600000),
('zes6d1','zex6aq','zp10b','صهيب الحسن','{"0":"0","1":"true"}',3,4,1751331600000),
('zes6d2','zex6aq','zp11e','مصطفى الجاسم','{"0":"0","1":"true"}',4,6,1750640400000),
('zes6d3','zex6ar','zpn4','ياسر الحلبي','{"0":"0","1":"true"}',2,5,1750640400000),
('zes6d4','zex6ar','zpvu','خالد السالم','{"0":"0","1":"true"}',4,4,1751158800000),
('zes6d5','zex6ar','zpg9','صهيب الزعبي','{"0":"0","1":"true"}',6,6,1750813200000),
('zes6d6','zex6ar','zpq3','معاذ الأحمد','{"0":"0","1":"true"}',2,4,1751590800000),
('zes6d7','zex6ar','zp4j','ياسر العمر','{"0":"0","1":"true"}',2,4,1750640400000),
('zes6d8','zex6ar','zp27','مصطفى القاسم','{"0":"0","1":"true"}',3,5,1751504400000),
('zes6d9','zex6ar','zpkw','أنس الشامي','{"0":"0","1":"true"}',1,5,1750640400000);
INSERT OR IGNORE INTO activities (id,scope_kind,scope_id,mosque_id,title,details,due_at,status,created_by,created_by_name,created_at) VALUES
('zac6da','mosque','zmgz','zmgz','حملة نظافة المسجد','شارك وأرسل ردَّك بما أنجزتَه.',1752541200000,'closed','u-admin','المدير العام',1750208400000),
('zac6db','circle','zcwm','zmw1','زيارة مريض','شارك وأرسل ردَّك بما أنجزتَه.',1751850000000,'closed','u-admin','المدير العام',1750122000000),
('zac6dc','mosque','zmun','zmun','زيارة مريض','شارك وأرسل ردَّك بما أنجزتَه.',1752368400000,'published','u-admin','المدير العام',1750726800000),
('zac6dd','circle','zcgp','zm15c','حملة نظافة المسجد','شارك وأرسل ردَّك بما أنجزتَه.',1751590800000,'published','u-admin','المدير العام',1749517200000),
('zac6de','mosque','zmd','zmd','جولة دعوية','شارك وأرسل ردَّك بما أنجزتَه.',1751677200000,'closed','u-admin','المدير العام',1749344400000),
('zac6df','mosque','zmtt','zmtt','لقاء تعارف','شارك وأرسل ردَّك بما أنجزتَه.',1752195600000,'published','u-admin','المدير العام',1750554000000),
('zac6dg','circle','zc1s','zmun','لقاء تعارف','شارك وأرسل ردَّك بما أنجزتَه.',1752195600000,'published','u-admin','المدير العام',1750986000000),
('zac6dh','circle','zcp8','zmtt','توزيع مطويات','شارك وأرسل ردَّك بما أنجزتَه.',1752195600000,'published','u-admin','المدير العام',1750986000000),
('zac6di','mosque','zmcf','zmcf','توزيع مطويات','شارك وأرسل ردَّك بما أنجزتَه.',1752541200000,'closed','u-admin','المدير العام',1750381200000),
('zac6dj','mosque','zm15z','zm15z','توزيع مطويات','شارك وأرسل ردَّك بما أنجزتَه.',1752109200000,'closed','u-admin','المدير العام',1750467600000),
('zac6dk','circle','zcgp','zmd','حملة نظافة المسجد','شارك وأرسل ردَّك بما أنجزتَه.',1751763600000,'published','u-admin','المدير العام',1751245200000),
('zac6dl','mosque','zmw1','zmw1','جولة دعوية','شارك وأرسل ردَّك بما أنجزتَه.',1752627600000,'published','u-admin','المدير العام',1749949200000);
INSERT OR IGNORE INTO activity_responses (id,activity_id,person_id,person_name,body,submitted_at,review_status,reviewed_by) VALUES
('zar6dm','zac6da','zpow','أنس الحريري','شاركتُ في الحملة والحمد لله.',1750986000000,'accepted',NULL),
('zar6dn','zac6da','zp15d','يوسف الديب','أنجزتُ المهمّةَ وزرتُ ثلاثةَ بيوت.',1751418000000,'seen',NULL),
('zar6do','zac6da','zp7q','حسن الكردي','أنجزتُ المهمّةَ وزرتُ ثلاثةَ بيوت.',1751245200000,'seen','u-admin'),
('zar6dp','zac6da','zpev','عبدالرحمن الشامي','شاركتُ في الحملة والحمد لله.',1750813200000,'accepted','u-admin'),
('zar6dq','zac6da','zpb1','إبراهيم البكري','أنجزتُ المهمّةَ وزرتُ ثلاثةَ بيوت.',1751763600000,'pending',NULL),
('zar6dr','zac6db','zppf','إبراهيم الأحمد','شاركتُ في الحملة والحمد لله.',1751504400000,'accepted','u-admin'),
('zar6ds','zac6db','zp10u','حسن العمر','وزّعتُ ٥٠ مطويّة.',1751418000000,'accepted','u-admin'),
('zar6dt','zac6dc','zpu0','عمر الحلبي','تمّ اللقاء بحضورٍ جيّد.',1751677200000,'pending',NULL),
('zar6du','zac6dc','zp27','سعيد الحلبي','تمّ اللقاء بحضورٍ جيّد.',1750122000000,'accepted','u-admin'),
('zar6dv','zac6dc','zp12r','زيد السالم','تمّ اللقاء بحضورٍ جيّد.',1750467600000,'pending',NULL),
('zar6dw','zac6dc','zp184','إبراهيم السالم','أنجزتُ المهمّةَ وزرتُ ثلاثةَ بيوت.',1751418000000,'seen','u-admin'),
('zar6dx','zac6dc','zplv','عبدالله البكري','أنجزتُ المهمّةَ وزرتُ ثلاثةَ بيوت.',1751418000000,'seen','u-admin'),
('zar6dy','zac6dd','zp4h','سلمان الحسن','وزّعتُ ٥٠ مطويّة.',1751418000000,'accepted','u-admin'),
('zar6dz','zac6dd','zpcq','عثمان القاسم','تمّ اللقاء بحضورٍ جيّد.',1751677200000,'accepted','u-admin'),
('zar6e0','zac6dd','zpms','أيمن الكردي','تمّ اللقاء بحضورٍ جيّد.',1750294800000,'pending','u-admin'),
('zar6e1','zac6dd','zpdm','حمزة القاسم','أنجزتُ المهمّةَ وزرتُ ثلاثةَ بيوت.',1751677200000,'seen',NULL),
('zar6e2','zac6de','zp12z','ياسر الرفاعي','شاركتُ في الحملة والحمد لله.',1750467600000,'seen',NULL),
('zar6e3','zac6de','zp10h','يوسف الصالح','شاركتُ في الحملة والحمد لله.',1751418000000,'accepted','u-admin'),
('zar6e4','zac6de','zpib','محمد الزعبي','وزّعتُ ٥٠ مطويّة.',1751158800000,'pending',NULL),
('zar6e5','zac6df','zp10w','خالد الزعبي','تمّ اللقاء بحضورٍ جيّد.',1750294800000,'accepted',NULL),
('zar6e6','zac6df','zpz0','خالد الحسن','شاركتُ في الحملة والحمد لله.',1751245200000,'accepted','u-admin'),
('zar6e7','zac6df','zp6m','خالد السالم','أنجزتُ المهمّةَ وزرتُ ثلاثةَ بيوت.',1750899600000,'pending',NULL),
('zar6e8','zac6df','zp2b','صهيب الشامي','شاركتُ في الحملة والحمد لله.',1751072400000,'seen',NULL),
('zar6e9','zac6df','zp87','أحمد النعسان','أنجزتُ المهمّةَ وزرتُ ثلاثةَ بيوت.',1751763600000,'pending','u-admin'),
('zar6ea','zac6df','zpl2','أسامة الخطيب','وزّعتُ ٥٠ مطويّة.',1750986000000,'seen',NULL),
('zar6eb','zac6dg','zph2','أيمن الرفاعي','شاركتُ في الحملة والحمد لله.',1751072400000,'accepted','u-admin'),
('zar6ec','zac6dg','zpti','عبدالله الحسن','شاركتُ في الحملة والحمد لله.',1750640400000,'seen',NULL),
('zar6ed','zac6dg','zp2','حسين الحموي','وزّعتُ ٥٠ مطويّة.',1751158800000,'accepted',NULL),
('zar6ee','zac6dg','zp42','بلال البكري','شاركتُ في الحملة والحمد لله.',1751763600000,'seen','u-admin'),
('zar6ef','zac6dg','zpcw','أيمن المحمد','شاركتُ في الحملة والحمد لله.',1751763600000,'pending',NULL),
('zar6eg','zac6dh','zp3u','معاذ النعسان','وزّعتُ ٥٠ مطويّة.',1750467600000,'accepted',NULL),
('zar6eh','zac6dh','zplz','عبدالله الحموي','أنجزتُ المهمّةَ وزرتُ ثلاثةَ بيوت.',1750726800000,'seen',NULL),
('zar6ei','zac6dh','zp8d','خالد الحلبي','وزّعتُ ٥٠ مطويّة.',1750986000000,'accepted','u-admin'),
('zar6ej','zac6di','zp15t','أيمن الحلبي','شاركتُ في الحملة والحمد لله.',1751504400000,'seen','u-admin'),
('zar6ek','zac6di','zpwa','سعيد الشامي','وزّعتُ ٥٠ مطويّة.',1750554000000,'accepted','u-admin'),
('zar6el','zac6dj','zp186','أحمد الأحمد','شاركتُ في الحملة والحمد لله.',1751418000000,'pending','u-admin'),
('zar6em','zac6dk','zp18g','أنس الصالح','شاركتُ في الحملة والحمد لله.',1751158800000,'seen',NULL),
('zar6en','zac6dk','zpwc','حسين البكري','شاركتُ في الحملة والحمد لله.',1751331600000,'pending','u-admin'),
('zar6eo','zac6dk','zpw8','عثمان الزعبي','وزّعتُ ٥٠ مطويّة.',1750294800000,'accepted','u-admin'),
('zar6ep','zac6dk','zp127','عبدالرحمن الحموي','أنجزتُ المهمّةَ وزرتُ ثلاثةَ بيوت.',1751590800000,'seen',NULL),
('zar6eq','zac6dk','zpvw','مصطفى الكردي','أنجزتُ المهمّةَ وزرتُ ثلاثةَ بيوت.',1751590800000,'seen','u-admin'),
('zar6er','zac6dl','zp17h','بلال الرفاعي','تمّ اللقاء بحضورٍ جيّد.',1750813200000,'seen','u-admin'),
('zar6es','zac6dl','zph0','محمد الحموي','وزّعتُ ٥٠ مطويّة.',1750813200000,'pending','u-admin'),
('zar6et','zac6dl','zp6q','عبدالله البكري','وزّعتُ ٥٠ مطويّة.',1751245200000,'accepted','u-admin'),
('zar6eu','zac6dl','zp10w','حسن النعسان','شاركتُ في الحملة والحمد لله.',1750122000000,'pending','u-admin'),
('zar6ev','zac6dl','zpb7','ياسر الإدلبي','أنجزتُ المهمّةَ وزرتُ ثلاثةَ بيوت.',1750208400000,'accepted',NULL),
('zar6ew','zac6dl','zp10u','سعيد الزعبي','تمّ اللقاء بحضورٍ جيّد.',1751331600000,'pending','u-admin');
INSERT OR IGNORE INTO assets (id,kind,name,details,org_unit_id,org_path,holder_person_id,holder_name,status,created_by,created_at,updated_at) VALUES
('zas6ex','vehicle','حافلة صغيرة',NULL,'zmmr','/men/zrc9/zqhv/zmmr/','zpap','معاذ الرفاعي','active','u-admin',1739149200000,1750726800000),
('zas6ey','vehicle','حافلة صغيرة',NULL,'zm17g','/men/zrsv/zq159/zm17g/','zpsd','سعيد الحسن','active','u-admin',1747357200000,1749776400000),
('zas6ez','personal_custody','حاسوب محمول','بحالةٍ جيّدة','zmzw','/men/zrsv/zqys/zmzw/','zp5j','سعيد الشامي','active','u-admin',1745888400000,1750035600000),
('zas6f0','personal_custody','كاميرا',NULL,'zmd','/men/zr5/zq9/zmd/','zp1d','معاذ الحموي','returned','u-admin',1744074000000,1750381200000),
('zas6f1','vehicle','دراجة ناريّة','بحالةٍ جيّدة','zmg4','/men/zrc9/zqcc/zmg4/','zp162','بلال الإدلبي','returned','u-admin',1737507600000,1750122000000),
('zas6f2','equipment','طاولات',NULL,'zmop','/men/zrc9/zqns/zmop/','zp97','خالد الجاسم','active','u-admin',1740358800000,1750035600000),
('zas6f3','personal_custody','هاتف',NULL,'zmx1','/men/zrsv/zqsy/zmx1/','zp3y','سعيد الأحمد','active','u-admin',1736989200000,1751590800000),
('zas6f4','equipment','خيمة','بحالةٍ جيّدة','zm18o','/men/zrsv/zq159/zm18o/','zp91','طارق الشامي','active','u-admin',1743210000000,1751158800000),
('zas6f5','personal_custody','كاميرا',NULL,'zm11s','/men/zrsv/zqys/zm11s/','zpza','حسين الزعبي','active','u-admin',1745888400000,1750554000000),
('zas6f6','equipment','كراسي','بحالةٍ جيّدة','zmcf','/men/zrc9/zqcc/zmcf/','zp16c','علي الزعبي','active','u-admin',1741741200000,1750726800000),
('zas6f7','equipment','مكبّر صوت',NULL,'zmdf','/men/zrc9/zqcc/zmdf/','zpw8','ياسر الإدلبي','active','u-admin',1739408400000,1749430800000),
('zas6f8','personal_custody','هاتف','بحالةٍ جيّدة','zmdf','/men/zrc9/zqcc/zmdf/','zpd0','أيمن الرفاعي','active','u-admin',1746925200000,1751590800000),
('zas6f9','vehicle','دراجة ناريّة',NULL,'zmry','/men/zrc9/zqns/zmry/','zpz8','أحمد الزعبي','returned','u-admin',1744246800000,1750640400000),
('zas6fa','vehicle','دراجة ناريّة','بحالةٍ جيّدة','zmr0','/men/zrc9/zqns/zmr0/','zpuo','حسين البكري','active','u-admin',1735866000000,1751763600000),
('zas6fb','equipment','مكبّر صوت','بحالةٍ جيّدة','zmgz','/men/zrc9/zqcc/zmgz/','zp5x','سلمان الحريري','active','u-admin',1748912400000,1749344400000);
INSERT OR IGNORE INTO asset_expenses (id,asset_id,month,fuel_amount,other_amount,note,created_by,created_at) VALUES
('zae6fc','zas6ex','1447-04',40,0,'تغيير زيت','u-admin',1748394000000),
('zae6fd','zas6ex','1447-05',60,0,NULL,'u-admin',1750122000000),
('zae6fe','zas6ex','1447-06',40,50,NULL,'u-admin',1751850000000),
('zae6ff','zas6ey','1447-04',60,20,NULL,'u-admin',1748394000000),
('zae6fg','zas6ey','1447-05',40,0,NULL,'u-admin',1750122000000),
('zae6fh','zas6ey','1447-06',80,50,NULL,'u-admin',1751850000000),
('zae6fi','zas6f1','1447-04',100,50,NULL,'u-admin',1748394000000),
('zae6fj','zas6f1','1447-05',60,0,NULL,'u-admin',1750122000000),
('zae6fk','zas6f1','1447-06',60,0,NULL,'u-admin',1751850000000),
('zae6fl','zas6f9','1447-04',60,0,NULL,'u-admin',1748394000000),
('zae6fm','zas6f9','1447-05',60,20,NULL,'u-admin',1750122000000),
('zae6fn','zas6f9','1447-06',80,0,NULL,'u-admin',1751850000000),
('zae6fo','zas6fa','1447-04',60,0,NULL,'u-admin',1748394000000),
('zae6fp','zas6fa','1447-05',60,0,'تغيير زيت','u-admin',1750122000000),
('zae6fq','zas6fa','1447-06',100,50,NULL,'u-admin',1751850000000);
INSERT OR IGNORE INTO announcements (id,title,body,scope_path,audience,sent_count,created_by,created_by_name,created_at) VALUES
('zann6fr','موعدُ الاختبار المركزيّ','نُعلمكم بالتفاصيل التالية… بارك الله في جهودكم جميعًا.','/women/','all',148,'u-admin','المدير العام',1751418000000),
('zann6fs','تحديثُ نظام النقاط','نُعلمكم بالتفاصيل التالية… بارك الله في جهودكم جميعًا.','/men/','all',99,'u-admin','المدير العام',1751245200000),
('zann6ft','تحديثُ نظام النقاط','نُعلمكم بالتفاصيل التالية… بارك الله في جهودكم جميعًا.','/men/','all',256,'u-admin','المدير العام',1749690000000),
('zann6fu','تحديثُ نظام النقاط','نُعلمكم بالتفاصيل التالية… بارك الله في جهودكم جميعًا.','/men/','students',31,'u-admin','المدير العام',1748826000000),
('zann6fv','موعدُ الاختبار المركزيّ','نُعلمكم بالتفاصيل التالية… بارك الله في جهودكم جميعًا.','/women/','all',89,'u-admin','المدير العام',1751418000000),
('zann6fw','دورةٌ تدريبيّة للأمراء','نُعلمكم بالتفاصيل التالية… بارك الله في جهودكم جميعًا.','/women/','leaders',125,'u-admin','المدير العام',1750035600000),
('zann6fx','تهنئةٌ بالعام الهجريّ','نُعلمكم بالتفاصيل التالية… بارك الله في جهودكم جميعًا.','/women/','students',193,'u-admin','المدير العام',1749517200000),
('zann6fy','موعدُ الاختبار المركزيّ','نُعلمكم بالتفاصيل التالية… بارك الله في جهودكم جميعًا.','/','students',60,'u-admin','المدير العام',1751504400000);
INSERT OR IGNORE INTO supervision_visits (id,circle_kind,circle_ref_id,circle_name,mosque_id,unit_path,submitter_path,visited_by,visited_by_name,visit_date_hijri,monthly_visit_no,student_count,final_score,notes,details,status,approved_by,approved_by_name,created_at,updated_at) VALUES
('zsv6fz','baseera','zcoe','حلقة التحفيظ','zmao','/men/zr5/zq76/zmao/','/men/zr5/zq76/zmao/','u-admin','المشرف الميدانيّ','1447-06-20',1,19,69,NULL,NULL,'approved','u-admin','المدير العام',1749517200000,1751590800000),
('zsv6g0','tahfeez','zc9g','حلقة التحفيظ','zmhy','/men/zrc9/zqhv/zmhy/','/men/zrc9/zqhv/zmhy/','u-admin','المشرف الميدانيّ','1447-06-06',2,9,61,'الحلقةُ نشطةٌ ومنظّمة',NULL,'approved','u-admin','المدير العام',1750294800000,1750035600000),
('zsv6g1','baseera','zcmc','حلقة التحفيظ','zmop','/men/zrc9/zqns/zmop/','/men/zrc9/zqns/zmop/','u-admin','المشرف الميدانيّ','1447-04-01',1,21,78,NULL,NULL,'approved','u-admin','المدير العام',1748048400000,1751763600000),
('zsv6g2','baseera','zcsi','حلقة على بصيرة','zmvf','/men/zrsv/zqsy/zmvf/','/men/zrsv/zqsy/zmvf/','u-admin','المشرف الميدانيّ','1447-05-12',1,19,70,NULL,NULL,'submitted',NULL,NULL,1748394000000,1750640400000),
('zsv6g3','baseera','zcfw','حلقة الفجر','zmpa','/men/zrc9/zqns/zmpa/','/men/zrc9/zqns/zmpa/','u-admin','المشرف الميدانيّ','1447-06-08',1,25,98,'يلزم تحسينُ الحضور',NULL,'submitted',NULL,NULL,1747962000000,1750381200000),
('zsv6g4','baseera','zcw0','حلقة الفجر','zm9w','/men/zr5/zq76/zm9w/','/men/zr5/zq76/zm9w/','u-admin','المشرف الميدانيّ','1447-05-12',2,24,89,NULL,NULL,'submitted',NULL,NULL,1748998800000,1750813200000),
('zsv6g5','tahfeez','zcw0','حلقة الفجر','zmx1','/men/zrsv/zqsy/zmx1/','/men/zrsv/zqsy/zmx1/','u-admin','المشرف الميدانيّ','1447-04-23',3,22,68,NULL,NULL,'draft',NULL,NULL,1749258000000,1750467600000),
('zsv6g6','baseera','zc2r','حلقة الفجر','zm3n','/men/zr5/zq9/zm3n/','/men/zr5/zq9/zm3n/','u-admin','المشرف الميدانيّ','1447-05-11',3,24,70,'الحلقةُ نشطةٌ ومنظّمة',NULL,'submitted',NULL,NULL,1749517200000,1749949200000),
('zsv6g7','tahfeez','zcbb','حلقة التحفيظ','zm8y','/men/zr5/zq76/zm8y/','/men/zr5/zq76/zm8y/','u-admin','المشرف الميدانيّ','1447-06-15',2,9,81,'يلزم تحسينُ الحضور',NULL,'draft',NULL,NULL,1748653200000,1749949200000),
('zsv6g8','baseera','zc1s','حلقة على بصيرة','zmkv','/men/zrc9/zqhv/zmkv/','/men/zrc9/zqhv/zmkv/','u-admin','المشرف الميدانيّ','1447-04-12',1,12,80,'الحلقةُ نشطةٌ ومنظّمة',NULL,'approved','u-admin','المدير العام',1747702800000,1749776400000),
('zsv6g9','tahfeez','zc2s','حلقة الفجر','zmtt','/men/zrsv/zqsy/zmtt/','/men/zrsv/zqsy/zmtt/','u-admin','المشرف الميدانيّ','1447-05-28',3,25,67,NULL,NULL,'approved','u-admin','المدير العام',1748048400000,1751590800000),
('zsv6ga','baseera','zcyg','حلقة الفجر','zm15z','/men/zrsv/zq159/zm15z/','/men/zrsv/zq159/zm15z/','u-admin','المشرف الميدانيّ','1447-04-11',1,8,76,'أداءٌ ممتاز والتزامٌ جيّد',NULL,'approved','u-admin','المدير العام',1751331600000,1751072400000),
('zsv6gb','tahfeez','zc44','حلقة التحفيظ','zm5c','/men/zr5/zq9/zm5c/','/men/zr5/zq9/zm5c/','u-admin','المشرف الميدانيّ','1447-06-14',2,12,69,'الحلقةُ نشطةٌ ومنظّمة',NULL,'approved','u-admin','المدير العام',1748394000000,1751245200000),
('zsv6gc','baseera','zcfw','حلقة الفجر','zmx1','/men/zrsv/zqsy/zmx1/','/men/zrsv/zqsy/zmx1/','u-admin','المشرف الميدانيّ','1447-06-05',1,13,77,'يلزم تحسينُ الحضور',NULL,'approved','u-admin','المدير العام',1750035600000,1750813200000),
('zsv6gd','baseera','zcv5','حلقة على بصيرة','zmbk','/men/zr5/zq76/zmbk/','/men/zr5/zq76/zmbk/','u-admin','المشرف الميدانيّ','1447-05-11',3,12,97,'يلزم تحسينُ الحضور',NULL,'submitted',NULL,NULL,1748739600000,1751418000000),
('zsv6ge','tahfeez','zcqq','حلقة على بصيرة','zmdf','/men/zrc9/zqcc/zmdf/','/men/zrc9/zqcc/zmdf/','u-admin','المشرف الميدانيّ','1447-05-16',2,12,69,'الحلقةُ نشطةٌ ومنظّمة',NULL,'approved','u-admin','المدير العام',1748653200000,1751504400000),
('zsv6gf','baseera','zc15x','حلقة التحفيظ','zmec','/men/zrc9/zqcc/zmec/','/men/zrc9/zqcc/zmec/','u-admin','المشرف الميدانيّ','1447-06-28',1,8,74,'الحلقةُ نشطةٌ ومنظّمة',NULL,'submitted',NULL,NULL,1749862800000,1751677200000),
('zsv6gg','tahfeez','zcle','حلقة على بصيرة','zm18','/men/zr5/zq9/zm18/','/men/zr5/zq9/zm18/','u-admin','المشرف الميدانيّ','1447-06-27',1,18,95,'يلزم تحسينُ الحضور',NULL,'draft',NULL,NULL,1750467600000,1751158800000),
('zsv6gh','baseera','zc14z','حلقة على بصيرة','zm18o','/men/zrsv/zq159/zm18o/','/men/zrsv/zq159/zm18o/','u-admin','المشرف الميدانيّ','1447-04-18',2,9,83,NULL,NULL,'draft',NULL,NULL,1751590800000,1751331600000),
('zsv6gi','baseera','zcsi','حلقة على بصيرة','zmlq','/men/zrc9/zqhv/zmlq/','/men/zrc9/zqhv/zmlq/','u-admin','المشرف الميدانيّ','1447-05-18',3,23,91,NULL,NULL,'approved','u-admin','المدير العام',1749430800000,1750294800000),
('zsv6gj','tahfeez','zckj','حلقة على بصيرة','zmx1','/men/zrsv/zqsy/zmx1/','/men/zrsv/zqsy/zmx1/','u-admin','المشرف الميدانيّ','1447-04-16',2,9,86,'الحلقةُ نشطةٌ ومنظّمة',NULL,'approved','u-admin','المدير العام',1751245200000,1750813200000),
('zsv6gk','baseera','zcfv','حلقة على بصيرة','zm8y','/men/zr5/zq76/zm8y/','/men/zr5/zq76/zm8y/','u-admin','المشرف الميدانيّ','1447-06-01',3,8,97,'يلزم تحسينُ الحضور',NULL,'approved','u-admin','المدير العام',1750467600000,1750813200000),
('zsv6gl','tahfeez','zc8o','حلقة الفجر','zm13d','/men/zrsv/zqys/zm13d/','/men/zrsv/zqys/zm13d/','u-admin','المشرف الميدانيّ','1447-04-21',2,8,73,'أداءٌ ممتاز والتزامٌ جيّد',NULL,'approved','u-admin','المدير العام',1748739600000,1750381200000),
('zsv6gm','tahfeez','zc6t','حلقة التحفيظ','zmun','/men/zrsv/zqsy/zmun/','/men/zrsv/zqsy/zmun/','u-admin','المشرف الميدانيّ','1447-06-10',2,12,83,'يلزم تحسينُ الحضور',NULL,'submitted',NULL,NULL,1751331600000,1751158800000),
('zsv6gn','baseera','zcin','حلقة الفجر','zmry','/men/zrc9/zqns/zmry/','/men/zrc9/zqns/zmry/','u-admin','المشرف الميدانيّ','1447-04-20',1,23,91,NULL,NULL,'draft',NULL,NULL,1749517200000,1751504400000);
INSERT OR IGNORE INTO registration_requests (id,kind,full_name,gender,login,password_hash,phone,target_unit_id,target_path,proposed_unit_name,proposed_parent_id,circle_id,note,status,decided_by,decided_by_name,decided_at,reject_reason,created_unit_id,created_person_id,created_user_id,created_at) VALUES
('zreg6go','amir','علي المحمد','male','applicant0','pbkdf2$100000$8T/B/AaCUb7IZ0bystvNjw==$LxZKTHYFK9tz1EnXiZLfi4Je5xflHrh4ndYv1TrR+qA=','0954544312','zmao','/men/zr5/zq76/zmao/',NULL,NULL,NULL,NULL,'approved',NULL,NULL,NULL,NULL,NULL,NULL,NULL,1751677200000),
('zreg6gp','student','صهيب الحريري','male',NULL,NULL,'0949275501','zmd','/men/zr5/zq9/zmd/',NULL,NULL,'zc12a',NULL,'rejected',NULL,NULL,NULL,NULL,NULL,NULL,NULL,1750122000000),
('zreg6gq','teacher','أيمن الزعبي','male','applicant2','pbkdf2$100000$8T/B/AaCUb7IZ0bystvNjw==$LxZKTHYFK9tz1EnXiZLfi4Je5xflHrh4ndYv1TrR+qA=','0986180684','zmhy','/men/zrc9/zqhv/zmhy/',NULL,NULL,NULL,NULL,'pending',NULL,NULL,NULL,NULL,NULL,NULL,NULL,1751677200000),
('zreg6gr','teacher','عثمان الأحمد','male','applicant3','pbkdf2$100000$8T/B/AaCUb7IZ0bystvNjw==$LxZKTHYFK9tz1EnXiZLfi4Je5xflHrh4ndYv1TrR+qA=','0938005032','zmop','/men/zrc9/zqns/zmop/',NULL,NULL,NULL,'أرغبُ في الانضمام والمشاركة','pending',NULL,NULL,NULL,NULL,NULL,NULL,NULL,1750986000000),
('zreg6gs','student','حسن الأحمد','male',NULL,NULL,'0924535169','zm14b','/men/zrsv/zqys/zm14b/',NULL,NULL,'zcxh',NULL,'approved',NULL,NULL,NULL,NULL,NULL,NULL,NULL,1751590800000),
('zreg6gt','student','حسين الكردي','male',NULL,NULL,'0984757661','zmfc','/men/zrc9/zqcc/zmfc/',NULL,NULL,'zc13w',NULL,'pending',NULL,NULL,NULL,NULL,NULL,NULL,NULL,1750122000000),
('zreg6gu','amir','ياسر الصالح','male','applicant6','pbkdf2$100000$8T/B/AaCUb7IZ0bystvNjw==$LxZKTHYFK9tz1EnXiZLfi4Je5xflHrh4ndYv1TrR+qA=','0930738002','zm15z','/men/zrsv/zq159/zm15z/',NULL,NULL,NULL,'أرغبُ في الانضمام والمشاركة','rejected',NULL,NULL,NULL,NULL,NULL,NULL,NULL,1750294800000),
('zreg6gv','teacher','محمد المحمد','male','applicant7','pbkdf2$100000$8T/B/AaCUb7IZ0bystvNjw==$LxZKTHYFK9tz1EnXiZLfi4Je5xflHrh4ndYv1TrR+qA=','0957392359','zmw1','/men/zrsv/zqsy/zmw1/',NULL,NULL,NULL,'أرغبُ في الانضمام والمشاركة','pending',NULL,NULL,NULL,NULL,NULL,NULL,NULL,1751418000000);
INSERT OR IGNORE INTO tahfeez_sessions (id,circle_id,date_hijri,day_no,mosque_id,created_by,created_at) VALUES
('zths6gw','ztc4ih','1447-06-12',11,'zmd','u-admin',1751504400000),
('zths6h0','ztc4ih','1447-04-21',11,'zmd','u-admin',1749258000000),
('zths6h6','ztc4ih','1447-05-05',25,'zmd','u-admin',1749862800000),
('zths6hc','ztc4j4','1447-06-05',14,'zm6b','u-admin',1751072400000),
('zths6hh','ztc4j4','1447-06-05',16,'zm6b','u-admin',1750899600000),
('zths6hn','ztc4jh','1447-05-23',30,'zm79','u-admin',1749517200000),
('zths6hs','ztc4jh','1447-04-19',16,'zm79','u-admin',1751072400000),
('zths6hz','ztc4jz','1447-04-02',12,'zm84','u-admin',1751418000000),
('zths6i4','ztc4jz','1447-04-04',11,'zm84','u-admin',1749430800000),
('zths6i8','ztc4jz','1447-04-14',19,'zm84','u-admin',1750813200000),
('zths6id','ztc4kb','1447-05-10',2,'zm9w','u-admin',1750640400000),
('zths6ig','ztc4kb','1447-06-04',10,'zm9w','u-admin',1751245200000),
('zths6il','ztc4kb','1447-04-20',22,'zm9w','u-admin',1749690000000),
('zths6iq','ztc4ko','1447-04-01',25,'zmao','u-admin',1751590800000),
('zths6it','ztc4ko','1447-05-27',2,'zmao','u-admin',1750208400000),
('zths6iw','ztc4ko','1447-04-14',23,'zmao','u-admin',1749517200000),
('zths6j0','ztc4ko','1447-04-25',25,'zmao','u-admin',1750122000000),
('zths6j4','ztc4kx','1447-05-09',9,'zmec','u-admin',1749258000000),
('zths6j8','ztc4kx','1447-05-28',22,'zmec','u-admin',1749430800000),
('zths6jb','ztc4kx','1447-05-23',1,'zmec','u-admin',1749344400000),
('zths6jf','ztc4ld','1447-05-13',2,'zmg4','u-admin',1751245200000),
('zths6ji','ztc4ld','1447-06-07',2,'zmg4','u-admin',1750726800000),
('zths6jl','ztc4ld','1447-06-21',10,'zmg4','u-admin',1749430800000),
('zths6jp','ztc4ls','1447-04-27',5,'zmlq','u-admin',1749776400000),
('zths6jt','ztc4ls','1447-06-04',5,'zmlq','u-admin',1750726800000),
('zths6jy','ztc4ls','1447-06-23',25,'zmlq','u-admin',1751158800000),
('zths6k2','ztc4m2','1447-05-01',21,'zmmr','u-admin',1751158800000),
('zths6k7','ztc4m2','1447-05-09',21,'zmmr','u-admin',1749690000000),
('zths6kc','ztc4m2','1447-06-12',1,'zmmr','u-admin',1751590800000),
('zths6kf','ztc4mh','1447-04-22',15,'zmpa','u-admin',1751677200000),
('zths6kl','ztc4mh','1447-06-21',20,'zmpa','u-admin',1750208400000),
('zths6ks','ztc4n3','1447-05-01',26,'zmt1','u-admin',1751245200000),
('zths6kv','ztc4n3','1447-04-08',29,'zmt1','u-admin',1749430800000),
('zths6kz','ztc4n3','1447-05-01',17,'zmt1','u-admin',1749258000000),
('zths6l3','ztc4o9','1447-05-13',20,'zm17g','u-admin',1751418000000),
('zths6la','ztc4o9','1447-04-27',13,'zm17g','u-admin',1751158800000),
('zths6lg','ztc4o9','1447-04-12',6,'zm17g','u-admin',1751504400000),
('zths6ln','ztc4o9','1447-06-03',21,'zm17g','u-admin',1750035600000);
INSERT OR IGNORE INTO tahfeez_daily_records (id,session_id,student_id,attendance,hifz_scope,hifz_from,hifz_to,hifz_grade,hifz_mode,hifz_surah,review_scope,review_from,review_to,review_grade,review_mode,review_surah,tajweed_grade,companion,companion_kind,note,created_at) VALUES
('zthr6gx','zths6gw','zts4ii','present','surah',2,14,'جيّد','surah',14,'surah',1,6,'ممتاز','surah',15,'ممتاز','أتمّ الواجب',NULL,NULL,1749862800000),
('zthr6gy','zths6gw','zts4in','present','surah',1,20,'جيّد جدًّا','surah',11,'surah',1,7,'جيّد','surah',17,'ممتاز',NULL,NULL,NULL,1750554000000),
('zthr6gz','zths6gw','zts4iq','present','surah',4,14,'ممتاز','surah',28,'surah',1,13,'ممتاز','surah',9,'جيّد جدًّا',NULL,NULL,NULL,1749258000000),
('zthr6h1','zths6h0','zts4ii','present','surah',3,6,'جيّد','surah',1,'surah',1,15,'جيّد','surah',6,'جيّد جدًّا',NULL,NULL,NULL,1750726800000),
('zthr6h2','zths6h0','zts4il','excused','surah',5,9,'جيّد','surah',10,'surah',1,7,'جيّد','surah',11,'ممتاز',NULL,NULL,NULL,1750726800000),
('zthr6h3','zths6h0','zts4in','excused','surah',5,19,'ممتاز','surah',3,'surah',1,13,'ممتاز','surah',10,'ممتاز','أتمّ الواجب',NULL,NULL,1750726800000),
('zthr6h4','zths6h0','zts4it','excused','surah',3,11,'ممتاز','surah',28,'surah',1,6,'ممتاز','surah',26,'جيّد جدًّا',NULL,NULL,NULL,1751763600000),
('zthr6h5','zths6h0','zts4iv','present','surah',4,6,'ممتاز','surah',1,'surah',1,9,'جيّد','surah',15,'جيّد جدًّا',NULL,NULL,NULL,1749603600000),
('zthr6h7','zths6h6','zts4il','present','surah',4,16,'جيّد','surah',12,'surah',1,14,'جيّد','surah',20,'ممتاز',NULL,NULL,NULL,1751158800000),
('zthr6h8','zths6h6','zts4in','absent','surah',4,19,'جيّد جدًّا','surah',10,'surah',1,9,'جيّد','surah',25,'ممتاز',NULL,NULL,NULL,1750208400000),
('zthr6h9','zths6h6','zts4iq','present','surah',2,7,'جيّد','surah',19,'surah',1,10,'ممتاز','surah',26,'ممتاز',NULL,NULL,NULL,1749603600000),
('zthr6ha','zths6h6','zts4it','present','surah',2,19,'جيّد جدًّا','surah',27,'surah',1,9,'جيّد','surah',28,'جيّد جدًّا',NULL,NULL,NULL,1750035600000),
('zthr6hb','zths6h6','zts4iv','present','surah',2,6,'ممتاز','surah',13,'surah',1,14,'جيّد','surah',25,'ممتاز','أتمّ الواجب',NULL,NULL,1750381200000),
('zthr6hd','zths6hc','zts4j5','present','surah',5,19,'جيّد جدًّا','surah',14,'surah',1,12,'جيّد','surah',18,'جيّد جدًّا','أتمّ الواجب',NULL,NULL,1749517200000),
('zthr6he','zths6hc','zts4j7','absent','surah',1,7,'ممتاز','surah',17,'surah',1,13,'جيّد','surah',29,'جيّد جدًّا',NULL,NULL,NULL,1751418000000),
('zthr6hf','zths6hc','zts4j9','present','surah',2,15,'جيّد جدًّا','surah',6,'surah',1,10,'جيّد','surah',11,'ممتاز',NULL,NULL,NULL,1749430800000),
('zthr6hg','zths6hc','zts4jc','absent','surah',5,9,'ممتاز','surah',29,'surah',1,15,'ممتاز','surah',16,'ممتاز','أتمّ الواجب',NULL,NULL,1751245200000),
('zthr6hi','zths6hh','zts4j5','excused','surah',3,20,'جيّد جدًّا','surah',26,'surah',1,6,'ممتاز','surah',20,'جيّد جدًّا',NULL,NULL,NULL,1750208400000),
('zthr6hj','zths6hh','zts4j7','excused','surah',2,18,'ممتاز','surah',5,'surah',1,13,'جيّد','surah',23,'جيّد جدًّا','أتمّ الواجب',NULL,NULL,1751504400000),
('zthr6hk','zths6hh','zts4j9','present','surah',5,13,'جيّد','surah',26,'surah',1,10,'ممتاز','surah',8,'جيّد جدًّا','أتمّ الواجب',NULL,NULL,1751245200000),
('zthr6hl','zths6hh','zts4jc','present','surah',4,12,'ممتاز','surah',19,'surah',1,10,'جيّد','surah',11,'جيّد جدًّا',NULL,NULL,NULL,1750986000000),
('zthr6hm','zths6hh','zts4je','present','surah',1,8,'جيّد','surah',13,'surah',1,6,'جيّد','surah',17,'ممتاز',NULL,NULL,NULL,1750467600000),
('zthr6ho','zths6hn','zts4ji','excused','surah',2,8,'جيّد جدًّا','surah',28,'surah',1,15,'ممتاز','surah',8,'جيّد جدًّا',NULL,NULL,NULL,1750554000000),
('zthr6hp','zths6hn','zts4jl','excused','surah',2,8,'جيّد','surah',12,'surah',1,11,'جيّد','surah',16,'ممتاز','أتمّ الواجب',NULL,NULL,1750813200000),
('zthr6hq','zths6hn','zts4jq','present','surah',4,15,'ممتاز','surah',9,'surah',1,7,'ممتاز','surah',14,'جيّد جدًّا',NULL,NULL,NULL,1751418000000),
('zthr6hr','zths6hn','zts4ju','present','surah',3,19,'جيّد جدًّا','surah',21,'surah',1,12,'جيّد','surah',12,'جيّد جدًّا','أتمّ الواجب',NULL,NULL,1750899600000),
('zthr6ht','zths6hs','zts4ji','excused','surah',5,15,'جيّد جدًّا','surah',13,'surah',1,7,'جيّد','surah',7,'جيّد جدًّا',NULL,NULL,NULL,1750035600000),
('zthr6hu','zths6hs','zts4jl','present','surah',3,17,'ممتاز','surah',2,'surah',1,12,'جيّد','surah',15,'جيّد جدًّا','أتمّ الواجب',NULL,NULL,1749258000000),
('zthr6hv','zths6hs','zts4jn','present','surah',3,10,'ممتاز','surah',7,'surah',1,7,'ممتاز','surah',4,'جيّد جدًّا','أتمّ الواجب',NULL,NULL,1750899600000),
('zthr6hw','zths6hs','zts4jq','present','surah',1,9,'جيّد','surah',2,'surah',1,6,'جيّد','surah',17,'جيّد جدًّا',NULL,NULL,NULL,1751072400000),
('zthr6hx','zths6hs','zts4js','excused','surah',3,7,'جيّد جدًّا','surah',20,'surah',1,11,'جيّد','surah',12,'ممتاز','أتمّ الواجب',NULL,NULL,1750467600000),
('zthr6hy','zths6hs','zts4ju','excused','surah',4,18,'ممتاز','surah',19,'surah',1,11,'جيّد','surah',26,'ممتاز',NULL,NULL,NULL,1750122000000),
('zthr6i0','zths6hz','zts4k0','excused','surah',4,12,'ممتاز','surah',24,'surah',1,12,'ممتاز','surah',29,'ممتاز','أتمّ الواجب',NULL,NULL,1751763600000),
('zthr6i1','zths6hz','zts4k3','excused','surah',3,12,'جيّد','surah',9,'surah',1,13,'جيّد','surah',4,'جيّد جدًّا','أتمّ الواجب',NULL,NULL,1749517200000),
('zthr6i2','zths6hz','zts4k5','present','surah',1,6,'جيّد','surah',29,'surah',1,7,'ممتاز','surah',23,'ممتاز',NULL,NULL,NULL,1751504400000),
('zthr6i3','zths6hz','zts4k8','present','surah',2,7,'ممتاز','surah',6,'surah',1,9,'ممتاز','surah',16,'جيّد جدًّا','أتمّ الواجب',NULL,NULL,1751763600000),
('zthr6i5','zths6i4','zts4k3','present','surah',2,8,'جيّد جدًّا','surah',14,'surah',1,8,'جيّد','surah',14,'جيّد جدًّا',NULL,NULL,NULL,1750035600000),
('zthr6i6','zths6i4','zts4k5','present','surah',5,9,'جيّد','surah',16,'surah',1,8,'جيّد','surah',2,'ممتاز',NULL,NULL,NULL,1750640400000),
('zthr6i7','zths6i4','zts4k8','present','surah',5,9,'جيّد جدًّا','surah',18,'surah',1,7,'ممتاز','surah',15,'جيّد جدًّا',NULL,NULL,NULL,1750294800000),
('zthr6i9','zths6i8','zts4k0','present','surah',4,14,'ممتاز','surah',9,'surah',1,11,'ممتاز','surah',21,'ممتاز',NULL,NULL,NULL,1751763600000),
('zthr6ia','zths6i8','zts4k3','excused','surah',2,15,'جيّد جدًّا','surah',19,'surah',1,9,'جيّد','surah',22,'جيّد جدًّا',NULL,NULL,NULL,1749258000000),
('zthr6ib','zths6i8','zts4k5','present','surah',5,8,'ممتاز','surah',26,'surah',1,8,'جيّد','surah',8,'جيّد جدًّا','أتمّ الواجب',NULL,NULL,1750294800000),
('zthr6ic','zths6i8','zts4k8','present','surah',5,14,'ممتاز','surah',11,'surah',1,14,'ممتاز','surah',28,'ممتاز',NULL,NULL,NULL,1750467600000),
('zthr6ie','zths6id','zts4kc','excused','surah',1,20,'ممتاز','surah',9,'surah',1,7,'جيّد','surah',10,'جيّد جدًّا',NULL,NULL,NULL,1749862800000),
('zthr6if','zths6id','zts4kl','excused','surah',5,13,'جيّد','surah',28,'surah',1,12,'جيّد','surah',13,'جيّد جدًّا',NULL,NULL,NULL,1751418000000),
('zthr6ih','zths6ig','zts4kc','present','surah',2,18,'جيّد جدًّا','surah',11,'surah',1,14,'جيّد','surah',5,'جيّد جدًّا',NULL,NULL,NULL,1751677200000),
('zthr6ii','zths6ig','zts4kf','present','surah',1,17,'ممتاز','surah',8,'surah',1,9,'جيّد','surah',12,'جيّد جدًّا',NULL,NULL,NULL,1750899600000),
('zthr6ij','zths6ig','zts4ki','excused','surah',3,14,'جيّد جدًّا','surah',29,'surah',1,13,'ممتاز','surah',23,'جيّد جدًّا',NULL,NULL,NULL,1751677200000),
('zthr6ik','zths6ig','zts4kl','present','surah',2,19,'جيّد','surah',19,'surah',1,10,'جيّد','surah',4,'جيّد جدًّا','أتمّ الواجب',NULL,NULL,1751158800000),
('zthr6im','zths6il','zts4kc','excused','surah',3,15,'جيّد جدًّا','surah',5,'surah',1,8,'جيّد','surah',30,'ممتاز',NULL,NULL,NULL,1750899600000),
('zthr6in','zths6il','zts4kf','excused','surah',2,14,'ممتاز','surah',7,'surah',1,7,'ممتاز','surah',7,'جيّد جدًّا',NULL,NULL,NULL,1751677200000),
('zthr6io','zths6il','zts4ki','excused','surah',2,6,'جيّد','surah',6,'surah',1,5,'جيّد','surah',23,'جيّد جدًّا',NULL,NULL,NULL,1749258000000),
('zthr6ip','zths6il','zts4kl','present','surah',1,16,'جيّد جدًّا','surah',29,'surah',1,5,'جيّد','surah',4,'ممتاز',NULL,NULL,NULL,1751331600000),
('zthr6ir','zths6iq','zts4kp','absent','surah',4,6,'جيّد جدًّا','surah',12,'surah',1,8,'جيّد','surah',11,'ممتاز',NULL,NULL,NULL,1751245200000),
('zthr6is','zths6iq','zts4ks','absent','surah',5,7,'ممتاز','surah',3,'surah',1,6,'ممتاز','surah',19,'جيّد جدًّا',NULL,NULL,NULL,1751763600000),
('zthr6iu','zths6it','zts4ks','excused','surah',5,19,'ممتاز','surah',23,'surah',1,6,'ممتاز','surah',21,'جيّد جدًّا',NULL,NULL,NULL,1751072400000),
('zthr6iv','zths6it','zts4kv','present','surah',1,17,'جيّد','surah',22,'surah',1,8,'ممتاز','surah',28,'ممتاز',NULL,NULL,NULL,1750294800000),
('zthr6ix','zths6iw','zts4kp','present','surah',1,7,'ممتاز','surah',10,'surah',1,8,'ممتاز','surah',15,'جيّد جدًّا','أتمّ الواجب',NULL,NULL,1750122000000),
('zthr6iy','zths6iw','zts4ks','excused','surah',5,18,'ممتاز','surah',18,'surah',1,8,'ممتاز','surah',16,'ممتاز','أتمّ الواجب',NULL,NULL,1749603600000),
('zthr6iz','zths6iw','zts4kv','excused','surah',1,11,'ممتاز','surah',27,'surah',1,13,'جيّد','surah',29,'جيّد جدًّا',NULL,NULL,NULL,1749344400000);
INSERT OR IGNORE INTO tahfeez_daily_records (id,session_id,student_id,attendance,hifz_scope,hifz_from,hifz_to,hifz_grade,hifz_mode,hifz_surah,review_scope,review_from,review_to,review_grade,review_mode,review_surah,tajweed_grade,companion,companion_kind,note,created_at) VALUES
('zthr6j1','zths6j0','zts4kp','excused','surah',5,6,'ممتاز','surah',8,'surah',1,12,'جيّد','surah',1,'ممتاز',NULL,NULL,NULL,1749949200000),
('zthr6j2','zths6j0','zts4ks','present','surah',2,19,'ممتاز','surah',8,'surah',1,9,'جيّد','surah',11,'جيّد جدًّا',NULL,NULL,NULL,1750035600000),
('zthr6j3','zths6j0','zts4kv','present','surah',1,11,'جيّد','surah',12,'surah',1,6,'جيّد','surah',23,'جيّد جدًّا',NULL,NULL,NULL,1749344400000),
('zthr6j5','zths6j4','zts4ky','present','surah',4,19,'جيّد جدًّا','surah',9,'surah',1,10,'جيّد','surah',3,'جيّد جدًّا',NULL,NULL,NULL,1751158800000),
('zthr6j6','zths6j4','zts4l0','absent','surah',3,6,'جيّد جدًّا','surah',27,'surah',1,5,'ممتاز','surah',14,'جيّد جدًّا',NULL,NULL,NULL,1750208400000),
('zthr6j7','zths6j4','zts4l3','present','surah',1,8,'جيّد جدًّا','surah',13,'surah',1,15,'ممتاز','surah',8,'جيّد جدًّا',NULL,NULL,NULL,1751590800000),
('zthr6j9','zths6j8','zts4ky','present','surah',1,9,'ممتاز','surah',16,'surah',1,15,'ممتاز','surah',1,'ممتاز',NULL,NULL,NULL,1749949200000),
('zthr6ja','zths6j8','zts4l0','absent','surah',5,16,'جيّد','surah',22,'surah',1,8,'جيّد','surah',5,'جيّد جدًّا',NULL,NULL,NULL,1749949200000),
('zthr6jc','zths6jb','zts4ky','present','surah',5,6,'ممتاز','surah',18,'surah',1,7,'جيّد','surah',15,'جيّد جدًّا',NULL,NULL,NULL,1750035600000),
('zthr6jd','zths6jb','zts4l0','absent','surah',1,8,'جيّد جدًّا','surah',29,'surah',1,14,'جيّد','surah',27,'جيّد جدًّا','أتمّ الواجب',NULL,NULL,1749949200000),
('zthr6je','zths6jb','zts4l3','present','surah',5,11,'جيّد','surah',8,'surah',1,13,'جيّد','surah',14,'ممتاز',NULL,NULL,NULL,1751677200000),
('zthr6jg','zths6jf','zts4le','excused','surah',3,12,'جيّد جدًّا','surah',7,'surah',1,9,'جيّد','surah',3,'جيّد جدًّا','أتمّ الواجب',NULL,NULL,1750640400000),
('zthr6jh','zths6jf','zts4lj','absent','surah',3,18,'جيّد جدًّا','surah',13,'surah',1,14,'جيّد','surah',4,'ممتاز',NULL,NULL,NULL,1749949200000),
('zthr6jj','zths6ji','zts4le','present','surah',1,9,'جيّد جدًّا','surah',24,'surah',1,11,'ممتاز','surah',18,'ممتاز','أتمّ الواجب',NULL,NULL,1749603600000),
('zthr6jk','zths6ji','zts4lg','excused','surah',3,10,'ممتاز','surah',1,'surah',1,7,'ممتاز','surah',22,'ممتاز',NULL,NULL,NULL,1750208400000),
('zthr6jm','zths6jl','zts4le','present','surah',2,10,'ممتاز','surah',27,'surah',1,7,'جيّد','surah',25,'ممتاز','أتمّ الواجب',NULL,NULL,1751331600000),
('zthr6jn','zths6jl','zts4lg','present','surah',1,20,'جيّد جدًّا','surah',11,'surah',1,8,'ممتاز','surah',22,'ممتاز',NULL,NULL,NULL,1749517200000),
('zthr6jo','zths6jl','zts4lj','present','surah',3,14,'ممتاز','surah',2,'surah',1,5,'ممتاز','surah',26,'ممتاز',NULL,NULL,NULL,1751331600000),
('zthr6jq','zths6jp','zts4lt','absent','surah',2,8,'جيّد','surah',23,'surah',1,15,'ممتاز','surah',29,'ممتاز','أتمّ الواجب',NULL,NULL,1749776400000),
('zthr6jr','zths6jp','zts4lv','present','surah',5,20,'جيّد','surah',9,'surah',1,10,'جيّد','surah',18,'جيّد جدًّا','أتمّ الواجب',NULL,NULL,1750899600000),
('zthr6js','zths6jp','zts4ly','present','surah',4,19,'ممتاز','surah',9,'surah',1,10,'جيّد','surah',18,'جيّد جدًّا',NULL,NULL,NULL,1749430800000),
('zthr6ju','zths6jt','zts4lt','present','surah',2,7,'جيّد جدًّا','surah',28,'surah',1,12,'جيّد','surah',4,'جيّد جدًّا','أتمّ الواجب',NULL,NULL,1749344400000),
('zthr6jv','zths6jt','zts4lv','present','surah',1,18,'جيّد','surah',19,'surah',1,13,'ممتاز','surah',10,'جيّد جدًّا',NULL,NULL,NULL,1749430800000),
('zthr6jw','zths6jt','zts4ly','excused','surah',4,14,'جيّد جدًّا','surah',14,'surah',1,9,'ممتاز','surah',21,'جيّد جدًّا',NULL,NULL,NULL,1750035600000),
('zthr6jx','zths6jt','zts4m0','excused','surah',5,8,'جيّد','surah',25,'surah',1,5,'جيّد','surah',7,'جيّد جدًّا','أتمّ الواجب',NULL,NULL,1749949200000),
('zthr6jz','zths6jy','zts4lv','excused','surah',2,7,'جيّد','surah',9,'surah',1,12,'ممتاز','surah',14,'ممتاز','أتمّ الواجب',NULL,NULL,1751072400000),
('zthr6k0','zths6jy','zts4ly','absent','surah',3,16,'ممتاز','surah',3,'surah',1,10,'ممتاز','surah',1,'جيّد جدًّا',NULL,NULL,NULL,1751331600000),
('zthr6k1','zths6jy','zts4m0','present','surah',4,19,'جيّد جدًّا','surah',13,'surah',1,10,'جيّد','surah',29,'ممتاز',NULL,NULL,NULL,1751072400000),
('zthr6k3','zths6k2','zts4m3','present','surah',5,9,'جيّد جدًّا','surah',19,'surah',1,5,'جيّد','surah',20,'جيّد جدًّا',NULL,NULL,NULL,1751504400000),
('zthr6k4','zths6k2','zts4m5','present','surah',5,10,'جيّد','surah',16,'surah',1,15,'ممتاز','surah',7,'جيّد جدًّا',NULL,NULL,NULL,1750208400000),
('zthr6k5','zths6k2','zts4m8','absent','surah',3,14,'جيّد','surah',7,'surah',1,7,'جيّد','surah',1,'جيّد جدًّا',NULL,NULL,NULL,1751677200000),
('zthr6k6','zths6k2','zts4mb','absent','surah',5,19,'ممتاز','surah',22,'surah',1,6,'ممتاز','surah',30,'جيّد جدًّا','أتمّ الواجب',NULL,NULL,1749344400000),
('zthr6k8','zths6k7','zts4m3','present','surah',1,20,'جيّد','surah',28,'surah',1,5,'ممتاز','surah',26,'جيّد جدًّا',NULL,NULL,NULL,1750467600000),
('zthr6k9','zths6k7','zts4m5','present','surah',2,8,'جيّد','surah',27,'surah',1,9,'ممتاز','surah',14,'ممتاز',NULL,NULL,NULL,1749690000000),
('zthr6ka','zths6k7','zts4m8','absent','surah',4,15,'جيّد','surah',12,'surah',1,7,'ممتاز','surah',6,'جيّد جدًّا',NULL,NULL,NULL,1750640400000),
('zthr6kb','zths6k7','zts4mb','excused','surah',4,10,'جيّد جدًّا','surah',17,'surah',1,15,'ممتاز','surah',23,'ممتاز',NULL,NULL,NULL,1750294800000),
('zthr6kd','zths6kc','zts4m8','present','surah',5,9,'جيّد','surah',6,'surah',1,15,'جيّد','surah',9,'جيّد جدًّا',NULL,NULL,NULL,1750035600000),
('zthr6ke','zths6kc','zts4mb','present','surah',3,13,'ممتاز','surah',18,'surah',1,15,'ممتاز','surah',6,'جيّد جدًّا','أتمّ الواجب',NULL,NULL,1750640400000),
('zthr6kg','zths6kf','zts4mi','present','surah',1,11,'ممتاز','surah',24,'surah',1,10,'ممتاز','surah',27,'ممتاز',NULL,NULL,NULL,1750208400000),
('zthr6kh','zths6kf','zts4ml','absent','surah',2,7,'ممتاز','surah',22,'surah',1,13,'ممتاز','surah',13,'جيّد جدًّا','أتمّ الواجب',NULL,NULL,1749430800000),
('zthr6ki','zths6kf','zts4mo','excused','surah',4,16,'جيّد جدًّا','surah',30,'surah',1,15,'ممتاز','surah',2,'جيّد جدًّا','أتمّ الواجب',NULL,NULL,1750208400000),
('zthr6kj','zths6kf','zts4mq','excused','surah',2,17,'ممتاز','surah',27,'surah',1,13,'جيّد','surah',20,'جيّد جدًّا','أتمّ الواجب',NULL,NULL,1751504400000),
('zthr6kk','zths6kf','zts4mt','present','surah',2,16,'ممتاز','surah',10,'surah',1,10,'ممتاز','surah',28,'ممتاز',NULL,NULL,NULL,1750381200000),
('zthr6km','zths6kl','zts4mi','absent','surah',4,20,'جيّد','surah',30,'surah',1,11,'ممتاز','surah',14,'جيّد جدًّا','أتمّ الواجب',NULL,NULL,1750467600000),
('zthr6kn','zths6kl','zts4ml','present','surah',2,11,'جيّد','surah',7,'surah',1,11,'ممتاز','surah',2,'جيّد جدًّا','أتمّ الواجب',NULL,NULL,1751504400000),
('zthr6ko','zths6kl','zts4mo','present','surah',3,19,'ممتاز','surah',15,'surah',1,6,'جيّد','surah',30,'جيّد جدًّا',NULL,NULL,NULL,1751331600000),
('zthr6kp','zths6kl','zts4mq','present','surah',1,17,'جيّد جدًّا','surah',24,'surah',1,11,'ممتاز','surah',21,'جيّد جدًّا',NULL,NULL,NULL,1749517200000),
('zthr6kq','zths6kl','zts4mt','present','surah',5,6,'جيّد','surah',25,'surah',1,6,'ممتاز','surah',28,'ممتاز',NULL,NULL,NULL,1750986000000),
('zthr6kr','zths6kl','zts4mv','present','surah',4,18,'ممتاز','surah',13,'surah',1,9,'جيّد','surah',5,'ممتاز','أتمّ الواجب',NULL,NULL,1750899600000),
('zthr6kt','zths6ks','zts4n4','absent','surah',1,9,'جيّد','surah',19,'surah',1,5,'جيّد','surah',8,'جيّد جدًّا',NULL,NULL,NULL,1749690000000),
('zthr6ku','zths6ks','zts4n8','absent','surah',4,11,'جيّد جدًّا','surah',24,'surah',1,7,'ممتاز','surah',2,'جيّد جدًّا','أتمّ الواجب',NULL,NULL,1750554000000),
('zthr6kw','zths6kv','zts4n4','present','surah',5,11,'جيّد','surah',22,'surah',1,13,'ممتاز','surah',8,'جيّد جدًّا','أتمّ الواجب',NULL,NULL,1750467600000),
('zthr6kx','zths6kv','zts4n6','excused','surah',1,9,'جيّد جدًّا','surah',22,'surah',1,6,'جيّد','surah',6,'ممتاز','أتمّ الواجب',NULL,NULL,1750726800000),
('zthr6ky','zths6kv','zts4n8','present','surah',5,10,'جيّد','surah',16,'surah',1,13,'جيّد','surah',26,'ممتاز',NULL,NULL,NULL,1750986000000),
('zthr6l0','zths6kz','zts4n4','present','surah',1,9,'جيّد جدًّا','surah',2,'surah',1,7,'ممتاز','surah',27,'ممتاز',NULL,NULL,NULL,1749690000000),
('zthr6l1','zths6kz','zts4n6','present','surah',4,14,'جيّد جدًّا','surah',25,'surah',1,12,'ممتاز','surah',1,'ممتاز',NULL,NULL,NULL,1751158800000),
('zthr6l2','zths6kz','zts4n8','absent','surah',1,12,'جيّد جدًّا','surah',9,'surah',1,13,'ممتاز','surah',14,'ممتاز',NULL,NULL,NULL,1749430800000),
('zthr6l4','zths6l3','zts4oa','present','surah',3,7,'جيّد','surah',5,'surah',1,6,'ممتاز','surah',24,'جيّد جدًّا',NULL,NULL,NULL,1750813200000),
('zthr6l5','zths6l3','zts4oc','excused','surah',1,17,'ممتاز','surah',24,'surah',1,6,'ممتاز','surah',9,'جيّد جدًّا','أتمّ الواجب',NULL,NULL,1750554000000),
('zthr6l6','zths6l3','zts4of','absent','surah',1,20,'ممتاز','surah',20,'surah',1,12,'جيّد','surah',2,'ممتاز',NULL,NULL,NULL,1750554000000);
INSERT OR IGNORE INTO tahfeez_daily_records (id,session_id,student_id,attendance,hifz_scope,hifz_from,hifz_to,hifz_grade,hifz_mode,hifz_surah,review_scope,review_from,review_to,review_grade,review_mode,review_surah,tajweed_grade,companion,companion_kind,note,created_at) VALUES
('zthr6l7','zths6l3','zts4oi','present','surah',1,20,'جيّد','surah',26,'surah',1,8,'ممتاز','surah',14,'ممتاز',NULL,NULL,NULL,1749430800000),
('zthr6l8','zths6l3','zts4ok','absent','surah',1,17,'ممتاز','surah',28,'surah',1,6,'ممتاز','surah',19,'جيّد جدًّا',NULL,NULL,NULL,1750467600000),
('zthr6l9','zths6l3','zts4op','present','surah',3,11,'ممتاز','surah',22,'surah',1,12,'ممتاز','surah',2,'ممتاز','أتمّ الواجب',NULL,NULL,1751763600000),
('zthr6lb','zths6la','zts4oa','present','surah',3,9,'جيّد','surah',2,'surah',1,10,'جيّد','surah',23,'جيّد جدًّا',NULL,NULL,NULL,1750035600000),
('zthr6lc','zths6la','zts4oc','present','surah',4,20,'جيّد','surah',6,'surah',1,13,'جيّد','surah',30,'ممتاز','أتمّ الواجب',NULL,NULL,1751418000000),
('zthr6ld','zths6la','zts4of','excused','surah',2,18,'جيّد','surah',11,'surah',1,11,'جيّد','surah',24,'ممتاز','أتمّ الواجب',NULL,NULL,1749949200000),
('zthr6le','zths6la','zts4on','absent','surah',4,14,'ممتاز','surah',2,'surah',1,11,'ممتاز','surah',6,'جيّد جدًّا',NULL,NULL,NULL,1750467600000),
('zthr6lf','zths6la','zts4op','present','surah',2,10,'جيّد جدًّا','surah',25,'surah',1,5,'جيّد','surah',18,'جيّد جدًّا','أتمّ الواجب',NULL,NULL,1750035600000),
('zthr6lh','zths6lg','zts4oa','absent','surah',5,10,'جيّد','surah',24,'surah',1,7,'ممتاز','surah',7,'جيّد جدًّا',NULL,NULL,NULL,1749517200000),
('zthr6li','zths6lg','zts4oc','present','surah',1,14,'ممتاز','surah',6,'surah',1,15,'جيّد','surah',22,'جيّد جدًّا',NULL,NULL,NULL,1749949200000),
('zthr6lj','zths6lg','zts4of','absent','surah',5,13,'جيّد','surah',29,'surah',1,10,'جيّد','surah',24,'جيّد جدًّا','أتمّ الواجب',NULL,NULL,1751418000000),
('zthr6lk','zths6lg','zts4oi','present','surah',4,10,'جيّد جدًّا','surah',25,'surah',1,8,'جيّد','surah',15,'جيّد جدًّا',NULL,NULL,NULL,1750986000000),
('zthr6ll','zths6lg','zts4on','excused','surah',4,17,'جيّد جدًّا','surah',3,'surah',1,12,'ممتاز','surah',15,'جيّد جدًّا','أتمّ الواجب',NULL,NULL,1750640400000),
('zthr6lm','zths6lg','zts4op','absent','surah',5,7,'ممتاز','surah',16,'surah',1,7,'ممتاز','surah',16,'جيّد جدًّا',NULL,NULL,NULL,1751245200000),
('zthr6lo','zths6ln','zts4oa','present','surah',1,20,'ممتاز','surah',30,'surah',1,15,'ممتاز','surah',17,'ممتاز',NULL,NULL,NULL,1750554000000),
('zthr6lp','zths6ln','zts4of','present','surah',4,19,'جيّد','surah',16,'surah',1,13,'ممتاز','surah',29,'ممتاز',NULL,NULL,NULL,1749430800000),
('zthr6lq','zths6ln','zts4oi','present','surah',3,12,'ممتاز','surah',18,'surah',1,13,'ممتاز','surah',11,'ممتاز',NULL,NULL,NULL,1749258000000),
('zthr6lr','zths6ln','zts4on','excused','surah',1,19,'ممتاز','surah',1,'surah',1,6,'جيّد','surah',13,'ممتاز',NULL,NULL,NULL,1751158800000);
INSERT OR IGNORE INTO mosque_lessons (id,mosque_id,title,description,place,starts_at,duration_min,material_id,status,created_by,created_at,updated_at) VALUES
('zml6ls','zmd','فقه العبادات','درسٌ أسبوعيٌّ مفتوحٌ للجميع','قاعة الدروس',1752282000000,60,'zmat66e','confirmed','u-admin',1749862800000,1750813200000),
('zml6lz','zmd','درس الفجر',NULL,'المصلّى الرئيس',1752541200000,30,NULL,'scheduled','u-admin',1751158800000,1750640400000),
('zml6m8','zm26','درس الفجر',NULL,'قاعة الدروس',1751590800000,60,NULL,'confirmed','u-admin',1749862800000,1750640400000),
('zml6mf','zm26','السيرة النبويّة','درسٌ أسبوعيٌّ مفتوحٌ للجميع','المصلّى الرئيس',1750986000000,45,NULL,'scheduled','u-admin',1750294800000,1751677200000),
('zml6mn','zm79','تفسير جزء عمّ','درسٌ أسبوعيٌّ مفتوحٌ للجميع','قاعة الدروس',1751245200000,60,'zmat66a','delivered','u-admin',1750986000000,1750640400000),
('zml6ms','zm79','السيرة النبويّة','درسٌ أسبوعيٌّ مفتوحٌ للجميع','قاعة الدروس',1752109200000,45,NULL,'scheduled','u-admin',1749949200000,1751331600000),
('zml6n1','zm79','تفسير جزء عمّ',NULL,'قاعة الدروس',1751850000000,60,NULL,'confirmed','u-admin',1750726800000,1750381200000),
('zml6n6','zmao','شرح الأربعين النوويّة',NULL,'المكتبة',1752368400000,60,NULL,'scheduled','u-admin',1751158800000,1751590800000),
('zml6nd','zmao','السيرة النبويّة',NULL,'المكتبة',1751850000000,60,NULL,'delivered','u-admin',1748653200000,1750899600000),
('zml6nh','zmbk','السيرة النبويّة',NULL,'المصلّى الرئيس',1751677200000,60,'zmat66b','scheduled','u-admin',1750294800000,1750208400000),
('zml6np','zmbk','السيرة النبويّة',NULL,'المصلّى الرئيس',1752109200000,45,'zmat66a','delivered','u-admin',1750554000000,1750986000000),
('zml6nw','zmcf','السيرة النبويّة',NULL,'المصلّى الرئيس',1751158800000,60,NULL,'confirmed','u-admin',1749430800000,1751072400000),
('zml6o2','zmcf','تفسير جزء عمّ',NULL,'المكتبة',1752282000000,60,NULL,'scheduled','u-admin',1748826000000,1750467600000),
('zml6oc','zmg4','شرح الأربعين النوويّة',NULL,'المصلّى الرئيس',1751158800000,45,'zmat66c','scheduled','u-admin',1751158800000,1750381200000),
('zml6oj','zmhy','تفسير جزء عمّ','درسٌ أسبوعيٌّ مفتوحٌ للجميع','المكتبة',1751072400000,60,NULL,'scheduled','u-admin',1748394000000,1750726800000),
('zml6op','zmiz','شرح الأربعين النوويّة','درسٌ أسبوعيٌّ مفتوحٌ للجميع','المصلّى الرئيس',1752195600000,60,NULL,'confirmed','u-admin',1750208400000,1750726800000),
('zml6ou','zmiz','فقه العبادات',NULL,'المكتبة',1751158800000,60,'zmat66f','confirmed','u-admin',1748739600000,1751331600000),
('zml6p0','zmiz','درس الفجر',NULL,'المصلّى الرئيس',1751245200000,45,NULL,'delivered','u-admin',1748826000000,1750986000000),
('zml6p7','zmju','تفسير جزء عمّ',NULL,'المصلّى الرئيس',1751763600000,30,NULL,'scheduled','u-admin',1749085200000,1751418000000),
('zml6pc','zmkv','تفسير جزء عمّ',NULL,'المصلّى الرئيس',1752282000000,60,NULL,'confirmed','u-admin',1748998800000,1750899600000),
('zml6pk','zmlq','درس الفجر','درسٌ أسبوعيٌّ مفتوحٌ للجميع','المصلّى الرئيس',1751418000000,30,NULL,'confirmed','u-admin',1748653200000,1751763600000),
('zml6po','zmmr','تفسير جزء عمّ','درسٌ أسبوعيٌّ مفتوحٌ للجميع','قاعة الدروس',1752022800000,30,NULL,'scheduled','u-admin',1750467600000,1750122000000),
('zml6pv','zmpa','فقه العبادات',NULL,'المصلّى الرئيس',1751936400000,60,NULL,'scheduled','u-admin',1750381200000,1750294800000),
('zml6q3','zmpa','فقه العبادات',NULL,'المكتبة',1752195600000,30,NULL,'scheduled','u-admin',1748480400000,1750122000000),
('zml6q9','zmq0','فقه العبادات',NULL,'المصلّى الرئيس',1751936400000,60,'zmat66f','scheduled','u-admin',1751158800000,1751590800000),
('zml6qf','zmq0','درس الفجر',NULL,'المصلّى الرئيس',1751504400000,45,'zmat66e','delivered','u-admin',1751245200000,1751763600000),
('zml6qj','zmvf','السيرة النبويّة','درسٌ أسبوعيٌّ مفتوحٌ للجميع','قاعة الدروس',1752541200000,60,NULL,'delivered','u-admin',1749430800000,1751245200000),
('zml6qq','zmw1','تفسير جزء عمّ',NULL,'المكتبة',1751936400000,30,NULL,'scheduled','u-admin',1750035600000,1751677200000),
('zml6r1','zmxu','تفسير جزء عمّ','درسٌ أسبوعيٌّ مفتوحٌ للجميع','قاعة الدروس',1752454800000,30,NULL,'confirmed','u-admin',1749517200000,1751677200000),
('zml6ra','zmzw','فقه العبادات','درسٌ أسبوعيٌّ مفتوحٌ للجميع','المكتبة',1751763600000,45,NULL,'confirmed','u-admin',1749258000000,1750122000000),
('zml6re','zmzw','شرح الأربعين النوويّة','درسٌ أسبوعيٌّ مفتوحٌ للجميع','المكتبة',1752282000000,45,NULL,'confirmed','u-admin',1751245200000,1750640400000),
('zml6rn','zm12m','شرح الأربعين النوويّة',NULL,'المكتبة',1751850000000,30,'zmat66b','scheduled','u-admin',1748912400000,1751763600000),
('zml6rv','zm12m','فقه العبادات',NULL,'المصلّى الرئيس',1751590800000,60,NULL,'scheduled','u-admin',1750035600000,1751245200000),
('zml6s3','zm12m','السيرة النبويّة',NULL,'المصلّى الرئيس',1751590800000,60,'zmat66d','confirmed','u-admin',1751072400000,1750208400000),
('zml6s8','zm14b','شرح الأربعين النوويّة',NULL,'قاعة الدروس',1750986000000,60,NULL,'scheduled','u-admin',1751245200000,1751072400000),
('zml6se','zm14b','درس الفجر','درسٌ أسبوعيٌّ مفتوحٌ للجميع','المكتبة',1752109200000,45,'zmat66f','delivered','u-admin',1751245200000,1750122000000),
('zml6sk','zm15z','درس الفجر',NULL,'قاعة الدروس',1751850000000,45,NULL,'confirmed','u-admin',1750554000000,1750554000000),
('zml6st','zm15z','تفسير جزء عمّ','درسٌ أسبوعيٌّ مفتوحٌ للجميع','المكتبة',1751418000000,45,NULL,'delivered','u-admin',1751418000000,1751763600000),
('zml6sz','zm16l','شرح الأربعين النوويّة','درسٌ أسبوعيٌّ مفتوحٌ للجميع','قاعة الدروس',1751936400000,60,NULL,'scheduled','u-admin',1749603600000,1750381200000),
('zml6t5','zm16l','فقه العبادات',NULL,'قاعة الدروس',1751677200000,30,'zmat66c','confirmed','u-admin',1749603600000,1751504400000),
('zml6tc','zm16l','تفسير جزء عمّ',NULL,'المصلّى الرئيس',1751072400000,45,NULL,'confirmed','u-admin',1749517200000,1751590800000),
('zml6tk','zm17g','فقه العبادات','درسٌ أسبوعيٌّ مفتوحٌ للجميع','المصلّى الرئيس',1751331600000,30,NULL,'scheduled','u-admin',1748566800000,1751245200000),
('zml6tt','zm17g','تفسير جزء عمّ',NULL,'قاعة الدروس',1752627600000,30,'zmat66e','scheduled','u-admin',1748566800000,1750381200000),
('zml6u1','zm17g','فقه العبادات','درسٌ أسبوعيٌّ مفتوحٌ للجميع','المكتبة',1752454800000,60,NULL,'confirmed','u-admin',1751158800000,1750986000000),
('zml6u5','zm181','فقه العبادات',NULL,'المكتبة',1751590800000,30,NULL,'delivered','u-admin',1750208400000,1750381200000),
('zml6uf','zm181','درس الفجر',NULL,'قاعة الدروس',1750986000000,45,NULL,'scheduled','u-admin',1751331600000,1750726800000),
('zml6um','zm18o','السيرة النبويّة','درسٌ أسبوعيٌّ مفتوحٌ للجميع','قاعة الدروس',1751850000000,60,'zmat66e','confirmed','u-admin',1748394000000,1751331600000);
INSERT OR IGNORE INTO mosque_lesson_attendance (id,lesson_id,person_id,name,created_at) VALUES
('zmla6lt','zml6ls','zp85','عمر الرفاعي',1751677200000),
('zmla6lu','zml6ls',NULL,'محمد الديب',1751763600000),
('zmla6lv','zml6ls','zp1f','سلمان الحموي',1750813200000),
('zmla6lw','zml6ls','zp15p','عثمان الصالح',1750294800000),
('zmla6lx','zml6ls','zp7q','يوسف الصالح',1751763600000),
('zmla6ly','zml6ls',NULL,'مصطفى الكردي',1751590800000),
('zmla6m0','zml6lz',NULL,'عبدالله الحلبي',1750986000000),
('zmla6m1','zml6lz',NULL,'أسامة الشامي',1750899600000),
('zmla6m2','zml6lz',NULL,'عبدالرحمن الزعبي',1750208400000),
('zmla6m3','zml6lz','zp18p','إبراهيم الكردي',1750554000000),
('zmla6m4','zml6lz','zp1n','معاذ الحسن',1751590800000),
('zmla6m5','zml6lz',NULL,'يوسف القاسم',1751677200000),
('zmla6m6','zml6lz',NULL,'معاذ الإدلبي',1750294800000),
('zmla6m7','zml6lz','zp101','أيمن الحموي',1751158800000),
('zmla6m9','zml6m8','zpx8','أنس الحموي',1750208400000),
('zmla6ma','zml6m8','zp2b','أيمن الحسن',1751418000000),
('zmla6mb','zml6m8','zp168','سعيد العمر',1750467600000),
('zmla6mc','zml6m8','zppt','أنس السالم',1750813200000),
('zmla6md','zml6m8','zp6o','عثمان الرفاعي',1751331600000),
('zmla6me','zml6m8',NULL,'عمر البكري',1750899600000),
('zmla6mg','zml6mf',NULL,'معاذ القاسم',1750122000000),
('zmla6mh','zml6mf',NULL,'سعيد الجاسم',1750381200000),
('zmla6mi','zml6mf','zppp','أحمد الصالح',1751072400000),
('zmla6mj','zml6mf','zpzz','عمر الرفاعي',1750726800000),
('zmla6mk','zml6mf','zpgl','أحمد الحسن',1751158800000),
('zmla6ml','zml6mf','zp131','محمد الحلبي',1751158800000),
('zmla6mm','zml6mf',NULL,'أنس الزعبي',1750208400000),
('zmla6mo','zml6mn',NULL,'عمر الجاسم',1751504400000),
('zmla6mp','zml6mn','zp103','أحمد البكري',1750381200000),
('zmla6mq','zml6mn',NULL,'خالد الخطيب',1750813200000),
('zmla6mr','zml6mn','zp11c','حسن الحموي',1750554000000),
('zmla6mt','zml6ms','zpgn','عبدالرحمن الحريري',1750122000000),
('zmla6mu','zml6ms',NULL,'طارق الحلبي',1751677200000),
('zmla6mv','zml6ms','zp18v','حمزة البكري',1750986000000),
('zmla6mw','zml6ms',NULL,'أحمد السالم',1751158800000),
('zmla6mx','zml6ms',NULL,'سلمان الرفاعي',1750208400000),
('zmla6my','zml6ms','zpm9','حسين القاسم',1750381200000),
('zmla6mz','zml6ms','zpg5','أنس الحلبي',1751072400000),
('zmla6n0','zml6ms','zpkh','يوسف الخطيب',1750813200000),
('zmla6n2','zml6n1','zpwg','خالد الخطيب',1751072400000),
('zmla6n3','zml6n1','zpx6','محمد البكري',1750122000000),
('zmla6n4','zml6n1','zprb','حمزة الديب',1751072400000),
('zmla6n5','zml6n1',NULL,'عثمان الزعبي',1751072400000),
('zmla6n7','zml6n6','zpkh','طارق السالم',1750467600000),
('zmla6n8','zml6n6','zp87','علي الديب',1751072400000),
('zmla6n9','zml6n6',NULL,'حمزة الرفاعي',1750122000000),
('zmla6na','zml6n6','zprf','أحمد الخطيب',1751418000000),
('zmla6nb','zml6n6','zp15l','ياسر الصالح',1750554000000),
('zmla6nc','zml6n6','zp188','يوسف العمر',1750294800000),
('zmla6ne','zml6nd','zp8b','عمر الديب',1751245200000),
('zmla6nf','zml6nd','zpp0','أحمد الشامي',1751677200000),
('zmla6ng','zml6nd','zp5h','أسامة القاسم',1750122000000),
('zmla6ni','zml6nh','zp97','مصطفى الحسن',1750122000000),
('zmla6nj','zml6nh',NULL,'محمد الأحمد',1750813200000),
('zmla6nk','zml6nh','zp12p','محمد الحلبي',1751590800000),
('zmla6nl','zml6nh','zp33','حسن الزعبي',1750726800000),
('zmla6nm','zml6nh',NULL,'أنس الرفاعي',1750726800000),
('zmla6nn','zml6nh','zp5h','عثمان الصالح',1750726800000),
('zmla6no','zml6nh','zp4d','سعيد الحلبي',1751763600000),
('zmla6nq','zml6np','zpmy','حسن الجاسم',1750986000000);
INSERT OR IGNORE INTO mosque_lesson_attendance (id,lesson_id,person_id,name,created_at) VALUES
('zmla6nr','zml6np','zpr','إبراهيم الزعبي',1750294800000),
('zmla6ns','zml6np',NULL,'خالد الحريري',1750813200000),
('zmla6nt','zml6np',NULL,'بلال الكردي',1751763600000),
('zmla6nu','zml6np','zpaz','طارق الزعبي',1751158800000),
('zmla6nv','zml6np','zp42','صهيب الحسن',1751331600000),
('zmla6nx','zml6nw',NULL,'حمزة الصالح',1750208400000),
('zmla6ny','zml6nw',NULL,'أحمد الحموي',1751331600000),
('zmla6nz','zml6nw','zpow','عبدالرحمن الكردي',1750381200000),
('zmla6o0','zml6nw',NULL,'خالد الخطيب',1751331600000),
('zmla6o1','zml6nw','zp10u','خالد الشامي',1750554000000),
('zmla6o3','zml6o2','zp5d','محمد الحلبي',1751245200000),
('zmla6o4','zml6o2','zpmy','يوسف الحسن',1751590800000),
('zmla6o5','zml6o2','zpcy','معاذ الرفاعي',1750294800000),
('zmla6o6','zml6o2',NULL,'عمر المحمد',1751245200000),
('zmla6o7','zml6o2','zpj','عبدالله السالم',1750813200000),
('zmla6o8','zml6o2','zps7','ياسر الأحمد',1751245200000),
('zmla6o9','zml6o2','zpx2','عبدالله الحريري',1750208400000),
('zmla6oa','zml6o2','zp4j','علي البكري',1751763600000),
('zmla6ob','zml6o2','zp11x','ياسر الديب',1751677200000),
('zmla6od','zml6oc',NULL,'طارق الخطيب',1750294800000),
('zmla6oe','zml6oc',NULL,'علي الإدلبي',1750813200000),
('zmla6of','zml6oc','zpfp','معاذ الحلبي',1751072400000),
('zmla6og','zml6oc','zpij','عبدالرحمن القاسم',1750640400000),
('zmla6oh','zml6oc','zps5','أسامة الحريري',1750899600000),
('zmla6oi','zml6oc',NULL,'حسين الإدلبي',1750122000000),
('zmla6ok','zml6oj','zpcg','معاذ الصالح',1751158800000),
('zmla6ol','zml6oj','zp2h','حسن الحريري',1750813200000),
('zmla6om','zml6oj',NULL,'بلال الزعبي',1751072400000),
('zmla6on','zml6oj','zp121','خالد النعسان',1750986000000),
('zmla6oo','zml6oj',NULL,'أنس القاسم',1750467600000),
('zmla6oq','zml6op',NULL,'سعيد الديب',1751418000000),
('zmla6or','zml6op','zp1p','حسين الكردي',1750899600000),
('zmla6os','zml6op',NULL,'حسين العمر',1750554000000),
('zmla6ot','zml6op','zp2f','أنس الزعبي',1750726800000),
('zmla6ov','zml6ou',NULL,'معاذ الحلبي',1750294800000),
('zmla6ow','zml6ou','zpbp','خالد الإدلبي',1751331600000),
('zmla6ox','zml6ou','zp5p','سعيد العمر',1750813200000),
('zmla6oy','zml6ou',NULL,'زيد الأحمد',1750986000000),
('zmla6oz','zml6ou','zpuw','أحمد الخطيب',1750813200000),
('zmla6p1','zml6p0','zp12n','حسين السالم',1750899600000),
('zmla6p2','zml6p0','zpj4','علي الصالح',1751072400000),
('zmla6p3','zml6p0','zpe','ياسر الديب',1750294800000),
('zmla6p4','zml6p0','zpvo','مصطفى الجاسم',1751245200000),
('zmla6p5','zml6p0',NULL,'حسين الجاسم',1751590800000),
('zmla6p6','zml6p0','zp18x','محمد الصالح',1750122000000),
('zmla6p8','zml6p7',NULL,'عبدالرحمن الجاسم',1751331600000),
('zmla6p9','zml6p7','zpl8','محمد النعسان',1751072400000),
('zmla6pa','zml6p7','zpi1','صهيب الإدلبي',1751763600000),
('zmla6pb','zml6p7','zpt','يوسف العمر',1750381200000),
('zmla6pd','zml6pc','zplr','أنس الأحمد',1751245200000),
('zmla6pe','zml6pc','zp14k','علي الشامي',1750381200000),
('zmla6pf','zml6pc','zpty','حسين المحمد',1750813200000),
('zmla6pg','zml6pc',NULL,'بلال الحسن',1751418000000),
('zmla6ph','zml6pc',NULL,'سلمان المحمد',1751158800000),
('zmla6pi','zml6pc',NULL,'صهيب الحسن',1750726800000),
('zmla6pj','zml6pc','zp35','سعيد الأحمد',1751677200000),
('zmla6pl','zml6pk',NULL,'يوسف الزعبي',1751158800000),
('zmla6pm','zml6pk',NULL,'بلال القاسم',1750899600000),
('zmla6pn','zml6pk',NULL,'صهيب الرفاعي',1751504400000),
('zmla6pp','zml6po','zp1b','عبدالله الجاسم',1750726800000);
INSERT OR IGNORE INTO mosque_lesson_attendance (id,lesson_id,person_id,name,created_at) VALUES
('zmla6pq','zml6po','zpo8','سلمان الحريري',1751418000000),
('zmla6pr','zml6po',NULL,'أحمد المحمد',1750122000000),
('zmla6ps','zml6po','zps9','حمزة الحسن',1750294800000),
('zmla6pt','zml6po',NULL,'خالد الجاسم',1750381200000),
('zmla6pu','zml6po',NULL,'سلمان النعسان',1751677200000),
('zmla6pw','zml6pv',NULL,'علي الشامي',1751677200000),
('zmla6px','zml6pv','zptc','سعيد المحمد',1750554000000),
('zmla6py','zml6pv',NULL,'طارق الشامي',1751245200000),
('zmla6pz','zml6pv',NULL,'زيد الرفاعي',1750726800000),
('zmla6q0','zml6pv','zpo4','عثمان القاسم',1751418000000),
('zmla6q1','zml6pv','zpy5','أيمن البكري',1750554000000),
('zmla6q2','zml6pv',NULL,'ياسر الصالح',1751072400000),
('zmla6q4','zml6q3','zpuy','محمد السالم',1750640400000),
('zmla6q5','zml6q3','zpyb','صهيب الكردي',1750294800000),
('zmla6q6','zml6q3','zp14s','بلال الخطيب',1750726800000),
('zmla6q7','zml6q3','zpgd','زيد الديب',1750726800000),
('zmla6q8','zml6q3',NULL,'حسن الديب',1751158800000),
('zmla6qa','zml6q9','zp195','عبدالله الرفاعي',1750208400000),
('zmla6qb','zml6q9','zp14m','عثمان البكري',1751072400000),
('zmla6qc','zml6q9',NULL,'علي الحلبي',1751590800000),
('zmla6qd','zml6q9',NULL,'مصطفى العمر',1750986000000),
('zmla6qe','zml6q9',NULL,'أيمن الرفاعي',1751677200000),
('zmla6qg','zml6qf','zpwi','أحمد الإدلبي',1751245200000),
('zmla6qh','zml6qf',NULL,'ياسر البكري',1750122000000),
('zmla6qi','zml6qf','zp10h','عبدالله السالم',1750640400000),
('zmla6qk','zml6qj','zpsf','زيد الخطيب',1750294800000),
('zmla6ql','zml6qj',NULL,'طارق السالم',1750899600000),
('zmla6qm','zml6qj',NULL,'عمر الشامي',1751072400000),
('zmla6qn','zml6qj','zpuu','ياسر الشامي',1751245200000),
('zmla6qo','zml6qj',NULL,'ياسر الحموي',1750122000000),
('zmla6qp','zml6qj','zpti','محمد الرفاعي',1751072400000),
('zmla6qr','zml6qq',NULL,'أيمن الحسن',1750726800000),
('zmla6qs','zml6qq','zpxa','زيد الديب',1751763600000),
('zmla6qt','zml6qq','zp2h','سعيد القاسم',1750467600000),
('zmla6qu','zml6qq','zppb','أيمن الصالح',1751590800000),
('zmla6qv','zml6qq',NULL,'ياسر الجاسم',1751418000000),
('zmla6qw','zml6qq',NULL,'سلمان المحمد',1750640400000),
('zmla6qx','zml6qq','zpr9','طارق الرفاعي',1750726800000),
('zmla6qy','zml6qq','zp16c','سعيد الحموي',1751590800000),
('zmla6qz','zml6qq',NULL,'زيد الحموي',1751245200000),
('zmla6r0','zml6qq','zpwa','عثمان الحلبي',1751072400000),
('zmla6r2','zml6r1',NULL,'أسامة الرفاعي',1751072400000),
('zmla6r3','zml6r1','zpsw','معاذ الرفاعي',1751245200000),
('zmla6r4','zml6r1',NULL,'عبدالرحمن الحلبي',1751331600000),
('zmla6r5','zml6r1','zpp2','حسين المحمد',1751763600000),
('zmla6r6','zml6r1',NULL,'حسين الحلبي',1750726800000),
('zmla6r7','zml6r1',NULL,'زيد الأحمد',1751418000000),
('zmla6r8','zml6r1','zp2v','أيمن الإدلبي',1750294800000),
('zmla6r9','zml6r1',NULL,'محمد الزعبي',1750640400000),
('zmla6rb','zml6ra','zpxe','يوسف النعسان',1751245200000),
('zmla6rc','zml6ra',NULL,'صهيب السالم',1750208400000),
('zmla6rd','zml6ra','zpcd','أحمد المحمد',1751677200000),
('zmla6rf','zml6re','zp112','أيمن الخطيب',1750986000000),
('zmla6rg','zml6re',NULL,'معاذ الحريري',1751072400000),
('zmla6rh','zml6re','zpid','يوسف الحسن',1750208400000),
('zmla6ri','zml6re',NULL,'أنس المحمد',1751245200000),
('zmla6rj','zml6re','zppb','ياسر الخطيب',1750813200000),
('zmla6rk','zml6re',NULL,'أحمد الرفاعي',1750986000000),
('zmla6rl','zml6re',NULL,'خالد القاسم',1750813200000),
('zmla6rm','zml6re',NULL,'مصطفى الديب',1750122000000);
INSERT OR IGNORE INTO mosque_lesson_attendance (id,lesson_id,person_id,name,created_at) VALUES
('zmla6ro','zml6rn',NULL,'يوسف الإدلبي',1750640400000),
('zmla6rp','zml6rn','zpdw','صهيب النعسان',1750381200000),
('zmla6rq','zml6rn',NULL,'خالد الزعبي',1750208400000),
('zmla6rr','zml6rn','zper','خالد الأحمد',1751418000000),
('zmla6rs','zml6rn',NULL,'مصطفى القاسم',1750899600000),
('zmla6rt','zml6rn','zpk3','ياسر البكري',1750640400000),
('zmla6ru','zml6rn','zp6','عبدالرحمن الحموي',1750554000000),
('zmla6rw','zml6rv',NULL,'سعيد الرفاعي',1750813200000),
('zmla6rx','zml6rv',NULL,'حمزة الرفاعي',1751418000000),
('zmla6ry','zml6rv','zpi7','أحمد الحلبي',1751158800000),
('zmla6rz','zml6rv','zp77','عبدالله المحمد',1750899600000),
('zmla6s0','zml6rv',NULL,'أيمن الحلبي',1751331600000),
('zmla6s1','zml6rv','zp77','عثمان الحلبي',1751245200000),
('zmla6s2','zml6rv','zpl4','محمد الحريري',1750294800000),
('zmla6s4','zml6s3','zp109','سعيد الحموي',1751763600000),
('zmla6s5','zml6s3','zp5l','طارق المحمد',1751590800000),
('zmla6s6','zml6s3',NULL,'أيمن الأحمد',1750640400000),
('zmla6s7','zml6s3',NULL,'معاذ الزعبي',1751072400000),
('zmla6s9','zml6s8',NULL,'علي القاسم',1750554000000),
('zmla6sa','zml6s8','zp191','أنس النعسان',1751158800000),
('zmla6sb','zml6s8','zpbp','سلمان الجاسم',1751245200000),
('zmla6sc','zml6s8',NULL,'أسامة الزعبي',1750986000000),
('zmla6sd','zml6s8','zp15n','طارق الديب',1751763600000),
('zmla6sf','zml6se',NULL,'زيد الحموي',1751072400000),
('zmla6sg','zml6se','zp164','عثمان الحسن',1751158800000),
('zmla6sh','zml6se',NULL,'حسن الجاسم',1751418000000),
('zmla6si','zml6se',NULL,'أيمن الصالح',1751504400000),
('zmla6sj','zml6se','zpqj','حمزة الإدلبي',1750208400000),
('zmla6sl','zml6sk','zp10w','خالد الزعبي',1750208400000),
('zmla6sm','zml6sk','zpyb','سلمان الصالح',1750640400000),
('zmla6sn','zml6sk','zp6m','عثمان الرفاعي',1750122000000),
('zmla6so','zml6sk','zplx','زيد الخطيب',1750899600000),
('zmla6sp','zml6sk','zpdg','زيد النعسان',1750640400000),
('zmla6sq','zml6sk',NULL,'حسين الحلبي',1750208400000),
('zmla6sr','zml6sk',NULL,'زيد القاسم',1750467600000),
('zmla6ss','zml6sk','zpet','مصطفى المحمد',1750122000000),
('zmla6su','zml6st','zp5h','مصطفى الحلبي',1751504400000),
('zmla6sv','zml6st','zppb','عمر القاسم',1750294800000),
('zmla6sw','zml6st',NULL,'سعيد النعسان',1751677200000),
('zmla6sx','zml6st',NULL,'طارق الصالح',1750726800000),
('zmla6sy','zml6st','zpb5','حسن القاسم',1750467600000),
('zmla6t0','zml6sz',NULL,'صهيب الصالح',1750122000000),
('zmla6t1','zml6sz',NULL,'خالد الحريري',1750640400000),
('zmla6t2','zml6sz','zpdu','زيد الكردي',1750640400000),
('zmla6t3','zml6sz',NULL,'سعيد الإدلبي',1750554000000),
('zmla6t4','zml6sz','zp77','عبدالله الحموي',1750640400000),
('zmla6t6','zml6t5',NULL,'سعيد الحسن',1750208400000),
('zmla6t7','zml6t5','zp37','حسن البكري',1750294800000),
('zmla6t8','zml6t5','zpwe','عثمان السالم',1750726800000),
('zmla6t9','zml6t5','zp3q','علي الشامي',1750122000000),
('zmla6ta','zml6t5',NULL,'معاذ الجاسم',1751677200000),
('zmla6tb','zml6t5','zpql','زيد المحمد',1751763600000),
('zmla6td','zml6tc','zp42','عثمان الديب',1751418000000),
('zmla6te','zml6tc',NULL,'علي الإدلبي',1750899600000),
('zmla6tf','zml6tc','zp12p','عثمان الحسن',1751677200000),
('zmla6tg','zml6tc','zp16i','خالد الزعبي',1751158800000),
('zmla6th','zml6tc',NULL,'مصطفى البكري',1751590800000),
('zmla6ti','zml6tc','zpqh','إبراهيم الصالح',1751590800000),
('zmla6tj','zml6tc',NULL,'حسن النعسان',1751158800000),
('zmla6tl','zml6tk',NULL,'أسامة الإدلبي',1751418000000);
INSERT OR IGNORE INTO mosque_lesson_attendance (id,lesson_id,person_id,name,created_at) VALUES
('zmla6tm','zml6tk','zp18r','صهيب الشامي',1750986000000),
('zmla6tn','zml6tk','zpih','أحمد العمر',1750294800000),
('zmla6to','zml6tk','zp6q','أسامة الصالح',1751418000000),
('zmla6tp','zml6tk',NULL,'عبدالرحمن الأحمد',1750640400000),
('zmla6tq','zml6tk','zpjv','أحمد الحلبي',1750381200000),
('zmla6tr','zml6tk','zpw2','محمد البكري',1751763600000),
('zmla6ts','zml6tk','zpfp','بلال الإدلبي',1750726800000),
('zmla6tu','zml6tt',NULL,'سلمان الشامي',1751763600000),
('zmla6tv','zml6tt','zpus','خالد الحريري',1750640400000),
('zmla6tw','zml6tt','zp10d','أسامة الزعبي',1750640400000),
('zmla6tx','zml6tt','zpg5','معاذ الحلبي',1750899600000),
('zmla6ty','zml6tt','zpff','أحمد الرفاعي',1750294800000),
('zmla6tz','zml6tt','zp16q','بلال الشامي',1751158800000),
('zmla6u0','zml6tt','zp18z','حسن الديب',1751504400000),
('zmla6u2','zml6u1',NULL,'مصطفى النعسان',1750640400000),
('zmla6u3','zml6u1','zp8h','عبدالرحمن الحريري',1751763600000),
('zmla6u4','zml6u1',NULL,'عمر الإدلبي',1751677200000),
('zmla6u6','zml6u5',NULL,'عمر الأحمد',1751072400000),
('zmla6u7','zml6u5',NULL,'حسين الصالح',1751245200000),
('zmla6u8','zml6u5',NULL,'محمد الشامي',1751418000000),
('zmla6u9','zml6u5',NULL,'عبدالله الكردي',1750294800000),
('zmla6ua','zml6u5',NULL,'بلال الحسن',1751418000000),
('zmla6ub','zml6u5',NULL,'علي الخطيب',1751418000000),
('zmla6uc','zml6u5','zpb1','مصطفى الحموي',1750467600000),
('zmla6ud','zml6u5','zpl','عبدالله الزعبي',1750294800000),
('zmla6ue','zml6u5','zpr','يوسف الرفاعي',1750122000000),
('zmla6ug','zml6uf','zp37','حمزة الكردي',1751072400000),
('zmla6uh','zml6uf',NULL,'عثمان النعسان',1750986000000),
('zmla6ui','zml6uf','zp13u','سعيد الديب',1751331600000),
('zmla6uj','zml6uf',NULL,'أنس الحريري',1751158800000),
('zmla6uk','zml6uf','zpz6','أسامة السالم',1751245200000),
('zmla6ul','zml6uf',NULL,'سلمان البكري',1751072400000),
('zmla6un','zml6um','zp109','عبدالله العمر',1750467600000),
('zmla6uo','zml6um','zpq3','ياسر الحسن',1750122000000),
('zmla6up','zml6um',NULL,'علي الحموي',1750122000000),
('zmla6uq','zml6um','zpy3','علي الرفاعي',1751763600000),
('zmla6ur','zml6um','zp7s','أنس القاسم',1751763600000),
('zmla6us','zml6um',NULL,'معاذ المحمد',1751590800000);
INSERT OR IGNORE INTO curriculum_progress (id,enrollment_id,manhaj_key,status,rating,source,date_hijri,updated_at) VALUES
('zcp26ut','ze1a5','unit-01__lesson-01','done',3,'lesson','1447-06-26',1751763600000),
('zcp26uu','ze1a5','unit-02__lesson-01','done',3,'lesson','1447-06-26',1748480400000),
('zcp26uv','ze1a5','unit-03__lesson-02','in_progress',4,'lesson','1447-04-19',1751418000000),
('zcp26uw','ze1a9','unit-03__lesson-02','done',3,'lesson','1447-06-22',1750899600000),
('zcp26ux','ze1a9','unit-05__lesson-01','done',5,'lesson','1447-04-07',1751677200000),
('zcp26uy','ze1ad','unit-09__lesson-04','done',4,'lesson','1447-06-12',1749603600000),
('zcp26uz','ze1ae','unit-01__lesson-01','done',3,'lesson','1447-04-19',1751072400000),
('zcp26v0','ze1ae','unit-05__lesson-01','done',5,'lesson','1447-05-12',1749949200000),
('zcp26v1','ze1ah','unit-01__lesson-01','done',5,'lesson','1447-06-21',1751418000000),
('zcp26v2','ze1ah','unit-02__lesson-01','done',3,'lesson','1447-05-17',1749603600000),
('zcp26v3','ze1ah','unit-09__lesson-04','done',3,'lesson','1447-05-24',1749430800000),
('zcp26v4','ze1ch','unit-01__lesson-01','done',3,'lesson','1447-06-18',1748480400000),
('zcp26v5','ze1ch','unit-03__lesson-02','done',5,'lesson','1447-05-10',1749517200000),
('zcp26v6','ze1ch','unit-09__lesson-04','in_progress',5,'lesson','1447-06-15',1750381200000),
('zcp26v7','ze1ch','unit-05__lesson-01','done',5,'lesson','1447-05-24',1748912400000),
('zcp26v8','ze1ci','unit-01__lesson-01','done',3,'lesson','1447-04-15',1751677200000),
('zcp26v9','ze1ci','unit-03__lesson-02','in_progress',3,'lesson','1447-06-25',1749258000000),
('zcp26va','ze1ci','unit-09__lesson-04','done',5,'lesson','1447-04-09',1749690000000),
('zcp26vb','ze1cj','unit-03__lesson-02','done',4,'lesson','1447-04-18',1749171600000),
('zcp26vc','ze1cm','unit-03__lesson-02','done',4,'lesson','1447-06-08',1748653200000),
('zcp26vd','ze1cm','unit-05__lesson-01','done',5,'lesson','1447-05-05',1750726800000),
('zcp26ve','ze1cn','unit-05__lesson-01','in_progress',4,'lesson','1447-06-05',1749949200000),
('zcp26vf','ze1co','unit-03__lesson-02','done',4,'lesson','1447-06-09',1750726800000),
('zcp26vg','ze1ct','unit-01__lesson-01','done',5,'lesson','1447-04-06',1750726800000),
('zcp26vh','ze1ct','unit-03__lesson-02','in_progress',5,'lesson','1447-05-22',1749517200000),
('zcp26vi','ze1ct','unit-09__lesson-04','done',3,'lesson','1447-04-11',1748653200000),
('zcp26vj','ze1cu','unit-02__lesson-01','done',5,'lesson','1447-06-18',1750208400000),
('zcp26vk','ze1cu','unit-09__lesson-04','done',4,'lesson','1447-06-09',1751504400000),
('zcp26vl','ze1e8','unit-01__lesson-01','in_progress',5,'lesson','1447-04-16',1748653200000),
('zcp26vm','ze1e8','unit-03__lesson-02','done',5,'lesson','1447-06-22',1751763600000),
('zcp26vn','ze1ea','unit-01__lesson-01','done',5,'lesson','1447-06-16',1751072400000),
('zcp26vo','ze1ea','unit-09__lesson-04','done',3,'lesson','1447-06-26',1751331600000),
('zcp26vp','ze1ec','unit-01__lesson-01','done',5,'lesson','1447-04-27',1750122000000),
('zcp26vq','ze1ec','unit-09__lesson-04','done',5,'lesson','1447-05-02',1751677200000),
('zcp26vr','ze1ec','unit-05__lesson-01','in_progress',5,'lesson','1447-06-09',1750035600000),
('zcp26vs','ze1ed','unit-01__lesson-01','in_progress',5,'lesson','1447-04-13',1751158800000),
('zcp26vt','ze1ed','unit-02__lesson-01','in_progress',5,'lesson','1447-06-08',1748912400000),
('zcp26vu','ze1eg','unit-01__lesson-01','in_progress',3,'lesson','1447-05-10',1749949200000),
('zcp26vv','ze1ej','unit-02__lesson-01','done',5,'lesson','1447-06-07',1748566800000),
('zcp26vw','ze1ej','unit-03__lesson-02','in_progress',5,'lesson','1447-06-15',1748826000000),
('zcp26vx','ze1ej','unit-09__lesson-04','done',5,'lesson','1447-04-01',1750294800000),
('zcp26vy','ze1gi','unit-01__lesson-01','in_progress',3,'lesson','1447-04-03',1750554000000),
('zcp26vz','ze1gi','unit-09__lesson-04','done',5,'lesson','1447-06-17',1750899600000),
('zcp26w0','ze1gj','unit-01__lesson-01','done',5,'lesson','1447-06-07',1749949200000),
('zcp26w1','ze1gj','unit-02__lesson-01','in_progress',4,'lesson','1447-04-20',1749171600000),
('zcp26w2','ze1gj','unit-03__lesson-02','in_progress',3,'lesson','1447-06-13',1748394000000),
('zcp26w3','ze1gk','unit-02__lesson-01','done',5,'lesson','1447-06-06',1751331600000),
('zcp26w4','ze1gk','unit-03__lesson-02','in_progress',4,'lesson','1447-05-26',1751590800000),
('zcp26w5','ze1gk','unit-05__lesson-01','done',3,'lesson','1447-04-08',1751763600000),
('zcp26w6','ze1gn','unit-01__lesson-01','done',4,'lesson','1447-06-26',1749085200000),
('zcp26w7','ze1gp','unit-02__lesson-01','in_progress',4,'lesson','1447-06-06',1751677200000),
('zcp26w8','ze1gp','unit-09__lesson-04','done',4,'lesson','1447-04-17',1751590800000),
('zcp26w9','ze1gp','unit-05__lesson-01','in_progress',5,'lesson','1447-06-11',1749862800000),
('zcp26wa','ze1gq','unit-02__lesson-01','in_progress',3,'lesson','1447-04-04',1750122000000),
('zcp26wb','ze1gq','unit-03__lesson-02','done',4,'lesson','1447-04-09',1749862800000),
('zcp26wc','ze1gq','unit-05__lesson-01','done',3,'lesson','1447-04-02',1750122000000),
('zcp26wd','ze1i5','unit-03__lesson-02','done',4,'lesson','1447-06-05',1751504400000),
('zcp26we','ze1i5','unit-05__lesson-01','in_progress',3,'lesson','1447-04-21',1751418000000),
('zcp26wf','ze1i6','unit-01__lesson-01','in_progress',4,'lesson','1447-06-26',1751677200000),
('zcp26wg','ze1i6','unit-02__lesson-01','done',3,'lesson','1447-05-01',1749862800000);
INSERT OR IGNORE INTO curriculum_progress (id,enrollment_id,manhaj_key,status,rating,source,date_hijri,updated_at) VALUES
('zcp26wh','ze1i6','unit-09__lesson-04','in_progress',4,'lesson','1447-04-23',1749258000000),
('zcp26wi','ze1i6','unit-05__lesson-01','done',3,'lesson','1447-04-27',1750294800000),
('zcp26wj','ze1i7','unit-01__lesson-01','done',3,'lesson','1447-04-07',1749690000000),
('zcp26wk','ze1i7','unit-02__lesson-01','done',5,'lesson','1447-06-05',1749776400000),
('zcp26wl','ze1i7','unit-03__lesson-02','done',3,'lesson','1447-05-04',1750035600000),
('zcp26wm','ze1i7','unit-09__lesson-04','done',3,'lesson','1447-05-05',1750035600000),
('zcp26wn','ze1ib','unit-01__lesson-01','done',5,'lesson','1447-05-10',1748566800000),
('zcp26wo','ze1ib','unit-05__lesson-01','done',5,'lesson','1447-04-11',1750813200000),
('zcp26wp','ze1if','unit-01__lesson-01','done',4,'lesson','1447-04-17',1749171600000),
('zcp26wq','ze1if','unit-02__lesson-01','in_progress',3,'lesson','1447-05-19',1749085200000),
('zcp26wr','ze1if','unit-09__lesson-04','done',5,'lesson','1447-06-08',1749171600000),
('zcp26ws','ze1ig','unit-02__lesson-01','done',5,'lesson','1447-06-27',1751245200000),
('zcp26wt','ze1ig','unit-05__lesson-01','done',5,'lesson','1447-04-02',1750467600000),
('zcp26wu','ze1ih','unit-01__lesson-01','done',3,'lesson','1447-05-02',1748394000000),
('zcp26wv','ze1ih','unit-02__lesson-01','done',3,'lesson','1447-06-04',1750813200000),
('zcp26ww','ze1ih','unit-03__lesson-02','done',5,'lesson','1447-04-15',1749258000000),
('zcp26wx','ze1ih','unit-09__lesson-04','in_progress',5,'lesson','1447-04-26',1749603600000),
('zcp26wy','ze1ih','unit-05__lesson-01','in_progress',3,'lesson','1447-04-01',1749776400000),
('zcp26wz','ze1ii','unit-02__lesson-01','done',3,'lesson','1447-06-14',1750640400000),
('zcp26x0','ze1ii','unit-05__lesson-01','in_progress',3,'lesson','1447-06-05',1750554000000),
('zcp26x1','ze1ij','unit-03__lesson-02','done',5,'lesson','1447-06-09',1749776400000),
('zcp26x2','ze1ij','unit-09__lesson-04','done',4,'lesson','1447-04-15',1748653200000),
('zcp26x3','ze1lh','unit-02__lesson-01','done',4,'lesson','1447-04-19',1750726800000),
('zcp26x4','ze1lh','unit-09__lesson-04','done',3,'lesson','1447-05-06',1751504400000),
('zcp26x5','ze1li','unit-01__lesson-01','in_progress',3,'lesson','1447-04-15',1749517200000),
('zcp26x6','ze1li','unit-02__lesson-01','done',5,'lesson','1447-05-23',1751158800000),
('zcp26x7','ze1li','unit-09__lesson-04','in_progress',5,'lesson','1447-04-19',1750208400000),
('zcp26x8','ze1li','unit-05__lesson-01','in_progress',5,'lesson','1447-05-08',1749603600000),
('zcp26x9','ze1lk','unit-03__lesson-02','done',3,'lesson','1447-05-11',1748566800000),
('zcp26xa','ze1lk','unit-05__lesson-01','done',4,'lesson','1447-05-12',1750640400000),
('zcp26xb','ze1ll','unit-03__lesson-02','in_progress',5,'lesson','1447-04-07',1749344400000),
('zcp26xc','ze1ll','unit-09__lesson-04','done',4,'lesson','1447-05-04',1749171600000),
('zcp26xd','ze1ll','unit-05__lesson-01','done',5,'lesson','1447-05-18',1751072400000),
('zcp26xe','ze1lm','unit-05__lesson-01','done',4,'lesson','1447-05-21',1749430800000),
('zcp26xf','ze1lp','unit-01__lesson-01','done',3,'lesson','1447-06-04',1751677200000),
('zcp26xg','ze1lp','unit-02__lesson-01','in_progress',4,'lesson','1447-06-19',1751418000000),
('zcp26xh','ze1lr','unit-01__lesson-01','done',3,'lesson','1447-06-25',1749862800000),
('zcp26xi','ze1lr','unit-09__lesson-04','done',4,'lesson','1447-04-10',1749517200000),
('zcp26xj','ze1p0','unit-03__lesson-02','done',5,'lesson','1447-05-26',1748998800000),
('zcp26xk','ze1p0','unit-09__lesson-04','done',5,'lesson','1447-04-03',1751418000000),
('zcp26xl','ze1p0','unit-05__lesson-01','done',3,'lesson','1447-05-24',1750294800000),
('zcp26xm','ze1p1','unit-01__lesson-01','done',4,'lesson','1447-05-17',1750640400000),
('zcp26xn','ze1p1','unit-02__lesson-01','done',4,'lesson','1447-06-12',1750035600000),
('zcp26xo','ze1p1','unit-09__lesson-04','done',3,'lesson','1447-05-21',1749776400000),
('zcp26xp','ze1p1','unit-05__lesson-01','done',4,'lesson','1447-06-10',1750381200000),
('zcp26xq','ze1p8','unit-02__lesson-01','in_progress',3,'lesson','1447-05-10',1751590800000),
('zcp26xr','ze1p8','unit-09__lesson-04','in_progress',5,'lesson','1447-06-01',1748826000000),
('zcp26xs','ze1s0','unit-01__lesson-01','in_progress',4,'lesson','1447-04-02',1749862800000),
('zcp26xt','ze1s0','unit-02__lesson-01','done',4,'lesson','1447-05-12',1751677200000),
('zcp26xu','ze1s0','unit-03__lesson-02','done',3,'lesson','1447-04-10',1751072400000),
('zcp26xv','ze1s0','unit-05__lesson-01','done',3,'lesson','1447-04-27',1748653200000),
('zcp26xw','ze1s4','unit-01__lesson-01','done',4,'lesson','1447-06-24',1749258000000),
('zcp26xx','ze1s5','unit-02__lesson-01','done',5,'lesson','1447-04-21',1750122000000),
('zcp26xy','ze1s5','unit-09__lesson-04','in_progress',5,'lesson','1447-05-28',1749430800000),
('zcp26xz','ze1s6','unit-01__lesson-01','done',3,'lesson','1447-06-11',1750554000000),
('zcp26y0','ze1s6','unit-05__lesson-01','done',4,'lesson','1447-04-21',1750899600000),
('zcp26y1','ze1s7','unit-01__lesson-01','done',3,'lesson','1447-06-22',1749862800000),
('zcp26y2','ze1s7','unit-02__lesson-01','done',5,'lesson','1447-06-22',1748826000000),
('zcp26y3','ze1s7','unit-03__lesson-02','done',4,'lesson','1447-05-07',1748998800000),
('zcp26y4','ze1s7','unit-09__lesson-04','done',5,'lesson','1447-04-14',1750035600000);
INSERT OR IGNORE INTO curriculum_progress (id,enrollment_id,manhaj_key,status,rating,source,date_hijri,updated_at) VALUES
('zcp26y5','ze1s7','unit-05__lesson-01','done',4,'lesson','1447-06-07',1751763600000),
('zcp26y6','ze1s8','unit-01__lesson-01','done',4,'lesson','1447-04-15',1750986000000),
('zcp26y7','ze1s8','unit-03__lesson-02','done',5,'lesson','1447-06-25',1750726800000),
('zcp26y8','ze1s9','unit-03__lesson-02','done',4,'lesson','1447-06-25',1749085200000),
('zcp26y9','ze1s9','unit-09__lesson-04','done',4,'lesson','1447-05-17',1748826000000),
('zcp26ya','ze1uz','unit-01__lesson-01','done',4,'lesson','1447-06-06',1751590800000),
('zcp26yb','ze1uz','unit-09__lesson-04','done',3,'lesson','1447-06-27',1751331600000),
('zcp26yc','ze1uz','unit-05__lesson-01','in_progress',5,'lesson','1447-05-20',1750726800000),
('zcp26yd','ze1v1','unit-02__lesson-01','done',4,'lesson','1447-05-04',1748394000000),
('zcp26ye','ze1v3','unit-03__lesson-02','done',5,'lesson','1447-04-01',1750467600000),
('zcp26yf','ze1v3','unit-09__lesson-04','done',4,'lesson','1447-06-07',1749430800000),
('zcp26yg','ze1wr','unit-05__lesson-01','done',4,'lesson','1447-05-02',1748394000000),
('zcp26yh','ze1wt','unit-09__lesson-04','in_progress',5,'lesson','1447-05-27',1749517200000),
('zcp26yi','ze1wt','unit-05__lesson-01','done',3,'lesson','1447-04-15',1748480400000),
('zcp26yj','ze1wx','unit-01__lesson-01','in_progress',4,'lesson','1447-04-27',1749430800000),
('zcp26yk','ze1wx','unit-02__lesson-01','done',3,'lesson','1447-05-21',1749430800000),
('zcp26yl','ze1wx','unit-03__lesson-02','done',3,'lesson','1447-04-12',1749690000000),
('zcp26ym','ze1wz','unit-01__lesson-01','in_progress',4,'lesson','1447-05-22',1750035600000),
('zcp26yn','ze1wz','unit-03__lesson-02','done',5,'lesson','1447-04-19',1748912400000),
('zcp26yo','ze1wz','unit-05__lesson-01','done',3,'lesson','1447-05-12',1751158800000),
('zcp26yp','ze1x1','unit-03__lesson-02','in_progress',4,'lesson','1447-06-06',1750986000000),
('zcp26yq','ze1x1','unit-05__lesson-01','in_progress',5,'lesson','1447-06-22',1748826000000),
('zcp26yr','ze1x2','unit-01__lesson-01','in_progress',5,'lesson','1447-06-27',1751504400000),
('zcp26ys','ze1x2','unit-03__lesson-02','done',3,'lesson','1447-04-01',1748912400000),
('zcp26yt','ze1x3','unit-03__lesson-02','done',5,'lesson','1447-05-09',1751245200000),
('zcp26yu','ze1x3','unit-09__lesson-04','done',3,'lesson','1447-04-21',1751418000000),
('zcp26yv','ze1x3','unit-05__lesson-01','done',4,'lesson','1447-06-04',1749430800000),
('zcp26yw','ze1ym','unit-01__lesson-01','done',3,'lesson','1447-05-28',1751072400000),
('zcp26yx','ze1ym','unit-02__lesson-01','in_progress',4,'lesson','1447-04-01',1749085200000),
('zcp26yy','ze1ym','unit-09__lesson-04','in_progress',3,'lesson','1447-04-10',1749690000000),
('zcp26yz','ze1yo','unit-03__lesson-02','done',5,'lesson','1447-06-20',1748480400000),
('zcp26z0','ze1yo','unit-05__lesson-01','done',3,'lesson','1447-06-24',1749430800000),
('zcp26z1','ze1yp','unit-01__lesson-01','done',3,'lesson','1447-06-01',1751677200000),
('zcp26z2','ze1yp','unit-02__lesson-01','done',5,'lesson','1447-05-20',1749776400000),
('zcp26z3','ze1yp','unit-03__lesson-02','done',3,'lesson','1447-05-23',1750467600000),
('zcp26z4','ze1yq','unit-03__lesson-02','in_progress',4,'lesson','1447-04-03',1749690000000),
('zcp26z5','ze1yq','unit-09__lesson-04','done',3,'lesson','1447-05-15',1748653200000),
('zcp26z6','ze1ys','unit-01__lesson-01','done',5,'lesson','1447-04-18',1749690000000),
('zcp26z7','ze1ys','unit-02__lesson-01','done',5,'lesson','1447-04-13',1749949200000),
('zcp26z8','ze1ys','unit-03__lesson-02','in_progress',4,'lesson','1447-05-04',1750035600000),
('zcp26z9','ze1ys','unit-09__lesson-04','done',4,'lesson','1447-06-10',1750813200000),
('zcp26za','ze1ys','unit-05__lesson-01','in_progress',4,'lesson','1447-04-24',1751590800000),
('zcp26zb','ze1yu','unit-03__lesson-02','done',5,'lesson','1447-05-14',1749690000000),
('zcp26zc','ze1yu','unit-09__lesson-04','done',5,'lesson','1447-04-25',1748566800000),
('zcp26zd','ze1yv','unit-01__lesson-01','done',3,'lesson','1447-06-22',1751504400000),
('zcp26ze','ze1yv','unit-02__lesson-01','done',4,'lesson','1447-04-04',1751504400000),
('zcp26zf','ze1yw','unit-01__lesson-01','done',4,'lesson','1447-06-05',1750899600000),
('zcp26zg','ze1yw','unit-02__lesson-01','done',5,'lesson','1447-04-09',1748480400000),
('zcp26zh','ze1yw','unit-03__lesson-02','done',3,'lesson','1447-06-05',1749776400000),
('zcp26zi','ze1yw','unit-09__lesson-04','done',3,'lesson','1447-04-27',1748480400000),
('zcp26zj','ze1yx','unit-01__lesson-01','in_progress',4,'lesson','1447-06-06',1751245200000),
('zcp26zk','ze1yx','unit-02__lesson-01','done',5,'lesson','1447-06-06',1748394000000),
('zcp26zl','ze224','unit-01__lesson-01','done',3,'lesson','1447-06-24',1751677200000),
('zcp26zm','ze224','unit-02__lesson-01','done',5,'lesson','1447-06-03',1749862800000),
('zcp26zn','ze224','unit-03__lesson-02','done',5,'lesson','1447-06-08',1749517200000),
('zcp26zo','ze224','unit-05__lesson-01','in_progress',3,'lesson','1447-06-09',1750726800000),
('zcp26zp','ze225','unit-09__lesson-04','in_progress',3,'lesson','1447-05-25',1749171600000),
('zcp26zq','ze229','unit-02__lesson-01','done',4,'lesson','1447-06-24',1751590800000),
('zcp26zr','ze229','unit-05__lesson-01','in_progress',3,'lesson','1447-04-19',1748653200000),
('zcp26zs','ze22a','unit-03__lesson-02','in_progress',4,'lesson','1447-06-18',1750640400000);
INSERT OR IGNORE INTO curriculum_progress (id,enrollment_id,manhaj_key,status,rating,source,date_hijri,updated_at) VALUES
('zcp26zt','ze22a','unit-09__lesson-04','done',3,'lesson','1447-05-26',1751763600000),
('zcp26zu','ze22a','unit-05__lesson-01','in_progress',3,'lesson','1447-05-03',1751677200000),
('zcp26zv','ze22b','unit-02__lesson-01','in_progress',3,'lesson','1447-04-04',1749776400000),
('zcp26zw','ze22b','unit-05__lesson-01','done',4,'lesson','1447-05-01',1748998800000),
('zcp26zx','ze22c','unit-01__lesson-01','done',3,'lesson','1447-05-08',1751763600000),
('zcp26zy','ze22c','unit-02__lesson-01','done',3,'lesson','1447-04-27',1751590800000),
('zcp26zz','ze22c','unit-03__lesson-02','done',4,'lesson','1447-04-15',1751763600000),
('zcp2700','ze22c','unit-05__lesson-01','done',5,'lesson','1447-05-03',1748826000000),
('zcp2701','ze22e','unit-01__lesson-01','done',3,'lesson','1447-04-22',1751763600000),
('zcp2702','ze22e','unit-09__lesson-04','done',4,'lesson','1447-06-16',1751504400000),
('zcp2703','ze22g','unit-01__lesson-01','done',3,'lesson','1447-04-02',1751331600000),
('zcp2704','ze22g','unit-02__lesson-01','done',5,'lesson','1447-06-02',1750294800000),
('zcp2705','ze22g','unit-03__lesson-02','done',5,'lesson','1447-06-08',1748739600000),
('zcp2706','ze22g','unit-09__lesson-04','done',5,'lesson','1447-06-01',1749344400000),
('zcp2707','ze22g','unit-05__lesson-01','done',5,'lesson','1447-05-27',1749690000000),
('zcp2708','ze24n','unit-02__lesson-01','done',4,'lesson','1447-05-15',1749862800000),
('zcp2709','ze24r','unit-01__lesson-01','done',3,'lesson','1447-04-18',1750208400000),
('zcp270a','ze24r','unit-02__lesson-01','done',4,'lesson','1447-05-27',1748826000000),
('zcp270b','ze24t','unit-01__lesson-01','done',4,'lesson','1447-05-12',1748653200000),
('zcp270c','ze24t','unit-03__lesson-02','done',3,'lesson','1447-04-28',1749862800000),
('zcp270d','ze26v','unit-01__lesson-01','done',5,'lesson','1447-06-01',1751590800000),
('zcp270e','ze26v','unit-02__lesson-01','done',4,'lesson','1447-04-07',1751504400000),
('zcp270f','ze26v','unit-03__lesson-02','done',3,'lesson','1447-04-27',1748566800000),
('zcp270g','ze26v','unit-09__lesson-04','done',4,'lesson','1447-06-06',1748912400000),
('zcp270h','ze26v','unit-05__lesson-01','done',5,'lesson','1447-05-16',1748480400000),
('zcp270i','ze26x','unit-02__lesson-01','in_progress',5,'lesson','1447-04-23',1748739600000),
('zcp270j','ze26x','unit-03__lesson-02','done',4,'lesson','1447-05-03',1750035600000),
('zcp270k','ze26x','unit-09__lesson-04','done',5,'lesson','1447-04-18',1751418000000),
('zcp270l','ze26z','unit-01__lesson-01','done',3,'lesson','1447-04-07',1751677200000),
('zcp270m','ze26z','unit-03__lesson-02','in_progress',5,'lesson','1447-04-03',1751245200000),
('zcp270n','ze26z','unit-09__lesson-04','done',4,'lesson','1447-06-17',1748998800000),
('zcp270o','ze274','unit-02__lesson-01','in_progress',5,'lesson','1447-04-01',1750640400000),
('zcp270p','ze274','unit-09__lesson-04','done',3,'lesson','1447-05-27',1748826000000),
('zcp270q','ze274','unit-05__lesson-01','done',5,'lesson','1447-04-23',1750035600000),
('zcp270r','ze277','unit-02__lesson-01','done',3,'lesson','1447-04-26',1749690000000),
('zcp270s','ze299','unit-01__lesson-01','in_progress',3,'lesson','1447-05-18',1749949200000),
('zcp270t','ze299','unit-09__lesson-04','done',4,'lesson','1447-06-08',1749603600000),
('zcp270u','ze299','unit-05__lesson-01','done',5,'lesson','1447-05-17',1750899600000),
('zcp270v','ze29b','unit-05__lesson-01','done',3,'lesson','1447-04-18',1748998800000),
('zcp270w','ze29g','unit-05__lesson-01','in_progress',3,'lesson','1447-05-01',1751331600000),
('zcp270x','ze2ba','unit-03__lesson-02','in_progress',3,'lesson','1447-06-27',1751590800000),
('zcp270y','ze2bb','unit-01__lesson-01','done',3,'lesson','1447-04-02',1748394000000),
('zcp270z','ze2bb','unit-02__lesson-01','done',5,'lesson','1447-04-10',1748739600000),
('zcp2710','ze2bb','unit-05__lesson-01','done',3,'lesson','1447-05-04',1751331600000),
('zcp2711','ze2bd','unit-01__lesson-01','done',5,'lesson','1447-06-03',1748394000000),
('zcp2712','ze2bd','unit-02__lesson-01','done',3,'lesson','1447-06-19',1751418000000),
('zcp2713','ze2bd','unit-03__lesson-02','done',3,'lesson','1447-05-26',1750986000000),
('zcp2714','ze2be','unit-02__lesson-01','done',3,'lesson','1447-04-03',1749085200000),
('zcp2715','ze2be','unit-09__lesson-04','done',3,'lesson','1447-06-27',1749258000000),
('zcp2716','ze2be','unit-05__lesson-01','done',4,'lesson','1447-05-04',1748739600000),
('zcp2717','ze2bf','unit-01__lesson-01','done',4,'lesson','1447-06-19',1751763600000),
('zcp2718','ze2bf','unit-02__lesson-01','done',4,'lesson','1447-06-26',1749517200000),
('zcp2719','ze2bf','unit-03__lesson-02','done',3,'lesson','1447-05-13',1748739600000),
('zcp271a','ze2bf','unit-09__lesson-04','done',5,'lesson','1447-05-14',1751677200000),
('zcp271b','ze2bf','unit-05__lesson-01','done',5,'lesson','1447-05-04',1750899600000),
('zcp271c','ze2bh','unit-02__lesson-01','done',4,'lesson','1447-05-21',1751072400000),
('zcp271d','ze2bh','unit-09__lesson-04','in_progress',4,'lesson','1447-06-14',1749776400000),
('zcp271e','ze2bj','unit-02__lesson-01','in_progress',4,'lesson','1447-04-17',1750035600000),
('zcp271f','ze2bj','unit-03__lesson-02','done',3,'lesson','1447-04-21',1748566800000),
('zcp271g','ze2bj','unit-05__lesson-01','done',4,'lesson','1447-06-22',1750381200000);
INSERT OR IGNORE INTO attachments (id,scope,ref_id,caption,content_type,uploaded_by,client_uuid,created_at) VALUES
('zatt71h','lesson','zwr7v','جولةُ إشراف','image/jpeg','u-admin','cuatt71i',1751418000000),
('zatt71j','lesson','zwr6v','جولةُ إشراف','image/jpeg','u-admin','cuatt71k',1750208400000),
('zatt71l','daily_record','zwr198',NULL,'image/jpeg','u-admin','cuatt71m',1751331600000),
('zatt71n','daily_record','zwrfx','نشاطٌ دعويّ','image/jpeg','u-admin','cuatt71o',1749862800000),
('zatt71p','lesson','zwrwo',NULL,'image/jpeg','u-admin','cuatt71q',1750381200000),
('zatt71r','daily_record','zwrc2','جولةُ إشراف','image/jpeg','u-admin','cuatt71s',1749862800000),
('zatt71t','daily_record','zwr51','جولةُ إشراف','image/jpeg','u-admin','cuatt71u',1750986000000),
('zatt71v','daily_record','zwr134',NULL,'image/jpeg','u-admin','cuatt71w',1747443600000),
('zatt71x','lesson','zwr8p','نشاطٌ دعويّ','image/jpeg','u-admin','cuatt71y',1747789200000),
('zatt71z','daily_record','zwrgq','جولةُ إشراف','image/jpeg','u-admin','cuatt720',1746925200000),
('zatt721','daily_record','zwr13y',NULL,'image/jpeg','u-admin','cuatt722',1748048400000),
('zatt723','daily_record','zwrfx','نشاطٌ دعويّ','image/jpeg','u-admin','cuatt724',1750640400000),
('zatt725','daily_record','zwrnf','درسٌ في المسجد','image/jpeg','u-admin','cuatt726',1748826000000),
('zatt727','lesson','zwr9h','جولةُ إشراف','image/jpeg','u-admin','cuatt728',1748048400000),
('zatt729','daily_record','zwrnf',NULL,'image/jpeg','u-admin','cuatt72a',1747702800000),
('zatt72b','lesson','zwrtm','توزيع مساعدات','image/jpeg','u-admin','cuatt72c',1747616400000),
('zatt72d','daily_record','zwrrl',NULL,'image/jpeg','u-admin','cuatt72e',1746752400000),
('zatt72f','daily_record','zwrfx',NULL,'image/jpeg','u-admin','cuatt72g',1750035600000),
('zatt72h','daily_record','zwr198','جولةُ إشراف','image/jpeg','u-admin','cuatt72i',1748307600000),
('zatt72j','daily_record','zwr13y',NULL,'image/jpeg','u-admin','cuatt72k',1749085200000),
('zatt72l','lesson','zwr10k','نشاطٌ دعويّ','image/jpeg','u-admin','cuatt72m',1749344400000),
('zatt72n','daily_record','zwrio','جولةُ إشراف','image/jpeg','u-admin','cuatt72o',1748912400000),
('zatt72p','daily_record','zwr12b','درسٌ في المسجد','image/jpeg','u-admin','cuatt72q',1749603600000),
('zatt72r','daily_record','zwre1',NULL,'image/jpeg','u-admin','cuatt72s',1750640400000),
('zatt72t','daily_record','zwrxj','نشاطٌ دعويّ','image/jpeg','u-admin','cuatt72u',1749171600000),
('zatt72v','daily_record','zwr51',NULL,'image/jpeg','u-admin','cuatt72w',1749949200000),
('zatt72x','lesson','zwrtm','درسٌ في المسجد','image/jpeg','u-admin','cuatt72y',1748048400000),
('zatt72z','lesson','zwr8p',NULL,'image/jpeg','u-admin','cuatt730',1751504400000),
('zatt731','daily_record','zwrsk','جولةُ إشراف','image/jpeg','u-admin','cuatt732',1748480400000),
('zatt733','lesson','zwrzn',NULL,'image/jpeg','u-admin','cuatt734',1749949200000),
('zatt735','daily_record','zwrkm',NULL,'image/jpeg','u-admin','cuatt736',1749517200000),
('zatt737','daily_record','zwr12b','درسٌ في المسجد','image/jpeg','u-admin','cuatt738',1748739600000),
('zatt739','daily_record','zwrog','جولةُ إشراف','image/jpeg','u-admin','cuatt73a',1748307600000),
('zatt73b','lesson','zwr10k',NULL,'image/jpeg','u-admin','cuatt73c',1750381200000),
('zatt73d','daily_record','zwrgq','توزيع مساعدات','image/jpeg','u-admin','cuatt73e',1750208400000),
('zatt73f','daily_record','zwrz','توزيع مساعدات','image/jpeg','u-admin','cuatt73g',1748048400000),
('zatt73h','lesson','zwr9h','درسٌ في المسجد','image/jpeg','u-admin','cuatt73i',1747270800000),
('zatt73j','daily_record','zwr150','درسٌ في المسجد','image/jpeg','u-admin','cuatt73k',1749690000000),
('zatt73l','daily_record','zwr60','نشاطٌ دعويّ','image/jpeg','u-admin','cuatt73m',1748394000000),
('zatt73n','lesson','zwrzn','درسٌ في المسجد','image/jpeg','u-admin','cuatt73o',1751763600000);
