-- بذرة ضخمة للقسمين (مولّدة عبر scripts/gen-seed.mjs) — لا تُحرّر يدويًّا
PRAGMA foreign_keys=OFF;
INSERT OR IGNORE INTO persons (id,full_name,gender,birth_year_hijri,home_org_unit_id,status,created_at) VALUES
('zp1','المدير العام','male',1385,NULL,'active',1784389805093),
('zp2','المشرف العام للذكور','male',1407,'men','active',1784389805093),
('zp6','مسؤول منطقة حلب','male',1431,'zr5','active',1784389805093),
('zpa','مسؤول مربع المدينة حلب','male',1401,'zq9','active',1784389805093),
('zpe','أمير مسجد النصر','male',1401,'zmd','active',1784389805093),
('zph','أيمن الجاسم','male',1423,'zmd','active',1784389805093),
('zpj','أيمن السالم','male',1420,'zmd','active',1784389805093),
('zpl','بلال الكردي','male',1409,'zmd','active',1784389805093),
('zpn','حمزة البكري','male',1429,'zmd','active',1784389805093),
('zpp','زيد السالم','male',1413,'zmd','active',1784389805093),
('zpr','مصطفى المحمد','male',1397,'zmd','active',1784389805093),
('zpt','يوسف المحمد','male',1402,'zmd','active',1784389805093),
('zpv','ياسر السالم','male',1394,'zmd','active',1784389805093),
('zp19','أمير مسجد بلال','male',1402,'zm18','active',1784389805093),
('zp1b','عثمان الإدلبي','male',1409,'zm18','active',1784389805093),
('zp1d','معاذ الحسن','male',1392,'zm18','active',1784389805093),
('zp1f','زيد النعسان','male',1429,'zm18','active',1784389805093),
('zp1h','سلمان القاسم','male',1389,'zm18','active',1784389805093),
('zp1j','حسن العمر','male',1411,'zm18','active',1784389805093),
('zp1l','حسن الديب','male',1390,'zm18','active',1784389805093),
('zp1n','صهيب الزعبي','male',1403,'zm18','active',1784389805093),
('zp1p','حسين المحمد','male',1423,'zm18','active',1784389805093),
('zp1r','معاذ الحسن','male',1430,'zm18','active',1784389805093),
('zp1t','عثمان الرفاعي','male',1408,'zm18','active',1784389805093),
('zp28','أمير مسجد حمزة','male',1402,'zm27','active',1784389805093),
('zp2c','عبدالله القاسم','male',1428,'zm27','active',1784389805093),
('zp2e','ياسر الحسن','male',1419,'zm27','active',1784389805093),
('zp2g','صهيب الخطيب','male',1420,'zm27','active',1784389805093),
('zp2i','حسن الجاسم','male',1404,'zm27','active',1784389805093),
('zp2k','مصطفى النعسان','male',1415,'zm27','active',1784389805093),
('zp2m','صهيب القاسم','male',1382,'zm27','active',1784389805093),
('zp2o','عثمان الأحمد','male',1386,'zm27','active',1784389805093),
('zp2q','أسامة الديب','male',1398,'zm27','active',1784389805093),
('zp34','أمير مسجد الأنصار','male',1416,'zm33','active',1784389805093),
('zp38','حسن الحسن','male',1422,'zm33','active',1784389805093),
('zp3a','حسين الحموي','male',1413,'zm33','active',1784389805093),
('zp3c','يوسف السالم','male',1397,'zm33','active',1784389805093),
('zp3e','زيد الزعبي','male',1416,'zm33','active',1784389805093),
('zp3g','علي الإدلبي','male',1391,'zm33','active',1784389805093),
('zp3i','خالد الديب','male',1420,'zm33','active',1784389805093),
('zp3k','زيد النعسان','male',1414,'zm33','active',1784389805093),
('zp3m','أنس العمر','male',1420,'zm33','active',1784389805093),
('zp3o','أيمن السالم','male',1410,'zm33','active',1784389805093),
('zp45','أمير مسجد الصديق','male',1389,'zm44','active',1784389805093),
('zp47','أحمد السالم','male',1401,'zm44','active',1784389805093),
('zp49','حسين الزعبي','male',1386,'zm44','active',1784389805093),
('zp4b','حمزة الأحمد','male',1389,'zm44','active',1784389805093),
('zp4d','حسن الكردي','male',1421,'zm44','active',1784389805093),
('zp4f','زيد الحموي','male',1397,'zm44','active',1784389805093),
('zp4h','عبدالرحمن الحلبي','male',1419,'zm44','active',1784389805093),
('zp4j','أنس الكردي','male',1416,'zm44','active',1784389805093),
('zp4l','صهيب البكري','male',1421,'zm44','active',1784389805093),
('zp55','أمير مسجد بلال','male',1423,'zm54','active',1784389805093),
('zp59','عبدالله السالم','male',1425,'zm54','active',1784389805093),
('zp5b','صهيب القاسم','male',1380,'zm54','active',1784389805093),
('zp5d','عمر الصالح','male',1397,'zm54','active',1784389805093),
('zp5f','مصطفى الخطيب','male',1404,'zm54','active',1784389805093),
('zp5h','طارق الرفاعي','male',1426,'zm54','active',1784389805093),
('zp5j','حمزة الرفاعي','male',1401,'zm54','active',1784389805093),
('zp5l','حمزة الكردي','male',1424,'zm54','active',1784389805093);
INSERT OR IGNORE INTO persons (id,full_name,gender,birth_year_hijri,home_org_unit_id,status,created_at) VALUES
('zp61','أمير مسجد الصحابة','male',1405,'zm60','active',1784389805093),
('zp63','صهيب الرفاعي','male',1410,'zm60','active',1784389805093),
('zp65','طارق النعسان','male',1420,'zm60','active',1784389805093),
('zp67','معاذ الخطيب','male',1388,'zm60','active',1784389805093),
('zp69','عبدالله الزعبي','male',1396,'zm60','active',1784389805093),
('zp6b','ياسر السالم','male',1390,'zm60','active',1784389805093),
('zp6d','إبراهيم الحموي','male',1424,'zm60','active',1784389805093),
('zp6f','بلال الحسن','male',1395,'zm60','active',1784389805093),
('zp6h','عمر الخطيب','male',1383,'zm60','active',1784389805093),
('zp6v','أمير مسجد عثمان','male',1415,'zm6u','active',1784389805093),
('zp6x','صهيب الديب','male',1408,'zm6u','active',1784389805093),
('zp6z','عثمان البكري','male',1390,'zm6u','active',1784389805093),
('zp71','حسين الجاسم','male',1425,'zm6u','active',1784389805093),
('zp73','صهيب البكري','male',1387,'zm6u','active',1784389805093),
('zp75','مصطفى المحمد','male',1406,'zm6u','active',1784389805093),
('zp77','عبدالرحمن الشامي','male',1386,'zm6u','active',1784389805093),
('zp79','إبراهيم الحلبي','male',1386,'zm6u','active',1784389805093),
('zp7b','سعيد البكري','male',1430,'zm6u','active',1784389805093),
('zp7d','صهيب الحموي','male',1396,'zm6u','active',1784389805093),
('zp7r','مسؤول مربع الشمالي حلب','male',1405,'zq7q','active',1784389805093),
('zp7u','أمير مسجد عثمان','male',1386,'zm7t','active',1784389805093),
('zp7y','أحمد العمر','male',1413,'zm7t','active',1784389805093),
('zp80','أحمد الحسن','male',1427,'zm7t','active',1784389805093),
('zp82','سعيد العمر','male',1420,'zm7t','active',1784389805093),
('zp84','إبراهيم الديب','male',1391,'zm7t','active',1784389805093),
('zp86','عبدالله الديب','male',1432,'zm7t','active',1784389805093),
('zp88','عبدالله الكردي','male',1407,'zm7t','active',1784389805093),
('zp8a','خالد الحلبي','male',1410,'zm7t','active',1784389805093),
('zp8c','صهيب الكردي','male',1399,'zm7t','active',1784389805093),
('zp8e','صهيب النعسان','male',1383,'zm7t','active',1784389805093),
('zp8g','معاذ الحموي','male',1405,'zm7t','active',1784389805093),
('zp8r','أمير مسجد النصر','male',1403,'zm8q','active',1784389805093),
('zp8v','أنس الزعبي','male',1393,'zm8q','active',1784389805093),
('zp8x','سلمان المحمد','male',1394,'zm8q','active',1784389805093),
('zp8z','بلال الأحمد','male',1398,'zm8q','active',1784389805093),
('zp91','إبراهيم البكري','male',1400,'zm8q','active',1784389805093),
('zp93','زيد الصالح','male',1404,'zm8q','active',1784389805093),
('zp95','بلال الشامي','male',1400,'zm8q','active',1784389805093),
('zp97','عبدالله الأحمد','male',1426,'zm8q','active',1784389805093),
('zp99','أيمن الرفاعي','male',1416,'zm8q','active',1784389805093),
('zp9o','أمير مسجد العزيز','male',1384,'zm9n','active',1784389805093),
('zp9s','يوسف الصالح','male',1430,'zm9n','active',1784389805093),
('zp9u','أيمن الديب','male',1394,'zm9n','active',1784389805093),
('zp9w','حسين الرفاعي','male',1409,'zm9n','active',1784389805093),
('zp9y','زيد العمر','male',1408,'zm9n','active',1784389805093),
('zpa0','حمزة السالم','male',1423,'zm9n','active',1784389805093),
('zpa2','زيد النعسان','male',1428,'zm9n','active',1784389805093),
('zpa4','معاذ الصالح','male',1423,'zm9n','active',1784389805093),
('zpah','أمير مسجد بلال','male',1408,'zmag','active',1784389805093),
('zpaj','سلمان السالم','male',1404,'zmag','active',1784389805093),
('zpal','ياسر الديب','male',1427,'zmag','active',1784389805093),
('zpan','علي الحموي','male',1415,'zmag','active',1784389805093),
('zpap','عبدالله الحسن','male',1412,'zmag','active',1784389805093),
('zpar','عبدالله البكري','male',1382,'zmag','active',1784389805093),
('zpat','مصطفى الحلبي','male',1384,'zmag','active',1784389805093),
('zpav','سلمان العمر','male',1390,'zmag','active',1784389805093),
('zpax','ياسر الأحمد','male',1402,'zmag','active',1784389805093),
('zpaz','زيد الكردي','male',1409,'zmag','active',1784389805093),
('zpbe','أمير مسجد حمزة','male',1430,'zmbd','active',1784389805093),
('zpbi','معاذ الحسن','male',1419,'zmbd','active',1784389805093);
INSERT OR IGNORE INTO persons (id,full_name,gender,birth_year_hijri,home_org_unit_id,status,created_at) VALUES
('zpbk','أيمن القاسم','male',1402,'zmbd','active',1784389805093),
('zpbm','بلال النعسان','male',1429,'zmbd','active',1784389805093),
('zpbo','علي الجاسم','male',1427,'zmbd','active',1784389805093),
('zpbq','طارق النعسان','male',1386,'zmbd','active',1784389805093),
('zpbs','حمزة المحمد','male',1396,'zmbd','active',1784389805093),
('zpbu','أحمد الجاسم','male',1391,'zmbd','active',1784389805093),
('zpbw','طارق الأحمد','male',1406,'zmbd','active',1784389805093),
('zpby','يوسف النعسان','male',1423,'zmbd','active',1784389805093),
('zpcj','أمير مسجد الرحمة','male',1423,'zmci','active',1784389805093),
('zpcn','يوسف الحلبي','male',1412,'zmci','active',1784389805093),
('zpcp','عبدالرحمن الجاسم','male',1421,'zmci','active',1784389805093),
('zpcr','أنس القاسم','male',1413,'zmci','active',1784389805093),
('zpct','طارق الحريري','male',1408,'zmci','active',1784389805093),
('zpcv','أسامة الصالح','male',1399,'zmci','active',1784389805093),
('zpcx','عثمان الحريري','male',1425,'zmci','active',1784389805093),
('zpdc','أمير مسجد النصر','male',1394,'zmdb','active',1784389805093),
('zpde','أسامة الحموي','male',1401,'zmdb','active',1784389805093),
('zpdg','علي الحلبي','male',1399,'zmdb','active',1784389805093),
('zpdi','محمد الحلبي','male',1413,'zmdb','active',1784389805093),
('zpdk','سعيد العمر','male',1403,'zmdb','active',1784389805093),
('zpdm','معاذ الحريري','male',1416,'zmdb','active',1784389805093),
('zpdo','علي القاسم','male',1431,'zmdb','active',1784389805093),
('zpdq','سلمان الحلبي','male',1382,'zmdb','active',1784389805093),
('zpe7','مسؤول منطقة إدلب','male',1380,'zre6','active',1784389805093),
('zpea','مسؤول مربع المدينة إدلب','male',1421,'zqe9','active',1784389805093),
('zped','أمير مسجد التوحيد','male',1429,'zmec','active',1784389805093),
('zpeh','عبدالله المحمد','male',1403,'zmec','active',1784389805093),
('zpej','حسين الحلبي','male',1409,'zmec','active',1784389805093),
('zpel','عثمان الشامي','male',1388,'zmec','active',1784389805093),
('zpen','حسين الحلبي','male',1410,'zmec','active',1784389805093),
('zpep','طارق البكري','male',1425,'zmec','active',1784389805093),
('zper','محمد الحريري','male',1414,'zmec','active',1784389805093),
('zpet','عثمان الرفاعي','male',1405,'zmec','active',1784389805093),
('zpev','أحمد الحلبي','male',1391,'zmec','active',1784389805093),
('zpf8','أمير مسجد التوحيد','male',1407,'zmf7','active',1784389805093),
('zpfa','محمد الجاسم','male',1416,'zmf7','active',1784389805093),
('zpfc','مصطفى الكردي','male',1405,'zmf7','active',1784389805093),
('zpfe','حسين المحمد','male',1385,'zmf7','active',1784389805093),
('zpfg','حسين السالم','male',1411,'zmf7','active',1784389805093),
('zpfi','أسامة الكردي','male',1425,'zmf7','active',1784389805093),
('zpfk','عمر الزعبي','male',1425,'zmf7','active',1784389805093),
('zpfm','علي النعسان','male',1393,'zmf7','active',1784389805093),
('zpfo','ياسر الحسن','male',1408,'zmf7','active',1784389805093),
('zpfq','خالد الديب','male',1405,'zmf7','active',1784389805093),
('zpg7','أمير مسجد الفرقان','male',1419,'zmg6','active',1784389805093),
('zpgb','حمزة المحمد','male',1404,'zmg6','active',1784389805093),
('zpgd','سعيد الصالح','male',1429,'zmg6','active',1784389805093),
('zpgf','أنس الصالح','male',1388,'zmg6','active',1784389805093),
('zpgh','عبدالرحمن الحلبي','male',1396,'zmg6','active',1784389805093),
('zpgj','عبدالرحمن المحمد','male',1415,'zmg6','active',1784389805093),
('zpgl','حمزة النعسان','male',1403,'zmg6','active',1784389805093),
('zpgn','حمزة الديب','male',1394,'zmg6','active',1784389805093),
('zph2','أمير مسجد التقوى','male',1380,'zmh1','active',1784389805093),
('zph4','سلمان الصالح','male',1421,'zmh1','active',1784389805093),
('zph6','خالد الحلبي','male',1408,'zmh1','active',1784389805093),
('zph8','حسن البكري','male',1414,'zmh1','active',1784389805093),
('zpha','خالد الرفاعي','male',1419,'zmh1','active',1784389805093),
('zphc','عبدالرحمن المحمد','male',1408,'zmh1','active',1784389805093),
('zphe','أسامة القاسم','male',1391,'zmh1','active',1784389805093),
('zphg','يوسف العمر','male',1427,'zmh1','active',1784389805093);
INSERT OR IGNORE INTO persons (id,full_name,gender,birth_year_hijri,home_org_unit_id,status,created_at) VALUES
('zphx','أمير مسجد الإيمان','male',1397,'zmhw','active',1784389805093),
('zphz','ياسر الجاسم','male',1405,'zmhw','active',1784389805093),
('zpi1','حسن الإدلبي','male',1401,'zmhw','active',1784389805093),
('zpi3','أيمن الإدلبي','male',1412,'zmhw','active',1784389805093),
('zpi5','حسين الحريري','male',1424,'zmhw','active',1784389805093),
('zpi7','أيمن الصالح','male',1424,'zmhw','active',1784389805093),
('zpi9','أسامة العمر','male',1402,'zmhw','active',1784389805093),
('zpib','أسامة البكري','male',1405,'zmhw','active',1784389805093),
('zpir','مسؤول مربع الشمالي إدلب','male',1428,'zqiq','active',1784389805093),
('zpiu','أمير مسجد النور','male',1404,'zmit','active',1784389805093),
('zpiy','سلمان الخطيب','male',1412,'zmit','active',1784389805093),
('zpj0','حسين السالم','male',1394,'zmit','active',1784389805093),
('zpj2','أسامة الديب','male',1399,'zmit','active',1784389805093),
('zpj4','إبراهيم الشامي','male',1398,'zmit','active',1784389805093),
('zpj6','أنس الرفاعي','male',1427,'zmit','active',1784389805093),
('zpj8','أيمن الجاسم','male',1383,'zmit','active',1784389805093),
('zpja','حمزة الديب','male',1385,'zmit','active',1784389805093),
('zpjr','أمير مسجد خالد','male',1397,'zmjq','active',1784389805093),
('zpjt','عبدالله الحلبي','male',1405,'zmjq','active',1784389805093),
('zpjv','عمر الشامي','male',1398,'zmjq','active',1784389805093),
('zpjx','ياسر النعسان','male',1432,'zmjq','active',1784389805093),
('zpjz','حمزة الديب','male',1382,'zmjq','active',1784389805093),
('zpk1','خالد العمر','male',1421,'zmjq','active',1784389805093),
('zpk3','سعيد الأحمد','male',1397,'zmjq','active',1784389805093),
('zpk5','طارق الحموي','male',1398,'zmjq','active',1784389805093),
('zpk7','بلال النعسان','male',1417,'zmjq','active',1784389805093),
('zpk9','مصطفى القاسم','male',1430,'zmjq','active',1784389805093),
('zpkb','حسن الأحمد','male',1387,'zmjq','active',1784389805093),
('zpkr','أمير مسجد الأنصار','male',1388,'zmkq','active',1784389805093),
('zpkt','عبدالرحمن الشامي','male',1384,'zmkq','active',1784389805093),
('zpkv','أحمد الإدلبي','male',1410,'zmkq','active',1784389805093),
('zpkx','معاذ الزعبي','male',1411,'zmkq','active',1784389805093),
('zpkz','زيد القاسم','male',1414,'zmkq','active',1784389805093),
('zpl1','يوسف الحريري','male',1397,'zmkq','active',1784389805093),
('zpl3','سلمان الأحمد','male',1430,'zmkq','active',1784389805093),
('zpl5','إبراهيم الإدلبي','male',1429,'zmkq','active',1784389805093),
('zpl7','سعيد الحريري','male',1407,'zmkq','active',1784389805093),
('zplp','أمير مسجد بلال','male',1415,'zmlo','active',1784389805093),
('zplr','مصطفى السالم','male',1425,'zmlo','active',1784389805093),
('zplt','طارق الخطيب','male',1407,'zmlo','active',1784389805093),
('zplv','يوسف المحمد','male',1417,'zmlo','active',1784389805093),
('zplx','محمد الصالح','male',1380,'zmlo','active',1784389805093),
('zplz','حسين الشامي','male',1424,'zmlo','active',1784389805093),
('zpm1','أسامة الحريري','male',1401,'zmlo','active',1784389805093),
('zpm3','سلمان الأحمد','male',1432,'zmlo','active',1784389805093),
('zpm5','حسين الحموي','male',1430,'zmlo','active',1784389805093),
('zpm7','حمزة البكري','male',1414,'zmlo','active',1784389805093),
('zpm9','عثمان الحموي','male',1381,'zmlo','active',1784389805093),
('zpmf','أمير مسجد الفتح','male',1394,'zmme','active',1784389805093),
('zpmj','صهيب الحسن','male',1424,'zmme','active',1784389805093),
('zpml','حمزة الجاسم','male',1417,'zmme','active',1784389805093),
('zpmn','عمر الحموي','male',1415,'zmme','active',1784389805093),
('zpmp','محمد الخطيب','male',1418,'zmme','active',1784389805093),
('zpmr','زيد العمر','male',1384,'zmme','active',1784389805093),
('zpmt','طارق الديب','male',1382,'zmme','active',1784389805093),
('zpmv','محمد الشامي','male',1406,'zmme','active',1784389805093),
('zpmx','حسين النعسان','male',1412,'zmme','active',1784389805093),
('zpn8','أمير مسجد الفرقان','male',1382,'zmn7','active',1784389805093),
('zpnc','محمد الحلبي','male',1391,'zmn7','active',1784389805093),
('zpne','إبراهيم الحلبي','male',1389,'zmn7','active',1784389805093);
INSERT OR IGNORE INTO persons (id,full_name,gender,birth_year_hijri,home_org_unit_id,status,created_at) VALUES
('zpng','عمر الخطيب','male',1427,'zmn7','active',1784389805093),
('zpni','زيد الجاسم','male',1403,'zmn7','active',1784389805093),
('zpnk','طارق البكري','male',1381,'zmn7','active',1784389805093),
('zpnm','أيمن العمر','male',1418,'zmn7','active',1784389805093),
('zpno','بلال المحمد','male',1411,'zmn7','active',1784389805093),
('zpnq','خالد الشامي','male',1423,'zmn7','active',1784389805093),
('zpns','مصطفى العمر','male',1416,'zmn7','active',1784389805093),
('zpo3','أمير مسجد عثمان','male',1426,'zmo2','active',1784389805093),
('zpo5','عثمان الحلبي','male',1421,'zmo2','active',1784389805093),
('zpo7','حسن الأحمد','male',1398,'zmo2','active',1784389805093),
('zpo9','حمزة الحريري','male',1404,'zmo2','active',1784389805093),
('zpob','معاذ الصالح','male',1387,'zmo2','active',1784389805093),
('zpod','أيمن السالم','male',1391,'zmo2','active',1784389805093),
('zpof','معاذ القاسم','male',1419,'zmo2','active',1784389805093),
('zpoh','يوسف النعسان','male',1388,'zmo2','active',1784389805093),
('zpoj','صهيب الحسن','male',1406,'zmo2','active',1784389805093),
('zpp4','أمير مسجد الصديق','male',1392,'zmp3','active',1784389805093),
('zpp8','إبراهيم الحريري','male',1399,'zmp3','active',1784389805093),
('zppa','عبدالله البكري','male',1397,'zmp3','active',1784389805093),
('zppc','سلمان الصالح','male',1406,'zmp3','active',1784389805093),
('zppe','أنس الإدلبي','male',1432,'zmp3','active',1784389805093),
('zppg','يوسف الحموي','male',1387,'zmp3','active',1784389805093),
('zppi','طارق السالم','male',1399,'zmp3','active',1784389805093),
('zppk','حمزة الحريري','male',1416,'zmp3','active',1784389805093),
('zppm','ياسر الحموي','male',1432,'zmp3','active',1784389805093),
('zppo','حسن الإدلبي','male',1391,'zmp3','active',1784389805093),
('zpq5','مسؤول منطقة حماة','male',1395,'zrq4','active',1784389805093),
('zpq8','مسؤول مربع المدينة حماة','male',1425,'zqq7','active',1784389805093),
('zpqb','أمير مسجد الهدى','male',1408,'zmqa','active',1784389805093),
('zpqd','خالد الديب','male',1396,'zmqa','active',1784389805093),
('zpqf','عثمان العمر','male',1399,'zmqa','active',1784389805093),
('zpqh','خالد الحموي','male',1401,'zmqa','active',1784389805093),
('zpqj','حسن العمر','male',1415,'zmqa','active',1784389805093),
('zpql','ياسر البكري','male',1387,'zmqa','active',1784389805093),
('zpqn','بلال الحسن','male',1419,'zmqa','active',1784389805093),
('zpr2','أمير مسجد الصديق','male',1423,'zmr1','active',1784389805093),
('zpr4','ياسر الرفاعي','male',1425,'zmr1','active',1784389805093),
('zpr6','ياسر الخطيب','male',1386,'zmr1','active',1784389805093),
('zpr8','عمر المحمد','male',1410,'zmr1','active',1784389805093),
('zpra','عبدالرحمن النعسان','male',1428,'zmr1','active',1784389805093),
('zprc','أسامة الجاسم','male',1382,'zmr1','active',1784389805093),
('zpre','سلمان الديب','male',1380,'zmr1','active',1784389805093),
('zprg','خالد الرفاعي','male',1385,'zmr1','active',1784389805093),
('zprt','أمير مسجد الفتح','male',1385,'zmrs','active',1784389805093),
('zprv','زيد الخطيب','male',1417,'zmrs','active',1784389805093),
('zprx','صهيب الكردي','male',1407,'zmrs','active',1784389805093),
('zprz','زيد الخطيب','male',1381,'zmrs','active',1784389805093),
('zps1','بلال القاسم','male',1383,'zmrs','active',1784389805093),
('zps3','بلال البكري','male',1399,'zmrs','active',1784389805093),
('zps5','صهيب الديب','male',1382,'zmrs','active',1784389805093),
('zps7','أنس العمر','male',1391,'zmrs','active',1784389805093),
('zps9','طارق الكردي','male',1410,'zmrs','active',1784389805093),
('zpsn','أمير مسجد قباء','male',1400,'zmsm','active',1784389805093),
('zpsp','عثمان الإدلبي','male',1425,'zmsm','active',1784389805093),
('zpsr','ياسر القاسم','male',1427,'zmsm','active',1784389805093),
('zpst','أسامة الشامي','male',1421,'zmsm','active',1784389805093),
('zpsv','سعيد العمر','male',1386,'zmsm','active',1784389805093),
('zpsx','صهيب الحريري','male',1397,'zmsm','active',1784389805093),
('zpsz','معاذ الرفاعي','male',1398,'zmsm','active',1784389805093),
('zpt1','أسامة الأحمد','male',1388,'zmsm','active',1784389805093);
INSERT OR IGNORE INTO persons (id,full_name,gender,birth_year_hijri,home_org_unit_id,status,created_at) VALUES
('zpt3','صهيب الحريري','male',1419,'zmsm','active',1784389805093),
('zpt9','أمير مسجد الفاروق','male',1393,'zmt8','active',1784389805093),
('zptb','زيد الرفاعي','male',1425,'zmt8','active',1784389805093),
('zptd','صهيب المحمد','male',1406,'zmt8','active',1784389805093),
('zptf','علي الحريري','male',1388,'zmt8','active',1784389805093),
('zpth','سعيد الصالح','male',1392,'zmt8','active',1784389805093),
('zptj','عثمان الأحمد','male',1401,'zmt8','active',1784389805093),
('zptl','أحمد الحلبي','male',1397,'zmt8','active',1784389805093),
('zptn','معاذ الرفاعي','male',1407,'zmt8','active',1784389805093),
('zptp','بلال الحريري','male',1425,'zmt8','active',1784389805093),
('zptr','عبدالله البكري','male',1410,'zmt8','active',1784389805093),
('zptt','عثمان الحموي','male',1416,'zmt8','active',1784389805093),
('zpu7','مسؤول مربع الشمالي حماة','male',1398,'zqu6','active',1784389805093),
('zpua','أمير مسجد الفتح','male',1397,'zmu9','active',1784389805093),
('zpuc','علي العمر','male',1424,'zmu9','active',1784389805093),
('zpue','علي المحمد','male',1426,'zmu9','active',1784389805093),
('zpug','حمزة الأحمد','male',1403,'zmu9','active',1784389805093),
('zpui','معاذ السالم','male',1403,'zmu9','active',1784389805093),
('zpuk','أنس الخطيب','male',1398,'zmu9','active',1784389805093),
('zpum','محمد المحمد','male',1419,'zmu9','active',1784389805093),
('zpuo','أسامة الحريري','male',1414,'zmu9','active',1784389805093),
('zpuq','طارق الخطيب','male',1423,'zmu9','active',1784389805093),
('zpus','حمزة الحريري','male',1415,'zmu9','active',1784389805093),
('zpva','أمير مسجد الهدى','male',1409,'zmv9','active',1784389805093),
('zpvc','أحمد الحسن','male',1399,'zmv9','active',1784389805093),
('zpve','أحمد القاسم','male',1413,'zmv9','active',1784389805093),
('zpvg','ياسر الإدلبي','male',1404,'zmv9','active',1784389805093),
('zpvi','طارق المحمد','male',1384,'zmv9','active',1784389805093),
('zpvk','زيد الحريري','male',1412,'zmv9','active',1784389805093),
('zpvm','مصطفى الحلبي','male',1420,'zmv9','active',1784389805093),
('zpvo','سعيد الشامي','male',1385,'zmv9','active',1784389805093),
('zpvq','طارق الشامي','male',1422,'zmv9','active',1784389805093),
('zpvs','محمد الصالح','male',1398,'zmv9','active',1784389805093),
('zpw5','أمير مسجد الأنصار','male',1392,'zmw4','active',1784389805093),
('zpw9','محمد الشامي','male',1383,'zmw4','active',1784389805093),
('zpwb','سلمان الرفاعي','male',1398,'zmw4','active',1784389805093),
('zpwd','إبراهيم النعسان','male',1420,'zmw4','active',1784389805093),
('zpwf','صهيب الصالح','male',1427,'zmw4','active',1784389805093),
('zpwh','معاذ السالم','male',1395,'zmw4','active',1784389805093),
('zpwj','يوسف المحمد','male',1392,'zmw4','active',1784389805093),
('zpwl','مصطفى الأحمد','male',1405,'zmw4','active',1784389805093),
('zpwn','سعيد السالم','male',1413,'zmw4','active',1784389805093),
('zpwp','ياسر الصالح','male',1432,'zmw4','active',1784389805093),
('zpx4','أمير مسجد الأنصار','male',1418,'zmx3','active',1784389805093),
('zpx6','صهيب الحريري','male',1398,'zmx3','active',1784389805093),
('zpx8','حمزة الحلبي','male',1423,'zmx3','active',1784389805093),
('zpxa','بلال الديب','male',1425,'zmx3','active',1784389805093),
('zpxc','معاذ الرفاعي','male',1404,'zmx3','active',1784389805093),
('zpxe','عبدالرحمن السالم','male',1429,'zmx3','active',1784389805093),
('zpxg','سلمان الرفاعي','male',1420,'zmx3','active',1784389805093),
('zpxi','طارق الإدلبي','male',1421,'zmx3','active',1784389805093),
('zpxk','سعيد الجاسم','male',1402,'zmx3','active',1784389805093),
('zpxm','محمد الحموي','male',1419,'zmx3','active',1784389805093),
('zpxr','أمير مسجد خالد','male',1402,'zmxq','active',1784389805093),
('zpxt','صهيب الحريري','male',1401,'zmxq','active',1784389805093),
('zpxv','سلمان الأحمد','male',1418,'zmxq','active',1784389805093),
('zpxx','ياسر الرفاعي','male',1419,'zmxq','active',1784389805093),
('zpxz','صهيب الزعبي','male',1421,'zmxq','active',1784389805093),
('zpy1','إبراهيم الحسن','male',1403,'zmxq','active',1784389805093),
('zpy3','عثمان القاسم','male',1402,'zmxq','active',1784389805093);
INSERT OR IGNORE INTO persons (id,full_name,gender,birth_year_hijri,home_org_unit_id,status,created_at) VALUES
('zpy5','أيمن الحسن','male',1401,'zmxq','active',1784389805093),
('zpy7','حسين الحريري','male',1425,'zmxq','active',1784389805093),
('zpyl','أمير مسجد البخاري','male',1385,'zmyk','active',1784389805093),
('zpyn','حسن البكري','male',1388,'zmyk','active',1784389805093),
('zpyp','أسامة العمر','male',1399,'zmyk','active',1784389805093),
('zpyr','زيد الأحمد','male',1402,'zmyk','active',1784389805093),
('zpyt','معاذ الحسن','male',1410,'zmyk','active',1784389805093),
('zpyv','أسامة الحلبي','male',1411,'zmyk','active',1784389805093),
('zpyx','عبدالرحمن الحلبي','male',1398,'zmyk','active',1784389805093),
('zpyz','طارق القاسم','male',1392,'zmyk','active',1784389805093),
('zpz1','أنس الديب','male',1406,'zmyk','active',1784389805093),
('zpz6','مسؤول مربع الجنوبي حماة','male',1416,'zqz5','active',1784389805093),
('zpz9','أمير مسجد الأنصار','male',1420,'zmz8','active',1784389805093),
('zpzd','إبراهيم القاسم','male',1400,'zmz8','active',1784389805093),
('zpzf','خالد الزعبي','male',1418,'zmz8','active',1784389805093),
('zpzh','سعيد المحمد','male',1385,'zmz8','active',1784389805093),
('zpzj','إبراهيم العمر','male',1404,'zmz8','active',1784389805093),
('zpzl','سلمان الديب','male',1408,'zmz8','active',1784389805093),
('zpzn','صهيب الإدلبي','male',1384,'zmz8','active',1784389805093),
('zpzp','حسن الحسن','male',1401,'zmz8','active',1784389805093),
('zpzr','أنس الحسن','male',1427,'zmz8','active',1784389805093),
('zp103','أمير مسجد الفرقان','male',1430,'zm102','active',1784389805093),
('zp107','أحمد الحريري','male',1393,'zm102','active',1784389805093),
('zp109','حسين الحلبي','male',1413,'zm102','active',1784389805093),
('zp10b','معاذ البكري','male',1420,'zm102','active',1784389805093),
('zp10d','علي المحمد','male',1424,'zm102','active',1784389805093),
('zp10f','أيمن الشامي','male',1430,'zm102','active',1784389805093),
('zp10h','إبراهيم الإدلبي','male',1384,'zm102','active',1784389805093),
('zp10j','أحمد المحمد','male',1389,'zm102','active',1784389805093),
('zp10l','عثمان الكردي','male',1420,'zm102','active',1784389805093),
('zp10n','حمزة الحموي','male',1395,'zm102','active',1784389805093),
('zp10p','أنس البكري','male',1382,'zm102','active',1784389805093),
('zp10r','طارق البكري','male',1407,'zm102','active',1784389805093),
('zp119','أمير مسجد القدس','male',1408,'zm118','active',1784389805093),
('zp11d','حسن الرفاعي','male',1394,'zm118','active',1784389805093),
('zp11f','أحمد الصالح','male',1426,'zm118','active',1784389805093),
('zp11h','أنس الشامي','male',1415,'zm118','active',1784389805093),
('zp11j','أحمد السالم','male',1407,'zm118','active',1784389805093),
('zp11l','ياسر العمر','male',1410,'zm118','active',1784389805093),
('zp11n','صهيب الحموي','male',1393,'zm118','active',1784389805093),
('zp11p','ياسر الخطيب','male',1405,'zm118','active',1784389805093),
('zp11r','صهيب الخطيب','male',1392,'zm118','active',1784389805093),
('zp124','أمير مسجد التقوى','male',1423,'zm123','active',1784389805093),
('zp128','أسامة العمر','male',1405,'zm123','active',1784389805093),
('zp12a','مصطفى الأحمد','male',1407,'zm123','active',1784389805093),
('zp12c','حسين الزعبي','male',1426,'zm123','active',1784389805093),
('zp12e','محمد العمر','male',1403,'zm123','active',1784389805093),
('zp12g','سعيد الزعبي','male',1415,'zm123','active',1784389805093),
('zp12i','عثمان الصالح','male',1411,'zm123','active',1784389805093),
('zp12k','حمزة الحموي','male',1385,'zm123','active',1784389805093),
('zp12x','أمير مسجد الصديق','male',1415,'zm12w','active',1784389805093),
('zp12z','عمر الكردي','male',1384,'zm12w','active',1784389805093),
('zp131','سعيد الصالح','male',1382,'zm12w','active',1784389805093),
('zp133','ياسر النعسان','male',1411,'zm12w','active',1784389805093),
('zp135','زيد الحريري','male',1420,'zm12w','active',1784389805093),
('zp137','ياسر الحموي','male',1400,'zm12w','active',1784389805093),
('zp139','حسن السالم','male',1391,'zm12w','active',1784389805093),
('zp13b','معاذ الحموي','male',1397,'zm12w','active',1784389805093),
('zp13d','حسن المحمد','male',1409,'zm12w','active',1784389805093),
('zp13p','أمير مسجد الأنصار','male',1406,'zm13o','active',1784389805093);
INSERT OR IGNORE INTO persons (id,full_name,gender,birth_year_hijri,home_org_unit_id,status,created_at) VALUES
('zp13t','أحمد الديب','male',1404,'zm13o','active',1784389805093),
('zp13v','سعيد الرفاعي','male',1408,'zm13o','active',1784389805093),
('zp13x','صهيب الحريري','male',1415,'zm13o','active',1784389805093),
('zp13z','سلمان الكردي','male',1406,'zm13o','active',1784389805093),
('zp141','عبدالرحمن العمر','male',1415,'zm13o','active',1784389805093),
('zp143','حسين الإدلبي','male',1408,'zm13o','active',1784389805093),
('zp145','حمزة الزعبي','male',1390,'zm13o','active',1784389805093),
('zp147','أيمن الحسن','male',1393,'zm13o','active',1784389805093),
('zp149','يوسف الديب','male',1432,'zm13o','active',1784389805093),
('zp14o','أمير مسجد الفرقان','male',1412,'zm14n','active',1784389805093),
('zp14q','أحمد الكردي','male',1413,'zm14n','active',1784389805093),
('zp14s','صهيب الحريري','male',1384,'zm14n','active',1784389805093),
('zp14u','علي العمر','male',1417,'zm14n','active',1784389805093),
('zp14w','حسن السالم','male',1430,'zm14n','active',1784389805093),
('zp14y','بلال البكري','male',1424,'zm14n','active',1784389805093),
('zp150','خالد السالم','male',1423,'zm14n','active',1784389805093),
('zp152','محمد الحلبي','male',1423,'zm14n','active',1784389805093),
('zp154','ياسر الإدلبي','male',1417,'zm14n','active',1784389805093),
('zp15i','المشرفة العامة للنساء','female',1391,'women','active',1784389805093),
('zp15m','مسؤولة منطقة حلب','female',1415,'zr15l','active',1784389805093),
('zp15q','مسؤولة مربع المدينة حلب','female',1397,'zq15p','active',1784389805093),
('zp15u','المشرفة عائشة الحلبي','female',1388,'zh15t','active',1784389805093),
('zp15x','المعلّمة زينب الرفاعي','female',1430,'zh15t','active',1784389805093),
('zp18f','المشرفة فاطمة العمر','female',1414,'zh18e','active',1784389805093),
('zp18h','المعلّمة سمية الديب','female',1408,'zh18e','active',1784389805093),
('zp1b3','المشرفة زينب الجاسم','female',1427,'zh1b2','active',1784389805093),
('zp1b5','المعلّمة دعاء الصالح','female',1413,'zh1b2','active',1784389805093),
('zp1f5','المشرفة خديجة الكردي','female',1398,'zh1f4','active',1784389805093),
('zp1f7','المعلّمة رنا الخطيب','female',1381,'zh1f4','active',1784389805093),
('zp1ic','مسؤولة مربع الشمالي حلب','female',1401,'zq1ib','active',1784389805093),
('zp1if','المشرفة هدى الحسن','female',1419,'zh1ie','active',1784389805093),
('zp1ih','المعلّمة رنا الحموي','female',1385,'zh1ie','active',1784389805093),
('zp1ka','المشرفة فاطمة الديب','female',1419,'zh1k9','active',1784389805093),
('zp1kc','المعلّمة سلمى الحموي','female',1391,'zh1k9','active',1784389805093),
('zp1lz','المشرفة خديجة الزعبي','female',1384,'zh1ly','active',1784389805093),
('zp1m1','المعلّمة رقية الحموي','female',1415,'zh1ly','active',1784389805093),
('zp1o0','المشرفة سلمى القاسم','female',1419,'zh1nz','active',1784389805093),
('zp1o2','المعلّمة خديجة المحمد','female',1416,'zh1nz','active',1784389805093),
('zp1r2','المشرفة ليلى الديب','female',1425,'zh1r1','active',1784389805093),
('zp1r4','المعلّمة صفية الصالح','female',1396,'zh1r1','active',1784389805093),
('zp1sh','مسؤولة منطقة إدلب','female',1382,'zr1sg','active',1784389805093),
('zp1sk','مسؤولة مربع المدينة إدلب','female',1413,'zq1sj','active',1784389805093),
('zp1sn','المشرفة جنى الحموي','female',1389,'zh1sm','active',1784389805093),
('zp1sp','المعلّمة حفصة الكردي','female',1383,'zh1sm','active',1784389805093),
('zp1um','المشرفة أسماء البكري','female',1408,'zh1ul','active',1784389805093),
('zp1uo','المعلّمة هدى العمر','female',1388,'zh1ul','active',1784389805093),
('zp1wx','المشرفة سلمى الشامي','female',1432,'zh1ww','active',1784389805093),
('zp1wz','المعلّمة سمية الزعبي','female',1419,'zh1ww','active',1784389805093),
('zp1yo','المشرفة هدى النعسان','female',1382,'zh1yn','active',1784389805093),
('zp1yq','المعلّمة نور القاسم','female',1423,'zh1yn','active',1784389805093),
('zp21g','المشرفة ليلى الكردي','female',1424,'zh21f','active',1784389805093),
('zp21i','المعلّمة رقية الكردي','female',1401,'zh21f','active',1784389805093),
('zp24w','مسؤولة مربع الشمالي إدلب','female',1424,'zq24v','active',1784389805093),
('zp24z','المشرفة دعاء القاسم','female',1432,'zh24y','active',1784389805093),
('zp251','المعلّمة نور الأحمد','female',1393,'zh24y','active',1784389805093),
('zp27a','المشرفة جنى السالم','female',1383,'zh279','active',1784389805093),
('zp27c','المعلّمة حفصة السالم','female',1407,'zh279','active',1784389805093),
('zp2az','المشرفة آمنة الديب','female',1425,'zh2ay','active',1784389805093),
('zp2b1','المعلّمة أسماء العمر','female',1408,'zh2ay','active',1784389805093),
('zp2ce','المشرفة إسراء الحسن','female',1423,'zh2cd','active',1784389805093);
INSERT OR IGNORE INTO persons (id,full_name,gender,birth_year_hijri,home_org_unit_id,status,created_at) VALUES
('zp2cg','المعلّمة نور العمر','female',1406,'zh2cd','active',1784389805093),
('zp2dw','المشرفة زينب الكردي','female',1381,'zh2dv','active',1784389805093),
('zp2dy','المعلّمة إسراء القاسم','female',1426,'zh2dv','active',1784389805093),
('zp2fp','مسؤولة مربع الجنوبي إدلب','female',1429,'zq2fo','active',1784389805093),
('zp2fs','المشرفة زينب السالم','female',1381,'zh2fr','active',1784389805093),
('zp2fu','المعلّمة سلمى الرفاعي','female',1414,'zh2fr','active',1784389805093),
('zp2h4','المشرفة رنا الحلبي','female',1417,'zh2h3','active',1784389805093),
('zp2h6','المعلّمة ليلى الإدلبي','female',1412,'zh2h3','active',1784389805093),
('zp2j7','المشرفة دعاء الديب','female',1404,'zh2j6','active',1784389805093),
('zp2j9','المعلّمة خديجة الحلبي','female',1404,'zh2j6','active',1784389805093),
('zp2ko','المشرفة سلمى الحموي','female',1428,'zh2kn','active',1784389805093),
('zp2kq','المعلّمة سمية الزعبي','female',1392,'zh2kn','active',1784389805093),
('zp2m4','مسؤولة منطقة اللاذقية','female',1426,'zr2m3','active',1784389805093),
('zp2m7','مسؤولة مربع المدينة اللاذقية','female',1389,'zq2m6','active',1784389805093),
('zp2ma','المشرفة نور الحسن','female',1390,'zh2m9','active',1784389805093),
('zp2mc','المعلّمة أسماء المحمد','female',1381,'zh2m9','active',1784389805093),
('zp2nq','المشرفة ليلى الشامي','female',1412,'zh2np','active',1784389805093),
('zp2ns','المعلّمة نور المحمد','female',1385,'zh2np','active',1784389805093),
('zp2p9','المشرفة عائشة الخطيب','female',1383,'zh2p8','active',1784389805093),
('zp2pb','المعلّمة دعاء القاسم','female',1394,'zh2p8','active',1784389805093),
('zp2qr','مسؤولة مربع الشمالي اللاذقية','female',1421,'zq2qq','active',1784389805093),
('zp2qu','المشرفة آمنة الصالح','female',1417,'zh2qt','active',1784389805093),
('zp2qw','المعلّمة أسماء القاسم','female',1418,'zh2qt','active',1784389805093),
('zp2sp','المشرفة زينب العمر','female',1398,'zh2so','active',1784389805093),
('zp2sr','المعلّمة آمنة الديب','female',1410,'zh2so','active',1784389805093),
('zp2v7','المشرفة هدى الكردي','female',1405,'zh2v6','active',1784389805093),
('zp2v9','المعلّمة سمية الزعبي','female',1397,'zh2v6','active',1784389805093),
('zp2wx','المشرفة فاطمة البكري','female',1387,'zh2ww','active',1784389805093),
('zp2wz','المعلّمة حفصة المحمد','female',1414,'zh2ww','active',1784389805093),
('zp2zt','المشرفة ليلى الحموي','female',1413,'zh2zs','active',1784389805093),
('zp2zv','المعلّمة هدى النعسان','female',1407,'zh2zs','active',1784389805093),
('zp7wt','المسؤول الماليّ','male',1387,NULL,'active',1784389805093),
('zp7wu','مسؤول الإعلام','male',1390,NULL,'active',1784389805093);
INSERT OR IGNORE INTO users (id,person_id,login,password_hash,last_login,mfa_secret,mfa_enabled,created_at) VALUES
('u-admin','zp1','admin','pbkdf2$100000$8T/B/AaCUb7IZ0bystvNjw==$LxZKTHYFK9tz1EnXiZLfi4Je5xflHrh4ndYv1TrR+qA=',1784389805093,NULL,0,1784389805093),
('zu3','zp2','head_men','pbkdf2$100000$8T/B/AaCUb7IZ0bystvNjw==$LxZKTHYFK9tz1EnXiZLfi4Je5xflHrh4ndYv1TrR+qA=',1784389805093,NULL,0,1784389805093),
('zu8','zp6','region_men','pbkdf2$100000$8T/B/AaCUb7IZ0bystvNjw==$LxZKTHYFK9tz1EnXiZLfi4Je5xflHrh4ndYv1TrR+qA=',NULL,NULL,0,1784389805093),
('zuc','zpa','square_men','pbkdf2$100000$8T/B/AaCUb7IZ0bystvNjw==$LxZKTHYFK9tz1EnXiZLfi4Je5xflHrh4ndYv1TrR+qA=',NULL,NULL,0,1784389805093),
('zug','zpe','amir','pbkdf2$100000$8T/B/AaCUb7IZ0bystvNjw==$LxZKTHYFK9tz1EnXiZLfi4Je5xflHrh4ndYv1TrR+qA=',1783871405093,NULL,0,1784389805093),
('zu2b','zp28','zam2a','pbkdf2$100000$8T/B/AaCUb7IZ0bystvNjw==$LxZKTHYFK9tz1EnXiZLfi4Je5xflHrh4ndYv1TrR+qA=',NULL,NULL,0,1784389805093),
('zu37','zp34','zam36','pbkdf2$100000$8T/B/AaCUb7IZ0bystvNjw==$LxZKTHYFK9tz1EnXiZLfi4Je5xflHrh4ndYv1TrR+qA=',NULL,NULL,0,1784389805093),
('zu58','zp55','zam57','pbkdf2$100000$8T/B/AaCUb7IZ0bystvNjw==$LxZKTHYFK9tz1EnXiZLfi4Je5xflHrh4ndYv1TrR+qA=',NULL,NULL,0,1784389805093),
('zu7x','zp7u','zam7w','pbkdf2$100000$8T/B/AaCUb7IZ0bystvNjw==$LxZKTHYFK9tz1EnXiZLfi4Je5xflHrh4ndYv1TrR+qA=',NULL,NULL,0,1784389805093),
('zu8u','zp8r','zam8t','pbkdf2$100000$8T/B/AaCUb7IZ0bystvNjw==$LxZKTHYFK9tz1EnXiZLfi4Je5xflHrh4ndYv1TrR+qA=',NULL,NULL,0,1784389805093),
('zu9r','zp9o','zam9q','pbkdf2$100000$8T/B/AaCUb7IZ0bystvNjw==$LxZKTHYFK9tz1EnXiZLfi4Je5xflHrh4ndYv1TrR+qA=',NULL,NULL,0,1784389805093),
('zubh','zpbe','zambg','pbkdf2$100000$8T/B/AaCUb7IZ0bystvNjw==$LxZKTHYFK9tz1EnXiZLfi4Je5xflHrh4ndYv1TrR+qA=',NULL,NULL,0,1784389805093),
('zucm','zpcj','zamcl','pbkdf2$100000$8T/B/AaCUb7IZ0bystvNjw==$LxZKTHYFK9tz1EnXiZLfi4Je5xflHrh4ndYv1TrR+qA=',NULL,NULL,0,1784389805093),
('zueg','zped','zamef','pbkdf2$100000$8T/B/AaCUb7IZ0bystvNjw==$LxZKTHYFK9tz1EnXiZLfi4Je5xflHrh4ndYv1TrR+qA=',NULL,NULL,0,1784389805093),
('zuga','zpg7','zamg9','pbkdf2$100000$8T/B/AaCUb7IZ0bystvNjw==$LxZKTHYFK9tz1EnXiZLfi4Je5xflHrh4ndYv1TrR+qA=',NULL,NULL,0,1784389805093),
('zuix','zpiu','zamiw','pbkdf2$100000$8T/B/AaCUb7IZ0bystvNjw==$LxZKTHYFK9tz1EnXiZLfi4Je5xflHrh4ndYv1TrR+qA=',NULL,NULL,0,1784389805093),
('zumi','zpmf','zammh','pbkdf2$100000$8T/B/AaCUb7IZ0bystvNjw==$LxZKTHYFK9tz1EnXiZLfi4Je5xflHrh4ndYv1TrR+qA=',NULL,NULL,0,1784389805093),
('zunb','zpn8','zamna','pbkdf2$100000$8T/B/AaCUb7IZ0bystvNjw==$LxZKTHYFK9tz1EnXiZLfi4Je5xflHrh4ndYv1TrR+qA=',NULL,NULL,0,1784389805093),
('zup7','zpp4','zamp6','pbkdf2$100000$8T/B/AaCUb7IZ0bystvNjw==$LxZKTHYFK9tz1EnXiZLfi4Je5xflHrh4ndYv1TrR+qA=',NULL,NULL,0,1784389805093),
('zuw8','zpw5','zamw7','pbkdf2$100000$8T/B/AaCUb7IZ0bystvNjw==$LxZKTHYFK9tz1EnXiZLfi4Je5xflHrh4ndYv1TrR+qA=',NULL,NULL,0,1784389805093),
('zuzc','zpz9','zamzb','pbkdf2$100000$8T/B/AaCUb7IZ0bystvNjw==$LxZKTHYFK9tz1EnXiZLfi4Je5xflHrh4ndYv1TrR+qA=',NULL,NULL,0,1784389805093),
('zu106','zp103','zam105','pbkdf2$100000$8T/B/AaCUb7IZ0bystvNjw==$LxZKTHYFK9tz1EnXiZLfi4Je5xflHrh4ndYv1TrR+qA=',NULL,NULL,0,1784389805093),
('zu11c','zp119','zam11b','pbkdf2$100000$8T/B/AaCUb7IZ0bystvNjw==$LxZKTHYFK9tz1EnXiZLfi4Je5xflHrh4ndYv1TrR+qA=',NULL,NULL,0,1784389805093),
('zu127','zp124','zam126','pbkdf2$100000$8T/B/AaCUb7IZ0bystvNjw==$LxZKTHYFK9tz1EnXiZLfi4Je5xflHrh4ndYv1TrR+qA=',NULL,NULL,0,1784389805093),
('zu13s','zp13p','zam13r','pbkdf2$100000$8T/B/AaCUb7IZ0bystvNjw==$LxZKTHYFK9tz1EnXiZLfi4Je5xflHrh4ndYv1TrR+qA=',NULL,NULL,0,1784389805093),
('zu15j','zp15i','head_women','pbkdf2$100000$8T/B/AaCUb7IZ0bystvNjw==$LxZKTHYFK9tz1EnXiZLfi4Je5xflHrh4ndYv1TrR+qA=',1784217005093,NULL,0,1784389805093),
('zu15o','zp15m','region_women','pbkdf2$100000$8T/B/AaCUb7IZ0bystvNjw==$LxZKTHYFK9tz1EnXiZLfi4Je5xflHrh4ndYv1TrR+qA=',NULL,NULL,0,1784389805093),
('zu15s','zp15q','square_women','pbkdf2$100000$8T/B/AaCUb7IZ0bystvNjw==$LxZKTHYFK9tz1EnXiZLfi4Je5xflHrh4ndYv1TrR+qA=',NULL,NULL,0,1784389805093),
('zu15w','zp15u','mushrifa','pbkdf2$100000$8T/B/AaCUb7IZ0bystvNjw==$LxZKTHYFK9tz1EnXiZLfi4Je5xflHrh4ndYv1TrR+qA=',1784303405093,NULL,0,1784389805093),
('zu160','zp15x','teacher_w','pbkdf2$100000$8T/B/AaCUb7IZ0bystvNjw==$LxZKTHYFK9tz1EnXiZLfi4Je5xflHrh4ndYv1TrR+qA=',NULL,NULL,0,1784389805093),
('u-finance','zp7wt','finance','pbkdf2$100000$8T/B/AaCUb7IZ0bystvNjw==$LxZKTHYFK9tz1EnXiZLfi4Je5xflHrh4ndYv1TrR+qA=',1784303405093,NULL,0,1784389805093),
('u-media','zp7wu','media','pbkdf2$100000$8T/B/AaCUb7IZ0bystvNjw==$LxZKTHYFK9tz1EnXiZLfi4Je5xflHrh4ndYv1TrR+qA=',1784303405093,NULL,0,1784389805093);
INSERT OR IGNORE INTO role_assignments (id,person_id,role,org_unit_id,org_path,portfolio,start_date,end_date,term_number,approval_status,approved_by,created_at) VALUES
('ra-admin','zp1','admin','men','/',NULL,1784389805093,NULL,1,'approved',NULL,1784389805093),
('zra4','zp2','section_head','men','/men/',NULL,1744300205093,NULL,1,'approved','u-admin',1784389805093),
('zra7','zp6','rabita','zr5','/men/zr5/',NULL,1778687405093,NULL,1,'approved','u-admin',1784389805093),
('zrab','zpa','square','zq9','/men/zr5/zq9/',NULL,1753804205093,NULL,1,'approved','u-admin',1784389805093),
('zraf','zpe','amir','zmd','/men/zr5/zq9/zmd/',NULL,1774799405093,NULL,1,'approved','u-admin',1784389805093),
('zrai','zph','deputy','zmd','/men/zr5/zq9/zmd/','نائب',1768665005093,NULL,1,'approved','u-admin',1784389805093),
('zrak','zpj','treasurer','zmd','/men/zr5/zq9/zmd/','الصندوق',1725033005093,NULL,1,'approved','u-admin',1784389805093),
('zram','zpl','committee','zmd','/men/zr5/zq9/zmd/','الدعوة',1768924205093,NULL,1,'approved','u-admin',1784389805093),
('zrao','zpn','participant','zmd','/men/zr5/zq9/zmd/',NULL,1755618605093,NULL,1,'approved','u-admin',1784389805093),
('zraq','zpp','member','zmd','/men/zr5/zq9/zmd/',NULL,1741017005093,NULL,1,'approved','u-admin',1784389805093),
('zras','zpr','member','zmd','/men/zr5/zq9/zmd/',NULL,1767196205093,NULL,1,'approved','u-admin',1784389805093),
('zrau','zpt','member','zmd','/men/zr5/zq9/zmd/',NULL,1776095405093,NULL,1,'approved','u-admin',1784389805093),
('zraw','zpv','participant','zmd','/men/zr5/zq9/zmd/',NULL,1763135405093,NULL,1,'approved','u-admin',1784389805093),
('zra1a','zp19','amir','zm18','/men/zr5/zq9/zm18/',NULL,1732981805093,NULL,1,'approved','u-admin',1784389805093),
('zra1c','zp1b','deputy','zm18','/men/zr5/zq9/zm18/','نائب',1757087405093,NULL,1,'approved','u-admin',1784389805093),
('zra1e','zp1d','secretary','zm18','/men/zr5/zq9/zm18/','أمانة السر',1727452205093,NULL,1,'approved','u-admin',1784389805093),
('zra1g','zp1f','committee','zm18','/men/zr5/zq9/zm18/','الإغاثة',1724428205093,NULL,1,'approved','u-admin',1784389805093),
('zra1i','zp1h','participant','zm18','/men/zr5/zq9/zm18/',NULL,1739116205093,NULL,1,'approved','u-admin',1784389805093),
('zra1k','zp1j','member','zm18','/men/zr5/zq9/zm18/',NULL,1754236205093,NULL,1,'approved','u-admin',1784389805093),
('zra1m','zp1l','member','zm18','/men/zr5/zq9/zm18/',NULL,1744473005093,NULL,1,'approved','u-admin',1784389805093),
('zra1o','zp1n','member','zm18','/men/zr5/zq9/zm18/',NULL,1747929005093,NULL,1,'approved','u-admin',1784389805093),
('zra1q','zp1p','member','zm18','/men/zr5/zq9/zm18/',NULL,1772553005093,NULL,1,'approved','u-admin',1784389805093),
('zra1s','zp1r','member','zm18','/men/zr5/zq9/zm18/',NULL,1725810605093,NULL,1,'approved','u-admin',1784389805093),
('zra1u','zp1t','participant','zm18','/men/zr5/zq9/zm18/',NULL,1754063405093,NULL,1,'approved','u-admin',1784389805093),
('zra29','zp28','amir','zm27','/men/zr5/zq9/zm27/',NULL,1729612205093,NULL,1,'approved','u-admin',1784389805093),
('zra2d','zp2c','deputy','zm27','/men/zr5/zq9/zm27/','نائب',1778514605093,NULL,1,'approved','u-admin',1784389805093),
('zra2f','zp2e','committee','zm27','/men/zr5/zq9/zm27/','الإغاثة',1742917805093,NULL,1,'approved','u-admin',1784389805093),
('zra2h','zp2g','member','zm27','/men/zr5/zq9/zm27/',NULL,1736178605093,NULL,1,'approved','u-admin',1784389805093),
('zra2j','zp2i','member','zm27','/men/zr5/zq9/zm27/',NULL,1752335405093,NULL,1,'approved','u-admin',1784389805093),
('zra2l','zp2k','member','zm27','/men/zr5/zq9/zm27/',NULL,1740066605093,NULL,1,'approved','u-admin',1784389805093),
('zra2n','zp2m','member','zm27','/men/zr5/zq9/zm27/',NULL,1761666605093,NULL,1,'approved','u-admin',1784389805093),
('zra2p','zp2o','member','zm27','/men/zr5/zq9/zm27/',NULL,1770047405093,NULL,1,'approved','u-admin',1784389805093),
('zra2r','zp2q','participant','zm27','/men/zr5/zq9/zm27/',NULL,1744818605093,NULL,1,'approved','u-admin',1784389805093),
('zra35','zp34','amir','zm33','/men/zr5/zq9/zm33/',NULL,1734537005093,NULL,1,'approved','u-admin',1784389805093),
('zra39','zp38','deputy','zm33','/men/zr5/zq9/zm33/','نائب',1762444205093,NULL,1,'approved','u-admin',1784389805093),
('zra3b','zp3a','secretary','zm33','/men/zr5/zq9/zm33/','أمانة السر',1747842605093,NULL,1,'approved','u-admin',1784389805093),
('zra3d','zp3c','treasurer','zm33','/men/zr5/zq9/zm33/','الصندوق',1742226605093,NULL,1,'approved','u-admin',1784389805093),
('zra3f','zp3e','member','zm33','/men/zr5/zq9/zm33/',NULL,1771170605093,NULL,1,'approved','u-admin',1784389805093),
('zra3h','zp3g','participant','zm33','/men/zr5/zq9/zm33/',NULL,1733845805093,NULL,1,'approved','u-admin',1784389805093),
('zra3j','zp3i','member','zm33','/men/zr5/zq9/zm33/',NULL,1771602605093,NULL,1,'approved','u-admin',1784389805093),
('zra3l','zp3k','member','zm33','/men/zr5/zq9/zm33/',NULL,1744732205093,NULL,1,'approved','u-admin',1784389805093),
('zra3n','zp3m','participant','zm33','/men/zr5/zq9/zm33/',NULL,1732981805093,NULL,1,'approved','u-admin',1784389805093),
('zra3p','zp3o','participant','zm33','/men/zr5/zq9/zm33/',NULL,1752508205093,NULL,1,'approved','u-admin',1784389805093),
('zra46','zp45','amir','zm44','/men/zr5/zq9/zm44/',NULL,1772034605093,NULL,1,'approved','u-admin',1784389805093),
('zra48','zp47','deputy','zm44','/men/zr5/zq9/zm44/','نائب',1731081005093,NULL,1,'approved','u-admin',1784389805093),
('zra4a','zp49','secretary','zm44','/men/zr5/zq9/zm44/','أمانة السر',1763653805093,NULL,1,'approved','u-admin',1784389805093),
('zra4c','zp4b','committee','zm44','/men/zr5/zq9/zm44/','الدعوة',1774626605093,NULL,1,'approved','u-admin',1784389805093),
('zra4e','zp4d','member','zm44','/men/zr5/zq9/zm44/',NULL,1767023405093,NULL,1,'approved','u-admin',1784389805093),
('zra4g','zp4f','member','zm44','/men/zr5/zq9/zm44/',NULL,1731599405093,NULL,1,'approved','u-admin',1784389805093),
('zra4i','zp4h','member','zm44','/men/zr5/zq9/zm44/',NULL,1765122605093,NULL,1,'approved','u-admin',1784389805093),
('zra4k','zp4j','member','zm44','/men/zr5/zq9/zm44/',NULL,1753026605093,NULL,1,'approved','u-admin',1784389805093),
('zra4m','zp4l','participant','zm44','/men/zr5/zq9/zm44/',NULL,1731685805093,NULL,1,'approved','u-admin',1784389805093),
('zra56','zp55','amir','zm54','/men/zr5/zq9/zm54/',NULL,1773244205093,NULL,1,'approved','u-admin',1784389805093),
('zra5a','zp59','committee','zm54','/men/zr5/zq9/zm54/','الدعوة',1758729005093,NULL,1,'approved','u-admin',1784389805093),
('zra5c','zp5b','committee','zm54','/men/zr5/zq9/zm54/','الإغاثة',1743349805093,NULL,1,'approved','u-admin',1784389805093),
('zra5e','zp5d','participant','zm54','/men/zr5/zq9/zm54/',NULL,1751557805093,NULL,1,'approved','u-admin',1784389805093),
('zra5g','zp5f','participant','zm54','/men/zr5/zq9/zm54/',NULL,1753717805093,NULL,1,'approved','u-admin',1784389805093),
('zra5i','zp5h','participant','zm54','/men/zr5/zq9/zm54/',NULL,1757951405093,NULL,1,'approved','u-admin',1784389805093),
('zra5k','zp5j','member','zm54','/men/zr5/zq9/zm54/',NULL,1763221805093,NULL,1,'approved','u-admin',1784389805093),
('zra5m','zp5l','participant','zm54','/men/zr5/zq9/zm54/',NULL,1742745005093,NULL,1,'approved','u-admin',1784389805093);
INSERT OR IGNORE INTO role_assignments (id,person_id,role,org_unit_id,org_path,portfolio,start_date,end_date,term_number,approval_status,approved_by,created_at) VALUES
('zra62','zp61','amir','zm60','/men/zr5/zq9/zm60/',NULL,1777996205093,NULL,1,'approved','u-admin',1784389805093),
('zra64','zp63','deputy','zm60','/men/zr5/zq9/zm60/','نائب',1752681005093,NULL,1,'approved','u-admin',1784389805093),
('zra66','zp65','committee','zm60','/men/zr5/zq9/zm60/','الدعوة',1732549805093,NULL,1,'approved','u-admin',1784389805093),
('zra68','zp67','committee','zm60','/men/zr5/zq9/zm60/','الإغاثة',1750175405093,NULL,1,'approved','u-admin',1784389805093),
('zra6a','zp69','member','zm60','/men/zr5/zq9/zm60/',NULL,1763653805093,NULL,1,'approved','u-admin',1784389805093),
('zra6c','zp6b','member','zm60','/men/zr5/zq9/zm60/',NULL,1759074605093,NULL,1,'approved','u-admin',1784389805093),
('zra6e','zp6d','participant','zm60','/men/zr5/zq9/zm60/',NULL,1755618605093,NULL,1,'approved','u-admin',1784389805093),
('zra6g','zp6f','member','zm60','/men/zr5/zq9/zm60/',NULL,1745769005093,NULL,1,'approved','u-admin',1784389805093),
('zra6i','zp6h','member','zm60','/men/zr5/zq9/zm60/',NULL,1753804205093,NULL,1,'approved','u-admin',1784389805093),
('zra6w','zp6v','amir','zm6u','/men/zr5/zq9/zm6u/',NULL,1733586605093,NULL,1,'approved','u-admin',1784389805093),
('zra6y','zp6x','deputy','zm6u','/men/zr5/zq9/zm6u/','نائب',1744991405093,NULL,1,'approved','u-admin',1784389805093),
('zra70','zp6z','secretary','zm6u','/men/zr5/zq9/zm6u/','أمانة السر',1753372205093,NULL,1,'approved','u-admin',1784389805093),
('zra72','zp71','treasurer','zm6u','/men/zr5/zq9/zm6u/','الصندوق',1729093805093,NULL,1,'approved','u-admin',1784389805093),
('zra74','zp73','committee','zm6u','/men/zr5/zq9/zm6u/','الدعوة',1766332205093,NULL,1,'approved','u-admin',1784389805093),
('zra76','zp75','member','zm6u','/men/zr5/zq9/zm6u/',NULL,1775145005093,NULL,1,'approved','u-admin',1784389805093),
('zra78','zp77','member','zm6u','/men/zr5/zq9/zm6u/',NULL,1730303405093,NULL,1,'approved','u-admin',1784389805093),
('zra7a','zp79','member','zm6u','/men/zr5/zq9/zm6u/',NULL,1752853805093,NULL,1,'approved','u-admin',1784389805093),
('zra7c','zp7b','member','zm6u','/men/zr5/zq9/zm6u/',NULL,1773762605093,NULL,1,'approved','u-admin',1784389805093),
('zra7e','zp7d','member','zm6u','/men/zr5/zq9/zm6u/',NULL,1762962605093,NULL,1,'approved','u-admin',1784389805093),
('zra7s','zp7r','square','zq7q','/men/zr5/zq7q/',NULL,1769269805093,NULL,1,'approved','u-admin',1784389805093),
('zra7v','zp7u','amir','zm7t','/men/zr5/zq7q/zm7t/',NULL,1774540205093,NULL,1,'approved','u-admin',1784389805093),
('zra7z','zp7y','treasurer','zm7t','/men/zr5/zq7q/zm7t/','الصندوق',1775577005093,NULL,1,'approved','u-admin',1784389805093),
('zra81','zp80','committee','zm7t','/men/zr5/zq7q/zm7t/','الدعوة',1753026605093,NULL,1,'approved','u-admin',1784389805093),
('zra83','zp82','member','zm7t','/men/zr5/zq7q/zm7t/',NULL,1745855405093,NULL,1,'approved','u-admin',1784389805093),
('zra85','zp84','member','zm7t','/men/zr5/zq7q/zm7t/',NULL,1742313005093,NULL,1,'approved','u-admin',1784389805093),
('zra87','zp86','member','zm7t','/men/zr5/zq7q/zm7t/',NULL,1753804205093,NULL,1,'approved','u-admin',1784389805093),
('zra89','zp88','participant','zm7t','/men/zr5/zq7q/zm7t/',NULL,1748015405093,NULL,1,'approved','u-admin',1784389805093),
('zra8b','zp8a','member','zm7t','/men/zr5/zq7q/zm7t/',NULL,1738684205093,NULL,1,'approved','u-admin',1784389805093),
('zra8d','zp8c','participant','zm7t','/men/zr5/zq7q/zm7t/',NULL,1724428205093,NULL,1,'approved','u-admin',1784389805093),
('zra8f','zp8e','participant','zm7t','/men/zr5/zq7q/zm7t/',NULL,1755705005093,NULL,1,'approved','u-admin',1784389805093),
('zra8h','zp8g','member','zm7t','/men/zr5/zq7q/zm7t/',NULL,1752767405093,NULL,1,'approved','u-admin',1784389805093),
('zra8s','zp8r','amir','zm8q','/men/zr5/zq7q/zm8q/',NULL,1744473005093,NULL,1,'approved','u-admin',1784389805093),
('zra8w','zp8v','secretary','zm8q','/men/zr5/zq7q/zm8q/','أمانة السر',1741103405093,NULL,1,'approved','u-admin',1784389805093),
('zra8y','zp8x','treasurer','zm8q','/men/zr5/zq7q/zm8q/','الصندوق',1762617005093,NULL,1,'approved','u-admin',1784389805093),
('zra90','zp8z','committee','zm8q','/men/zr5/zq7q/zm8q/','الإغاثة',1756741805093,NULL,1,'approved','u-admin',1784389805093),
('zra92','zp91','participant','zm8q','/men/zr5/zq7q/zm8q/',NULL,1729353005093,NULL,1,'approved','u-admin',1784389805093),
('zra94','zp93','participant','zm8q','/men/zr5/zq7q/zm8q/',NULL,1731513005093,NULL,1,'approved','u-admin',1784389805093),
('zra96','zp95','participant','zm8q','/men/zr5/zq7q/zm8q/',NULL,1754754605093,NULL,1,'approved','u-admin',1784389805093),
('zra98','zp97','member','zm8q','/men/zr5/zq7q/zm8q/',NULL,1763049005093,NULL,1,'approved','u-admin',1784389805093),
('zra9a','zp99','member','zm8q','/men/zr5/zq7q/zm8q/',NULL,1773157805093,NULL,1,'approved','u-admin',1784389805093),
('zra9p','zp9o','amir','zm9n','/men/zr5/zq7q/zm9n/',NULL,1742140205093,NULL,1,'approved','u-admin',1784389805093),
('zra9t','zp9s','deputy','zm9n','/men/zr5/zq7q/zm9n/','نائب',1734450605093,NULL,1,'approved','u-admin',1784389805093),
('zra9v','zp9u','secretary','zm9n','/men/zr5/zq7q/zm9n/','أمانة السر',1757173805093,NULL,1,'approved','u-admin',1784389805093),
('zra9x','zp9w','treasurer','zm9n','/men/zr5/zq7q/zm9n/','الصندوق',1735833005093,NULL,1,'approved','u-admin',1784389805093),
('zra9z','zp9y','member','zm9n','/men/zr5/zq7q/zm9n/',NULL,1733413805093,NULL,1,'approved','u-admin',1784389805093),
('zraa1','zpa0','participant','zm9n','/men/zr5/zq7q/zm9n/',NULL,1754927405093,NULL,1,'approved','u-admin',1784389805093),
('zraa3','zpa2','participant','zm9n','/men/zr5/zq7q/zm9n/',NULL,1759247405093,NULL,1,'approved','u-admin',1784389805093),
('zraa5','zpa4','participant','zm9n','/men/zr5/zq7q/zm9n/',NULL,1746028205093,NULL,1,'approved','u-admin',1784389805093),
('zraai','zpah','amir','zmag','/men/zr5/zq7q/zmag/',NULL,1747410605093,NULL,1,'approved','u-admin',1784389805093),
('zraak','zpaj','deputy','zmag','/men/zr5/zq7q/zmag/','نائب',1737993005093,NULL,1,'approved','u-admin',1784389805093),
('zraam','zpal','secretary','zmag','/men/zr5/zq7q/zmag/','أمانة السر',1731599405093,NULL,1,'approved','u-admin',1784389805093),
('zraao','zpan','treasurer','zmag','/men/zr5/zq7q/zmag/','الصندوق',1745855405093,NULL,1,'approved','u-admin',1784389805093),
('zraaq','zpap','committee','zmag','/men/zr5/zq7q/zmag/','الإغاثة',1741276205093,NULL,1,'approved','u-admin',1784389805093),
('zraas','zpar','participant','zmag','/men/zr5/zq7q/zmag/',NULL,1775922605093,NULL,1,'approved','u-admin',1784389805093),
('zraau','zpat','participant','zmag','/men/zr5/zq7q/zmag/',NULL,1774713005093,NULL,1,'approved','u-admin',1784389805093),
('zraaw','zpav','member','zmag','/men/zr5/zq7q/zmag/',NULL,1775317805093,NULL,1,'approved','u-admin',1784389805093),
('zraay','zpax','participant','zmag','/men/zr5/zq7q/zmag/',NULL,1766418605093,NULL,1,'approved','u-admin',1784389805093),
('zrab0','zpaz','participant','zmag','/men/zr5/zq7q/zmag/',NULL,1730994605093,NULL,1,'approved','u-admin',1784389805093),
('zrabf','zpbe','amir','zmbd','/men/zr5/zq7q/zmbd/',NULL,1742572205093,NULL,1,'approved','u-admin',1784389805093),
('zrabj','zpbi','deputy','zmbd','/men/zr5/zq7q/zmbd/','نائب',1736437805093,NULL,1,'approved','u-admin',1784389805093);
INSERT OR IGNORE INTO role_assignments (id,person_id,role,org_unit_id,org_path,portfolio,start_date,end_date,term_number,approval_status,approved_by,created_at) VALUES
('zrabl','zpbk','secretary','zmbd','/men/zr5/zq7q/zmbd/','أمانة السر',1741103405093,NULL,1,'approved','u-admin',1784389805093),
('zrabn','zpbm','committee','zmbd','/men/zr5/zq7q/zmbd/','الدعوة',1735919405093,NULL,1,'approved','u-admin',1784389805093),
('zrabp','zpbo','committee','zmbd','/men/zr5/zq7q/zmbd/','الإغاثة',1734623405093,NULL,1,'approved','u-admin',1784389805093),
('zrabr','zpbq','participant','zmbd','/men/zr5/zq7q/zmbd/',NULL,1775404205093,NULL,1,'approved','u-admin',1784389805093),
('zrabt','zpbs','member','zmbd','/men/zr5/zq7q/zmbd/',NULL,1748793005093,NULL,1,'approved','u-admin',1784389805093),
('zrabv','zpbu','participant','zmbd','/men/zr5/zq7q/zmbd/',NULL,1735141805093,NULL,1,'approved','u-admin',1784389805093),
('zrabx','zpbw','member','zmbd','/men/zr5/zq7q/zmbd/',NULL,1741794605093,NULL,1,'approved','u-admin',1784389805093),
('zrabz','zpby','member','zmbd','/men/zr5/zq7q/zmbd/',NULL,1737129005093,NULL,1,'approved','u-admin',1784389805093),
('zrack','zpcj','amir','zmci','/men/zr5/zq7q/zmci/',NULL,1768146605093,NULL,1,'approved','u-admin',1784389805093),
('zraco','zpcn','treasurer','zmci','/men/zr5/zq7q/zmci/','الصندوق',1751989805093,NULL,1,'approved','u-admin',1784389805093),
('zracq','zpcp','committee','zmci','/men/zr5/zq7q/zmci/','الدعوة',1728921005093,NULL,1,'approved','u-admin',1784389805093),
('zracs','zpcr','member','zmci','/men/zr5/zq7q/zmci/',NULL,1749311405093,NULL,1,'approved','u-admin',1784389805093),
('zracu','zpct','member','zmci','/men/zr5/zq7q/zmci/',NULL,1773244205093,NULL,1,'approved','u-admin',1784389805093),
('zracw','zpcv','member','zmci','/men/zr5/zq7q/zmci/',NULL,1771861805093,NULL,1,'approved','u-admin',1784389805093),
('zracy','zpcx','member','zmci','/men/zr5/zq7q/zmci/',NULL,1764777005093,NULL,1,'approved','u-admin',1784389805093),
('zradd','zpdc','amir','zmdb','/men/zr5/zq7q/zmdb/',NULL,1763567405093,NULL,1,'approved','u-admin',1784389805093),
('zradf','zpde','secretary','zmdb','/men/zr5/zq7q/zmdb/','أمانة السر',1745941805093,NULL,1,'approved','u-admin',1784389805093),
('zradh','zpdg','member','zmdb','/men/zr5/zq7q/zmdb/',NULL,1765727405093,NULL,1,'approved','u-admin',1784389805093),
('zradj','zpdi','member','zmdb','/men/zr5/zq7q/zmdb/',NULL,1767196205093,NULL,1,'approved','u-admin',1784389805093),
('zradl','zpdk','member','zmdb','/men/zr5/zq7q/zmdb/',NULL,1758988205093,NULL,1,'approved','u-admin',1784389805093),
('zradn','zpdm','member','zmdb','/men/zr5/zq7q/zmdb/',NULL,1778082605093,NULL,1,'approved','u-admin',1784389805093),
('zradp','zpdo','member','zmdb','/men/zr5/zq7q/zmdb/',NULL,1745855405093,NULL,1,'approved','u-admin',1784389805093),
('zradr','zpdq','member','zmdb','/men/zr5/zq7q/zmdb/',NULL,1749052205093,NULL,1,'approved','u-admin',1784389805093),
('zrae8','zpe7','rabita','zre6','/men/zre6/',NULL,1763999405093,NULL,1,'approved','u-admin',1784389805093),
('zraeb','zpea','square','zqe9','/men/zre6/zqe9/',NULL,1758729005093,NULL,1,'approved','u-admin',1784389805093),
('zraee','zped','amir','zmec','/men/zre6/zqe9/zmec/',NULL,1778341805093,NULL,1,'approved','u-admin',1784389805093),
('zraei','zpeh','deputy','zmec','/men/zre6/zqe9/zmec/','نائب',1758988205093,NULL,1,'approved','u-admin',1784389805093),
('zraek','zpej','secretary','zmec','/men/zre6/zqe9/zmec/','أمانة السر',1756914605093,NULL,1,'approved','u-admin',1784389805093),
('zraem','zpel','committee','zmec','/men/zre6/zqe9/zmec/','الدعوة',1770911405093,NULL,1,'approved','u-admin',1784389805093),
('zraeo','zpen','committee','zmec','/men/zre6/zqe9/zmec/','الإغاثة',1756569005093,NULL,1,'approved','u-admin',1784389805093),
('zraeq','zpep','member','zmec','/men/zre6/zqe9/zmec/',NULL,1767801005093,NULL,1,'approved','u-admin',1784389805093),
('zraes','zper','participant','zmec','/men/zre6/zqe9/zmec/',NULL,1753545005093,NULL,1,'approved','u-admin',1784389805093),
('zraeu','zpet','member','zmec','/men/zre6/zqe9/zmec/',NULL,1769615405093,NULL,1,'approved','u-admin',1784389805093),
('zraew','zpev','member','zmec','/men/zre6/zqe9/zmec/',NULL,1727193005093,NULL,1,'approved','u-admin',1784389805093),
('zraf9','zpf8','amir','zmf7','/men/zre6/zqe9/zmf7/',NULL,1753545005093,NULL,1,'approved','u-admin',1784389805093),
('zrafb','zpfa','secretary','zmf7','/men/zre6/zqe9/zmf7/','أمانة السر',1741794605093,NULL,1,'approved','u-admin',1784389805093),
('zrafd','zpfc','committee','zmf7','/men/zre6/zqe9/zmf7/','الدعوة',1730562605093,NULL,1,'approved','u-admin',1784389805093),
('zraff','zpfe','committee','zmf7','/men/zre6/zqe9/zmf7/','الإغاثة',1760457005093,NULL,1,'approved','u-admin',1784389805093),
('zrafh','zpfg','participant','zmf7','/men/zre6/zqe9/zmf7/',NULL,1748274605093,NULL,1,'approved','u-admin',1784389805093),
('zrafj','zpfi','participant','zmf7','/men/zre6/zqe9/zmf7/',NULL,1757001005093,NULL,1,'approved','u-admin',1784389805093),
('zrafl','zpfk','member','zmf7','/men/zre6/zqe9/zmf7/',NULL,1764690605093,NULL,1,'approved','u-admin',1784389805093),
('zrafn','zpfm','member','zmf7','/men/zre6/zqe9/zmf7/',NULL,1772293805093,NULL,1,'approved','u-admin',1784389805093),
('zrafp','zpfo','member','zmf7','/men/zre6/zqe9/zmf7/',NULL,1727711405093,NULL,1,'approved','u-admin',1784389805093),
('zrafr','zpfq','member','zmf7','/men/zre6/zqe9/zmf7/',NULL,1774281005093,NULL,1,'approved','u-admin',1784389805093),
('zrag8','zpg7','amir','zmg6','/men/zre6/zqe9/zmg6/',NULL,1744818605093,NULL,1,'approved','u-admin',1784389805093),
('zragc','zpgb','deputy','zmg6','/men/zre6/zqe9/zmg6/','نائب',1767369005093,NULL,1,'approved','u-admin',1784389805093),
('zrage','zpgd','treasurer','zmg6','/men/zre6/zqe9/zmg6/','الصندوق',1761666605093,NULL,1,'approved','u-admin',1784389805093),
('zragg','zpgf','committee','zmg6','/men/zre6/zqe9/zmg6/','الإغاثة',1727884205093,NULL,1,'approved','u-admin',1784389805093),
('zragi','zpgh','member','zmg6','/men/zre6/zqe9/zmg6/',NULL,1773071405093,NULL,1,'approved','u-admin',1784389805093),
('zragk','zpgj','member','zmg6','/men/zre6/zqe9/zmg6/',NULL,1723909805093,NULL,1,'approved','u-admin',1784389805093),
('zragm','zpgl','member','zmg6','/men/zre6/zqe9/zmg6/',NULL,1733586605093,NULL,1,'approved','u-admin',1784389805093),
('zrago','zpgn','member','zmg6','/men/zre6/zqe9/zmg6/',NULL,1776786605093,NULL,1,'approved','u-admin',1784389805093),
('zrah3','zph2','amir','zmh1','/men/zre6/zqe9/zmh1/',NULL,1769529005093,NULL,1,'approved','u-admin',1784389805093),
('zrah5','zph4','deputy','zmh1','/men/zre6/zqe9/zmh1/','نائب',1774972205093,NULL,1,'approved','u-admin',1784389805093),
('zrah7','zph6','committee','zmh1','/men/zre6/zqe9/zmh1/','الدعوة',1750002605093,NULL,1,'approved','u-admin',1784389805093),
('zrah9','zph8','committee','zmh1','/men/zre6/zqe9/zmh1/','الإغاثة',1736783405093,NULL,1,'approved','u-admin',1784389805093),
('zrahb','zpha','participant','zmh1','/men/zre6/zqe9/zmh1/',NULL,1758210605093,NULL,1,'approved','u-admin',1784389805093),
('zrahd','zphc','member','zmh1','/men/zre6/zqe9/zmh1/',NULL,1725983405093,NULL,1,'approved','u-admin',1784389805093),
('zrahf','zphe','member','zmh1','/men/zre6/zqe9/zmh1/',NULL,1742745005093,NULL,1,'approved','u-admin',1784389805093),
('zrahh','zphg','member','zmh1','/men/zre6/zqe9/zmh1/',NULL,1739721005093,NULL,1,'approved','u-admin',1784389805093);
INSERT OR IGNORE INTO role_assignments (id,person_id,role,org_unit_id,org_path,portfolio,start_date,end_date,term_number,approval_status,approved_by,created_at) VALUES
('zrahy','zphx','amir','zmhw','/men/zre6/zqe9/zmhw/',NULL,1730649005093,NULL,1,'approved','u-admin',1784389805093),
('zrai0','zphz','secretary','zmhw','/men/zre6/zqe9/zmhw/','أمانة السر',1752508205093,NULL,1,'approved','u-admin',1784389805093),
('zrai2','zpi1','treasurer','zmhw','/men/zre6/zqe9/zmhw/','الصندوق',1761839405093,NULL,1,'approved','u-admin',1784389805093),
('zrai4','zpi3','member','zmhw','/men/zre6/zqe9/zmhw/',NULL,1726501805093,NULL,1,'approved','u-admin',1784389805093),
('zrai6','zpi5','member','zmhw','/men/zre6/zqe9/zmhw/',NULL,1734450605093,NULL,1,'approved','u-admin',1784389805093),
('zrai8','zpi7','member','zmhw','/men/zre6/zqe9/zmhw/',NULL,1748793005093,NULL,1,'approved','u-admin',1784389805093),
('zraia','zpi9','member','zmhw','/men/zre6/zqe9/zmhw/',NULL,1726933805093,NULL,1,'approved','u-admin',1784389805093),
('zraic','zpib','member','zmhw','/men/zre6/zqe9/zmhw/',NULL,1770220205093,NULL,1,'approved','u-admin',1784389805093),
('zrais','zpir','square','zqiq','/men/zre6/zqiq/',NULL,1770911405093,NULL,1,'approved','u-admin',1784389805093),
('zraiv','zpiu','amir','zmit','/men/zre6/zqiq/zmit/',NULL,1736524205093,NULL,1,'approved','u-admin',1784389805093),
('zraiz','zpiy','secretary','zmit','/men/zre6/zqiq/zmit/','أمانة السر',1752681005093,NULL,1,'approved','u-admin',1784389805093),
('zraj1','zpj0','treasurer','zmit','/men/zre6/zqiq/zmit/','الصندوق',1773849005093,NULL,1,'approved','u-admin',1784389805093),
('zraj3','zpj2','committee','zmit','/men/zre6/zqiq/zmit/','الإغاثة',1764431405093,NULL,1,'approved','u-admin',1784389805093),
('zraj5','zpj4','participant','zmit','/men/zre6/zqiq/zmit/',NULL,1772034605093,NULL,1,'approved','u-admin',1784389805093),
('zraj7','zpj6','member','zmit','/men/zre6/zqiq/zmit/',NULL,1750866605093,NULL,1,'approved','u-admin',1784389805093),
('zraj9','zpj8','member','zmit','/men/zre6/zqiq/zmit/',NULL,1727020205093,NULL,1,'approved','u-admin',1784389805093),
('zrajb','zpja','participant','zmit','/men/zre6/zqiq/zmit/',NULL,1776181805093,NULL,1,'approved','u-admin',1784389805093),
('zrajs','zpjr','amir','zmjq','/men/zre6/zqiq/zmjq/',NULL,1736783405093,NULL,1,'approved','u-admin',1784389805093),
('zraju','zpjt','deputy','zmjq','/men/zre6/zqiq/zmjq/','نائب',1734882605093,NULL,1,'approved','u-admin',1784389805093),
('zrajw','zpjv','secretary','zmjq','/men/zre6/zqiq/zmjq/','أمانة السر',1723996205093,NULL,1,'approved','u-admin',1784389805093),
('zrajy','zpjx','treasurer','zmjq','/men/zre6/zqiq/zmjq/','الصندوق',1767196205093,NULL,1,'approved','u-admin',1784389805093),
('zrak0','zpjz','committee','zmjq','/men/zre6/zqiq/zmjq/','الإغاثة',1772207405093,NULL,1,'approved','u-admin',1784389805093),
('zrak2','zpk1','member','zmjq','/men/zre6/zqiq/zmjq/',NULL,1727106605093,NULL,1,'approved','u-admin',1784389805093),
('zrak4','zpk3','member','zmjq','/men/zre6/zqiq/zmjq/',NULL,1742485805093,NULL,1,'approved','u-admin',1784389805093),
('zrak6','zpk5','member','zmjq','/men/zre6/zqiq/zmjq/',NULL,1775663405093,NULL,1,'approved','u-admin',1784389805093),
('zrak8','zpk7','member','zmjq','/men/zre6/zqiq/zmjq/',NULL,1758469805093,NULL,1,'approved','u-admin',1784389805093),
('zraka','zpk9','member','zmjq','/men/zre6/zqiq/zmjq/',NULL,1756482605093,NULL,1,'approved','u-admin',1784389805093),
('zrakc','zpkb','participant','zmjq','/men/zre6/zqiq/zmjq/',NULL,1748793005093,NULL,1,'approved','u-admin',1784389805093),
('zraks','zpkr','amir','zmkq','/men/zre6/zqiq/zmkq/',NULL,1732549805093,NULL,1,'approved','u-admin',1784389805093),
('zraku','zpkt','deputy','zmkq','/men/zre6/zqiq/zmkq/','نائب',1764258605093,NULL,1,'approved','u-admin',1784389805093),
('zrakw','zpkv','secretary','zmkq','/men/zre6/zqiq/zmkq/','أمانة السر',1769874605093,NULL,1,'approved','u-admin',1784389805093),
('zraky','zpkx','treasurer','zmkq','/men/zre6/zqiq/zmkq/','الصندوق',1778514605093,NULL,1,'approved','u-admin',1784389805093),
('zral0','zpkz','committee','zmkq','/men/zre6/zqiq/zmkq/','الدعوة',1768146605093,NULL,1,'approved','u-admin',1784389805093),
('zral2','zpl1','participant','zmkq','/men/zre6/zqiq/zmkq/',NULL,1742399405093,NULL,1,'approved','u-admin',1784389805093),
('zral4','zpl3','member','zmkq','/men/zre6/zqiq/zmkq/',NULL,1765813805093,NULL,1,'approved','u-admin',1784389805093),
('zral6','zpl5','participant','zmkq','/men/zre6/zqiq/zmkq/',NULL,1757865005093,NULL,1,'approved','u-admin',1784389805093),
('zral8','zpl7','member','zmkq','/men/zre6/zqiq/zmkq/',NULL,1726069805093,NULL,1,'approved','u-admin',1784389805093),
('zralq','zplp','amir','zmlo','/men/zre6/zqiq/zmlo/',NULL,1735487405093,NULL,1,'approved','u-admin',1784389805093),
('zrals','zplr','secretary','zmlo','/men/zre6/zqiq/zmlo/','أمانة السر',1752767405093,NULL,1,'approved','u-admin',1784389805093),
('zralu','zplt','treasurer','zmlo','/men/zre6/zqiq/zmlo/','الصندوق',1763567405093,NULL,1,'approved','u-admin',1784389805093),
('zralw','zplv','committee','zmlo','/men/zre6/zqiq/zmlo/','الدعوة',1777045805093,NULL,1,'approved','u-admin',1784389805093),
('zraly','zplx','committee','zmlo','/men/zre6/zqiq/zmlo/','الإغاثة',1764345005093,NULL,1,'approved','u-admin',1784389805093),
('zram0','zplz','member','zmlo','/men/zre6/zqiq/zmlo/',NULL,1754322605093,NULL,1,'approved','u-admin',1784389805093),
('zram2','zpm1','member','zmlo','/men/zre6/zqiq/zmlo/',NULL,1769788205093,NULL,1,'approved','u-admin',1784389805093),
('zram4','zpm3','member','zmlo','/men/zre6/zqiq/zmlo/',NULL,1731772205093,NULL,1,'approved','u-admin',1784389805093),
('zram6','zpm5','member','zmlo','/men/zre6/zqiq/zmlo/',NULL,1746287405093,NULL,1,'approved','u-admin',1784389805093),
('zram8','zpm7','member','zmlo','/men/zre6/zqiq/zmlo/',NULL,1739634605093,NULL,1,'approved','u-admin',1784389805093),
('zrama','zpm9','member','zmlo','/men/zre6/zqiq/zmlo/',NULL,1739029805093,NULL,1,'approved','u-admin',1784389805093),
('zramg','zpmf','amir','zmme','/men/zre6/zqiq/zmme/',NULL,1772985005093,NULL,1,'approved','u-admin',1784389805093),
('zramk','zpmj','deputy','zmme','/men/zre6/zqiq/zmme/','نائب',1769269805093,NULL,1,'approved','u-admin',1784389805093),
('zramm','zpml','committee','zmme','/men/zre6/zqiq/zmme/','الإغاثة',1778428205093,NULL,1,'approved','u-admin',1784389805093),
('zramo','zpmn','member','zmme','/men/zre6/zqiq/zmme/',NULL,1748015405093,NULL,1,'approved','u-admin',1784389805093),
('zramq','zpmp','member','zmme','/men/zre6/zqiq/zmme/',NULL,1741794605093,NULL,1,'approved','u-admin',1784389805093),
('zrams','zpmr','participant','zmme','/men/zre6/zqiq/zmme/',NULL,1762530605093,NULL,1,'approved','u-admin',1784389805093),
('zramu','zpmt','member','zmme','/men/zre6/zqiq/zmme/',NULL,1740757805093,NULL,1,'approved','u-admin',1784389805093),
('zramw','zpmv','member','zmme','/men/zre6/zqiq/zmme/',NULL,1739375405093,NULL,1,'approved','u-admin',1784389805093),
('zramy','zpmx','member','zmme','/men/zre6/zqiq/zmme/',NULL,1777737005093,NULL,1,'approved','u-admin',1784389805093),
('zran9','zpn8','amir','zmn7','/men/zre6/zqiq/zmn7/',NULL,1730389805093,NULL,1,'approved','u-admin',1784389805093),
('zrand','zpnc','deputy','zmn7','/men/zre6/zqiq/zmn7/','نائب',1733327405093,NULL,1,'approved','u-admin',1784389805093),
('zranf','zpne','secretary','zmn7','/men/zre6/zqiq/zmn7/','أمانة السر',1751212205093,NULL,1,'approved','u-admin',1784389805093);
INSERT OR IGNORE INTO role_assignments (id,person_id,role,org_unit_id,org_path,portfolio,start_date,end_date,term_number,approval_status,approved_by,created_at) VALUES
('zranh','zpng','committee','zmn7','/men/zre6/zqiq/zmn7/','الدعوة',1726069805093,NULL,1,'approved','u-admin',1784389805093),
('zranj','zpni','participant','zmn7','/men/zre6/zqiq/zmn7/',NULL,1731599405093,NULL,1,'approved','u-admin',1784389805093),
('zranl','zpnk','member','zmn7','/men/zre6/zqiq/zmn7/',NULL,1734018605093,NULL,1,'approved','u-admin',1784389805093),
('zrann','zpnm','member','zmn7','/men/zre6/zqiq/zmn7/',NULL,1747237805093,NULL,1,'approved','u-admin',1784389805093),
('zranp','zpno','member','zmn7','/men/zre6/zqiq/zmn7/',NULL,1731081005093,NULL,1,'approved','u-admin',1784389805093),
('zranr','zpnq','participant','zmn7','/men/zre6/zqiq/zmn7/',NULL,1772639405093,NULL,1,'approved','u-admin',1784389805093),
('zrant','zpns','member','zmn7','/men/zre6/zqiq/zmn7/',NULL,1773849005093,NULL,1,'approved','u-admin',1784389805093),
('zrao4','zpo3','amir','zmo2','/men/zre6/zqiq/zmo2/',NULL,1751471405093,NULL,1,'approved','u-admin',1784389805093),
('zrao6','zpo5','member','zmo2','/men/zre6/zqiq/zmo2/',NULL,1760197805093,NULL,1,'approved','u-admin',1784389805093),
('zrao8','zpo7','participant','zmo2','/men/zre6/zqiq/zmo2/',NULL,1757001005093,NULL,1,'approved','u-admin',1784389805093),
('zraoa','zpo9','member','zmo2','/men/zre6/zqiq/zmo2/',NULL,1769010605093,NULL,1,'approved','u-admin',1784389805093),
('zraoc','zpob','member','zmo2','/men/zre6/zqiq/zmo2/',NULL,1758469805093,NULL,1,'approved','u-admin',1784389805093),
('zraoe','zpod','member','zmo2','/men/zre6/zqiq/zmo2/',NULL,1744386605093,NULL,1,'approved','u-admin',1784389805093),
('zraog','zpof','participant','zmo2','/men/zre6/zqiq/zmo2/',NULL,1739029805093,NULL,1,'approved','u-admin',1784389805093),
('zraoi','zpoh','participant','zmo2','/men/zre6/zqiq/zmo2/',NULL,1736697005093,NULL,1,'approved','u-admin',1784389805093),
('zraok','zpoj','member','zmo2','/men/zre6/zqiq/zmo2/',NULL,1773762605093,NULL,1,'approved','u-admin',1784389805093),
('zrap5','zpp4','amir','zmp3','/men/zre6/zqiq/zmp3/',NULL,1760543405093,NULL,1,'approved','u-admin',1784389805093),
('zrap9','zpp8','secretary','zmp3','/men/zre6/zqiq/zmp3/','أمانة السر',1776181805093,NULL,1,'approved','u-admin',1784389805093),
('zrapb','zppa','committee','zmp3','/men/zre6/zqiq/zmp3/','الدعوة',1767973805093,NULL,1,'approved','u-admin',1784389805093),
('zrapd','zppc','committee','zmp3','/men/zre6/zqiq/zmp3/','الإغاثة',1745855405093,NULL,1,'approved','u-admin',1784389805093),
('zrapf','zppe','participant','zmp3','/men/zre6/zqiq/zmp3/',NULL,1752767405093,NULL,1,'approved','u-admin',1784389805093),
('zraph','zppg','member','zmp3','/men/zre6/zqiq/zmp3/',NULL,1737129005093,NULL,1,'approved','u-admin',1784389805093),
('zrapj','zppi','member','zmp3','/men/zre6/zqiq/zmp3/',NULL,1745941805093,NULL,1,'approved','u-admin',1784389805093),
('zrapl','zppk','participant','zmp3','/men/zre6/zqiq/zmp3/',NULL,1751903405093,NULL,1,'approved','u-admin',1784389805093),
('zrapn','zppm','member','zmp3','/men/zre6/zqiq/zmp3/',NULL,1730649005093,NULL,1,'approved','u-admin',1784389805093),
('zrapp','zppo','member','zmp3','/men/zre6/zqiq/zmp3/',NULL,1733154605093,NULL,1,'approved','u-admin',1784389805093),
('zraq6','zpq5','rabita','zrq4','/men/zrq4/',NULL,1775231405093,NULL,1,'approved','u-admin',1784389805093),
('zraq9','zpq8','square','zqq7','/men/zrq4/zqq7/',NULL,1772293805093,NULL,1,'approved','u-admin',1784389805093),
('zraqc','zpqb','amir','zmqa','/men/zrq4/zqq7/zmqa/',NULL,1748015405093,NULL,1,'approved','u-admin',1784389805093),
('zraqe','zpqd','deputy','zmqa','/men/zrq4/zqq7/zmqa/','نائب',1759074605093,NULL,1,'approved','u-admin',1784389805093),
('zraqg','zpqf','treasurer','zmqa','/men/zrq4/zqq7/zmqa/','الصندوق',1777132205093,NULL,1,'approved','u-admin',1784389805093),
('zraqi','zpqh','participant','zmqa','/men/zrq4/zqq7/zmqa/',NULL,1762271405093,NULL,1,'approved','u-admin',1784389805093),
('zraqk','zpqj','participant','zmqa','/men/zrq4/zqq7/zmqa/',NULL,1727020205093,NULL,1,'approved','u-admin',1784389805093),
('zraqm','zpql','member','zmqa','/men/zrq4/zqq7/zmqa/',NULL,1732463405093,NULL,1,'approved','u-admin',1784389805093),
('zraqo','zpqn','member','zmqa','/men/zrq4/zqq7/zmqa/',NULL,1748274605093,NULL,1,'approved','u-admin',1784389805093),
('zrar3','zpr2','amir','zmr1','/men/zrq4/zqq7/zmr1/',NULL,1765727405093,NULL,1,'approved','u-admin',1784389805093),
('zrar5','zpr4','treasurer','zmr1','/men/zrq4/zqq7/zmr1/','الصندوق',1755877805093,NULL,1,'approved','u-admin',1784389805093),
('zrar7','zpr6','committee','zmr1','/men/zrq4/zqq7/zmr1/','الدعوة',1745250605093,NULL,1,'approved','u-admin',1784389805093),
('zrar9','zpr8','participant','zmr1','/men/zrq4/zqq7/zmr1/',NULL,1727711405093,NULL,1,'approved','u-admin',1784389805093),
('zrarb','zpra','member','zmr1','/men/zrq4/zqq7/zmr1/',NULL,1734882605093,NULL,1,'approved','u-admin',1784389805093),
('zrard','zprc','member','zmr1','/men/zrq4/zqq7/zmr1/',NULL,1756914605093,NULL,1,'approved','u-admin',1784389805093),
('zrarf','zpre','participant','zmr1','/men/zrq4/zqq7/zmr1/',NULL,1762185005093,NULL,1,'approved','u-admin',1784389805093),
('zrarh','zprg','participant','zmr1','/men/zrq4/zqq7/zmr1/',NULL,1772639405093,NULL,1,'approved','u-admin',1784389805093),
('zraru','zprt','amir','zmrs','/men/zrq4/zqq7/zmrs/',NULL,1731772205093,NULL,1,'approved','u-admin',1784389805093),
('zrarw','zprv','deputy','zmrs','/men/zrq4/zqq7/zmrs/','نائب',1732636205093,NULL,1,'approved','u-admin',1784389805093),
('zrary','zprx','secretary','zmrs','/men/zrq4/zqq7/zmrs/','أمانة السر',1736005805093,NULL,1,'approved','u-admin',1784389805093),
('zras0','zprz','member','zmrs','/men/zrq4/zqq7/zmrs/',NULL,1754409005093,NULL,1,'approved','u-admin',1784389805093),
('zras2','zps1','member','zmrs','/men/zrq4/zqq7/zmrs/',NULL,1734882605093,NULL,1,'approved','u-admin',1784389805093),
('zras4','zps3','member','zmrs','/men/zrq4/zqq7/zmrs/',NULL,1742917805093,NULL,1,'approved','u-admin',1784389805093),
('zras6','zps5','participant','zmrs','/men/zrq4/zqq7/zmrs/',NULL,1761666605093,NULL,1,'approved','u-admin',1784389805093),
('zras8','zps7','member','zmrs','/men/zrq4/zqq7/zmrs/',NULL,1725292205093,NULL,1,'approved','u-admin',1784389805093),
('zrasa','zps9','member','zmrs','/men/zrq4/zqq7/zmrs/',NULL,1767023405093,NULL,1,'approved','u-admin',1784389805093),
('zraso','zpsn','amir','zmsm','/men/zrq4/zqq7/zmsm/',NULL,1750607405093,NULL,1,'approved','u-admin',1784389805093),
('zrasq','zpsp','deputy','zmsm','/men/zrq4/zqq7/zmsm/','نائب',1740671405093,NULL,1,'approved','u-admin',1784389805093),
('zrass','zpsr','secretary','zmsm','/men/zrq4/zqq7/zmsm/','أمانة السر',1752508205093,NULL,1,'approved','u-admin',1784389805093),
('zrasu','zpst','treasurer','zmsm','/men/zrq4/zqq7/zmsm/','الصندوق',1762012205093,NULL,1,'approved','u-admin',1784389805093),
('zrasw','zpsv','member','zmsm','/men/zrq4/zqq7/zmsm/',NULL,1762098605093,NULL,1,'approved','u-admin',1784389805093),
('zrasy','zpsx','member','zmsm','/men/zrq4/zqq7/zmsm/',NULL,1729525805093,NULL,1,'approved','u-admin',1784389805093),
('zrat0','zpsz','member','zmsm','/men/zrq4/zqq7/zmsm/',NULL,1774626605093,NULL,1,'approved','u-admin',1784389805093),
('zrat2','zpt1','member','zmsm','/men/zrq4/zqq7/zmsm/',NULL,1751298605093,NULL,1,'approved','u-admin',1784389805093);
INSERT OR IGNORE INTO role_assignments (id,person_id,role,org_unit_id,org_path,portfolio,start_date,end_date,term_number,approval_status,approved_by,created_at) VALUES
('zrat4','zpt3','member','zmsm','/men/zrq4/zqq7/zmsm/',NULL,1772207405093,NULL,1,'approved','u-admin',1784389805093),
('zrata','zpt9','amir','zmt8','/men/zrq4/zqq7/zmt8/',NULL,1725637805093,NULL,1,'approved','u-admin',1784389805093),
('zratc','zptb','secretary','zmt8','/men/zrq4/zqq7/zmt8/','أمانة السر',1768060205093,NULL,1,'approved','u-admin',1784389805093),
('zrate','zptd','treasurer','zmt8','/men/zrq4/zqq7/zmt8/','الصندوق',1778255405093,NULL,1,'approved','u-admin',1784389805093),
('zratg','zptf','committee','zmt8','/men/zrq4/zqq7/zmt8/','الدعوة',1759161005093,NULL,1,'approved','u-admin',1784389805093),
('zrati','zpth','participant','zmt8','/men/zrq4/zqq7/zmt8/',NULL,1778514605093,NULL,1,'approved','u-admin',1784389805093),
('zratk','zptj','member','zmt8','/men/zrq4/zqq7/zmt8/',NULL,1751298605093,NULL,1,'approved','u-admin',1784389805093),
('zratm','zptl','member','zmt8','/men/zrq4/zqq7/zmt8/',NULL,1734364205093,NULL,1,'approved','u-admin',1784389805093),
('zrato','zptn','participant','zmt8','/men/zrq4/zqq7/zmt8/',NULL,1756050605093,NULL,1,'approved','u-admin',1784389805093),
('zratq','zptp','member','zmt8','/men/zrq4/zqq7/zmt8/',NULL,1753804205093,NULL,1,'approved','u-admin',1784389805093),
('zrats','zptr','participant','zmt8','/men/zrq4/zqq7/zmt8/',NULL,1744386605093,NULL,1,'approved','u-admin',1784389805093),
('zratu','zptt','member','zmt8','/men/zrq4/zqq7/zmt8/',NULL,1772725805093,NULL,1,'approved','u-admin',1784389805093),
('zrau8','zpu7','square','zqu6','/men/zrq4/zqu6/',NULL,1776009005093,NULL,1,'approved','u-admin',1784389805093),
('zraub','zpua','amir','zmu9','/men/zrq4/zqu6/zmu9/',NULL,1729785005093,NULL,1,'approved','u-admin',1784389805093),
('zraud','zpuc','secretary','zmu9','/men/zrq4/zqu6/zmu9/','أمانة السر',1726329005093,NULL,1,'approved','u-admin',1784389805093),
('zrauf','zpue','committee','zmu9','/men/zrq4/zqu6/zmu9/','الدعوة',1749225005093,NULL,1,'approved','u-admin',1784389805093),
('zrauh','zpug','committee','zmu9','/men/zrq4/zqu6/zmu9/','الإغاثة',1735660205093,NULL,1,'approved','u-admin',1784389805093),
('zrauj','zpui','member','zmu9','/men/zrq4/zqu6/zmu9/',NULL,1755100205093,NULL,1,'approved','u-admin',1784389805093),
('zraul','zpuk','member','zmu9','/men/zrq4/zqu6/zmu9/',NULL,1776786605093,NULL,1,'approved','u-admin',1784389805093),
('zraun','zpum','member','zmu9','/men/zrq4/zqu6/zmu9/',NULL,1761493805093,NULL,1,'approved','u-admin',1784389805093),
('zraup','zpuo','member','zmu9','/men/zrq4/zqu6/zmu9/',NULL,1734709805093,NULL,1,'approved','u-admin',1784389805093),
('zraur','zpuq','member','zmu9','/men/zrq4/zqu6/zmu9/',NULL,1746805805093,NULL,1,'approved','u-admin',1784389805093),
('zraut','zpus','member','zmu9','/men/zrq4/zqu6/zmu9/',NULL,1726674605093,NULL,1,'approved','u-admin',1784389805093),
('zravb','zpva','amir','zmv9','/men/zrq4/zqu6/zmv9/',NULL,1778773805093,NULL,1,'approved','u-admin',1784389805093),
('zravd','zpvc','deputy','zmv9','/men/zrq4/zqu6/zmv9/','نائب',1736178605093,NULL,1,'approved','u-admin',1784389805093),
('zravf','zpve','secretary','zmv9','/men/zrq4/zqu6/zmv9/','أمانة السر',1769874605093,NULL,1,'approved','u-admin',1784389805093),
('zravh','zpvg','committee','zmv9','/men/zrq4/zqu6/zmv9/','الدعوة',1736783405093,NULL,1,'approved','u-admin',1784389805093),
('zravj','zpvi','member','zmv9','/men/zrq4/zqu6/zmv9/',NULL,1748706605093,NULL,1,'approved','u-admin',1784389805093),
('zravl','zpvk','member','zmv9','/men/zrq4/zqu6/zmv9/',NULL,1767714605093,NULL,1,'approved','u-admin',1784389805093),
('zravn','zpvm','member','zmv9','/men/zrq4/zqu6/zmv9/',NULL,1766245805093,NULL,1,'approved','u-admin',1784389805093),
('zravp','zpvo','member','zmv9','/men/zrq4/zqu6/zmv9/',NULL,1752335405093,NULL,1,'approved','u-admin',1784389805093),
('zravr','zpvq','member','zmv9','/men/zrq4/zqu6/zmv9/',NULL,1777823405093,NULL,1,'approved','u-admin',1784389805093),
('zravt','zpvs','member','zmv9','/men/zrq4/zqu6/zmv9/',NULL,1763135405093,NULL,1,'approved','u-admin',1784389805093),
('zraw6','zpw5','amir','zmw4','/men/zrq4/zqu6/zmw4/',NULL,1758815405093,NULL,1,'approved','u-admin',1784389805093),
('zrawa','zpw9','deputy','zmw4','/men/zrq4/zqu6/zmw4/','نائب',1768146605093,NULL,1,'approved','u-admin',1784389805093),
('zrawc','zpwb','secretary','zmw4','/men/zrq4/zqu6/zmw4/','أمانة السر',1742313005093,NULL,1,'approved','u-admin',1784389805093),
('zrawe','zpwd','committee','zmw4','/men/zrq4/zqu6/zmw4/','الدعوة',1736524205093,NULL,1,'approved','u-admin',1784389805093),
('zrawg','zpwf','committee','zmw4','/men/zrq4/zqu6/zmw4/','الإغاثة',1724428205093,NULL,1,'approved','u-admin',1784389805093),
('zrawi','zpwh','member','zmw4','/men/zrq4/zqu6/zmw4/',NULL,1775231405093,NULL,1,'approved','u-admin',1784389805093),
('zrawk','zpwj','participant','zmw4','/men/zrq4/zqu6/zmw4/',NULL,1738597805093,NULL,1,'approved','u-admin',1784389805093),
('zrawm','zpwl','member','zmw4','/men/zrq4/zqu6/zmw4/',NULL,1747324205093,NULL,1,'approved','u-admin',1784389805093),
('zrawo','zpwn','member','zmw4','/men/zrq4/zqu6/zmw4/',NULL,1748015405093,NULL,1,'approved','u-admin',1784389805093),
('zrawq','zpwp','member','zmw4','/men/zrq4/zqu6/zmw4/',NULL,1769097005093,NULL,1,'approved','u-admin',1784389805093),
('zrax5','zpx4','amir','zmx3','/men/zrq4/zqu6/zmx3/',NULL,1726588205093,NULL,1,'approved','u-admin',1784389805093),
('zrax7','zpx6','secretary','zmx3','/men/zrq4/zqu6/zmx3/','أمانة السر',1740930605093,NULL,1,'approved','u-admin',1784389805093),
('zrax9','zpx8','committee','zmx3','/men/zrq4/zqu6/zmx3/','الدعوة',1769269805093,NULL,1,'approved','u-admin',1784389805093),
('zraxb','zpxa','committee','zmx3','/men/zrq4/zqu6/zmx3/','الإغاثة',1725637805093,NULL,1,'approved','u-admin',1784389805093),
('zraxd','zpxc','participant','zmx3','/men/zrq4/zqu6/zmx3/',NULL,1767801005093,NULL,1,'approved','u-admin',1784389805093),
('zraxf','zpxe','participant','zmx3','/men/zrq4/zqu6/zmx3/',NULL,1733327405093,NULL,1,'approved','u-admin',1784389805093),
('zraxh','zpxg','member','zmx3','/men/zrq4/zqu6/zmx3/',NULL,1726501805093,NULL,1,'approved','u-admin',1784389805093),
('zraxj','zpxi','member','zmx3','/men/zrq4/zqu6/zmx3/',NULL,1761666605093,NULL,1,'approved','u-admin',1784389805093),
('zraxl','zpxk','member','zmx3','/men/zrq4/zqu6/zmx3/',NULL,1740153005093,NULL,1,'approved','u-admin',1784389805093),
('zraxn','zpxm','participant','zmx3','/men/zrq4/zqu6/zmx3/',NULL,1748447405093,NULL,1,'approved','u-admin',1784389805093),
('zraxs','zpxr','amir','zmxq','/men/zrq4/zqu6/zmxq/',NULL,1734018605093,NULL,1,'approved','u-admin',1784389805093),
('zraxu','zpxt','deputy','zmxq','/men/zrq4/zqu6/zmxq/','نائب',1773589805093,NULL,1,'approved','u-admin',1784389805093),
('zraxw','zpxv','secretary','zmxq','/men/zrq4/zqu6/zmxq/','أمانة السر',1767628205093,NULL,1,'approved','u-admin',1784389805093),
('zraxy','zpxx','treasurer','zmxq','/men/zrq4/zqu6/zmxq/','الصندوق',1768751405093,NULL,1,'approved','u-admin',1784389805093),
('zray0','zpxz','committee','zmxq','/men/zrq4/zqu6/zmxq/','الإغاثة',1760284205093,NULL,1,'approved','u-admin',1784389805093),
('zray2','zpy1','member','zmxq','/men/zrq4/zqu6/zmxq/',NULL,1758642605093,NULL,1,'approved','u-admin',1784389805093),
('zray4','zpy3','member','zmxq','/men/zrq4/zqu6/zmxq/',NULL,1748965805093,NULL,1,'approved','u-admin',1784389805093);
INSERT OR IGNORE INTO role_assignments (id,person_id,role,org_unit_id,org_path,portfolio,start_date,end_date,term_number,approval_status,approved_by,created_at) VALUES
('zray6','zpy5','member','zmxq','/men/zrq4/zqu6/zmxq/',NULL,1744818605093,NULL,1,'approved','u-admin',1784389805093),
('zray8','zpy7','participant','zmxq','/men/zrq4/zqu6/zmxq/',NULL,1778428205093,NULL,1,'approved','u-admin',1784389805093),
('zraym','zpyl','amir','zmyk','/men/zrq4/zqu6/zmyk/',NULL,1744213805093,NULL,1,'approved','u-admin',1784389805093),
('zrayo','zpyn','deputy','zmyk','/men/zrq4/zqu6/zmyk/','نائب',1756569005093,NULL,1,'approved','u-admin',1784389805093),
('zrayq','zpyp','secretary','zmyk','/men/zrq4/zqu6/zmyk/','أمانة السر',1758297005093,NULL,1,'approved','u-admin',1784389805093),
('zrays','zpyr','committee','zmyk','/men/zrq4/zqu6/zmyk/','الدعوة',1744300205093,NULL,1,'approved','u-admin',1784389805093),
('zrayu','zpyt','committee','zmyk','/men/zrq4/zqu6/zmyk/','الإغاثة',1749225005093,NULL,1,'approved','u-admin',1784389805093),
('zrayw','zpyv','participant','zmyk','/men/zrq4/zqu6/zmyk/',NULL,1727452205093,NULL,1,'approved','u-admin',1784389805093),
('zrayy','zpyx','member','zmyk','/men/zrq4/zqu6/zmyk/',NULL,1749052205093,NULL,1,'approved','u-admin',1784389805093),
('zraz0','zpyz','member','zmyk','/men/zrq4/zqu6/zmyk/',NULL,1741449005093,NULL,1,'approved','u-admin',1784389805093),
('zraz2','zpz1','member','zmyk','/men/zrq4/zqu6/zmyk/',NULL,1745077805093,NULL,1,'approved','u-admin',1784389805093),
('zraz7','zpz6','square','zqz5','/men/zrq4/zqz5/',NULL,1775749805093,NULL,1,'approved','u-admin',1784389805093),
('zraza','zpz9','amir','zmz8','/men/zrq4/zqz5/zmz8/',NULL,1767801005093,NULL,1,'approved','u-admin',1784389805093),
('zraze','zpzd','deputy','zmz8','/men/zrq4/zqz5/zmz8/','نائب',1753977005093,NULL,1,'approved','u-admin',1784389805093),
('zrazg','zpzf','treasurer','zmz8','/men/zrq4/zqz5/zmz8/','الصندوق',1774799405093,NULL,1,'approved','u-admin',1784389805093),
('zrazi','zpzh','committee','zmz8','/men/zrq4/zqz5/zmz8/','الإغاثة',1776441005093,NULL,1,'approved','u-admin',1784389805093),
('zrazk','zpzj','participant','zmz8','/men/zrq4/zqz5/zmz8/',NULL,1726847405093,NULL,1,'approved','u-admin',1784389805093),
('zrazm','zpzl','member','zmz8','/men/zrq4/zqz5/zmz8/',NULL,1731340205093,NULL,1,'approved','u-admin',1784389805093),
('zrazo','zpzn','member','zmz8','/men/zrq4/zqz5/zmz8/',NULL,1767023405093,NULL,1,'approved','u-admin',1784389805093),
('zrazq','zpzp','member','zmz8','/men/zrq4/zqz5/zmz8/',NULL,1752508205093,NULL,1,'approved','u-admin',1784389805093),
('zrazs','zpzr','member','zmz8','/men/zrq4/zqz5/zmz8/',NULL,1759852205093,NULL,1,'approved','u-admin',1784389805093),
('zra104','zp103','amir','zm102','/men/zrq4/zqz5/zm102/',NULL,1744905005093,NULL,1,'approved','u-admin',1784389805093),
('zra108','zp107','deputy','zm102','/men/zrq4/zqz5/zm102/','نائب',1765727405093,NULL,1,'approved','u-admin',1784389805093),
('zra10a','zp109','treasurer','zm102','/men/zrq4/zqz5/zm102/','الصندوق',1755877805093,NULL,1,'approved','u-admin',1784389805093),
('zra10c','zp10b','committee','zm102','/men/zrq4/zqz5/zm102/','الدعوة',1751989805093,NULL,1,'approved','u-admin',1784389805093),
('zra10e','zp10d','committee','zm102','/men/zrq4/zqz5/zm102/','الإغاثة',1747324205093,NULL,1,'approved','u-admin',1784389805093),
('zra10g','zp10f','participant','zm102','/men/zrq4/zqz5/zm102/',NULL,1740412205093,NULL,1,'approved','u-admin',1784389805093),
('zra10i','zp10h','member','zm102','/men/zrq4/zqz5/zm102/',NULL,1735401005093,NULL,1,'approved','u-admin',1784389805093),
('zra10k','zp10j','member','zm102','/men/zrq4/zqz5/zm102/',NULL,1763653805093,NULL,1,'approved','u-admin',1784389805093),
('zra10m','zp10l','member','zm102','/men/zrq4/zqz5/zm102/',NULL,1745509805093,NULL,1,'approved','u-admin',1784389805093),
('zra10o','zp10n','member','zm102','/men/zrq4/zqz5/zm102/',NULL,1760629805093,NULL,1,'approved','u-admin',1784389805093),
('zra10q','zp10p','member','zm102','/men/zrq4/zqz5/zm102/',NULL,1776095405093,NULL,1,'approved','u-admin',1784389805093),
('zra10s','zp10r','member','zm102','/men/zrq4/zqz5/zm102/',NULL,1744991405093,NULL,1,'approved','u-admin',1784389805093),
('zra11a','zp119','amir','zm118','/men/zrq4/zqz5/zm118/',NULL,1777045805093,NULL,1,'approved','u-admin',1784389805093),
('zra11e','zp11d','secretary','zm118','/men/zrq4/zqz5/zm118/','أمانة السر',1743090605093,NULL,1,'approved','u-admin',1784389805093),
('zra11g','zp11f','committee','zm118','/men/zrq4/zqz5/zm118/','الدعوة',1756741805093,NULL,1,'approved','u-admin',1784389805093),
('zra11i','zp11h','committee','zm118','/men/zrq4/zqz5/zm118/','الإغاثة',1771257005093,NULL,1,'approved','u-admin',1784389805093),
('zra11k','zp11j','member','zm118','/men/zrq4/zqz5/zm118/',NULL,1762357805093,NULL,1,'approved','u-admin',1784389805093),
('zra11m','zp11l','member','zm118','/men/zrq4/zqz5/zm118/',NULL,1735401005093,NULL,1,'approved','u-admin',1784389805093),
('zra11o','zp11n','member','zm118','/men/zrq4/zqz5/zm118/',NULL,1762444205093,NULL,1,'approved','u-admin',1784389805093),
('zra11q','zp11p','member','zm118','/men/zrq4/zqz5/zm118/',NULL,1768319405093,NULL,1,'approved','u-admin',1784389805093),
('zra11s','zp11r','member','zm118','/men/zrq4/zqz5/zm118/',NULL,1762789805093,NULL,1,'approved','u-admin',1784389805093),
('zra125','zp124','amir','zm123','/men/zrq4/zqz5/zm123/',NULL,1724255405093,NULL,1,'approved','u-admin',1784389805093),
('zra129','zp128','secretary','zm123','/men/zrq4/zqz5/zm123/','أمانة السر',1767196205093,NULL,1,'approved','u-admin',1784389805093),
('zra12b','zp12a','member','zm123','/men/zrq4/zqz5/zm123/',NULL,1742831405093,NULL,1,'approved','u-admin',1784389805093),
('zra12d','zp12c','member','zm123','/men/zrq4/zqz5/zm123/',NULL,1739980205093,NULL,1,'approved','u-admin',1784389805093),
('zra12f','zp12e','participant','zm123','/men/zrq4/zqz5/zm123/',NULL,1736265005093,NULL,1,'approved','u-admin',1784389805093),
('zra12h','zp12g','member','zm123','/men/zrq4/zqz5/zm123/',NULL,1738079405093,NULL,1,'approved','u-admin',1784389805093),
('zra12j','zp12i','member','zm123','/men/zrq4/zqz5/zm123/',NULL,1755186605093,NULL,1,'approved','u-admin',1784389805093),
('zra12l','zp12k','participant','zm123','/men/zrq4/zqz5/zm123/',NULL,1754754605093,NULL,1,'approved','u-admin',1784389805093),
('zra12y','zp12x','amir','zm12w','/men/zrq4/zqz5/zm12w/',NULL,1742572205093,NULL,1,'approved','u-admin',1784389805093),
('zra130','zp12z','deputy','zm12w','/men/zrq4/zqz5/zm12w/','نائب',1730821805093,NULL,1,'approved','u-admin',1784389805093),
('zra132','zp131','treasurer','zm12w','/men/zrq4/zqz5/zm12w/','الصندوق',1728489005093,NULL,1,'approved','u-admin',1784389805093),
('zra134','zp133','committee','zm12w','/men/zrq4/zqz5/zm12w/','الدعوة',1729698605093,NULL,1,'approved','u-admin',1784389805093),
('zra136','zp135','participant','zm12w','/men/zrq4/zqz5/zm12w/',NULL,1745509805093,NULL,1,'approved','u-admin',1784389805093),
('zra138','zp137','member','zm12w','/men/zrq4/zqz5/zm12w/',NULL,1754841005093,NULL,1,'approved','u-admin',1784389805093),
('zra13a','zp139','member','zm12w','/men/zrq4/zqz5/zm12w/',NULL,1745250605093,NULL,1,'approved','u-admin',1784389805093),
('zra13c','zp13b','member','zm12w','/men/zrq4/zqz5/zm12w/',NULL,1758297005093,NULL,1,'approved','u-admin',1784389805093),
('zra13e','zp13d','participant','zm12w','/men/zrq4/zqz5/zm12w/',NULL,1775231405093,NULL,1,'approved','u-admin',1784389805093),
('zra13q','zp13p','amir','zm13o','/men/zrq4/zqz5/zm13o/',NULL,1779033005093,NULL,1,'approved','u-admin',1784389805093);
INSERT OR IGNORE INTO role_assignments (id,person_id,role,org_unit_id,org_path,portfolio,start_date,end_date,term_number,approval_status,approved_by,created_at) VALUES
('zra13u','zp13t','deputy','zm13o','/men/zrq4/zqz5/zm13o/','نائب',1757433005093,NULL,1,'approved','u-admin',1784389805093),
('zra13w','zp13v','committee','zm13o','/men/zrq4/zqz5/zm13o/','الإغاثة',1759765805093,NULL,1,'approved','u-admin',1784389805093),
('zra13y','zp13x','member','zm13o','/men/zrq4/zqz5/zm13o/',NULL,1760457005093,NULL,1,'approved','u-admin',1784389805093),
('zra140','zp13z','member','zm13o','/men/zrq4/zqz5/zm13o/',NULL,1729612205093,NULL,1,'approved','u-admin',1784389805093),
('zra142','zp141','participant','zm13o','/men/zrq4/zqz5/zm13o/',NULL,1765900205093,NULL,1,'approved','u-admin',1784389805093),
('zra144','zp143','member','zm13o','/men/zrq4/zqz5/zm13o/',NULL,1775749805093,NULL,1,'approved','u-admin',1784389805093),
('zra146','zp145','member','zm13o','/men/zrq4/zqz5/zm13o/',NULL,1747410605093,NULL,1,'approved','u-admin',1784389805093),
('zra148','zp147','member','zm13o','/men/zrq4/zqz5/zm13o/',NULL,1754927405093,NULL,1,'approved','u-admin',1784389805093),
('zra14a','zp149','member','zm13o','/men/zrq4/zqz5/zm13o/',NULL,1750693805093,NULL,1,'approved','u-admin',1784389805093),
('zra14p','zp14o','amir','zm14n','/men/zrq4/zqz5/zm14n/',NULL,1769788205093,NULL,1,'approved','u-admin',1784389805093),
('zra14r','zp14q','deputy','zm14n','/men/zrq4/zqz5/zm14n/','نائب',1759852205093,NULL,1,'approved','u-admin',1784389805093),
('zra14t','zp14s','secretary','zm14n','/men/zrq4/zqz5/zm14n/','أمانة السر',1753458605093,NULL,1,'approved','u-admin',1784389805093),
('zra14v','zp14u','treasurer','zm14n','/men/zrq4/zqz5/zm14n/','الصندوق',1731167405093,NULL,1,'approved','u-admin',1784389805093),
('zra14x','zp14w','member','zm14n','/men/zrq4/zqz5/zm14n/',NULL,1757346605093,NULL,1,'approved','u-admin',1784389805093),
('zra14z','zp14y','participant','zm14n','/men/zrq4/zqz5/zm14n/',NULL,1763308205093,NULL,1,'approved','u-admin',1784389805093),
('zra151','zp150','member','zm14n','/men/zrq4/zqz5/zm14n/',NULL,1737301805093,NULL,1,'approved','u-admin',1784389805093),
('zra153','zp152','member','zm14n','/men/zrq4/zqz5/zm14n/',NULL,1762703405093,NULL,1,'approved','u-admin',1784389805093),
('zra155','zp154','member','zm14n','/men/zrq4/zqz5/zm14n/',NULL,1772985005093,NULL,1,'approved','u-admin',1784389805093),
('zra15k','zp15i','section_head','women','/women/',NULL,1779033005093,NULL,1,'approved','u-admin',1784389805093),
('zra15n','zp15m','rabita','zr15l','/women/zr15l/',NULL,1763481005093,NULL,1,'approved','u-admin',1784389805093),
('zra15r','zp15q','square','zq15p','/women/zr15l/zq15p/',NULL,1772985005093,NULL,1,'approved','u-admin',1784389805093),
('zra15v','zp15u','amir','zh15t','/women/zr15l/zq15p/zh15t/',NULL,1741017005093,NULL,1,'approved','u-admin',1784389805093),
('zra15z','zp15x','teacher','zq15p','/women/zr15l/zq15p/',NULL,1739721005093,NULL,1,'approved','u-admin',1784389805093),
('zra18g','zp18f','amir','zh18e','/women/zr15l/zq15p/zh18e/',NULL,1739980205093,NULL,1,'approved','u-admin',1784389805093),
('zra18j','zp18h','teacher','zq15p','/women/zr15l/zq15p/',NULL,1739375405093,NULL,1,'approved','u-admin',1784389805093),
('zra1b4','zp1b3','amir','zh1b2','/women/zr15l/zq15p/zh1b2/',NULL,1730476205093,NULL,1,'approved','u-admin',1784389805093),
('zra1b7','zp1b5','teacher','zq15p','/women/zr15l/zq15p/',NULL,1724601005093,NULL,1,'approved','u-admin',1784389805093),
('zra1f6','zp1f5','amir','zh1f4','/women/zr15l/zq15p/zh1f4/',NULL,1777045805093,NULL,1,'approved','u-admin',1784389805093),
('zra1f9','zp1f7','teacher','zq15p','/women/zr15l/zq15p/',NULL,1735660205093,NULL,1,'approved','u-admin',1784389805093),
('zra1id','zp1ic','square','zq1ib','/women/zr15l/zq1ib/',NULL,1751298605093,NULL,1,'approved','u-admin',1784389805093),
('zra1ig','zp1if','amir','zh1ie','/women/zr15l/zq1ib/zh1ie/',NULL,1747929005093,NULL,1,'approved','u-admin',1784389805093),
('zra1ij','zp1ih','teacher','zq1ib','/women/zr15l/zq1ib/',NULL,1731253805093,NULL,1,'approved','u-admin',1784389805093),
('zra1kb','zp1ka','amir','zh1k9','/women/zr15l/zq1ib/zh1k9/',NULL,1730994605093,NULL,1,'approved','u-admin',1784389805093),
('zra1ke','zp1kc','teacher','zq1ib','/women/zr15l/zq1ib/',NULL,1762876205093,NULL,1,'approved','u-admin',1784389805093),
('zra1m0','zp1lz','amir','zh1ly','/women/zr15l/zq1ib/zh1ly/',NULL,1750953005093,NULL,1,'approved','u-admin',1784389805093),
('zra1m3','zp1m1','teacher','zq1ib','/women/zr15l/zq1ib/',NULL,1751903405093,NULL,1,'approved','u-admin',1784389805093),
('zra1o1','zp1o0','amir','zh1nz','/women/zr15l/zq1ib/zh1nz/',NULL,1747756205093,NULL,1,'approved','u-admin',1784389805093),
('zra1o4','zp1o2','teacher','zq1ib','/women/zr15l/zq1ib/',NULL,1748793005093,NULL,1,'approved','u-admin',1784389805093),
('zra1r3','zp1r2','amir','zh1r1','/women/zr15l/zq1ib/zh1r1/',NULL,1774453805093,NULL,1,'approved','u-admin',1784389805093),
('zra1r6','zp1r4','teacher','zq1ib','/women/zr15l/zq1ib/',NULL,1735228205093,NULL,1,'approved','u-admin',1784389805093),
('zra1si','zp1sh','rabita','zr1sg','/women/zr1sg/',NULL,1729785005093,NULL,1,'approved','u-admin',1784389805093),
('zra1sl','zp1sk','square','zq1sj','/women/zr1sg/zq1sj/',NULL,1724169005093,NULL,1,'approved','u-admin',1784389805093),
('zra1so','zp1sn','amir','zh1sm','/women/zr1sg/zq1sj/zh1sm/',NULL,1754063405093,NULL,1,'approved','u-admin',1784389805093),
('zra1sr','zp1sp','teacher','zq1sj','/women/zr1sg/zq1sj/',NULL,1772812205093,NULL,1,'approved','u-admin',1784389805093),
('zra1un','zp1um','amir','zh1ul','/women/zr1sg/zq1sj/zh1ul/',NULL,1750002605093,NULL,1,'approved','u-admin',1784389805093),
('zra1uq','zp1uo','teacher','zq1sj','/women/zr1sg/zq1sj/',NULL,1750434605093,NULL,1,'approved','u-admin',1784389805093),
('zra1wy','zp1wx','amir','zh1ww','/women/zr1sg/zq1sj/zh1ww/',NULL,1756396205093,NULL,1,'approved','u-admin',1784389805093),
('zra1x1','zp1wz','teacher','zq1sj','/women/zr1sg/zq1sj/',NULL,1739980205093,NULL,1,'approved','u-admin',1784389805093),
('zra1yp','zp1yo','amir','zh1yn','/women/zr1sg/zq1sj/zh1yn/',NULL,1772639405093,NULL,1,'approved','u-admin',1784389805093),
('zra1ys','zp1yq','teacher','zq1sj','/women/zr1sg/zq1sj/',NULL,1734709805093,NULL,1,'approved','u-admin',1784389805093),
('zra21h','zp21g','amir','zh21f','/women/zr1sg/zq1sj/zh21f/',NULL,1757951405093,NULL,1,'approved','u-admin',1784389805093),
('zra21k','zp21i','teacher','zq1sj','/women/zr1sg/zq1sj/',NULL,1744386605093,NULL,1,'approved','u-admin',1784389805093),
('zra24x','zp24w','square','zq24v','/women/zr1sg/zq24v/',NULL,1734537005093,NULL,1,'approved','u-admin',1784389805093),
('zra250','zp24z','amir','zh24y','/women/zr1sg/zq24v/zh24y/',NULL,1771689005093,NULL,1,'approved','u-admin',1784389805093),
('zra253','zp251','teacher','zq24v','/women/zr1sg/zq24v/',NULL,1743263405093,NULL,1,'approved','u-admin',1784389805093),
('zra27b','zp27a','amir','zh279','/women/zr1sg/zq24v/zh279/',NULL,1751557805093,NULL,1,'approved','u-admin',1784389805093),
('zra27e','zp27c','teacher','zq24v','/women/zr1sg/zq24v/',NULL,1729180205093,NULL,1,'approved','u-admin',1784389805093),
('zra2b0','zp2az','amir','zh2ay','/women/zr1sg/zq24v/zh2ay/',NULL,1760025005093,NULL,1,'approved','u-admin',1784389805093),
('zra2b3','zp2b1','teacher','zq24v','/women/zr1sg/zq24v/',NULL,1747151405093,NULL,1,'approved','u-admin',1784389805093),
('zra2cf','zp2ce','amir','zh2cd','/women/zr1sg/zq24v/zh2cd/',NULL,1741881005093,NULL,1,'approved','u-admin',1784389805093);
INSERT OR IGNORE INTO role_assignments (id,person_id,role,org_unit_id,org_path,portfolio,start_date,end_date,term_number,approval_status,approved_by,created_at) VALUES
('zra2ci','zp2cg','teacher','zq24v','/women/zr1sg/zq24v/',NULL,1732809005093,NULL,1,'approved','u-admin',1784389805093),
('zra2dx','zp2dw','amir','zh2dv','/women/zr1sg/zq24v/zh2dv/',NULL,1770825005093,NULL,1,'approved','u-admin',1784389805093),
('zra2e0','zp2dy','teacher','zq24v','/women/zr1sg/zq24v/',NULL,1731253805093,NULL,1,'approved','u-admin',1784389805093),
('zra2fq','zp2fp','square','zq2fo','/women/zr1sg/zq2fo/',NULL,1776959405093,NULL,1,'approved','u-admin',1784389805093),
('zra2ft','zp2fs','amir','zh2fr','/women/zr1sg/zq2fo/zh2fr/',NULL,1739461805093,NULL,1,'approved','u-admin',1784389805093),
('zra2fw','zp2fu','teacher','zq2fo','/women/zr1sg/zq2fo/',NULL,1742313005093,NULL,1,'approved','u-admin',1784389805093),
('zra2h5','zp2h4','amir','zh2h3','/women/zr1sg/zq2fo/zh2h3/',NULL,1750089005093,NULL,1,'approved','u-admin',1784389805093),
('zra2h8','zp2h6','teacher','zq2fo','/women/zr1sg/zq2fo/',NULL,1744386605093,NULL,1,'approved','u-admin',1784389805093),
('zra2j8','zp2j7','amir','zh2j6','/women/zr1sg/zq2fo/zh2j6/',NULL,1737820205093,NULL,1,'approved','u-admin',1784389805093),
('zra2jb','zp2j9','teacher','zq2fo','/women/zr1sg/zq2fo/',NULL,1748361005093,NULL,1,'approved','u-admin',1784389805093),
('zra2kp','zp2ko','amir','zh2kn','/women/zr1sg/zq2fo/zh2kn/',NULL,1755445805093,NULL,1,'approved','u-admin',1784389805093),
('zra2ks','zp2kq','teacher','zq2fo','/women/zr1sg/zq2fo/',NULL,1757865005093,NULL,1,'approved','u-admin',1784389805093),
('zra2m5','zp2m4','rabita','zr2m3','/women/zr2m3/',NULL,1725205805093,NULL,1,'approved','u-admin',1784389805093),
('zra2m8','zp2m7','square','zq2m6','/women/zr2m3/zq2m6/',NULL,1761061805093,NULL,1,'approved','u-admin',1784389805093),
('zra2mb','zp2ma','amir','zh2m9','/women/zr2m3/zq2m6/zh2m9/',NULL,1752594605093,NULL,1,'approved','u-admin',1784389805093),
('zra2me','zp2mc','teacher','zq2m6','/women/zr2m3/zq2m6/',NULL,1747410605093,NULL,1,'approved','u-admin',1784389805093),
('zra2nr','zp2nq','amir','zh2np','/women/zr2m3/zq2m6/zh2np/',NULL,1726156205093,NULL,1,'approved','u-admin',1784389805093),
('zra2nu','zp2ns','teacher','zq2m6','/women/zr2m3/zq2m6/',NULL,1769615405093,NULL,1,'approved','u-admin',1784389805093),
('zra2pa','zp2p9','amir','zh2p8','/women/zr2m3/zq2m6/zh2p8/',NULL,1736956205093,NULL,1,'approved','u-admin',1784389805093),
('zra2pd','zp2pb','teacher','zq2m6','/women/zr2m3/zq2m6/',NULL,1759506605093,NULL,1,'approved','u-admin',1784389805093),
('zra2qs','zp2qr','square','zq2qq','/women/zr2m3/zq2qq/',NULL,1726847405093,NULL,1,'approved','u-admin',1784389805093),
('zra2qv','zp2qu','amir','zh2qt','/women/zr2m3/zq2qq/zh2qt/',NULL,1754409005093,NULL,1,'approved','u-admin',1784389805093),
('zra2qy','zp2qw','teacher','zq2qq','/women/zr2m3/zq2qq/',NULL,1763567405093,NULL,1,'approved','u-admin',1784389805093),
('zra2sq','zp2sp','amir','zh2so','/women/zr2m3/zq2qq/zh2so/',NULL,1743609005093,NULL,1,'approved','u-admin',1784389805093),
('zra2st','zp2sr','teacher','zq2qq','/women/zr2m3/zq2qq/',NULL,1749743405093,NULL,1,'approved','u-admin',1784389805093),
('zra2v8','zp2v7','amir','zh2v6','/women/zr2m3/zq2qq/zh2v6/',NULL,1762789805093,NULL,1,'approved','u-admin',1784389805093),
('zra2vb','zp2v9','teacher','zq2qq','/women/zr2m3/zq2qq/',NULL,1758988205093,NULL,1,'approved','u-admin',1784389805093),
('zra2wy','zp2wx','amir','zh2ww','/women/zr2m3/zq2qq/zh2ww/',NULL,1738770605093,NULL,1,'approved','u-admin',1784389805093),
('zra2x1','zp2wz','teacher','zq2qq','/women/zr2m3/zq2qq/',NULL,1751644205093,NULL,1,'approved','u-admin',1784389805093),
('zra2zu','zp2zt','amir','zh2zs','/women/zr2m3/zq2qq/zh2zs/',NULL,1743695405093,NULL,1,'approved','u-admin',1784389805093),
('zra2zx','zp2zv','teacher','zq2qq','/women/zr2m3/zq2qq/',NULL,1752940205093,NULL,1,'approved','u-admin',1784389805093),
('ra-finance','zp7wt','finance_officer','men','/',NULL,1776613805093,NULL,1,'approved','u-admin',1784389805093),
('ra-media','zp7wu','media','men','/',NULL,1774021805093,NULL,1,'approved','u-admin',1784389805093);
INSERT OR IGNORE INTO org_units (city,governorate,district,status,created_at,id,parent_id,path,type,section,gender_track,name) VALUES
(NULL,NULL,NULL,'active',1784389805093,'men',NULL,'/men/','section','men','male','قسم الذكور'),
('حلب','aleppo',NULL,'active',1784389805093,'zr5','men','/men/zr5/','rabita','men','male','منطقة حلب'),
('حلب','aleppo','azaz','active',1784389805093,'zq9','zr5','/men/zr5/zq9/','square','men','male','مربع المدينة حلب'),
('حلب','aleppo','afrin','active',1784389805093,'zmd','zq9','/men/zr5/zq9/zmd/','mosque','men','male','مسجد النصر'),
('حلب','aleppo','jabal_semaan','active',1784389805093,'zm18','zq9','/men/zr5/zq9/zm18/','mosque','men','male','مسجد بلال'),
('حلب','aleppo','jabal_semaan','active',1784389805093,'zm27','zq9','/men/zr5/zq9/zm27/','mosque','men','male','مسجد حمزة'),
('حلب','aleppo','azaz','active',1784389805093,'zm33','zq9','/men/zr5/zq9/zm33/','mosque','men','male','مسجد الأنصار'),
('حلب','aleppo','azaz','active',1784389805093,'zm44','zq9','/men/zr5/zq9/zm44/','mosque','men','male','مسجد الصديق'),
('حلب','aleppo','azaz','active',1784389805093,'zm54','zq9','/men/zr5/zq9/zm54/','mosque','men','male','مسجد بلال'),
('حلب','aleppo','afrin','active',1784389805093,'zm60','zq9','/men/zr5/zq9/zm60/','mosque','men','male','مسجد الصحابة'),
('حلب','aleppo','afrin','active',1784389805093,'zm6u','zq9','/men/zr5/zq9/zm6u/','mosque','men','male','مسجد عثمان'),
('حلب','aleppo','azaz','active',1784389805093,'zq7q','zr5','/men/zr5/zq7q/','square','men','male','مربع الشمالي حلب'),
('حلب','aleppo','albab','active',1784389805093,'zm7t','zq7q','/men/zr5/zq7q/zm7t/','mosque','men','male','مسجد عثمان'),
('حلب','aleppo','afrin','active',1784389805093,'zm8q','zq7q','/men/zr5/zq7q/zm8q/','mosque','men','male','مسجد النصر'),
('حلب','aleppo','azaz','active',1784389805093,'zm9n','zq7q','/men/zr5/zq7q/zm9n/','mosque','men','male','مسجد العزيز'),
('حلب','aleppo','afrin','active',1784389805093,'zmag','zq7q','/men/zr5/zq7q/zmag/','mosque','men','male','مسجد بلال'),
('حلب','aleppo','azaz','active',1784389805093,'zmbd','zq7q','/men/zr5/zq7q/zmbd/','mosque','men','male','مسجد حمزة'),
('حلب','aleppo','afrin','active',1784389805093,'zmci','zq7q','/men/zr5/zq7q/zmci/','mosque','men','male','مسجد الرحمة'),
('حلب','aleppo','azaz','active',1784389805093,'zmdb','zq7q','/men/zr5/zq7q/zmdb/','mosque','men','male','مسجد النصر'),
('إدلب','idlib',NULL,'active',1784389805093,'zre6','men','/men/zre6/','rabita','men','male','منطقة إدلب'),
('إدلب','idlib','ariha','active',1784389805093,'zqe9','zre6','/men/zre6/zqe9/','square','men','male','مربع المدينة إدلب'),
('إدلب','idlib','harem','active',1784389805093,'zmec','zqe9','/men/zre6/zqe9/zmec/','mosque','men','male','مسجد التوحيد'),
('إدلب','idlib','jisr_shughur','active',1784389805093,'zmf7','zqe9','/men/zre6/zqe9/zmf7/','mosque','men','male','مسجد التوحيد'),
('إدلب','idlib','maarrat_numan','active',1784389805093,'zmg6','zqe9','/men/zre6/zqe9/zmg6/','mosque','men','male','مسجد الفرقان'),
('إدلب','idlib','maarrat_numan','active',1784389805093,'zmh1','zqe9','/men/zre6/zqe9/zmh1/','mosque','men','male','مسجد التقوى'),
('إدلب','idlib','jisr_shughur','active',1784389805093,'zmhw','zqe9','/men/zre6/zqe9/zmhw/','mosque','men','male','مسجد الإيمان'),
('إدلب','idlib','ariha','active',1784389805093,'zqiq','zre6','/men/zre6/zqiq/','square','men','male','مربع الشمالي إدلب'),
('إدلب','idlib','maarrat_numan','active',1784389805093,'zmit','zqiq','/men/zre6/zqiq/zmit/','mosque','men','male','مسجد النور'),
('إدلب','idlib','harem','active',1784389805093,'zmjq','zqiq','/men/zre6/zqiq/zmjq/','mosque','men','male','مسجد خالد'),
('إدلب','idlib','jisr_shughur','active',1784389805093,'zmkq','zqiq','/men/zre6/zqiq/zmkq/','mosque','men','male','مسجد الأنصار'),
('إدلب','idlib','jisr_shughur','active',1784389805093,'zmlo','zqiq','/men/zre6/zqiq/zmlo/','mosque','men','male','مسجد بلال'),
('إدلب','idlib','harem','active',1784389805093,'zmme','zqiq','/men/zre6/zqiq/zmme/','mosque','men','male','مسجد الفتح'),
('إدلب','idlib','ariha','active',1784389805093,'zmn7','zqiq','/men/zre6/zqiq/zmn7/','mosque','men','male','مسجد الفرقان'),
('إدلب','idlib','ariha','active',1784389805093,'zmo2','zqiq','/men/zre6/zqiq/zmo2/','mosque','men','male','مسجد عثمان'),
('إدلب','idlib','harem','active',1784389805093,'zmp3','zqiq','/men/zre6/zqiq/zmp3/','mosque','men','male','مسجد الصديق'),
('حماة','hama',NULL,'active',1784389805093,'zrq4','men','/men/zrq4/','rabita','men','male','منطقة حماة'),
('حماة','hama','salamiyah','active',1784389805093,'zqq7','zrq4','/men/zrq4/zqq7/','square','men','male','مربع المدينة حماة'),
('حماة','hama','suqaylabiyah','active',1784389805093,'zmqa','zqq7','/men/zrq4/zqq7/zmqa/','mosque','men','male','مسجد الهدى'),
('حماة','hama','salamiyah','active',1784389805093,'zmr1','zqq7','/men/zrq4/zqq7/zmr1/','mosque','men','male','مسجد الصديق'),
('حماة','hama','suqaylabiyah','active',1784389805093,'zmrs','zqq7','/men/zrq4/zqq7/zmrs/','mosque','men','male','مسجد الفتح'),
('حماة','hama','salamiyah','active',1784389805093,'zmsm','zqq7','/men/zrq4/zqq7/zmsm/','mosque','men','male','مسجد قباء'),
('حماة','hama','salamiyah','active',1784389805093,'zmt8','zqq7','/men/zrq4/zqq7/zmt8/','mosque','men','male','مسجد الفاروق'),
('حماة','hama','salamiyah','active',1784389805093,'zqu6','zrq4','/men/zrq4/zqu6/','square','men','male','مربع الشمالي حماة'),
('حماة','hama','suqaylabiyah','active',1784389805093,'zmu9','zqu6','/men/zrq4/zqu6/zmu9/','mosque','men','male','مسجد الفتح'),
('حماة','hama','suqaylabiyah','active',1784389805093,'zmv9','zqu6','/men/zrq4/zqu6/zmv9/','mosque','men','male','مسجد الهدى'),
('حماة','hama','salamiyah','active',1784389805093,'zmw4','zqu6','/men/zrq4/zqu6/zmw4/','mosque','men','male','مسجد الأنصار'),
('حماة','hama','mahardah','active',1784389805093,'zmx3','zqu6','/men/zrq4/zqu6/zmx3/','mosque','men','male','مسجد الأنصار'),
('حماة','hama','salamiyah','active',1784389805093,'zmxq','zqu6','/men/zrq4/zqu6/zmxq/','mosque','men','male','مسجد خالد'),
('حماة','hama','masyaf','active',1784389805093,'zmyk','zqu6','/men/zrq4/zqu6/zmyk/','mosque','men','male','مسجد البخاري'),
('حماة','hama','mahardah','active',1784389805093,'zqz5','zrq4','/men/zrq4/zqz5/','square','men','male','مربع الجنوبي حماة'),
('حماة','hama','mahardah','active',1784389805093,'zmz8','zqz5','/men/zrq4/zqz5/zmz8/','mosque','men','male','مسجد الأنصار'),
('حماة','hama','mahardah','active',1784389805093,'zm102','zqz5','/men/zrq4/zqz5/zm102/','mosque','men','male','مسجد الفرقان'),
('حماة','hama','salamiyah','active',1784389805093,'zm118','zqz5','/men/zrq4/zqz5/zm118/','mosque','men','male','مسجد القدس'),
('حماة','hama','mahardah','active',1784389805093,'zm123','zqz5','/men/zrq4/zqz5/zm123/','mosque','men','male','مسجد التقوى'),
('حماة','hama','masyaf','active',1784389805093,'zm12w','zqz5','/men/zrq4/zqz5/zm12w/','mosque','men','male','مسجد الصديق'),
('حماة','hama','mahardah','active',1784389805093,'zm13o','zqz5','/men/zrq4/zqz5/zm13o/','mosque','men','male','مسجد الأنصار'),
('حماة','hama','masyaf','active',1784389805093,'zm14n','zqz5','/men/zrq4/zqz5/zm14n/','mosque','men','male','مسجد الفرقان'),
(NULL,NULL,NULL,'active',1784389805093,'women',NULL,'/women/','section','women','female','قسم النساء'),
('حلب','aleppo',NULL,'active',1784389805093,'zr15l','women','/women/zr15l/','rabita','women','female','منطقة حلب'),
('حلب','aleppo','albab','active',1784389805093,'zq15p','zr15l','/women/zr15l/zq15p/','square','women','female','مربع المدينة حلب');
INSERT OR IGNORE INTO org_units (city,governorate,district,status,created_at,id,parent_id,path,type,section,gender_track,name) VALUES
('حلب','aleppo','afrin','active',1784389805093,'zh15t','zq15p','/women/zr15l/zq15p/zh15t/','halaqa','women','female','حلقة نسائية — أم أنس'),
('حلب','aleppo','azaz','active',1784389805093,'zh18e','zq15p','/women/zr15l/zq15p/zh18e/','halaqa','women','female','حلقة نسائية — أم رقية'),
('حلب','aleppo','albab','active',1784389805093,'zh1b2','zq15p','/women/zr15l/zq15p/zh1b2/','halaqa','women','female','حلقة نسائية — أم عمر'),
('حلب','aleppo','albab','active',1784389805093,'zh1f4','zq15p','/women/zr15l/zq15p/zh1f4/','halaqa','women','female','حلقة نسائية — أم معاذ'),
('حلب','aleppo','albab','active',1784389805093,'zq1ib','zr15l','/women/zr15l/zq1ib/','square','women','female','مربع الشمالي حلب'),
('حلب','aleppo','albab','active',1784389805093,'zh1ie','zq1ib','/women/zr15l/zq1ib/zh1ie/','halaqa','women','female','حلقة نسائية — أم محمد'),
('حلب','aleppo','albab','active',1784389805093,'zh1k9','zq1ib','/women/zr15l/zq1ib/zh1k9/','halaqa','women','female','حلقة نسائية — أم محمد'),
('حلب','aleppo','albab','active',1784389805093,'zh1ly','zq1ib','/women/zr15l/zq1ib/zh1ly/','halaqa','women','female','حلقة نسائية — أم البراء'),
('حلب','aleppo','albab','active',1784389805093,'zh1nz','zq1ib','/women/zr15l/zq1ib/zh1nz/','halaqa','women','female','حلقة نسائية — أم الزبير'),
('حلب','aleppo','afrin','active',1784389805093,'zh1r1','zq1ib','/women/zr15l/zq1ib/zh1r1/','halaqa','women','female','حلقة نسائية — أم أحمد'),
('إدلب','idlib',NULL,'active',1784389805093,'zr1sg','women','/women/zr1sg/','rabita','women','female','منطقة إدلب'),
('إدلب','idlib','jisr_shughur','active',1784389805093,'zq1sj','zr1sg','/women/zr1sg/zq1sj/','square','women','female','مربع المدينة إدلب'),
('إدلب','idlib','harem','active',1784389805093,'zh1sm','zq1sj','/women/zr1sg/zq1sj/zh1sm/','halaqa','women','female','حلقة نسائية — أم رقية'),
('إدلب','idlib','maarrat_numan','active',1784389805093,'zh1ul','zq1sj','/women/zr1sg/zq1sj/zh1ul/','halaqa','women','female','حلقة نسائية — أم إبراهيم'),
('إدلب','idlib','ariha','active',1784389805093,'zh1ww','zq1sj','/women/zr1sg/zq1sj/zh1ww/','halaqa','women','female','حلقة نسائية — أم حفصة'),
('إدلب','idlib','jisr_shughur','active',1784389805093,'zh1yn','zq1sj','/women/zr1sg/zq1sj/zh1yn/','halaqa','women','female','حلقة نسائية — أم أنس'),
('إدلب','idlib','jisr_shughur','active',1784389805093,'zh21f','zq1sj','/women/zr1sg/zq1sj/zh21f/','halaqa','women','female','حلقة نسائية — أم عبدالرحمن'),
('إدلب','idlib','jisr_shughur','active',1784389805093,'zq24v','zr1sg','/women/zr1sg/zq24v/','square','women','female','مربع الشمالي إدلب'),
('إدلب','idlib','maarrat_numan','active',1784389805093,'zh24y','zq24v','/women/zr1sg/zq24v/zh24y/','halaqa','women','female','حلقة نسائية — أم يوسف'),
('إدلب','idlib','ariha','active',1784389805093,'zh279','zq24v','/women/zr1sg/zq24v/zh279/','halaqa','women','female','حلقة نسائية — أم البراء'),
('إدلب','idlib','jisr_shughur','active',1784389805093,'zh2ay','zq24v','/women/zr1sg/zq24v/zh2ay/','halaqa','women','female','حلقة نسائية — أم أحمد'),
('إدلب','idlib','ariha','active',1784389805093,'zh2cd','zq24v','/women/zr1sg/zq24v/zh2cd/','halaqa','women','female','حلقة نسائية — أم أنس'),
('إدلب','idlib','harem','active',1784389805093,'zh2dv','zq24v','/women/zr1sg/zq24v/zh2dv/','halaqa','women','female','حلقة نسائية — أم محمد'),
('إدلب','idlib','ariha','active',1784389805093,'zq2fo','zr1sg','/women/zr1sg/zq2fo/','square','women','female','مربع الجنوبي إدلب'),
('إدلب','idlib','maarrat_numan','active',1784389805093,'zh2fr','zq2fo','/women/zr1sg/zq2fo/zh2fr/','halaqa','women','female','حلقة نسائية — أم إبراهيم'),
('إدلب','idlib','ariha','active',1784389805093,'zh2h3','zq2fo','/women/zr1sg/zq2fo/zh2h3/','halaqa','women','female','حلقة نسائية — أم زيد'),
('إدلب','idlib','jisr_shughur','active',1784389805093,'zh2j6','zq2fo','/women/zr1sg/zq2fo/zh2j6/','halaqa','women','female','حلقة نسائية — أم زيد'),
('إدلب','idlib','maarrat_numan','active',1784389805093,'zh2kn','zq2fo','/women/zr1sg/zq2fo/zh2kn/','halaqa','women','female','حلقة نسائية — أم خالد'),
('اللاذقية','latakia',NULL,'active',1784389805093,'zr2m3','women','/women/zr2m3/','rabita','women','female','منطقة اللاذقية'),
('اللاذقية','latakia','qardaha','active',1784389805093,'zq2m6','zr2m3','/women/zr2m3/zq2m6/','square','women','female','مربع المدينة اللاذقية'),
('اللاذقية','latakia','jableh','active',1784389805093,'zh2m9','zq2m6','/women/zr2m3/zq2m6/zh2m9/','halaqa','women','female','حلقة نسائية — أم الزبير'),
('اللاذقية','latakia','haffah','active',1784389805093,'zh2np','zq2m6','/women/zr2m3/zq2m6/zh2np/','halaqa','women','female','حلقة نسائية — أم يوسف'),
('اللاذقية','latakia','haffah','active',1784389805093,'zh2p8','zq2m6','/women/zr2m3/zq2m6/zh2p8/','halaqa','women','female','حلقة نسائية — أم محمد'),
('اللاذقية','latakia','jableh','active',1784389805093,'zq2qq','zr2m3','/women/zr2m3/zq2qq/','square','women','female','مربع الشمالي اللاذقية'),
('اللاذقية','latakia','haffah','active',1784389805093,'zh2qt','zq2qq','/women/zr2m3/zq2qq/zh2qt/','halaqa','women','female','حلقة نسائية — أم زيد'),
('اللاذقية','latakia','qardaha','active',1784389805093,'zh2so','zq2qq','/women/zr2m3/zq2qq/zh2so/','halaqa','women','female','حلقة نسائية — أم البراء'),
('اللاذقية','latakia','jableh','active',1784389805093,'zh2v6','zq2qq','/women/zr2m3/zq2qq/zh2v6/','halaqa','women','female','حلقة نسائية — أم معاذ'),
('اللاذقية','latakia','haffah','active',1784389805093,'zh2ww','zq2qq','/women/zr2m3/zq2qq/zh2ww/','halaqa','women','female','حلقة نسائية — أم عبدالرحمن'),
('اللاذقية','latakia','jableh','active',1784389805093,'zh2zs','zq2qq','/women/zr2m3/zq2qq/zh2zs/','halaqa','women','female','حلقة نسائية — أم عبدالله');
INSERT OR IGNORE INTO circles (id,mosque_id,type,gender_track,name,teacher_person_id,capacity,notes,status,created_at) VALUES
('zcx','zmd','tahfeez','male','حلقة تحفيظ',NULL,28,NULL,'active',1784389805093),
('zcy','zmd','tahfeez','male','حلقة تحفيظ',NULL,23,NULL,'active',1784389805093),
('zc1v','zm18','ala_baseera','male','حلقة على بصيرة',NULL,27,NULL,'active',1784389805093),
('zc1w','zm18','rashidi','male','حلقة الرشيدي',NULL,28,NULL,'active',1784389805093),
('zc1x','zm18','ala_baseera','male','حلقة على بصيرة',NULL,18,NULL,'active',1784389805093),
('zc2s','zm27','ala_baseera','male','حلقة على بصيرة',NULL,15,NULL,'active',1784389805093),
('zc2t','zm27','rashidi','male','حلقة الرشيدي',NULL,28,NULL,'active',1784389805093),
('zc3q','zm33','tahfeez','male','حلقة تحفيظ',NULL,30,NULL,'active',1784389805093),
('zc3r','zm33','rashidi','male','حلقة الرشيدي',NULL,22,NULL,'active',1784389805093),
('zc3s','zm33','ala_baseera','male','حلقة على بصيرة',NULL,15,NULL,'active',1784389805093),
('zc4n','zm44','rashidi','male','حلقة الرشيدي',NULL,24,NULL,'active',1784389805093),
('zc4o','zm44','rashidi','male','حلقة الرشيدي',NULL,27,NULL,'active',1784389805093),
('zc5n','zm54','ala_baseera','male','حلقة على بصيرة',NULL,27,NULL,'active',1784389805093),
('zc5o','zm54','tahfeez','male','حلقة تحفيظ',NULL,25,NULL,'active',1784389805093),
('zc6j','zm60','rashidi','male','حلقة الرشيدي',NULL,28,NULL,'active',1784389805093),
('zc6k','zm60','rashidi','male','حلقة الرشيدي',NULL,30,NULL,'active',1784389805093),
('zc7f','zm6u','rashidi','male','حلقة الرشيدي',NULL,23,NULL,'active',1784389805093),
('zc7g','zm6u','ala_baseera','male','حلقة على بصيرة',NULL,27,NULL,'active',1784389805093),
('zc8i','zm7t','ala_baseera','male','حلقة على بصيرة',NULL,21,NULL,'active',1784389805093),
('zc9b','zm8q','tahfeez','male','حلقة تحفيظ',NULL,15,NULL,'active',1784389805093),
('zca6','zm9n','rashidi','male','حلقة الرشيدي',NULL,26,NULL,'active',1784389805093),
('zcb1','zmag','ala_baseera','male','حلقة على بصيرة',NULL,22,NULL,'active',1784389805093),
('zcb2','zmag','rashidi','male','حلقة الرشيدي',NULL,17,NULL,'active',1784389805093),
('zcb3','zmag','rashidi','male','حلقة الرشيدي',NULL,29,NULL,'active',1784389805093),
('zcc0','zmbd','rashidi','male','حلقة الرشيدي',NULL,29,NULL,'active',1784389805093),
('zcc1','zmbd','tahfeez','male','حلقة تحفيظ',NULL,26,NULL,'active',1784389805093),
('zcc2','zmbd','ala_baseera','male','حلقة على بصيرة',NULL,23,NULL,'active',1784389805093),
('zccz','zmci','rashidi','male','حلقة الرشيدي',NULL,21,NULL,'active',1784389805093),
('zcd0','zmci','rashidi','male','حلقة الرشيدي',NULL,25,NULL,'active',1784389805093),
('zcd1','zmci','tahfeez','male','حلقة تحفيظ',NULL,17,NULL,'active',1784389805093),
('zcds','zmdb','ala_baseera','male','حلقة على بصيرة',NULL,26,NULL,'active',1784389805093),
('zcdt','zmdb','ala_baseera','male','حلقة على بصيرة',NULL,27,NULL,'active',1784389805093),
('zcdu','zmdb','tahfeez','male','حلقة تحفيظ',NULL,25,NULL,'active',1784389805093),
('zcex','zmec','ala_baseera','male','حلقة على بصيرة',NULL,27,NULL,'active',1784389805093),
('zcfs','zmf7','ala_baseera','male','حلقة على بصيرة',NULL,18,NULL,'active',1784389805093),
('zcft','zmf7','rashidi','male','حلقة الرشيدي',NULL,19,NULL,'active',1784389805093),
('zcfu','zmf7','ala_baseera','male','حلقة على بصيرة',NULL,24,NULL,'active',1784389805093),
('zcgp','zmg6','tahfeez','male','حلقة تحفيظ',NULL,17,NULL,'active',1784389805093),
('zchi','zmh1','ala_baseera','male','حلقة على بصيرة',NULL,23,NULL,'active',1784389805093),
('zchj','zmh1','rashidi','male','حلقة الرشيدي',NULL,18,NULL,'active',1784389805093),
('zchk','zmh1','ala_baseera','male','حلقة على بصيرة',NULL,18,NULL,'active',1784389805093),
('zcid','zmhw','rashidi','male','حلقة الرشيدي',NULL,21,NULL,'active',1784389805093),
('zcie','zmhw','ala_baseera','male','حلقة على بصيرة',NULL,18,NULL,'active',1784389805093),
('zcjc','zmit','tahfeez','male','حلقة تحفيظ',NULL,29,NULL,'active',1784389805093),
('zckd','zmjq','tahfeez','male','حلقة تحفيظ',NULL,20,NULL,'active',1784389805093),
('zcke','zmjq','rashidi','male','حلقة الرشيدي',NULL,19,NULL,'active',1784389805093),
('zcl9','zmkq','tahfeez','male','حلقة تحفيظ',NULL,21,NULL,'active',1784389805093),
('zcla','zmkq','ala_baseera','male','حلقة على بصيرة',NULL,26,NULL,'active',1784389805093),
('zcmb','zmlo','tahfeez','male','حلقة تحفيظ',NULL,25,NULL,'active',1784389805093),
('zcmc','zmlo','rashidi','male','حلقة الرشيدي',NULL,16,NULL,'active',1784389805093),
('zcmd','zmlo','rashidi','male','حلقة الرشيدي',NULL,30,NULL,'active',1784389805093),
('zcmz','zmme','tahfeez','male','حلقة تحفيظ',NULL,18,NULL,'active',1784389805093),
('zcnu','zmn7','ala_baseera','male','حلقة على بصيرة',NULL,17,NULL,'active',1784389805093),
('zcol','zmo2','ala_baseera','male','حلقة على بصيرة',NULL,26,NULL,'active',1784389805093),
('zcom','zmo2','tahfeez','male','حلقة تحفيظ',NULL,16,NULL,'active',1784389805093),
('zcon','zmo2','rashidi','male','حلقة الرشيدي',NULL,15,NULL,'active',1784389805093),
('zcpq','zmp3','rashidi','male','حلقة الرشيدي',NULL,27,NULL,'active',1784389805093),
('zcpr','zmp3','ala_baseera','male','حلقة على بصيرة',NULL,19,NULL,'active',1784389805093),
('zcps','zmp3','tahfeez','male','حلقة تحفيظ',NULL,16,NULL,'active',1784389805093),
('zcqp','zmqa','tahfeez','male','حلقة تحفيظ',NULL,26,NULL,'active',1784389805093);
INSERT OR IGNORE INTO circles (id,mosque_id,type,gender_track,name,teacher_person_id,capacity,notes,status,created_at) VALUES
('zcqq','zmqa','tahfeez','male','حلقة تحفيظ',NULL,29,NULL,'active',1784389805093),
('zcqr','zmqa','tahfeez','male','حلقة تحفيظ',NULL,20,NULL,'active',1784389805093),
('zcri','zmr1','rashidi','male','حلقة الرشيدي',NULL,20,NULL,'active',1784389805093),
('zcsb','zmrs','rashidi','male','حلقة الرشيدي',NULL,29,NULL,'active',1784389805093),
('zcsc','zmrs','rashidi','male','حلقة الرشيدي',NULL,17,NULL,'active',1784389805093),
('zct5','zmsm','tahfeez','male','حلقة تحفيظ',NULL,30,NULL,'active',1784389805093),
('zct6','zmsm','ala_baseera','male','حلقة على بصيرة',NULL,21,NULL,'active',1784389805093),
('zct7','zmsm','ala_baseera','male','حلقة على بصيرة',NULL,24,NULL,'active',1784389805093),
('zctv','zmt8','ala_baseera','male','حلقة على بصيرة',NULL,21,NULL,'active',1784389805093),
('zctw','zmt8','ala_baseera','male','حلقة على بصيرة',NULL,19,NULL,'active',1784389805093),
('zcuu','zmu9','rashidi','male','حلقة الرشيدي',NULL,16,NULL,'active',1784389805093),
('zcuv','zmu9','rashidi','male','حلقة الرشيدي',NULL,22,NULL,'active',1784389805093),
('zcvu','zmv9','ala_baseera','male','حلقة على بصيرة',NULL,21,NULL,'active',1784389805093),
('zcwr','zmw4','tahfeez','male','حلقة تحفيظ',NULL,28,NULL,'active',1784389805093),
('zcws','zmw4','ala_baseera','male','حلقة على بصيرة',NULL,30,NULL,'active',1784389805093),
('zcwt','zmw4','tahfeez','male','حلقة تحفيظ',NULL,15,NULL,'active',1784389805093),
('zcxo','zmx3','tahfeez','male','حلقة تحفيظ',NULL,18,NULL,'active',1784389805093),
('zcxp','zmx3','rashidi','male','حلقة الرشيدي',NULL,17,NULL,'active',1784389805093),
('zcy9','zmxq','rashidi','male','حلقة الرشيدي',NULL,22,NULL,'active',1784389805093),
('zcya','zmxq','tahfeez','male','حلقة تحفيظ',NULL,27,NULL,'active',1784389805093),
('zcz3','zmyk','ala_baseera','male','حلقة على بصيرة',NULL,17,NULL,'active',1784389805093),
('zcz4','zmyk','tahfeez','male','حلقة تحفيظ',NULL,23,NULL,'active',1784389805093),
('zczt','zmz8','tahfeez','male','حلقة تحفيظ',NULL,17,NULL,'active',1784389805093),
('zczu','zmz8','rashidi','male','حلقة الرشيدي',NULL,24,NULL,'active',1784389805093),
('zc10t','zm102','ala_baseera','male','حلقة على بصيرة',NULL,18,NULL,'active',1784389805093),
('zc10u','zm102','ala_baseera','male','حلقة على بصيرة',NULL,18,NULL,'active',1784389805093),
('zc11t','zm118','tahfeez','male','حلقة تحفيظ',NULL,21,NULL,'active',1784389805093),
('zc12m','zm123','tahfeez','male','حلقة تحفيظ',NULL,26,NULL,'active',1784389805093),
('zc13f','zm12w','ala_baseera','male','حلقة على بصيرة',NULL,24,NULL,'active',1784389805093),
('zc13g','zm12w','tahfeez','male','حلقة تحفيظ',NULL,30,NULL,'active',1784389805093),
('zc14b','zm13o','ala_baseera','male','حلقة على بصيرة',NULL,27,NULL,'active',1784389805093),
('zc156','zm14n','rashidi','male','حلقة الرشيدي',NULL,30,NULL,'active',1784389805093);
INSERT OR IGNORE INTO daily_entries (id,client_uuid,weekly_record_id,mosque_id,week_start,day,activity_type_id,count,points,note,participant_count,shura_confirmed,entered_by,entered_by_committee,recorded_at,synced_at) VALUES
('zde10','cu11','zwrz','zmd','2025-12-06','sat','m_quran',4,4,NULL,8,1,NULL,NULL,1784389805093,1784389805093),
('zde12','cu13','zwrz','zmd','2025-12-06','tue','m_media_post',2,2,NULL,6,1,NULL,NULL,1784389805093,1784389805093),
('zde14','cu15','zwrz','zmd','2025-12-06','mon','m_family_meeting',2,2,NULL,8,1,NULL,NULL,1784389805093,1784389805093),
('zde16','cu17','zwrz','zmd','2025-12-06','sun','m_media_post',1,1,NULL,1,1,NULL,NULL,1784389805093,1784389805093),
('zde1z','cu20','zwr1y','zm18','2025-12-06','mon','m_lesson_mosque',1,2,NULL,2,1,NULL,NULL,1784389805093,1784389805093),
('zde21','cu22','zwr1y','zm18','2025-12-06','sat','m_lesson_mosque',3,6,NULL,4,1,NULL,NULL,1784389805093,1784389805093),
('zde23','cu24','zwr1y','zm18','2025-12-06','wed','m_lecture_attend',4,4,NULL,3,1,NULL,NULL,1784389805093,1784389805093),
('zde25','cu26','zwr1y','zm18','2025-12-06','mon','m_lessons',1,1,NULL,3,1,NULL,NULL,1784389805093,1784389805093),
('zde2v','cu2w','zwr2u','zm27','2025-12-06','mon','m_quran',1,1,NULL,9,1,NULL,NULL,1784389805093,1784389805093),
('zde2x','cu2y','zwr2u','zm27','2025-12-06','sun','m_lessons',4,4,NULL,4,1,NULL,NULL,1784389805093,1784389805093),
('zde2z','cu30','zwr2u','zm27','2025-12-06','tue','m_family_meeting',1,1,NULL,6,1,NULL,NULL,1784389805093,1784389805093),
('zde31','cu32','zwr2u','zm27','2025-12-06','wed','m_quran',1,1,NULL,7,1,NULL,NULL,1784389805093,1784389805093),
('zde3u','cu3v','zwr3t','zm33','2025-12-06','tue','m_ala_baseera',3,6,NULL,9,1,NULL,NULL,1784389805093,1784389805093),
('zde3w','cu3x','zwr3t','zm33','2025-12-06','sun','m_lessons',3,3,NULL,1,1,NULL,NULL,1784389805093,1784389805093),
('zde3y','cu3z','zwr3t','zm33','2025-12-06','wed','m_lessons',4,4,NULL,8,1,NULL,NULL,1784389805093,1784389805093),
('zde40','cu41','zwr3t','zm33','2025-12-06','tue','m_lecture_attend',1,1,NULL,1,1,NULL,NULL,1784389805093,1784389805093),
('zde42','cu43','zwr3t','zm33','2025-12-06','wed','m_lessons',3,3,NULL,9,1,NULL,NULL,1784389805093,1784389805093),
('zde4q','cu4r','zwr4p','zm44','2025-12-06','tue','m_lessons',4,4,NULL,4,1,NULL,NULL,1784389805093,1784389805093),
('zde4s','cu4t','zwr4p','zm44','2025-12-06','sat','m_ala_baseera',3,6,NULL,9,1,NULL,NULL,1784389805093,1784389805093),
('zde4u','cu4v','zwr4p','zm44','2025-12-06','sun','m_lessons',3,3,NULL,9,1,NULL,NULL,1784389805093,1784389805093),
('zde4w','cu4x','zwr4p','zm44','2025-12-06','sun','m_lesson_mosque',4,8,NULL,2,1,NULL,NULL,1784389805093,1784389805093),
('zde4y','cu4z','zwr4p','zm44','2025-12-06','sat','m_lecture_attend',4,4,NULL,9,1,NULL,NULL,1784389805093,1784389805093),
('zde50','cu51','zwr4p','zm44','2025-12-06','mon','m_lessons',3,3,NULL,6,1,NULL,NULL,1784389805093,1784389805093),
('zde52','cu53','zwr4p','zm44','2025-12-06','sat','m_ala_baseera',3,6,NULL,1,1,NULL,NULL,1784389805093,1784389805093),
('zde5q','cu5r','zwr5p','zm54','2025-12-06','mon','m_lecture_attend',4,4,NULL,4,1,NULL,NULL,1784389805093,1784389805093),
('zde5s','cu5t','zwr5p','zm54','2025-12-06','tue','m_quran',1,1,NULL,8,1,NULL,NULL,1784389805093,1784389805093),
('zde5u','cu5v','zwr5p','zm54','2025-12-06','mon','m_quran',1,1,NULL,4,1,NULL,NULL,1784389805093,1784389805093),
('zde5w','cu5x','zwr5p','zm54','2025-12-06','sun','m_quran',3,3,NULL,6,1,NULL,NULL,1784389805093,1784389805093),
('zde5y','cu5z','zwr5p','zm54','2025-12-06','sun','m_media_post',3,3,NULL,7,1,NULL,NULL,1784389805093,1784389805093),
('zde6m','cu6n','zwr6l','zm60','2025-12-06','sun','m_ala_baseera',2,4,NULL,9,1,NULL,NULL,1784389805093,1784389805093),
('zde6o','cu6p','zwr6l','zm60','2025-12-06','mon','m_media_post',1,1,NULL,1,1,NULL,NULL,1784389805093,1784389805093),
('zde6q','cu6r','zwr6l','zm60','2025-12-06','wed','m_quran',2,2,NULL,8,1,NULL,NULL,1784389805093,1784389805093),
('zde6s','cu6t','zwr6l','zm60','2025-12-06','wed','m_lecture_attend',4,4,NULL,8,1,NULL,NULL,1784389805093,1784389805093),
('zde7i','cu7j','zwr7h','zm6u','2025-12-06','sun','m_quran',1,1,NULL,1,1,NULL,NULL,1784389805093,1784389805093),
('zde7k','cu7l','zwr7h','zm6u','2025-12-06','sat','m_ala_baseera',3,6,NULL,2,1,NULL,NULL,1784389805093,1784389805093),
('zde7m','cu7n','zwr7h','zm6u','2025-12-06','wed','m_lesson_mosque',4,8,NULL,3,1,NULL,NULL,1784389805093,1784389805093),
('zde7o','cu7p','zwr7h','zm6u','2025-12-06','sun','m_quran',3,3,NULL,6,1,NULL,NULL,1784389805093,1784389805093),
('zde8k','cu8l','zwr8j','zm7t','2025-12-06','wed','m_lecture_attend',2,2,NULL,7,1,NULL,NULL,1784389805093,1784389805093),
('zde8m','cu8n','zwr8j','zm7t','2025-12-06','sat','m_family_meeting',1,1,NULL,9,1,NULL,NULL,1784389805093,1784389805093),
('zde8o','cu8p','zwr8j','zm7t','2025-12-06','sat','m_family_meeting',4,4,NULL,2,1,NULL,NULL,1784389805093,1784389805093),
('zde9d','cu9e','zwr9c','zm8q','2025-12-06','sat','m_lessons',2,2,NULL,6,1,NULL,NULL,1784389805093,1784389805093),
('zde9f','cu9g','zwr9c','zm8q','2025-12-06','tue','m_family_meeting',1,1,NULL,1,1,NULL,NULL,1784389805093,1784389805093),
('zde9h','cu9i','zwr9c','zm8q','2025-12-06','tue','m_lesson_mosque',4,8,NULL,4,1,NULL,NULL,1784389805093,1784389805093),
('zde9j','cu9k','zwr9c','zm8q','2025-12-06','sat','m_quran',4,4,NULL,2,1,NULL,NULL,1784389805093,1784389805093),
('zde9l','cu9m','zwr9c','zm8q','2025-12-06','mon','m_lessons',4,4,NULL,4,1,NULL,NULL,1784389805093,1784389805093),
('zdea8','cua9','zwra7','zm9n','2025-12-06','sun','m_lesson_mosque',3,6,NULL,8,1,NULL,NULL,1784389805093,1784389805093),
('zdeaa','cuab','zwra7','zm9n','2025-12-06','tue','m_lesson_mosque',4,8,NULL,3,1,NULL,NULL,1784389805093,1784389805093),
('zdeac','cuad','zwra7','zm9n','2025-12-06','sat','m_lesson_mosque',3,6,NULL,9,1,NULL,NULL,1784389805093,1784389805093),
('zdeae','cuaf','zwra7','zm9n','2025-12-06','wed','m_family_meeting',4,4,NULL,2,1,NULL,NULL,1784389805093,1784389805093),
('zdeb5','cub6','zwrb4','zmag','2025-12-06','wed','m_lesson_mosque',3,6,NULL,6,1,NULL,NULL,1784389805093,1784389805093),
('zdeb7','cub8','zwrb4','zmag','2025-12-06','tue','m_lecture_attend',1,1,NULL,8,1,NULL,NULL,1784389805093,1784389805093),
('zdeb9','cuba','zwrb4','zmag','2025-12-06','wed','m_lecture_attend',1,1,NULL,6,1,NULL,NULL,1784389805093,1784389805093),
('zdebb','cubc','zwrb4','zmag','2025-12-06','sun','m_ala_baseera',1,2,NULL,2,1,NULL,NULL,1784389805093,1784389805093),
('zdec4','cuc5','zwrc3','zmbd','2025-12-06','sun','m_family_meeting',4,4,NULL,8,1,NULL,NULL,1784389805093,1784389805093),
('zdec6','cuc7','zwrc3','zmbd','2025-12-06','tue','m_lesson_mosque',1,2,NULL,6,1,NULL,NULL,1784389805093,1784389805093),
('zdec8','cuc9','zwrc3','zmbd','2025-12-06','wed','m_lesson_mosque',4,8,NULL,9,1,NULL,NULL,1784389805093,1784389805093),
('zdeca','cucb','zwrc3','zmbd','2025-12-06','tue','m_lecture_attend',4,4,NULL,8,1,NULL,NULL,1784389805093,1784389805093),
('zdecc','cucd','zwrc3','zmbd','2025-12-06','sun','m_lecture_attend',1,1,NULL,1,1,NULL,NULL,1784389805093,1784389805093),
('zdece','cucf','zwrc3','zmbd','2025-12-06','wed','m_ala_baseera',2,4,NULL,8,1,NULL,NULL,1784389805093,1784389805093),
('zdecg','cuch','zwrc3','zmbd','2025-12-06','sun','m_lesson_mosque',1,2,NULL,6,1,NULL,NULL,1784389805093,1784389805093);
INSERT OR IGNORE INTO daily_entries (id,client_uuid,weekly_record_id,mosque_id,week_start,day,activity_type_id,count,points,note,participant_count,shura_confirmed,entered_by,entered_by_committee,recorded_at,synced_at) VALUES
('zded3','cud4','zwrd2','zmci','2025-12-06','sat','m_media_post',3,3,NULL,6,1,NULL,NULL,1784389805093,1784389805093),
('zded5','cud6','zwrd2','zmci','2025-12-06','sun','m_quran',4,4,NULL,8,1,NULL,NULL,1784389805093,1784389805093),
('zded7','cud8','zwrd2','zmci','2025-12-06','wed','m_lesson_mosque',4,8,NULL,9,1,NULL,NULL,1784389805093,1784389805093),
('zded9','cuda','zwrd2','zmci','2025-12-06','sat','m_media_post',4,4,NULL,8,1,NULL,NULL,1784389805093,1784389805093),
('zdedw','cudx','zwrdv','zmdb','2025-12-06','mon','m_quran',4,4,NULL,3,1,NULL,NULL,1784389805093,1784389805093),
('zdedy','cudz','zwrdv','zmdb','2025-12-06','mon','m_lesson_mosque',2,4,NULL,8,1,NULL,NULL,1784389805093,1784389805093),
('zdee0','cue1','zwrdv','zmdb','2025-12-06','sun','m_family_meeting',1,1,NULL,8,1,NULL,NULL,1784389805093,1784389805093),
('zdee2','cue3','zwrdv','zmdb','2025-12-06','mon','m_family_meeting',3,3,NULL,4,1,NULL,NULL,1784389805093,1784389805093),
('zdee4','cue5','zwrdv','zmdb','2025-12-06','sun','m_lessons',2,2,NULL,1,1,NULL,NULL,1784389805093,1784389805093),
('zdeez','cuf0','zwrey','zmec','2025-12-06','sat','m_quran',4,4,NULL,3,1,NULL,NULL,1784389805093,1784389805093),
('zdef1','cuf2','zwrey','zmec','2025-12-06','wed','m_lesson_mosque',1,2,NULL,5,1,NULL,NULL,1784389805093,1784389805093),
('zdef3','cuf4','zwrey','zmec','2025-12-06','tue','m_family_meeting',4,4,NULL,1,1,NULL,NULL,1784389805093,1784389805093),
('zdef5','cuf6','zwrey','zmec','2025-12-06','mon','m_quran',3,3,NULL,8,1,NULL,NULL,1784389805093,1784389805093),
('zdefw','cufx','zwrfv','zmf7','2025-12-06','mon','m_quran',1,1,NULL,1,1,NULL,NULL,1784389805093,1784389805093),
('zdefy','cufz','zwrfv','zmf7','2025-12-06','tue','m_quran',1,1,NULL,1,1,NULL,NULL,1784389805093,1784389805093),
('zdeg0','cug1','zwrfv','zmf7','2025-12-06','sun','m_family_meeting',2,2,NULL,7,1,NULL,NULL,1784389805093,1784389805093),
('zdeg2','cug3','zwrfv','zmf7','2025-12-06','wed','m_lesson_mosque',2,4,NULL,5,1,NULL,NULL,1784389805093,1784389805093),
('zdeg4','cug5','zwrfv','zmf7','2025-12-06','tue','m_lecture_attend',2,2,NULL,5,1,NULL,NULL,1784389805093,1784389805093),
('zdegr','cugs','zwrgq','zmg6','2025-12-06','sat','m_ala_baseera',1,2,NULL,7,1,NULL,NULL,1784389805093,1784389805093),
('zdegt','cugu','zwrgq','zmg6','2025-12-06','tue','m_lecture_attend',1,1,NULL,3,1,NULL,NULL,1784389805093,1784389805093),
('zdegv','cugw','zwrgq','zmg6','2025-12-06','sun','m_lessons',3,3,NULL,7,1,NULL,NULL,1784389805093,1784389805093),
('zdegx','cugy','zwrgq','zmg6','2025-12-06','wed','m_family_meeting',2,2,NULL,9,1,NULL,NULL,1784389805093,1784389805093),
('zdegz','cuh0','zwrgq','zmg6','2025-12-06','tue','m_media_post',3,3,NULL,5,1,NULL,NULL,1784389805093,1784389805093),
('zdehm','cuhn','zwrhl','zmh1','2025-12-06','sat','m_lesson_mosque',2,4,NULL,5,1,NULL,NULL,1784389805093,1784389805093),
('zdeho','cuhp','zwrhl','zmh1','2025-12-06','sat','m_lesson_mosque',2,4,NULL,6,1,NULL,NULL,1784389805093,1784389805093),
('zdehq','cuhr','zwrhl','zmh1','2025-12-06','sun','m_lecture_attend',3,3,NULL,3,1,NULL,NULL,1784389805093,1784389805093),
('zdehs','cuht','zwrhl','zmh1','2025-12-06','mon','m_media_post',4,4,NULL,1,1,NULL,NULL,1784389805093,1784389805093),
('zdehu','cuhv','zwrhl','zmh1','2025-12-06','mon','m_lecture_attend',4,4,NULL,9,1,NULL,NULL,1784389805093,1784389805093),
('zdeig','cuih','zwrif','zmhw','2025-12-06','tue','m_media_post',3,3,NULL,5,1,NULL,NULL,1784389805093,1784389805093),
('zdeii','cuij','zwrif','zmhw','2025-12-06','wed','m_media_post',2,2,NULL,6,1,NULL,NULL,1784389805093,1784389805093),
('zdeik','cuil','zwrif','zmhw','2025-12-06','tue','m_family_meeting',3,3,NULL,1,1,NULL,NULL,1784389805093,1784389805093),
('zdeim','cuin','zwrif','zmhw','2025-12-06','sat','m_lessons',2,2,NULL,8,1,NULL,NULL,1784389805093,1784389805093),
('zdeio','cuip','zwrif','zmhw','2025-12-06','sat','m_family_meeting',2,2,NULL,6,1,NULL,NULL,1784389805093,1784389805093),
('zdeje','cujf','zwrjd','zmit','2025-12-06','sun','m_media_post',4,4,NULL,6,1,NULL,NULL,1784389805093,1784389805093),
('zdejg','cujh','zwrjd','zmit','2025-12-06','wed','m_media_post',3,3,NULL,8,1,NULL,NULL,1784389805093,1784389805093),
('zdeji','cujj','zwrjd','zmit','2025-12-06','sun','m_family_meeting',1,1,NULL,8,1,NULL,NULL,1784389805093,1784389805093),
('zdejk','cujl','zwrjd','zmit','2025-12-06','sun','m_lesson_mosque',3,6,NULL,1,1,NULL,NULL,1784389805093,1784389805093),
('zdejm','cujn','zwrjd','zmit','2025-12-06','tue','m_family_meeting',2,2,NULL,8,1,NULL,NULL,1784389805093,1784389805093),
('zdejo','cujp','zwrjd','zmit','2025-12-06','wed','m_lecture_attend',1,1,NULL,1,1,NULL,NULL,1784389805093,1784389805093),
('zdekg','cukh','zwrkf','zmjq','2025-12-06','wed','m_family_meeting',3,3,NULL,7,1,NULL,NULL,1784389805093,1784389805093),
('zdeki','cukj','zwrkf','zmjq','2025-12-06','tue','m_lecture_attend',3,3,NULL,6,1,NULL,NULL,1784389805093,1784389805093),
('zdekk','cukl','zwrkf','zmjq','2025-12-06','wed','m_quran',4,4,NULL,4,1,NULL,NULL,1784389805093,1784389805093),
('zdekm','cukn','zwrkf','zmjq','2025-12-06','sat','m_lesson_mosque',2,4,NULL,8,1,NULL,NULL,1784389805093,1784389805093),
('zdeko','cukp','zwrkf','zmjq','2025-12-06','sun','m_lessons',2,2,NULL,7,1,NULL,NULL,1784389805093,1784389805093),
('zdelc','culd','zwrlb','zmkq','2025-12-06','sat','m_lesson_mosque',1,2,NULL,5,1,NULL,NULL,1784389805093,1784389805093),
('zdele','culf','zwrlb','zmkq','2025-12-06','sat','m_lesson_mosque',1,2,NULL,2,1,NULL,NULL,1784389805093,1784389805093),
('zdelg','culh','zwrlb','zmkq','2025-12-06','sat','m_lessons',1,1,NULL,7,1,NULL,NULL,1784389805093,1784389805093),
('zdeli','culj','zwrlb','zmkq','2025-12-06','wed','m_lesson_mosque',1,2,NULL,2,1,NULL,NULL,1784389805093,1784389805093),
('zdelk','cull','zwrlb','zmkq','2025-12-06','sun','m_quran',4,4,NULL,4,1,NULL,NULL,1784389805093,1784389805093),
('zdelm','culn','zwrlb','zmkq','2025-12-06','tue','m_quran',1,1,NULL,5,1,NULL,NULL,1784389805093,1784389805093),
('zden1','cun2','zwrn0','zmme','2025-12-06','sun','m_lecture_attend',4,4,NULL,1,1,NULL,NULL,1784389805093,1784389805093),
('zden3','cun4','zwrn0','zmme','2025-12-06','sat','m_family_meeting',1,1,NULL,7,1,NULL,NULL,1784389805093,1784389805093),
('zden5','cun6','zwrn0','zmme','2025-12-06','sat','m_ala_baseera',2,4,NULL,7,1,NULL,NULL,1784389805093,1784389805093),
('zdenw','cunx','zwrnv','zmn7','2025-12-06','tue','m_lesson_mosque',1,2,NULL,4,1,NULL,NULL,1784389805093,1784389805093),
('zdeny','cunz','zwrnv','zmn7','2025-12-06','mon','m_family_meeting',4,4,NULL,8,1,NULL,NULL,1784389805093,1784389805093),
('zdeo0','cuo1','zwrnv','zmn7','2025-12-06','tue','m_family_meeting',2,2,NULL,1,1,NULL,NULL,1784389805093,1784389805093),
('zdeop','cuoq','zwroo','zmo2','2025-12-06','mon','m_lessons',1,1,NULL,7,1,NULL,NULL,1784389805093,1784389805093),
('zdeor','cuos','zwroo','zmo2','2025-12-06','sun','m_family_meeting',1,1,NULL,6,1,NULL,NULL,1784389805093,1784389805093),
('zdeot','cuou','zwroo','zmo2','2025-12-06','tue','m_family_meeting',3,3,NULL,4,1,NULL,NULL,1784389805093,1784389805093),
('zdeov','cuow','zwroo','zmo2','2025-12-06','tue','m_family_meeting',1,1,NULL,7,1,NULL,NULL,1784389805093,1784389805093);
INSERT OR IGNORE INTO daily_entries (id,client_uuid,weekly_record_id,mosque_id,week_start,day,activity_type_id,count,points,note,participant_count,shura_confirmed,entered_by,entered_by_committee,recorded_at,synced_at) VALUES
('zdeox','cuoy','zwroo','zmo2','2025-12-06','sat','m_media_post',4,4,NULL,1,1,NULL,NULL,1784389805093,1784389805093),
('zdeoz','cup0','zwroo','zmo2','2025-12-06','mon','m_lesson_mosque',2,4,NULL,5,1,NULL,NULL,1784389805093,1784389805093),
('zdep1','cup2','zwroo','zmo2','2025-12-06','sat','m_quran',3,3,NULL,1,1,NULL,NULL,1784389805093,1784389805093),
('zdepu','cupv','zwrpt','zmp3','2025-12-06','sun','m_lecture_attend',2,2,NULL,1,1,NULL,NULL,1784389805093,1784389805093),
('zdepw','cupx','zwrpt','zmp3','2025-12-06','mon','m_lecture_attend',1,1,NULL,9,1,NULL,NULL,1784389805093,1784389805093),
('zdepy','cupz','zwrpt','zmp3','2025-12-06','sat','m_family_meeting',4,4,NULL,3,1,NULL,NULL,1784389805093,1784389805093),
('zdeq0','cuq1','zwrpt','zmp3','2025-12-06','wed','m_lecture_attend',1,1,NULL,4,1,NULL,NULL,1784389805093,1784389805093),
('zdeq2','cuq3','zwrpt','zmp3','2025-12-06','sun','m_lessons',4,4,NULL,5,1,NULL,NULL,1784389805093,1784389805093),
('zdeqt','cuqu','zwrqs','zmqa','2025-12-06','mon','m_media_post',3,3,NULL,1,1,NULL,NULL,1784389805093,1784389805093),
('zdeqv','cuqw','zwrqs','zmqa','2025-12-06','tue','m_family_meeting',4,4,NULL,8,1,NULL,NULL,1784389805093,1784389805093),
('zdeqx','cuqy','zwrqs','zmqa','2025-12-06','tue','m_media_post',4,4,NULL,4,1,NULL,NULL,1784389805093,1784389805093),
('zdeqz','cur0','zwrqs','zmqa','2025-12-06','sat','m_media_post',3,3,NULL,1,1,NULL,NULL,1784389805093,1784389805093),
('zderk','curl','zwrrj','zmr1','2025-12-06','tue','m_lessons',3,3,NULL,4,1,NULL,NULL,1784389805093,1784389805093),
('zderm','curn','zwrrj','zmr1','2025-12-06','tue','m_lecture_attend',1,1,NULL,9,1,NULL,NULL,1784389805093,1784389805093),
('zdero','curp','zwrrj','zmr1','2025-12-06','mon','m_family_meeting',4,4,NULL,7,1,NULL,NULL,1784389805093,1784389805093),
('zderq','curr','zwrrj','zmr1','2025-12-06','wed','m_family_meeting',1,1,NULL,1,1,NULL,NULL,1784389805093,1784389805093),
('zdese','cusf','zwrsd','zmrs','2025-12-06','wed','m_media_post',2,2,NULL,2,1,NULL,NULL,1784389805093,1784389805093),
('zdesg','cush','zwrsd','zmrs','2025-12-06','mon','m_media_post',1,1,NULL,3,1,NULL,NULL,1784389805093,1784389805093),
('zdesi','cusj','zwrsd','zmrs','2025-12-06','sat','m_ala_baseera',1,2,NULL,5,1,NULL,NULL,1784389805093,1784389805093),
('zdesk','cusl','zwrsd','zmrs','2025-12-06','tue','m_quran',3,3,NULL,3,1,NULL,NULL,1784389805093,1784389805093),
('zdety','cutz','zwrtx','zmt8','2025-12-06','tue','m_quran',4,4,NULL,1,1,NULL,NULL,1784389805093,1784389805093),
('zdeu0','cuu1','zwrtx','zmt8','2025-12-06','wed','m_lecture_attend',1,1,NULL,8,1,NULL,NULL,1784389805093,1784389805093),
('zdeu2','cuu3','zwrtx','zmt8','2025-12-06','mon','m_lessons',3,3,NULL,6,1,NULL,NULL,1784389805093,1784389805093),
('zdeu4','cuu5','zwrtx','zmt8','2025-12-06','sun','m_ala_baseera',4,8,NULL,6,1,NULL,NULL,1784389805093,1784389805093),
('zdeux','cuuy','zwruw','zmu9','2025-12-06','sun','m_lecture_attend',3,3,NULL,1,1,NULL,NULL,1784389805093,1784389805093),
('zdeuz','cuv0','zwruw','zmu9','2025-12-06','tue','m_lessons',2,2,NULL,5,1,NULL,NULL,1784389805093,1784389805093),
('zdev1','cuv2','zwruw','zmu9','2025-12-06','sat','m_media_post',3,3,NULL,9,1,NULL,NULL,1784389805093,1784389805093),
('zdev3','cuv4','zwruw','zmu9','2025-12-06','wed','m_quran',3,3,NULL,4,1,NULL,NULL,1784389805093,1784389805093),
('zdev5','cuv6','zwruw','zmu9','2025-12-06','sun','m_lesson_mosque',3,6,NULL,3,1,NULL,NULL,1784389805093,1784389805093),
('zdev7','cuv8','zwruw','zmu9','2025-12-06','sun','m_media_post',3,3,NULL,1,1,NULL,NULL,1784389805093,1784389805093),
('zdevw','cuvx','zwrvv','zmv9','2025-12-06','sat','m_lecture_attend',3,3,NULL,8,1,NULL,NULL,1784389805093,1784389805093),
('zdevy','cuvz','zwrvv','zmv9','2025-12-06','mon','m_family_meeting',4,4,NULL,9,1,NULL,NULL,1784389805093,1784389805093),
('zdew0','cuw1','zwrvv','zmv9','2025-12-06','sat','m_ala_baseera',4,8,NULL,5,1,NULL,NULL,1784389805093,1784389805093),
('zdew2','cuw3','zwrvv','zmv9','2025-12-06','sat','m_ala_baseera',1,2,NULL,3,1,NULL,NULL,1784389805093,1784389805093),
('zdewv','cuww','zwrwu','zmw4','2025-12-06','wed','m_lecture_attend',2,2,NULL,2,1,NULL,NULL,1784389805093,1784389805093),
('zdewx','cuwy','zwrwu','zmw4','2025-12-06','tue','m_lecture_attend',2,2,NULL,8,1,NULL,NULL,1784389805093,1784389805093),
('zdewz','cux0','zwrwu','zmw4','2025-12-06','sat','m_lessons',1,1,NULL,5,1,NULL,NULL,1784389805093,1784389805093),
('zdex1','cux2','zwrwu','zmw4','2025-12-06','wed','m_lessons',2,2,NULL,1,1,NULL,NULL,1784389805093,1784389805093),
('zdeyc','cuyd','zwryb','zmxq','2025-12-06','mon','m_media_post',4,4,NULL,2,1,NULL,NULL,1784389805093,1784389805093),
('zdeye','cuyf','zwryb','zmxq','2025-12-06','sat','m_family_meeting',3,3,NULL,5,1,NULL,NULL,1784389805093,1784389805093),
('zdeyg','cuyh','zwryb','zmxq','2025-12-06','wed','m_ala_baseera',3,6,NULL,9,1,NULL,NULL,1784389805093,1784389805093),
('zdeyi','cuyj','zwryb','zmxq','2025-12-06','sun','m_lessons',1,1,NULL,2,1,NULL,NULL,1784389805093,1784389805093),
('zdezw','cuzx','zwrzv','zmz8','2025-12-06','wed','m_family_meeting',1,1,NULL,1,1,NULL,NULL,1784389805093,1784389805093),
('zdezy','cuzz','zwrzv','zmz8','2025-12-06','sun','m_lesson_mosque',1,2,NULL,9,1,NULL,NULL,1784389805093,1784389805093),
('zde100','cu101','zwrzv','zmz8','2025-12-06','wed','m_media_post',2,2,NULL,7,1,NULL,NULL,1784389805093,1784389805093),
('zde10w','cu10x','zwr10v','zm102','2025-12-06','sat','m_lessons',3,3,NULL,8,1,NULL,NULL,1784389805093,1784389805093),
('zde10y','cu10z','zwr10v','zm102','2025-12-06','tue','m_lessons',3,3,NULL,8,1,NULL,NULL,1784389805093,1784389805093),
('zde110','cu111','zwr10v','zm102','2025-12-06','wed','m_lessons',2,2,NULL,7,1,NULL,NULL,1784389805093,1784389805093),
('zde112','cu113','zwr10v','zm102','2025-12-06','tue','m_lessons',1,1,NULL,5,1,NULL,NULL,1784389805093,1784389805093),
('zde114','cu115','zwr10v','zm102','2025-12-06','sat','m_lessons',2,2,NULL,1,1,NULL,NULL,1784389805093,1784389805093),
('zde116','cu117','zwr10v','zm102','2025-12-06','mon','m_lesson_mosque',3,6,NULL,2,1,NULL,NULL,1784389805093,1784389805093),
('zde11v','cu11w','zwr11u','zm118','2025-12-06','sat','m_lessons',4,4,NULL,3,1,NULL,NULL,1784389805093,1784389805093),
('zde11x','cu11y','zwr11u','zm118','2025-12-06','tue','m_family_meeting',3,3,NULL,9,1,NULL,NULL,1784389805093,1784389805093),
('zde11z','cu120','zwr11u','zm118','2025-12-06','wed','m_family_meeting',3,3,NULL,1,1,NULL,NULL,1784389805093,1784389805093),
('zde121','cu122','zwr11u','zm118','2025-12-06','wed','m_quran',4,4,NULL,5,1,NULL,NULL,1784389805093,1784389805093),
('zde12o','cu12p','zwr12n','zm123','2025-12-06','sun','m_media_post',4,4,NULL,6,1,NULL,NULL,1784389805093,1784389805093),
('zde12q','cu12r','zwr12n','zm123','2025-12-06','sat','m_lecture_attend',1,1,NULL,8,1,NULL,NULL,1784389805093,1784389805093),
('zde12s','cu12t','zwr12n','zm123','2025-12-06','sun','m_lesson_mosque',3,6,NULL,2,1,NULL,NULL,1784389805093,1784389805093),
('zde12u','cu12v','zwr12n','zm123','2025-12-06','sun','m_media_post',1,1,NULL,2,1,NULL,NULL,1784389805093,1784389805093),
('zde13i','cu13j','zwr13h','zm12w','2025-12-06','mon','m_family_meeting',4,4,NULL,9,1,NULL,NULL,1784389805093,1784389805093);
INSERT OR IGNORE INTO daily_entries (id,client_uuid,weekly_record_id,mosque_id,week_start,day,activity_type_id,count,points,note,participant_count,shura_confirmed,entered_by,entered_by_committee,recorded_at,synced_at) VALUES
('zde13k','cu13l','zwr13h','zm12w','2025-12-06','wed','m_media_post',1,1,NULL,8,1,NULL,NULL,1784389805093,1784389805093),
('zde13m','cu13n','zwr13h','zm12w','2025-12-06','mon','m_quran',1,1,NULL,1,1,NULL,NULL,1784389805093,1784389805093),
('zde14d','cu14e','zwr14c','zm13o','2025-12-06','wed','m_lecture_attend',3,3,NULL,9,1,NULL,NULL,1784389805093,1784389805093),
('zde14f','cu14g','zwr14c','zm13o','2025-12-06','sat','m_lesson_mosque',3,6,NULL,6,1,NULL,NULL,1784389805093,1784389805093),
('zde14h','cu14i','zwr14c','zm13o','2025-12-06','mon','m_lecture_attend',4,4,NULL,3,1,NULL,NULL,1784389805093,1784389805093),
('zde14j','cu14k','zwr14c','zm13o','2025-12-06','sat','m_media_post',4,4,NULL,9,1,NULL,NULL,1784389805093,1784389805093),
('zde14l','cu14m','zwr14c','zm13o','2025-12-06','mon','m_ala_baseera',1,2,NULL,2,1,NULL,NULL,1784389805093,1784389805093),
('zde158','cu159','zwr157','zm14n','2025-12-06','sat','m_lesson_mosque',2,4,NULL,9,1,NULL,NULL,1784389805093,1784389805093),
('zde15a','cu15b','zwr157','zm14n','2025-12-06','wed','m_ala_baseera',2,4,NULL,6,1,NULL,NULL,1784389805093,1784389805093),
('zde15c','cu15d','zwr157','zm14n','2025-12-06','mon','m_ala_baseera',3,6,NULL,8,1,NULL,NULL,1784389805093,1784389805093),
('zde15e','cu15f','zwr157','zm14n','2025-12-06','wed','m_family_meeting',2,2,NULL,7,1,NULL,NULL,1784389805093,1784389805093),
('zde15g','cu15h','zwr157','zm14n','2025-12-06','sun','m_lessons',4,4,NULL,9,1,NULL,NULL,1784389805093,1784389805093);
INSERT OR IGNORE INTO weekly_records (id,mosque_id,mosque_path,week_start,hijri_month,scheme_id,total_points,status,locked,locked_at,last_entry_at,approved_by_amir,approved_by_layer,created_at) VALUES
('zwrz','zmd','/men/zr5/zq9/zmd/','2026-07-18','1448-02','scheme-male',9,'draft',0,NULL,1783957805093,NULL,NULL,1783785005093),
('zwr1y','zm18','/men/zr5/zq9/zm18/','2026-07-11','1448-02','scheme-male',13,'draft',0,NULL,1784044205093,NULL,NULL,1784303405093),
('zwr2u','zm27','/men/zr5/zq9/zm27/','2026-07-18','1448-02','scheme-male',7,'layer_approved',1,1784217005093,1784044205093,'u-admin','u-admin',1783698605093),
('zwr3t','zm33','/men/zr5/zq9/zm33/','2026-07-18','1448-02','scheme-male',17,'layer_approved',1,1784217005093,1784303405093,'u-admin','u-admin',1783871405093),
('zwr4p','zm44','/men/zr5/zq9/zm44/','2026-07-11','1448-02','scheme-male',34,'layer_approved',1,1784217005093,1783871405093,'u-admin','u-admin',1783785005093),
('zwr5p','zm54','/men/zr5/zq9/zm54/','2026-07-11','1448-02','scheme-male',12,'draft',0,NULL,1783698605093,NULL,NULL,1784303405093),
('zwr6l','zm60','/men/zr5/zq9/zm60/','2026-07-18','1448-02','scheme-male',11,'amir_approved',0,NULL,1784130605093,'u-admin',NULL,1784303405093),
('zwr7h','zm6u','/men/zr5/zq9/zm6u/','2026-07-11','1448-02','scheme-male',18,'layer_approved',1,1784217005093,1783698605093,'u-admin','u-admin',1783871405093),
('zwr8j','zm7t','/men/zr5/zq7q/zm7t/','2026-07-11','1448-02','scheme-male',7,'draft',0,NULL,1783698605093,NULL,NULL,1784130605093),
('zwr9c','zm8q','/men/zr5/zq7q/zm8q/','2026-07-18','1448-02','scheme-male',19,'draft',0,NULL,1784389805093,NULL,NULL,1784044205093),
('zwra7','zm9n','/men/zr5/zq7q/zm9n/','2026-07-18','1448-02','scheme-male',24,'amir_approved',0,NULL,1784389805093,'u-admin',NULL,1784217005093),
('zwrb4','zmag','/men/zr5/zq7q/zmag/','2026-07-18','1448-02','scheme-male',10,'draft',0,NULL,1783871405093,NULL,NULL,1783698605093),
('zwrc3','zmbd','/men/zr5/zq7q/zmbd/','2026-07-18','1448-02','scheme-male',25,'draft',0,NULL,1784303405093,NULL,NULL,1784217005093),
('zwrd2','zmci','/men/zr5/zq7q/zmci/','2026-07-18','1448-02','scheme-male',19,'draft',0,NULL,1783871405093,NULL,NULL,1783698605093),
('zwrdv','zmdb','/men/zr5/zq7q/zmdb/','2026-07-11','1448-02','scheme-male',14,'draft',0,NULL,1784389805093,NULL,NULL,1783871405093),
('zwrey','zmec','/men/zre6/zqe9/zmec/','2026-07-11','1448-02','scheme-male',13,'draft',0,NULL,1783785005093,NULL,NULL,1784217005093),
('zwrfv','zmf7','/men/zre6/zqe9/zmf7/','2026-07-11','1448-02','scheme-male',10,'draft',0,NULL,1783957805093,NULL,NULL,1783525805093),
('zwrgq','zmg6','/men/zre6/zqe9/zmg6/','2026-07-11','1448-02','scheme-male',11,'amir_approved',0,NULL,1783871405093,'u-admin',NULL,1783957805093),
('zwrhl','zmh1','/men/zre6/zqe9/zmh1/','2026-07-18','1448-02','scheme-male',19,'draft',0,NULL,1783698605093,NULL,NULL,1783871405093),
('zwrif','zmhw','/men/zre6/zqe9/zmhw/','2026-07-11','1448-02','scheme-male',12,'layer_approved',1,1784217005093,1783698605093,'u-admin','u-admin',1783525805093),
('zwrjd','zmit','/men/zre6/zqiq/zmit/','2026-07-11','1448-02','scheme-male',17,'draft',0,NULL,1783785005093,NULL,NULL,1784130605093),
('zwrkf','zmjq','/men/zre6/zqiq/zmjq/','2026-07-18','1448-02','scheme-male',16,'amir_approved',0,NULL,1783698605093,'u-admin',NULL,1783785005093),
('zwrlb','zmkq','/men/zre6/zqiq/zmkq/','2026-07-11','1448-02','scheme-male',12,'draft',0,NULL,1784303405093,NULL,NULL,1783871405093),
('zwrn0','zmme','/men/zre6/zqiq/zmme/','2026-07-18','1448-02','scheme-male',9,'draft',0,NULL,1784303405093,NULL,NULL,1783871405093),
('zwrnv','zmn7','/men/zre6/zqiq/zmn7/','2026-07-18','1448-02','scheme-male',8,'draft',0,NULL,1784130605093,NULL,NULL,1783698605093),
('zwroo','zmo2','/men/zre6/zqiq/zmo2/','2026-07-11','1448-02','scheme-male',17,'layer_approved',1,1784217005093,1784044205093,'u-admin','u-admin',1784303405093),
('zwrpt','zmp3','/men/zre6/zqiq/zmp3/','2026-07-18','1448-02','scheme-male',12,'draft',0,NULL,1783871405093,NULL,NULL,1784217005093),
('zwrqs','zmqa','/men/zrq4/zqq7/zmqa/','2026-07-18','1448-02','scheme-male',14,'amir_approved',0,NULL,1784303405093,'u-admin',NULL,1783785005093),
('zwrrj','zmr1','/men/zrq4/zqq7/zmr1/','2026-07-11','1448-02','scheme-male',9,'draft',0,NULL,1783698605093,NULL,NULL,1784130605093),
('zwrsd','zmrs','/men/zrq4/zqq7/zmrs/','2026-07-18','1448-02','scheme-male',8,'draft',0,NULL,1783698605093,NULL,NULL,1784303405093),
('zwrtx','zmt8','/men/zrq4/zqq7/zmt8/','2026-07-18','1448-02','scheme-male',16,'layer_approved',1,1784217005093,1783871405093,'u-admin','u-admin',1783785005093),
('zwruw','zmu9','/men/zrq4/zqu6/zmu9/','2026-07-18','1448-02','scheme-male',20,'draft',0,NULL,1783957805093,NULL,NULL,1784130605093),
('zwrvv','zmv9','/men/zrq4/zqu6/zmv9/','2026-07-11','1448-02','scheme-male',17,'draft',0,NULL,1783871405093,NULL,NULL,1783612205093),
('zwrwu','zmw4','/men/zrq4/zqu6/zmw4/','2026-07-11','1448-02','scheme-male',7,'draft',0,NULL,1784389805093,NULL,NULL,1783698605093),
('zwryb','zmxq','/men/zrq4/zqu6/zmxq/','2026-07-18','1448-02','scheme-male',14,'layer_approved',1,1784217005093,1784303405093,'u-admin','u-admin',1783871405093),
('zwrzv','zmz8','/men/zrq4/zqz5/zmz8/','2026-07-11','1448-02','scheme-male',5,'amir_approved',0,NULL,1783785005093,'u-admin',NULL,1783612205093),
('zwr10v','zm102','/men/zrq4/zqz5/zm102/','2026-07-11','1448-02','scheme-male',17,'draft',0,NULL,1783957805093,NULL,NULL,1784217005093),
('zwr11u','zm118','/men/zrq4/zqz5/zm118/','2026-07-11','1448-02','scheme-male',14,'draft',0,NULL,1784217005093,NULL,NULL,1783957805093),
('zwr12n','zm123','/men/zrq4/zqz5/zm123/','2026-07-18','1448-02','scheme-male',12,'layer_approved',1,1784217005093,1784303405093,'u-admin','u-admin',1784303405093),
('zwr13h','zm12w','/men/zrq4/zqz5/zm12w/','2026-07-11','1448-02','scheme-male',6,'draft',0,NULL,1783698605093,NULL,NULL,1784044205093),
('zwr14c','zm13o','/men/zrq4/zqz5/zm13o/','2026-07-18','1448-02','scheme-male',19,'layer_approved',1,1784217005093,1784389805093,'u-admin','u-admin',1784303405093),
('zwr157','zm14n','/men/zrq4/zqz5/zm14n/','2026-07-18','1448-02','scheme-male',20,'draft',0,NULL,1783871405093,NULL,NULL,1784130605093);
INSERT OR IGNORE INTO teachers (id,person_id,qualification,hourly_rate_id,active,created_at) VALUES
('zt15y','zp15x','بكالوريوس شريعة','rate-hour-current',1,1784389805093),
('zt18i','zp18h','بكالوريوس شريعة','rate-hour-current',1,1784389805093),
('zt1b6','zp1b5','حافظة متقنة','rate-hour-current',1,1784389805093),
('zt1f8','zp1f7','إجازة في القرآن','rate-hour-current',1,1784389805093),
('zt1ii','zp1ih','دبلوم تربية','rate-hour-current',1,1784389805093),
('zt1kd','zp1kc','إجازة في القرآن','rate-hour-current',1,1784389805093),
('zt1m2','zp1m1','بكالوريوس شريعة','rate-hour-current',1,1784389805093),
('zt1o3','zp1o2','بكالوريوس شريعة','rate-hour-current',1,1784389805093),
('zt1r5','zp1r4','بكالوريوس شريعة','rate-hour-current',1,1784389805093),
('zt1sq','zp1sp','بكالوريوس شريعة','rate-hour-current',1,1784389805093),
('zt1up','zp1uo','دبلوم تربية','rate-hour-current',1,1784389805093),
('zt1x0','zp1wz','دبلوم تربية','rate-hour-current',1,1784389805093),
('zt1yr','zp1yq','حافظة متقنة','rate-hour-current',1,1784389805093),
('zt21j','zp21i','إجازة في القرآن','rate-hour-current',1,1784389805093),
('zt252','zp251','إجازة في القرآن','rate-hour-current',1,1784389805093),
('zt27d','zp27c','حافظة متقنة','rate-hour-current',1,1784389805093),
('zt2b2','zp2b1','بكالوريوس شريعة','rate-hour-current',1,1784389805093),
('zt2ch','zp2cg','بكالوريوس شريعة','rate-hour-current',1,1784389805093),
('zt2dz','zp2dy','حافظة متقنة','rate-hour-current',1,1784389805093),
('zt2fv','zp2fu','بكالوريوس شريعة','rate-hour-current',1,1784389805093),
('zt2h7','zp2h6',NULL,'rate-hour-current',1,1784389805093),
('zt2ja','zp2j9',NULL,'rate-hour-current',1,1784389805093),
('zt2kr','zp2kq','بكالوريوس شريعة','rate-hour-current',1,1784389805093),
('zt2md','zp2mc','إجازة في القرآن','rate-hour-current',1,1784389805093),
('zt2nt','zp2ns',NULL,'rate-hour-current',1,1784389805093),
('zt2pc','zp2pb','بكالوريوس شريعة','rate-hour-current',1,1784389805093),
('zt2qx','zp2qw','إجازة في القرآن','rate-hour-current',1,1784389805093),
('zt2ss','zp2sr','إجازة في القرآن','rate-hour-current',1,1784389805093),
('zt2va','zp2v9',NULL,'rate-hour-current',1,1784389805093),
('zt2x0','zp2wz','حافظة متقنة','rate-hour-current',1,1784389805093),
('zt2zw','zp2zv','إجازة في القرآن','rate-hour-current',1,1784389805093),
('zt32x','zpn','دبلوم تربية','rate-hour-current',1,1784389805093),
('zt32y','zp2g','إجازة في القرآن','rate-hour-current',1,1784389805093),
('zt32z','zp3e','دبلوم تربية','rate-hour-current',1,1784389805093),
('zt330','zp4d','إجازة في القرآن','rate-hour-current',1,1784389805093),
('zt331','zp8a','حافظة متقنة','rate-hour-current',1,1784389805093),
('zt332','zp91','حافظة متقنة','rate-hour-current',1,1784389805093),
('zt333','zp99','حافظة متقنة','rate-hour-current',1,1784389805093),
('zt334','zpar','إجازة في القرآن','rate-hour-current',1,1784389805093),
('zt335','zpat','بكالوريوس شريعة','rate-hour-current',1,1784389805093),
('zt336','zpav','دبلوم تربية','rate-hour-current',1,1784389805093),
('zt337','zpdi','حافظة متقنة','rate-hour-current',1,1784389805093),
('zt338','zpdo','بكالوريوس شريعة','rate-hour-current',1,1784389805093),
('zt339','zpfg','بكالوريوس شريعة','rate-hour-current',1,1784389805093),
('zt33a','zpfk','إجازة في القرآن','rate-hour-current',1,1784389805093),
('zt33b','zpfq','حافظة متقنة','rate-hour-current',1,1784389805093),
('zt33c','zpgj','إجازة في القرآن','rate-hour-current',1,1784389805093),
('zt33d','zpj8','بكالوريوس شريعة','rate-hour-current',1,1784389805093),
('zt33e','zpk1','إجازة في القرآن','rate-hour-current',1,1784389805093),
('zt33f','zpk3','بكالوريوس شريعة','rate-hour-current',1,1784389805093),
('zt33g','zpkb','دبلوم تربية','rate-hour-current',1,1784389805093),
('zt33h','zpm1','بكالوريوس شريعة','rate-hour-current',1,1784389805093),
('zt33i','zpm5','دبلوم تربية','rate-hour-current',1,1784389805093),
('zt33j','zpm7',NULL,'rate-hour-current',1,1784389805093),
('zt33k','zpmv',NULL,'rate-hour-current',1,1784389805093),
('zt33l','zpod','بكالوريوس شريعة','rate-hour-current',1,1784389805093),
('zt33m','zppg','بكالوريوس شريعة','rate-hour-current',1,1784389805093),
('zt33n','zppm','بكالوريوس شريعة','rate-hour-current',1,1784389805093),
('zt33o','zpra','حافظة متقنة','rate-hour-current',1,1784389805093),
('zt33p','zpsv','إجازة في القرآن','rate-hour-current',1,1784389805093);
INSERT OR IGNORE INTO teachers (id,person_id,qualification,hourly_rate_id,active,created_at) VALUES
('zt33q','zpsx','إجازة في القرآن','rate-hour-current',1,1784389805093),
('zt33r','zpsz','إجازة في القرآن','rate-hour-current',1,1784389805093),
('zt33s','zpth','بكالوريوس شريعة','rate-hour-current',1,1784389805093),
('zt33t','zptr','حافظة متقنة','rate-hour-current',1,1784389805093),
('zt33u','zpvm','بكالوريوس شريعة','rate-hour-current',1,1784389805093),
('zt33v','zpxk','حافظة متقنة','rate-hour-current',1,1784389805093),
('zt33w','zpyz','إجازة في القرآن','rate-hour-current',1,1784389805093),
('zt33x','zp10h',NULL,'rate-hour-current',1,1784389805093),
('zt33y','zp10j','إجازة في القرآن','rate-hour-current',1,1784389805093),
('zt33z','zp10l','بكالوريوس شريعة','rate-hour-current',1,1784389805093),
('zt340','zp11r','بكالوريوس شريعة','rate-hour-current',1,1784389805093),
('zt341','zp13b','دبلوم تربية','rate-hour-current',1,1784389805093),
('zt342','zp14w','حافظة متقنة','rate-hour-current',1,1784389805093),
('zt343','zp14y','دبلوم تربية','rate-hour-current',1,1784389805093);
INSERT OR IGNORE INTO venues (id,type,name,org_unit_id,gender_track,created_at) VALUES
('zv161','home','حلقة نسائية — أم أنس','zh15t','female',1784389805093),
('zv18k','home','حلقة نسائية — أم رقية','zh18e','female',1784389805093),
('zv1b8','home','حلقة نسائية — أم عمر','zh1b2','female',1784389805093),
('zv1fa','home','حلقة نسائية — أم معاذ','zh1f4','female',1784389805093),
('zv1ik','home','حلقة نسائية — أم محمد','zh1ie','female',1784389805093),
('zv1kf','home','حلقة نسائية — أم محمد','zh1k9','female',1784389805093),
('zv1m4','home','حلقة نسائية — أم البراء','zh1ly','female',1784389805093),
('zv1o5','home','حلقة نسائية — أم الزبير','zh1nz','female',1784389805093),
('zv1r7','home','حلقة نسائية — أم أحمد','zh1r1','female',1784389805093),
('zv1ss','home','حلقة نسائية — أم رقية','zh1sm','female',1784389805093),
('zv1ur','home','حلقة نسائية — أم إبراهيم','zh1ul','female',1784389805093),
('zv1x2','home','حلقة نسائية — أم حفصة','zh1ww','female',1784389805093),
('zv1yt','home','حلقة نسائية — أم أنس','zh1yn','female',1784389805093),
('zv21l','home','حلقة نسائية — أم عبدالرحمن','zh21f','female',1784389805093),
('zv254','home','حلقة نسائية — أم يوسف','zh24y','female',1784389805093),
('zv27f','home','حلقة نسائية — أم البراء','zh279','female',1784389805093),
('zv2b4','home','حلقة نسائية — أم أحمد','zh2ay','female',1784389805093),
('zv2cj','home','حلقة نسائية — أم أنس','zh2cd','female',1784389805093),
('zv2e1','home','حلقة نسائية — أم محمد','zh2dv','female',1784389805093),
('zv2fx','home','حلقة نسائية — أم إبراهيم','zh2fr','female',1784389805093),
('zv2h9','home','حلقة نسائية — أم زيد','zh2h3','female',1784389805093),
('zv2jc','home','حلقة نسائية — أم زيد','zh2j6','female',1784389805093),
('zv2kt','home','حلقة نسائية — أم خالد','zh2kn','female',1784389805093),
('zv2mf','home','حلقة نسائية — أم الزبير','zh2m9','female',1784389805093),
('zv2nv','home','حلقة نسائية — أم يوسف','zh2np','female',1784389805093),
('zv2pe','home','حلقة نسائية — أم محمد','zh2p8','female',1784389805093),
('zv2qz','home','حلقة نسائية — أم زيد','zh2qt','female',1784389805093),
('zv2su','home','حلقة نسائية — أم البراء','zh2so','female',1784389805093),
('zv2vc','home','حلقة نسائية — أم معاذ','zh2v6','female',1784389805093),
('zv2x2','home','حلقة نسائية — أم عبدالرحمن','zh2ww','female',1784389805093),
('zv2zy','home','حلقة نسائية — أم عبدالله','zh2zs','female',1784389805093),
('zv32d','institute','دار النور','zmo2','male',1784389805093),
('zv32e','mosque','معهد الإيمان','zm12w','male',1784389805093),
('zv32f','institute','دار النور','zmbd','male',1784389805093),
('zv32g','institute','دار الفتح','zmz8','male',1784389805093),
('zv32h','mosque','دار التقوى','zm6u','male',1784389805093),
('zv32i','mosque','دار الإيمان','zmd','male',1784389805093),
('zv32j','mosque','دار خالد','zm27','male',1784389805093),
('zv32k','institute','مركز الرحمة','zm123','male',1784389805093),
('zv32l','mosque','معهد التقوى','zmz8','male',1784389805093),
('zv32m','institute','معهد الرحمن','zmxq','male',1784389805093),
('zv32n','institute','دار سعد','zm60','male',1784389805093),
('zv32o','mosque','مركز الفتح','zmqa','male',1784389805093),
('zv32p','mosque','دار عثمان','zmlo','male',1784389805093),
('zv32q','mosque','مركز السلام','zmo2','male',1784389805093),
('zv32r','institute','دار الأنصار','zmjq','male',1784389805093),
('zv32s','institute','دار القدس','zm27','male',1784389805093),
('zv32t','mosque','دار سعد','zmyk','male',1784389805093),
('zv32u','institute','دار خالد','zmit','male',1784389805093),
('zv32v','mosque','مركز الإيمان','zmx3','male',1784389805093),
('zv32w','mosque','معهد الفتح','zm18','male',1784389805093);
INSERT OR IGNORE INTO halaqat (id,name,venue_id,teacher_id,gender_track,curriculum,capacity,status,created_at) VALUES
('zhl162','حلقة نسائية — أم أنس','zv161','zt15y','female','baseera',13,'active',1784389805093),
('zhl18l','حلقة نسائية — أم رقية','zv18k','zt18i','female','baseera',14,'active',1784389805093),
('zhl1b9','حلقة نسائية — أم عمر','zv1b8','zt1b6','female','baseera',18,'active',1784389805093),
('zhl1fb','حلقة نسائية — أم معاذ','zv1fa','zt1f8','female','baseera',18,'active',1784389805093),
('zhl1il','حلقة نسائية — أم محمد','zv1ik','zt1ii','female','baseera',18,'active',1784389805093),
('zhl1kg','حلقة نسائية — أم محمد','zv1kf','zt1kd','female','baseera',20,'active',1784389805093),
('zhl1m5','حلقة نسائية — أم البراء','zv1m4','zt1m2','female','baseera',18,'active',1784389805093),
('zhl1o6','حلقة نسائية — أم الزبير','zv1o5','zt1o3','female','baseera',16,'active',1784389805093),
('zhl1r8','حلقة نسائية — أم أحمد','zv1r7','zt1r5','female','baseera',16,'active',1784389805093),
('zhl1st','حلقة نسائية — أم رقية','zv1ss','zt1sq','female','baseera',15,'active',1784389805093),
('zhl1us','حلقة نسائية — أم إبراهيم','zv1ur','zt1up','female','baseera',10,'active',1784389805093),
('zhl1x3','حلقة نسائية — أم حفصة','zv1x2','zt1x0','female','baseera',10,'active',1784389805093),
('zhl1yu','حلقة نسائية — أم أنس','zv1yt','zt1yr','female','baseera',20,'active',1784389805093),
('zhl21m','حلقة نسائية — أم عبدالرحمن','zv21l','zt21j','female','baseera',18,'active',1784389805093),
('zhl255','حلقة نسائية — أم يوسف','zv254','zt252','female','baseera',10,'active',1784389805093),
('zhl27g','حلقة نسائية — أم البراء','zv27f','zt27d','female','baseera',13,'active',1784389805093),
('zhl2b5','حلقة نسائية — أم أحمد','zv2b4','zt2b2','female','baseera',14,'active',1784389805093),
('zhl2ck','حلقة نسائية — أم أنس','zv2cj','zt2ch','female','baseera',14,'active',1784389805093),
('zhl2e2','حلقة نسائية — أم محمد','zv2e1','zt2dz','female','baseera',10,'active',1784389805093),
('zhl2fy','حلقة نسائية — أم إبراهيم','zv2fx','zt2fv','female','baseera',16,'active',1784389805093),
('zhl2ha','حلقة نسائية — أم زيد','zv2h9','zt2h7','female','baseera',15,'active',1784389805093),
('zhl2jd','حلقة نسائية — أم زيد','zv2jc','zt2ja','female','baseera',10,'active',1784389805093),
('zhl2ku','حلقة نسائية — أم خالد','zv2kt','zt2kr','female','baseera',18,'active',1784389805093),
('zhl2mg','حلقة نسائية — أم الزبير','zv2mf','zt2md','female','baseera',12,'active',1784389805093),
('zhl2nw','حلقة نسائية — أم يوسف','zv2nv','zt2nt','female','baseera',14,'active',1784389805093),
('zhl2pf','حلقة نسائية — أم محمد','zv2pe','zt2pc','female','baseera',10,'active',1784389805093),
('zhl2r0','حلقة نسائية — أم زيد','zv2qz','zt2qx','female','baseera',17,'active',1784389805093),
('zhl2sv','حلقة نسائية — أم البراء','zv2su','zt2ss','female','baseera',10,'active',1784389805093),
('zhl2vd','حلقة نسائية — أم معاذ','zv2vc','zt2va','female','baseera',10,'active',1784389805093),
('zhl2x3','حلقة نسائية — أم عبدالرحمن','zv2x2','zt2x0','female','baseera',12,'active',1784389805093),
('zhl2zz','حلقة نسائية — أم عبدالله','zv2zy','zt2zw','female','baseera',14,'active',1784389805093),
('zhl344','حلقة النور 1','zv32o','zt33e','male','tahfeez',15,'active',1784389805093),
('zhl359','حلقة النور 2','zv32p','zt33j','male','rashidi',15,'active',1784389805093),
('zhl365','حلقة العصر 3','zv32j','zt330','male','baseera',30,'active',1784389805093),
('zhl37e','حلقة النور 4','zv32w','zt33v','male','rashidi',25,'active',1784389805093),
('zhl38m','حلقة الصدّيق 5','zv32s','zt335','male','rashidi',20,'active',1784389805093),
('zhl39m','حلقة العصر 6','zv32n','zt332','male','tahfeez',15,'active',1784389805093),
('zhl3b0','حلقة العصر 7','zv32k','zt330','male','rashidi',30,'active',1784389805093),
('zhl3c3','حلقة الإتقان 8','zv32q','zt33c','male','baseera',15,'active',1784389805093),
('zhl3dv','حلقة الإتقان 9','zv32s','zt330','male','rashidi',20,'active',1784389805093),
('zhl3ez','حلقة الإتقان 10','zv32n','zt33b','male','tahfeez',15,'active',1784389805093),
('zhl3g4','حلقة النور 11','zv32p','zt334','male','baseera',30,'active',1784389805093),
('zhl3hk','حلقة العصر 12','zv32n','zt33l','male','rashidi',25,'active',1784389805093),
('zhl3ip','حلقة العصر 13','zv32p','zt33o','male','rashidi',25,'active',1784389805093),
('zhl3ja','حلقة الصدّيق 14','zv32l','zt335','male','rashidi',15,'active',1784389805093),
('zhl3km','حلقة الصدّيق 15','zv32t','zt332','male','rashidi',25,'active',1784389805093),
('zhl3m1','حلقة الفجر 16','zv32n','zt335','male','tahfeez',20,'active',1784389805093),
('zhl3my','حلقة الصدّيق 17','zv32q','zt341','male','tahfeez',20,'active',1784389805093),
('zhl3o2','حلقة النور 18','zv32i','zt33f','male','baseera',30,'active',1784389805093),
('zhl3pa','حلقة النور 19','zv32j','zt33p','male','tahfeez',15,'active',1784389805093),
('zhl3pv','حلقة الإتقان 20','zv32i','zt33g','male','tahfeez',15,'active',1784389805093),
('zhl3rd','حلقة الصدّيق 21','zv32l','zt331','male','rashidi',15,'active',1784389805093),
('zhl3rx','حلقة الصدّيق 22','zv32u','zt336','male','tahfeez',20,'active',1784389805093),
('zhl3sy','حلقة النور 23','zv32o','zt33e','male','baseera',20,'active',1784389805093),
('zhl3ts','حلقة النور 24','zv32r','zt33f','male','tahfeez',15,'active',1784389805093),
('zhl3uf','حلقة الصدّيق 25','zv32w','zt33n','male','baseera',30,'active',1784389805093),
('zhl3vz','حلقة الإتقان 26','zv32r','zt33e','male','rashidi',20,'active',1784389805093),
('zhl3xj','حلقة الصدّيق 27','zv32i','zt338','male','baseera',15,'active',1784389805093),
('zhl3z7','حلقة النور 28','zv32i','zt337','male','rashidi',15,'active',1784389805093),
('zhl40a','حلقة الفجر 29','zv32d','zt340','male','rashidi',25,'active',1784389805093);
INSERT OR IGNORE INTO halaqat (id,name,venue_id,teacher_id,gender_track,curriculum,capacity,status,created_at) VALUES
('zhl418','حلقة الفجر 30','zv32d','zt33l','male','rashidi',25,'active',1784389805093),
('zhl42t','حلقة الإتقان 31','zv32s','zt33h','male','tahfeez',30,'active',1784389805093),
('zhl43j','حلقة الإتقان 32','zv32s','zt33u','male','rashidi',15,'active',1784389805093),
('zhl44r','حلقة الإتقان 33','zv32u','zt33b','male','tahfeez',15,'active',1784389805093),
('zhl46s','حلقة الفجر 34','zv32d','zt334','male','baseera',15,'active',1784389805093),
('zhl48r','حلقة النور 35','zv32o','zt33u','male','tahfeez',15,'active',1784389805093),
('zhl4al','حلقة الفجر 36','zv32o','zt337','male','baseera',30,'active',1784389805093),
('zhl4bn','حلقة الإتقان 37','zv32h','zt335','male','rashidi',20,'active',1784389805093),
('zhl4cn','حلقة الفجر 38','zv32h','zt33a','male','tahfeez',20,'active',1784389805093),
('zhl4d4','حلقة الإتقان 39','zv32r','zt33k','male','baseera',30,'active',1784389805093),
('zhl4du','حلقة الصدّيق 40','zv32n','zt338','male','tahfeez',25,'active',1784389805093),
('zhl4ec','حلقة العصر 41','zv32n','zt33y','male','rashidi',20,'active',1784389805093),
('zhl4f8','حلقة الفجر 42','zv32u','zt33e','male','tahfeez',20,'active',1784389805093),
('zhl4gc','حلقة الفجر 43','zv32o','zt32x','male','rashidi',15,'active',1784389805093),
('zhl4ib','حلقة النور 44','zv32w','zt33e','male','rashidi',15,'active',1784389805093),
('zhl4j9','حلقة الإتقان 45','zv32v','zt33u','male','rashidi',20,'active',1784389805093),
('zhl4js','حلقة الصدّيق 46','zv32d','zt33z','male','baseera',15,'active',1784389805093),
('zhl4kt','حلقة الصدّيق 47','zv32f','zt341','male','tahfeez',20,'active',1784389805093),
('zhl4lj','حلقة العصر 48','zv32p','zt33c','male','baseera',30,'active',1784389805093),
('zhl4m7','حلقة الفجر 49','zv32p','zt32y','male','tahfeez',20,'active',1784389805093),
('zhl4ni','حلقة العصر 50','zv32m','zt336','male','tahfeez',25,'active',1784389805093),
('zhl4o5','حلقة الإتقان 51','zv32h','zt33a','male','rashidi',20,'active',1784389805093),
('zhl4ov','حلقة الصدّيق 52','zv32u','zt334','male','tahfeez',15,'active',1784389805093),
('zhl4qa','حلقة النور 53','zv32l','zt33b','male','rashidi',15,'active',1784389805093),
('zhl4r2','حلقة الصدّيق 54','zv32l','zt337','male','tahfeez',15,'active',1784389805093),
('zhl4sh','حلقة النور 55','zv32v','zt33c','male','rashidi',20,'active',1784389805093),
('zhl4tm','حلقة العصر 56','zv32r','zt33u','male','rashidi',20,'active',1784389805093),
('zhl4vm','حلقة النور 57','zv32p','zt33h','male','tahfeez',25,'active',1784389805093),
('zhl4wt','حلقة الصدّيق 58','zv32n','zt330','male','rashidi',25,'active',1784389805093),
('zhl4y0','حلقة النور 59','zv32l','zt33c','male','rashidi',25,'active',1784389805093),
('zhl4yx','حلقة الفجر 60','zv32r','zt33t','male','baseera',20,'active',1784389805093),
('zhl4zr','حلقة العصر 61','zv32w','zt338','male','tahfeez',15,'active',1784389805093),
('zhl519','حلقة العصر 62','zv32r','zt336','male','tahfeez',20,'active',1784389805093),
('zhl532','حلقة العصر 63','zv32v','zt32y','male','tahfeez',25,'active',1784389805093),
('zhl54c','حلقة النور 64','zv32d','zt342','male','rashidi',25,'active',1784389805093),
('zhl55v','حلقة العصر 65','zv32q','zt32y','male','baseera',20,'active',1784389805093),
('zhl56e','حلقة الفجر 66','zv32u','zt33n','male','rashidi',30,'active',1784389805093),
('zhl58m','حلقة النور 67','zv32i','zt33v','male','rashidi',25,'active',1784389805093),
('zhl59l','حلقة العصر 68','zv32q','zt33w','male','rashidi',20,'active',1784389805093),
('zhl5az','حلقة العصر 69','zv32s','zt332','male','rashidi',25,'active',1784389805093),
('zhl5ca','حلقة الفجر 70','zv32u','zt338','male','baseera',30,'active',1784389805093),
('zhl5dc','حلقة النور 71','zv32p','zt33o','male','tahfeez',15,'active',1784389805093),
('zhl5e4','حلقة العصر 72','zv32h','zt33b','male','tahfeez',25,'active',1784389805093),
('zhl5f1','حلقة الصدّيق 73','zv32d','zt33d','male','rashidi',20,'active',1784389805093),
('zhl5gv','حلقة الإتقان 74','zv32g','zt336','male','baseera',15,'active',1784389805093),
('zhl5i6','حلقة الإتقان 75','zv32e','zt33b','male','tahfeez',20,'active',1784389805093),
('zhl5j9','حلقة النور 76','zv32w','zt33a','male','tahfeez',15,'active',1784389805093),
('zhl5jv','حلقة الإتقان 77','zv32v','zt33j','male','tahfeez',20,'active',1784389805093),
('zhl5lr','حلقة الصدّيق 78','zv32d','zt337','male','tahfeez',25,'active',1784389805093),
('zhl5mq','حلقة الصدّيق 79','zv32q','zt32x','male','tahfeez',25,'active',1784389805093),
('zhl5oa','حلقة الفجر 80','zv32s','zt33k','male','baseera',25,'active',1784389805093);
INSERT OR IGNORE INTO enrollments (id,halaqa_id,person_id,student_name,status,created_at) VALUES
('ze163','zhl162','','رقية الحسن','active',1778946605093),
('ze164','zhl162','','دعاء النعسان','active',1777132205093),
('ze165','zhl162','','رقية الخطيب','active',1775058605093),
('ze166','zhl162','','هدى البكري','active',1781193005093),
('ze167','zhl162','','سمية الكردي','active',1780415405093),
('ze168','zhl162','','رنا الحلبي','active',1781797805093),
('ze169','zhl162','','صفية الحسن','active',1778860205093),
('ze16a','zhl162','','عائشة الأحمد','active',1778514605093),
('ze16b','zhl162','','آمنة الخطيب','active',1782057005093),
('ze16c','zhl162','','دعاء النعسان','active',1777218605093),
('ze16d','zhl162','','إسراء السالم','active',1774972205093),
('ze16e','zhl162','','هدى الحموي','active',1783180205093),
('ze16f','zhl162','','زينب الخطيب','active',1780069805093),
('ze18m','zhl18l','','سارة الحموي','active',1779983405093),
('ze18n','zhl18l','','فاطمة الأحمد','active',1777045805093),
('ze18o','zhl18l','','صفية الحلبي','withdrawn',1780588205093),
('ze18p','zhl18l','','هدى الخطيب','active',1781106605093),
('ze18q','zhl18l','','مريم الإدلبي','active',1777909805093),
('ze18r','zhl18l','','ليلى الرفاعي','active',1780329005093),
('ze18s','zhl18l','','رنا الحلبي','active',1783266605093),
('ze18t','zhl18l','','صفية الإدلبي','active',1776095405093),
('ze18u','zhl18l','','مريم القاسم','active',1782229805093),
('ze18v','zhl18l','','سلمى الشامي','active',1777305005093),
('ze18w','zhl18l','','سمية الجاسم','active',1781970605093),
('ze18x','zhl18l','','آمنة الحموي','active',1779551405093),
('ze1ba','zhl1b9','','جنى الجاسم','active',1775490605093),
('ze1bb','zhl1b9','','حفصة الديب','active',1781365805093),
('ze1bc','zhl1b9','','ليلى السالم','active',1783353005093),
('ze1bd','zhl1b9','','هدى الزعبي','active',1783180205093),
('ze1be','zhl1b9','','سمية الحموي','active',1774194605093),
('ze1bf','zhl1b9','','مريم الكردي','active',1777045805093),
('ze1bg','zhl1b9','','نور الإدلبي','active',1774799405093),
('ze1bh','zhl1b9','','أسماء الخطيب','active',1779724205093),
('ze1bi','zhl1b9','','جنى القاسم','active',1783180205093),
('ze1bj','zhl1b9','','هدى المحمد','active',1775922605093),
('ze1bk','zhl1b9','','جنى الإدلبي','active',1781020205093),
('ze1bl','zhl1b9','','هدى الحسن','active',1780674605093),
('ze1bm','zhl1b9','','جنى الخطيب','active',1781625005093),
('ze1bn','zhl1b9','','مريم الحلبي','active',1774367405093),
('ze1bo','zhl1b9','','مريم الكردي','active',1779983405093),
('ze1fc','zhl1fb','','دعاء الإدلبي','active',1775836205093),
('ze1fd','zhl1fb','','أسماء الكردي','active',1775577005093),
('ze1fe','zhl1fb','','رنا الحلبي','active',1779637805093),
('ze1ff','zhl1fb','','خديجة الخطيب','active',1783266605093),
('ze1fg','zhl1fb','','رقية الأحمد','active',1778601005093),
('ze1fh','zhl1fb','','ليلى السالم','active',1780242605093),
('ze1fi','zhl1fb','','إسراء الصالح','active',1776786605093),
('ze1fj','zhl1fb','','مريم الكردي','active',1776181805093),
('ze1fk','zhl1fb','','رنا الحسن','active',1783525805093),
('ze1fl','zhl1fb','','عائشة الشامي','withdrawn',1781020205093),
('ze1fm','zhl1fb','','سمية المحمد','active',1776268205093),
('ze1fn','zhl1fb','','آمنة المحمد','active',1777132205093),
('ze1fo','zhl1fb','','رنا الرفاعي','active',1781538605093),
('ze1fp','zhl1fb','','أسماء الحموي','active',1775836205093),
('ze1im','zhl1il','','عائشة الشامي','active',1781884205093),
('ze1in','zhl1il','','حفصة الحلبي','active',1781797805093),
('ze1io','zhl1il','','سارة النعسان','active',1778341805093),
('ze1ip','zhl1il','','سلمى الصالح','active',1778341805093),
('ze1iq','zhl1il','','نور الرفاعي','active',1781020205093),
('ze1ir','zhl1il','','فاطمة الجاسم','active',1782661805093);
INSERT OR IGNORE INTO enrollments (id,halaqa_id,person_id,student_name,status,created_at) VALUES
('ze1is','zhl1il','','مريم الحسن','active',1777218605093),
('ze1it','zhl1il','','سمية الحسن','active',1779205805093),
('ze1iu','zhl1il','','آمنة الحلبي','withdrawn',1777218605093),
('ze1iv','zhl1il','','حفصة الحموي','active',1776181805093),
('ze1iw','zhl1il','','دعاء الحلبي','active',1776959405093),
('ze1ix','zhl1il','','عائشة السالم','withdrawn',1779983405093),
('ze1iy','zhl1il','','هدى الديب','active',1781452205093),
('ze1iz','zhl1il','','صفية الحموي','active',1776786605093),
('ze1kh','zhl1kg','','سلمى الحريري','active',1779983405093),
('ze1ki','zhl1kg','','إسراء الصالح','active',1779897005093),
('ze1kj','zhl1kg','','جنى الأحمد','active',1777391405093),
('ze1kk','zhl1kg','','سارة الخطيب','active',1782229805093),
('ze1kl','zhl1kg','','أسماء الحموي','active',1781970605093),
('ze1km','zhl1kg','','سمية الجاسم','active',1775317805093),
('ze1kn','zhl1kg','','خديجة الرفاعي','withdrawn',1777305005093),
('ze1ko','zhl1kg','','هدى القاسم','active',1779205805093),
('ze1kp','zhl1kg','','أسماء الحسن','active',1774281005093),
('ze1kq','zhl1kg','','سمية المحمد','active',1781279405093),
('ze1m6','zhl1m5','','صفية النعسان','active',1781279405093),
('ze1m7','zhl1m5','','سارة الزعبي','active',1780933805093),
('ze1m8','zhl1m5','','عائشة الصالح','active',1778082605093),
('ze1m9','zhl1m5','','إسراء النعسان','withdrawn',1781020205093),
('ze1ma','zhl1m5','','مريم العمر','active',1779810605093),
('ze1mb','zhl1m5','','صفية الإدلبي','active',1782921005093),
('ze1mc','zhl1m5','','أسماء الكردي','active',1774713005093),
('ze1md','zhl1m5','','جنى الجاسم','active',1776700205093),
('ze1me','zhl1m5','','فاطمة الجاسم','active',1776959405093),
('ze1mf','zhl1m5','','إسراء النعسان','active',1775231405093),
('ze1mg','zhl1m5','','سمية الديب','active',1781106605093),
('ze1o7','zhl1o6','','ليلى الجاسم','active',1779897005093),
('ze1o8','zhl1o6','','هدى الحريري','active',1777823405093),
('ze1o9','zhl1o6','','جنى الكردي','active',1781279405093),
('ze1oa','zhl1o6','','صفية الحموي','active',1777564205093),
('ze1ob','zhl1o6','','زينب الجاسم','active',1781797805093),
('ze1oc','zhl1o6','','جنى الحسن','active',1778514605093),
('ze1od','zhl1o6','','ليلى الصالح','active',1782921005093),
('ze1oe','zhl1o6','','عائشة الحموي','active',1781797805093),
('ze1of','zhl1o6','','إسراء الشامي','active',1774885805093),
('ze1og','zhl1o6','','نور الإدلبي','active',1774626605093),
('ze1oh','zhl1o6','','مريم الجاسم','active',1778601005093),
('ze1r9','zhl1r8','','جنى البكري','active',1780069805093),
('ze1ra','zhl1r8','','آمنة الصالح','active',1783093805093),
('ze1rb','zhl1r8','','ليلى الشامي','active',1778169005093),
('ze1rc','zhl1r8','','مريم الأحمد','active',1782921005093),
('ze1rd','zhl1r8','','آمنة البكري','active',1781020205093),
('ze1re','zhl1r8','','صفية القاسم','active',1778514605093),
('ze1rf','zhl1r8','','دعاء الإدلبي','active',1774972205093),
('ze1rg','zhl1r8','','ليلى الصالح','active',1779810605093),
('ze1su','zhl1st','','سمية الرفاعي','active',1777477805093),
('ze1sv','zhl1st','','رقية الصالح','withdrawn',1777305005093),
('ze1sw','zhl1st','','صفية المحمد','withdrawn',1774540205093),
('ze1sx','zhl1st','','رنا الإدلبي','active',1774540205093),
('ze1sy','zhl1st','','رنا البكري','active',1774540205093),
('ze1sz','zhl1st','','رنا الصالح','active',1777045805093),
('ze1t0','zhl1st','','زينب الرفاعي','active',1774108205093),
('ze1t1','zhl1st','','فاطمة الحريري','active',1782402605093),
('ze1t2','zhl1st','','عائشة الحسن','active',1783266605093),
('ze1ut','zhl1us','','عائشة الحلبي','active',1782316205093),
('ze1uu','zhl1us','','عائشة المحمد','active',1781970605093),
('ze1uv','zhl1us','','سمية العمر','withdrawn',1774626605093);
INSERT OR IGNORE INTO enrollments (id,halaqa_id,person_id,student_name,status,created_at) VALUES
('ze1uw','zhl1us','','هدى الديب','active',1778687405093),
('ze1ux','zhl1us','','صفية الأحمد','active',1780069805093),
('ze1uy','zhl1us','','عائشة العمر','active',1779724205093),
('ze1uz','zhl1us','','جنى الأحمد','active',1776613805093),
('ze1v0','zhl1us','','صفية السالم','active',1777996205093),
('ze1v1','zhl1us','','زينب الشامي','active',1776441005093),
('ze1v2','zhl1us','','خديجة الإدلبي','active',1782316205093),
('ze1v3','zhl1us','','رنا الزعبي','withdrawn',1781970605093),
('ze1v4','zhl1us','','نور الحريري','active',1783439405093),
('ze1v5','zhl1us','','فاطمة العمر','active',1778514605093),
('ze1x4','zhl1x3','','سمية الكردي','active',1780761005093),
('ze1x5','zhl1x3','','دعاء الشامي','active',1777823405093),
('ze1x6','zhl1x3','','ليلى الصالح','withdrawn',1774885805093),
('ze1x7','zhl1x3','','فاطمة الديب','active',1780415405093),
('ze1x8','zhl1x3','','صفية الشامي','active',1782661805093),
('ze1x9','zhl1x3','','أسماء الخطيب','active',1778341805093),
('ze1xa','zhl1x3','','زينب السالم','active',1779810605093),
('ze1xb','zhl1x3','','آمنة النعسان','active',1778514605093),
('ze1xc','zhl1x3','','هدى الزعبي','active',1775490605093),
('ze1xd','zhl1x3','','خديجة النعسان','active',1774713005093),
('ze1xe','zhl1x3','','نور البكري','active',1776959405093),
('ze1xf','zhl1x3','','سلمى الديب','active',1781538605093),
('ze1xg','zhl1x3','','هدى البكري','active',1774108205093),
('ze1yv','zhl1yu','','حفصة الحلبي','active',1783353005093),
('ze1yw','zhl1yu','','مريم الحريري','active',1775404205093),
('ze1yx','zhl1yu','','حفصة القاسم','active',1781970605093),
('ze1yy','zhl1yu','','فاطمة الخطيب','active',1778687405093),
('ze1yz','zhl1yu','','سمية الديب','active',1777477805093),
('ze1z0','zhl1yu','','خديجة الجاسم','active',1775749805093),
('ze1z1','zhl1yu','','إسراء الكردي','active',1782661805093),
('ze1z2','zhl1yu','','سلمى الرفاعي','active',1775577005093),
('ze1z3','zhl1yu','','جنى الكردي','active',1783093805093),
('ze1z4','zhl1yu','','هدى السالم','active',1774972205093),
('ze1z5','zhl1yu','','دعاء الحلبي','active',1779637805093),
('ze1z6','zhl1yu','','صفية البكري','active',1782402605093),
('ze1z7','zhl1yu','','نور الكردي','withdrawn',1774281005093),
('ze1z8','zhl1yu','','مريم الحلبي','active',1780501805093),
('ze1z9','zhl1yu','','حفصة الرفاعي','active',1776873005093),
('ze21n','zhl21m','','جنى الرفاعي','active',1781538605093),
('ze21o','zhl21m','','زينب الحلبي','active',1780588205093),
('ze21p','zhl21m','','سارة العمر','active',1775404205093),
('ze21q','zhl21m','','إسراء الأحمد','active',1778601005093),
('ze21r','zhl21m','','نور الحموي','active',1779465005093),
('ze21s','zhl21m','','آمنة السالم','active',1776268205093),
('ze21t','zhl21m','','جنى الخطيب','active',1780329005093),
('ze21u','zhl21m','','هدى الصالح','active',1776873005093),
('ze21v','zhl21m','','ليلى الأحمد','active',1774021805093),
('ze21w','zhl21m','','أسماء الديب','active',1780933805093),
('ze21x','zhl21m','','زينب الشامي','active',1775490605093),
('ze21y','zhl21m','','رقية الكردي','active',1778514605093),
('ze21z','zhl21m','','سارة الحريري','active',1776700205093),
('ze256','zhl255','','فاطمة الحلبي','active',1775058605093),
('ze257','zhl255','','جنى الصالح','active',1774281005093),
('ze258','zhl255','','أسماء النعسان','active',1777305005093),
('ze259','zhl255','','أسماء النعسان','active',1779551405093),
('ze25a','zhl255','','فاطمة البكري','active',1774367405093),
('ze25b','zhl255','','ليلى الصالح','active',1774972205093),
('ze25c','zhl255','','نور الإدلبي','active',1774453805093),
('ze25d','zhl255','','سارة الديب','active',1774972205093),
('ze25e','zhl255','','حفصة الرفاعي','active',1780415405093);
INSERT OR IGNORE INTO enrollments (id,halaqa_id,person_id,student_name,status,created_at) VALUES
('ze25f','zhl255','','رنا البكري','active',1777305005093),
('ze27h','zhl27g','','صفية الزعبي','active',1780069805093),
('ze27i','zhl27g','','سلمى الحلبي','active',1781452205093),
('ze27j','zhl27g','','خديجة السالم','active',1776873005093),
('ze27k','zhl27g','','سمية الحسن','withdrawn',1781884205093),
('ze27l','zhl27g','','آمنة القاسم','active',1782921005093),
('ze27m','zhl27g','','هدى الجاسم','active',1781106605093),
('ze27n','zhl27g','','جنى الديب','active',1775145005093),
('ze27o','zhl27g','','نور الكردي','active',1775922605093),
('ze27p','zhl27g','','رقية الزعبي','active',1782661805093),
('ze27q','zhl27g','','زينب السالم','active',1778946605093),
('ze27r','zhl27g','','نور المحمد','active',1774367405093),
('ze27s','zhl27g','','هدى الشامي','withdrawn',1780242605093),
('ze27t','zhl27g','','إسراء الزعبي','active',1779983405093),
('ze27u','zhl27g','','سمية الشامي','active',1782402605093),
('ze2b6','zhl2b5','','عائشة الكردي','active',1781106605093),
('ze2b7','zhl2b5','','مريم الحريري','active',1779378605093),
('ze2b8','zhl2b5','','زينب الديب','active',1782229805093),
('ze2b9','zhl2b5','','أسماء النعسان','active',1778428205093),
('ze2ba','zhl2b5','','فاطمة النعسان','active',1782489005093),
('ze2bb','zhl2b5','','ليلى الزعبي','active',1782316205093),
('ze2bc','zhl2b5','','صفية الخطيب','active',1779897005093),
('ze2bd','zhl2b5','','أسماء الشامي','active',1774713005093),
('ze2cl','zhl2ck','','سمية الحلبي','active',1778773805093),
('ze2cm','zhl2ck','','نور الجاسم','active',1776181805093),
('ze2cn','zhl2ck','','سمية الحريري','active',1778341805093),
('ze2co','zhl2ck','','أسماء العمر','active',1778687405093),
('ze2cp','zhl2ck','','ليلى البكري','active',1782834605093),
('ze2cq','zhl2ck','','هدى الشامي','active',1781797805093),
('ze2cr','zhl2ck','','خديجة العمر','active',1774367405093),
('ze2cs','zhl2ck','','إسراء الجاسم','active',1782489005093),
('ze2ct','zhl2ck','','فاطمة القاسم','active',1780156205093),
('ze2cu','zhl2ck','','عائشة الصالح','active',1776527405093),
('ze2cv','zhl2ck','','حفصة الجاسم','active',1777132205093),
('ze2e3','zhl2e2','','سمية الصالح','active',1783439405093),
('ze2e4','zhl2e2','','آمنة الحريري','active',1779983405093),
('ze2e5','zhl2e2','','فاطمة القاسم','active',1783439405093),
('ze2e6','zhl2e2','','جنى النعسان','active',1780242605093),
('ze2e7','zhl2e2','','سارة الصالح','active',1782661805093),
('ze2e8','zhl2e2','','رقية القاسم','active',1783353005093),
('ze2e9','zhl2e2','','حفصة الشامي','active',1777650605093),
('ze2ea','zhl2e2','','رقية الحلبي','active',1778169005093),
('ze2eb','zhl2e2','','فاطمة الحلبي','active',1774799405093),
('ze2ec','zhl2e2','','خديجة المحمد','active',1779897005093),
('ze2ed','zhl2e2','','سارة الأحمد','active',1782661805093),
('ze2ee','zhl2e2','','هدى الإدلبي','active',1775317805093),
('ze2ef','zhl2e2','','ليلى الكردي','withdrawn',1777045805093),
('ze2eg','zhl2e2','','خديجة الجاسم','active',1780069805093),
('ze2eh','zhl2e2','','خديجة الرفاعي','active',1776700205093),
('ze2fz','zhl2fy','','إسراء الحلبي','active',1781106605093),
('ze2g0','zhl2fy','','سارة الزعبي','active',1776873005093),
('ze2g1','zhl2fy','','دعاء الحسن','active',1774453805093),
('ze2g2','zhl2fy','','خديجة الخطيب','active',1776873005093),
('ze2g3','zhl2fy','','عائشة الحموي','active',1782748205093),
('ze2g4','zhl2fy','','آمنة الصالح','active',1775404205093),
('ze2g5','zhl2fy','','صفية الإدلبي','active',1777477805093),
('ze2g6','zhl2fy','','آمنة الحلبي','active',1777391405093),
('ze2g7','zhl2fy','','مريم الحموي','active',1774540205093),
('ze2g8','zhl2fy','','أسماء الحلبي','active',1778255405093),
('ze2hb','zhl2ha','','سلمى الصالح','active',1782834605093);
INSERT OR IGNORE INTO enrollments (id,halaqa_id,person_id,student_name,status,created_at) VALUES
('ze2hc','zhl2ha','','حفصة الأحمد','active',1778169005093),
('ze2hd','zhl2ha','','جنى الديب','active',1778169005093),
('ze2he','zhl2ha','','سارة النعسان','withdrawn',1775663405093),
('ze2hf','zhl2ha','','صفية المحمد','active',1776009005093),
('ze2hg','zhl2ha','','سمية القاسم','active',1774108205093),
('ze2hh','zhl2ha','','نور السالم','active',1782229805093),
('ze2hi','zhl2ha','','هدى العمر','active',1779637805093),
('ze2hj','zhl2ha','','إسراء الحسن','active',1780069805093),
('ze2je','zhl2jd','','مريم الصالح','active',1783180205093),
('ze2jf','zhl2jd','','رنا الجاسم','active',1776873005093),
('ze2jg','zhl2jd','','مريم العمر','active',1782748205093),
('ze2jh','zhl2jd','','سلمى البكري','active',1783266605093),
('ze2ji','zhl2jd','','خديجة الصالح','active',1783093805093),
('ze2jj','zhl2jd','','نور الصالح','withdrawn',1781452205093),
('ze2jk','zhl2jd','','نور القاسم','active',1779292205093),
('ze2jl','zhl2jd','','ليلى الحلبي','active',1776959405093),
('ze2jm','zhl2jd','','رنا الكردي','active',1776268205093),
('ze2jn','zhl2jd','','أسماء الإدلبي','active',1780242605093),
('ze2jo','zhl2jd','','زينب الحلبي','active',1777996205093),
('ze2kv','zhl2ku','','حفصة الأحمد','active',1780069805093),
('ze2kw','zhl2ku','','إسراء العمر','active',1782661805093),
('ze2kx','zhl2ku','','فاطمة الكردي','active',1774194605093),
('ze2ky','zhl2ku','','آمنة الجاسم','active',1782229805093),
('ze2kz','zhl2ku','','جنى الكردي','active',1775663405093),
('ze2l0','zhl2ku','','سمية السالم','withdrawn',1780847405093),
('ze2l1','zhl2ku','','ليلى النعسان','active',1778860205093),
('ze2l2','zhl2ku','','خديجة الحلبي','active',1775836205093),
('ze2mh','zhl2mg','','صفية النعسان','active',1783180205093),
('ze2mi','zhl2mg','','آمنة الخطيب','active',1774626605093),
('ze2mj','zhl2mg','','مريم الحموي','active',1780501805093),
('ze2mk','zhl2mg','','سمية العمر','active',1779551405093),
('ze2ml','zhl2mg','','رنا الأحمد','withdrawn',1775231405093),
('ze2mm','zhl2mg','','سلمى الصالح','active',1779033005093),
('ze2mn','zhl2mg','','زينب الحموي','active',1777737005093),
('ze2mo','zhl2mg','','رنا الصالح','active',1776441005093),
('ze2mp','zhl2mg','','ليلى المحمد','active',1774540205093),
('ze2mq','zhl2mg','','جنى الخطيب','active',1775922605093),
('ze2nx','zhl2nw','','جنى الديب','active',1779378605093),
('ze2ny','zhl2nw','','دعاء الحلبي','active',1777737005093),
('ze2nz','zhl2nw','','سارة الحلبي','active',1781538605093),
('ze2o0','zhl2nw','','جنى المحمد','active',1782143405093),
('ze2o1','zhl2nw','','فاطمة العمر','active',1777218605093),
('ze2o2','zhl2nw','','هدى الكردي','active',1776613805093),
('ze2o3','zhl2nw','','سلمى القاسم','active',1775922605093),
('ze2o4','zhl2nw','','عائشة النعسان','active',1782661805093),
('ze2pg','zhl2pf','','مريم الزعبي','active',1774799405093),
('ze2ph','zhl2pf','','رقية الحريري','active',1778428205093),
('ze2pi','zhl2pf','','سلمى الأحمد','withdrawn',1775577005093),
('ze2pj','zhl2pf','','دعاء الجاسم','active',1781884205093),
('ze2pk','zhl2pf','','سمية الحلبي','withdrawn',1774972205093),
('ze2pl','zhl2pf','','سارة الإدلبي','active',1779205805093),
('ze2pm','zhl2pf','','زينب الكردي','active',1782402605093),
('ze2pn','zhl2pf','','سمية الرفاعي','active',1774108205093),
('ze2r1','zhl2r0','','فاطمة العمر','active',1781452205093),
('ze2r2','zhl2r0','','مريم الحريري','active',1783439405093),
('ze2r3','zhl2r0','','خديجة القاسم','active',1776268205093),
('ze2r4','zhl2r0','','خديجة السالم','active',1780847405093),
('ze2r5','zhl2r0','','آمنة الحسن','active',1775058605093),
('ze2r6','zhl2r0','','زينب الحلبي','withdrawn',1783525805093),
('ze2r7','zhl2r0','','رقية الأحمد','active',1776700205093);
INSERT OR IGNORE INTO enrollments (id,halaqa_id,person_id,student_name,status,created_at) VALUES
('ze2r8','zhl2r0','','آمنة الصالح','active',1777650605093),
('ze2r9','zhl2r0','','آمنة الجاسم','active',1777737005093),
('ze2ra','zhl2r0','','زينب الحريري','active',1782316205093),
('ze2sw','zhl2sv','','آمنة الحلبي','active',1780588205093),
('ze2sx','zhl2sv','','مريم العمر','active',1778169005093),
('ze2sy','zhl2sv','','سمية الصالح','active',1779724205093),
('ze2sz','zhl2sv','','أسماء الزعبي','active',1777823405093),
('ze2t0','zhl2sv','','رقية الديب','active',1777132205093),
('ze2t1','zhl2sv','','ليلى القاسم','active',1780933805093),
('ze2t2','zhl2sv','','رقية المحمد','active',1775749805093),
('ze2t3','zhl2sv','','أسماء الحلبي','active',1783266605093),
('ze2t4','zhl2sv','','فاطمة الإدلبي','active',1774885805093),
('ze2t5','zhl2sv','','هدى الشامي','active',1774021805093),
('ze2t6','zhl2sv','','سمية الإدلبي','active',1780847405093),
('ze2ve','zhl2vd','','آمنة المحمد','active',1781365805093),
('ze2vf','zhl2vd','','نور النعسان','active',1782057005093),
('ze2vg','zhl2vd','','رقية الأحمد','active',1783353005093),
('ze2vh','zhl2vd','','فاطمة الإدلبي','active',1776873005093),
('ze2vi','zhl2vd','','عائشة المحمد','active',1779033005093),
('ze2vj','zhl2vd','','نور الحلبي','active',1777650605093),
('ze2vk','zhl2vd','','رقية الحسن','active',1777650605093),
('ze2vl','zhl2vd','','صفية الأحمد','active',1778169005093),
('ze2x4','zhl2x3','','عائشة الحريري','withdrawn',1774885805093),
('ze2x5','zhl2x3','','سلمى القاسم','active',1781970605093),
('ze2x6','zhl2x3','','عائشة السالم','active',1774281005093),
('ze2x7','zhl2x3','','خديجة الشامي','active',1777045805093),
('ze2x8','zhl2x3','','رقية الحموي','active',1779292205093),
('ze2x9','zhl2x3','','نور القاسم','active',1778082605093),
('ze2xa','zhl2x3','','دعاء البكري','active',1779810605093),
('ze2xb','zhl2x3','','رنا السالم','active',1775749805093),
('ze2xc','zhl2x3','','سارة الإدلبي','active',1776786605093),
('ze2xd','zhl2x3','','آمنة النعسان','active',1780847405093),
('ze2xe','zhl2x3','','هدى الصالح','active',1775145005093),
('ze2xf','zhl2x3','','أسماء القاسم','active',1780329005093),
('ze2xg','zhl2x3','','هدى الزعبي','active',1782143405093),
('ze2xh','zhl2x3','','أسماء الزعبي','active',1777564205093),
('ze300','zhl2zz','','نور المحمد','active',1778773805093),
('ze301','zhl2zz','','عائشة الكردي','withdrawn',1777564205093),
('ze302','zhl2zz','','سارة القاسم','active',1782489005093),
('ze303','zhl2zz','','خديجة القاسم','active',1779551405093),
('ze304','zhl2zz','','هدى النعسان','active',1776441005093),
('ze305','zhl2zz','','نور الصالح','active',1778169005093),
('ze306','zhl2zz','','خديجة البكري','active',1781020205093),
('ze307','zhl2zz','','نور الشامي','active',1776786605093),
('ze308','zhl2zz','','أسماء الحريري','active',1774972205093),
('ze309','zhl2zz','','جنى الحموي','active',1783180205093),
('ze30a','zhl2zz','','صفية الرفاعي','active',1778082605093),
('ze30b','zhl2zz','','هدى الحموي','active',1782921005093),
('ze30c','zhl2zz','','عائشة الرفاعي','active',1778773805093),
('ze30d','zhl2zz','','صفية الزعبي','active',1782748205093),
('ze345','zhl344','','طارق القاسم','active',1775749805093),
('ze346','zhl344','','سعيد الحسن','active',1780588205093),
('ze347','zhl344','','سلمان الشامي','active',1776613805093),
('ze348','zhl344','','إبراهيم الشامي','active',1782575405093),
('ze349','zhl344','','مصطفى الجاسم','withdrawn',1778255405093),
('ze34a','zhl344','','حمزة الزعبي','active',1780847405093),
('ze34b','zhl344','','زيد الحموي','active',1778169005093),
('ze34c','zhl344','','يوسف الديب','withdrawn',1774453805093),
('ze34d','zhl344','','محمد الزعبي','active',1781020205093),
('ze34e','zhl344','','بلال الأحمد','active',1776786605093);
INSERT OR IGNORE INTO enrollments (id,halaqa_id,person_id,student_name,status,created_at) VALUES
('ze35a','zhl359','','سعيد البكري','active',1778514605093),
('ze35b','zhl359','','زيد الصالح','active',1781193005093),
('ze35c','zhl359','','حمزة الجاسم','active',1776959405093),
('ze35d','zhl359','','سلمان الزعبي','active',1778255405093),
('ze35e','zhl359','','أنس الصالح','active',1779033005093),
('ze35f','zhl359','','طارق الكردي','active',1780588205093),
('ze35g','zhl359','','إبراهيم الحسن','active',1774626605093),
('ze35h','zhl359','','صهيب الحلبي','active',1774367405093),
('ze366','zhl365','','طارق الأحمد','active',1776527405093),
('ze367','zhl365','','حسن المحمد','active',1781106605093),
('ze368','zhl365','','عبدالله السالم','withdrawn',1781365805093),
('ze369','zhl365','','بلال الكردي','active',1783525805093),
('ze36a','zhl365','','يوسف الحريري','active',1776873005093),
('ze36b','zhl365','','علي الديب','active',1780415405093),
('ze36c','zhl365','','خالد الكردي','active',1779810605093),
('ze36d','zhl365','','محمد الزعبي','active',1781193005093),
('ze37f','zhl37e','','عبدالله البكري','active',1774540205093),
('ze37g','zhl37e','','حسن الزعبي','active',1778601005093),
('ze37h','zhl37e','','أيمن الإدلبي','active',1778860205093),
('ze37i','zhl37e','','معاذ الصالح','active',1783439405093),
('ze37j','zhl37e','','معاذ النعسان','active',1780501805093),
('ze37k','zhl37e','','مصطفى النعسان','active',1777132205093),
('ze37l','zhl37e','','صهيب الصالح','active',1778255405093),
('ze37m','zhl37e','','يوسف الحريري','active',1783093805093),
('ze37n','zhl37e','','محمد الحريري','active',1776700205093),
('ze37o','zhl37e','','خالد البكري','active',1779810605093),
('ze38n','zhl38m','','عثمان الخطيب','active',1781538605093),
('ze38o','zhl38m','','خالد الحريري','active',1777564205093),
('ze38p','zhl38m','','أنس العمر','active',1782229805093),
('ze38q','zhl38m','','علي الصالح','active',1781193005093),
('ze38r','zhl38m','','عمر الحريري','active',1777477805093),
('ze38s','zhl38m','','حمزة القاسم','active',1776700205093),
('ze38t','zhl38m','','إبراهيم الجاسم','active',1780847405093),
('ze38u','zhl38m','','ياسر النعسان','active',1776095405093),
('ze38v','zhl38m','','أنس الإدلبي','active',1779897005093),
('ze38w','zhl38m','','حسن الزعبي','active',1777132205093),
('ze39n','zhl39m','','سعيد الإدلبي','active',1778341805093),
('ze39o','zhl39m','','حمزة النعسان','active',1780242605093),
('ze39p','zhl39m','','محمد الكردي','active',1776873005093),
('ze39q','zhl39m','','مصطفى القاسم','active',1774021805093),
('ze39r','zhl39m','','طارق الحموي','active',1777909805093),
('ze39s','zhl39m','','معاذ السالم','active',1779292205093),
('ze39t','zhl39m','','بلال الرفاعي','active',1776268205093),
('ze39u','zhl39m','','علي الزعبي','active',1778428205093),
('ze39v','zhl39m','','بلال الشامي','active',1778514605093),
('ze3b1','zhl3b0','','ياسر الحريري','active',1781193005093),
('ze3b2','zhl3b0','','معاذ الأحمد','active',1777564205093),
('ze3b3','zhl3b0','','أيمن القاسم','active',1782402605093),
('ze3b4','zhl3b0','','ياسر النعسان','active',1774799405093),
('ze3b5','zhl3b0','','حمزة الجاسم','active',1775490605093),
('ze3b6','zhl3b0','','علي الجاسم','active',1782661805093),
('ze3b7','zhl3b0','','حسين البكري','active',1776009005093),
('ze3b8','zhl3b0','','ياسر السالم','active',1780242605093),
('ze3b9','zhl3b0','','بلال الرفاعي','active',1776700205093),
('ze3c4','zhl3c3','','عثمان الخطيب','active',1779897005093),
('ze3c5','zhl3c3','','عثمان الكردي','active',1782575405093),
('ze3c6','zhl3c3','','صهيب النعسان','active',1777132205093),
('ze3c7','zhl3c3','','عبدالرحمن الشامي','active',1779465005093),
('ze3c8','zhl3c3','','إبراهيم الصالح','withdrawn',1774972205093),
('ze3c9','zhl3c3','','سلمان السالم','active',1779033005093);
INSERT OR IGNORE INTO enrollments (id,halaqa_id,person_id,student_name,status,created_at) VALUES
('ze3ca','zhl3c3','','سعيد البكري','withdrawn',1775058605093),
('ze3cb','zhl3c3','','مصطفى الشامي','active',1778255405093),
('ze3cc','zhl3c3','','مصطفى السالم','active',1774972205093),
('ze3dw','zhl3dv','','أنس السالم','active',1774194605093),
('ze3dx','zhl3dv','','حسين الزعبي','active',1777477805093),
('ze3dy','zhl3dv','','محمد الحريري','active',1777737005093),
('ze3dz','zhl3dv','','عثمان النعسان','active',1775317805093),
('ze3e0','zhl3dv','','أنس الخطيب','active',1774799405093),
('ze3e1','zhl3dv','','محمد الخطيب','active',1776354605093),
('ze3e2','zhl3dv','','ياسر الحريري','active',1778601005093),
('ze3f0','zhl3ez','','يوسف القاسم','withdrawn',1777650605093),
('ze3f1','zhl3ez','','سعيد الكردي','active',1777996205093),
('ze3f2','zhl3ez','','صهيب الحلبي','withdrawn',1782834605093),
('ze3f3','zhl3ez','','أنس الخطيب','active',1779119405093),
('ze3f4','zhl3ez','','صهيب الصالح','active',1781884205093),
('ze3f5','zhl3ez','','صهيب الحريري','active',1782661805093),
('ze3f6','zhl3ez','','أنس السالم','active',1774021805093),
('ze3f7','zhl3ez','','يوسف الحلبي','active',1776613805093),
('ze3f8','zhl3ez','','صهيب الرفاعي','active',1780415405093),
('ze3f9','zhl3ez','','طارق الحلبي','active',1780933805093),
('ze3g5','zhl3g4','','علي العمر','active',1776181805093),
('ze3g6','zhl3g4','','أسامة السالم','active',1782834605093),
('ze3g7','zhl3g4','','عمر المحمد','active',1775836205093),
('ze3g8','zhl3g4','','خالد الحلبي','active',1777132205093),
('ze3g9','zhl3g4','','سلمان السالم','active',1776181805093),
('ze3ga','zhl3g4','','أسامة الزعبي','active',1776441005093),
('ze3gb','zhl3g4','','معاذ الصالح','active',1781106605093),
('ze3gc','zhl3g4','','يوسف البكري','active',1778601005093),
('ze3gd','zhl3g4','','سلمان الرفاعي','active',1780933805093),
('ze3hl','zhl3hk','','مصطفى الإدلبي','active',1778773805093),
('ze3hm','zhl3hk','','طارق الحريري','active',1780156205093),
('ze3hn','zhl3hk','','علي المحمد','active',1782229805093),
('ze3ho','zhl3hk','','ياسر الشامي','active',1777909805093),
('ze3hp','zhl3hk','','أسامة الحموي','active',1774799405093),
('ze3hq','zhl3hk','','أنس البكري','active',1782834605093),
('ze3hr','zhl3hk','','زيد الحريري','active',1776786605093),
('ze3iq','zhl3ip','','مصطفى الرفاعي','active',1777477805093),
('ze3ir','zhl3ip','','زيد السالم','active',1781106605093),
('ze3is','zhl3ip','','صهيب الجاسم','active',1778601005093),
('ze3it','zhl3ip','','عثمان المحمد','active',1774885805093),
('ze3iu','zhl3ip','','بلال المحمد','active',1777305005093),
('ze3iv','zhl3ip','','علي النعسان','active',1774626605093),
('ze3iw','zhl3ip','','أحمد القاسم','active',1781625005093),
('ze3ix','zhl3ip','','خالد الجاسم','active',1780069805093),
('ze3jb','zhl3ja','','عبدالرحمن الحموي','active',1775490605093),
('ze3jc','zhl3ja','','مصطفى الخطيب','active',1782229805093),
('ze3jd','zhl3ja','','أيمن الديب','active',1774194605093),
('ze3je','zhl3ja','','سعيد النعسان','active',1783353005093),
('ze3jf','zhl3ja','','إبراهيم المحمد','active',1779378605093),
('ze3jg','zhl3ja','','حسين الرفاعي','active',1783353005093),
('ze3jh','zhl3ja','','سعيد الحموي','active',1777132205093),
('ze3ji','zhl3ja','','حمزة الإدلبي','active',1778169005093),
('ze3jj','zhl3ja','','خالد الحلبي','active',1776700205093),
('ze3kn','zhl3km','','أنس الديب','active',1775231405093),
('ze3ko','zhl3km','','يوسف الديب','active',1776009005093),
('ze3kp','zhl3km','','عثمان الأحمد','active',1780501805093),
('ze3kq','zhl3km','','حسين الجاسم','active',1775663405093),
('ze3kr','zhl3km','','زيد القاسم','active',1776527405093),
('ze3ks','zhl3km','','زيد الأحمد','active',1779119405093),
('ze3kt','zhl3km','','إبراهيم الحموي','active',1779551405093);
INSERT OR IGNORE INTO enrollments (id,halaqa_id,person_id,student_name,status,created_at) VALUES
('ze3ku','zhl3km','','أنس الشامي','active',1783353005093),
('ze3kv','zhl3km','','بلال الإدلبي','active',1779119405093),
('ze3m2','zhl3m1','','حسين الخطيب','active',1779637805093),
('ze3m3','zhl3m1','','معاذ القاسم','active',1774885805093),
('ze3m4','zhl3m1','','عبدالله الشامي','active',1777564205093),
('ze3m5','zhl3m1','','عبدالرحمن الأحمد','active',1774885805093),
('ze3m6','zhl3m1','','عبدالله البكري','active',1780069805093),
('ze3m7','zhl3m1','','أسامة الشامي','withdrawn',1775058605093),
('ze3m8','zhl3m1','','حسين الجاسم','withdrawn',1775922605093),
('ze3mz','zhl3my','','عبدالله العمر','active',1783007405093),
('ze3n0','zhl3my','','زيد العمر','active',1781970605093),
('ze3n1','zhl3my','','بلال السالم','active',1774799405093),
('ze3n2','zhl3my','','أيمن الكردي','active',1777391405093),
('ze3n3','zhl3my','','عمر القاسم','active',1775317805093),
('ze3n4','zhl3my','','علي الحلبي','active',1779205805093),
('ze3o3','zhl3o2','','إبراهيم الشامي','active',1775490605093),
('ze3o4','zhl3o2','','عبدالله الرفاعي','active',1783266605093),
('ze3o5','zhl3o2','','أسامة الحلبي','active',1782402605093),
('ze3o6','zhl3o2','','أيمن الحلبي','active',1783093805093),
('ze3o7','zhl3o2','','أسامة الحموي','active',1774713005093),
('ze3o8','zhl3o2','','بلال الجاسم','active',1777737005093),
('ze3o9','zhl3o2','','عثمان الشامي','active',1774713005093),
('ze3pb','zhl3pa','','معاذ الشامي','active',1779810605093),
('ze3pc','zhl3pa','','محمد السالم','active',1775922605093),
('ze3pd','zhl3pa','','صهيب الحموي','active',1779119405093),
('ze3pe','zhl3pa','','عبدالرحمن الأحمد','active',1774108205093),
('ze3pf','zhl3pa','','عمر الصالح','active',1783525805093),
('ze3pg','zhl3pa','','طارق الحموي','withdrawn',1782402605093),
('ze3ph','zhl3pa','','سلمان الزعبي','active',1775922605093),
('ze3pi','zhl3pa','','عبدالله القاسم','active',1777132205093),
('ze3pw','zhl3pv','','بلال الحسن','active',1777132205093),
('ze3px','zhl3pv','','حسن الخطيب','active',1774453805093),
('ze3py','zhl3pv','','أيمن المحمد','active',1777132205093),
('ze3pz','zhl3pv','','سلمان السالم','withdrawn',1778341805093),
('ze3q0','zhl3pv','','أيمن النعسان','active',1779205805093),
('ze3q1','zhl3pv','','معاذ القاسم','active',1775058605093),
('ze3q2','zhl3pv','','إبراهيم الصالح','active',1775058605093),
('ze3q3','zhl3pv','','إبراهيم الرفاعي','active',1782057005093),
('ze3re','zhl3rd','','علي الزعبي','active',1782921005093),
('ze3rf','zhl3rd','','أسامة الصالح','active',1777391405093),
('ze3rg','zhl3rd','','حمزة البكري','active',1775490605093),
('ze3rh','zhl3rd','','طارق العمر','active',1780588205093),
('ze3ri','zhl3rd','','ياسر الديب','active',1775922605093),
('ze3rj','zhl3rd','','سعيد الكردي','withdrawn',1777477805093),
('ze3rk','zhl3rd','','حسن الرفاعي','active',1774713005093),
('ze3ry','zhl3rx','','إبراهيم البكري','active',1783093805093),
('ze3rz','zhl3rx','','صهيب النعسان','withdrawn',1775836205093),
('ze3s0','zhl3rx','','أحمد الكردي','active',1779292205093),
('ze3s1','zhl3rx','','حسن الحسن','active',1774021805093),
('ze3s2','zhl3rx','','أيمن المحمد','active',1774540205093),
('ze3s3','zhl3rx','','حسن القاسم','active',1778687405093),
('ze3s4','zhl3rx','','أيمن الكردي','active',1782229805093),
('ze3s5','zhl3rx','','صهيب الجاسم','active',1778946605093),
('ze3s6','zhl3rx','','إبراهيم النعسان','active',1781365805093),
('ze3s7','zhl3rx','','إبراهيم النعسان','active',1783439405093),
('ze3sz','zhl3sy','','عثمان الجاسم','active',1779292205093),
('ze3t0','zhl3sy','','سلمان الصالح','active',1776441005093),
('ze3t1','zhl3sy','','حسن الإدلبي','active',1778514605093),
('ze3t2','zhl3sy','','محمد الحلبي','active',1778428205093),
('ze3t3','zhl3sy','','عبدالله البكري','active',1780761005093);
INSERT OR IGNORE INTO enrollments (id,halaqa_id,person_id,student_name,status,created_at) VALUES
('ze3t4','zhl3sy','','بلال الرفاعي','active',1781193005093),
('ze3t5','zhl3sy','','أيمن الكردي','active',1774799405093),
('ze3t6','zhl3sy','','عبدالرحمن القاسم','active',1777823405093),
('ze3t7','zhl3sy','','زيد الحريري','active',1782229805093),
('ze3t8','zhl3sy','','حمزة الصالح','withdrawn',1778514605093),
('ze3t9','zhl3sy','','سعيد الأحمد','active',1779033005093),
('ze3tt','zhl3ts','','زيد الجاسم','withdrawn',1776527405093),
('ze3tu','zhl3ts','','حمزة العمر','withdrawn',1779637805093),
('ze3tv','zhl3ts','','سلمان الرفاعي','withdrawn',1776873005093),
('ze3tw','zhl3ts','','أيمن الرفاعي','active',1783439405093),
('ze3tx','zhl3ts','','زيد المحمد','active',1775749805093),
('ze3ty','zhl3ts','','عمر الحلبي','active',1779292205093),
('ze3tz','zhl3ts','','عمر الأحمد','active',1776009005093),
('ze3u0','zhl3ts','','حسين الشامي','active',1778860205093),
('ze3u1','zhl3ts','','سعيد الحريري','active',1778946605093),
('ze3ug','zhl3uf','','سلمان الديب','active',1775577005093),
('ze3uh','zhl3uf','','صهيب الرفاعي','active',1781193005093),
('ze3ui','zhl3uf','','ياسر الأحمد','active',1779119405093),
('ze3uj','zhl3uf','','زيد السالم','active',1776095405093),
('ze3uk','zhl3uf','','أحمد البكري','active',1779378605093),
('ze3ul','zhl3uf','','أنس الإدلبي','active',1777564205093),
('ze3um','zhl3uf','','عثمان الجاسم','active',1782143405093),
('ze3un','zhl3uf','','يوسف الحموي','active',1781193005093),
('ze3w0','zhl3vz','','عبدالله الإدلبي','withdrawn',1779810605093),
('ze3w1','zhl3vz','','أحمد الحسن','active',1775145005093),
('ze3w2','zhl3vz','','سعيد الرفاعي','active',1780329005093),
('ze3w3','zhl3vz','','مصطفى السالم','active',1777909805093),
('ze3w4','zhl3vz','','يوسف النعسان','active',1781279405093),
('ze3w5','zhl3vz','','معاذ الحموي','withdrawn',1777477805093),
('ze3w6','zhl3vz','','عبدالرحمن الجاسم','active',1782402605093),
('ze3w7','zhl3vz','','معاذ الرفاعي','active',1774281005093),
('ze3w8','zhl3vz','','يوسف الديب','active',1778601005093),
('ze3w9','zhl3vz','','زيد الحلبي','active',1776354605093),
('ze3xk','zhl3xj','','عثمان المحمد','active',1782402605093),
('ze3xl','zhl3xj','','بلال الحريري','active',1780156205093),
('ze3xm','zhl3xj','','حمزة الحسن','active',1779551405093),
('ze3xn','zhl3xj','','حسن الأحمد','active',1781452205093),
('ze3xo','zhl3xj','','أيمن الجاسم','active',1779465005093),
('ze3xp','zhl3xj','','مصطفى الحلبي','active',1782921005093),
('ze3xq','zhl3xj','','يوسف السالم','active',1782748205093),
('ze3xr','zhl3xj','','أيمن المحمد','active',1780674605093),
('ze3xs','zhl3xj','','صهيب الإدلبي','active',1779724205093),
('ze3xt','zhl3xj','','معاذ السالم','active',1779983405093),
('ze3xu','zhl3xj','','ياسر الكردي','active',1776441005093),
('ze3z8','zhl3z7','','أسامة الصالح','active',1780329005093),
('ze3z9','zhl3z7','','صهيب الأحمد','active',1778687405093),
('ze3za','zhl3z7','','عبدالرحمن المحمد','active',1775058605093),
('ze3zb','zhl3z7','','سلمان المحمد','active',1783439405093),
('ze3zc','zhl3z7','','حسين الحريري','active',1779119405093),
('ze3zd','zhl3z7','','مصطفى الشامي','active',1775231405093),
('ze3ze','zhl3z7','','بلال الديب','active',1781711405093),
('ze3zf','zhl3z7','','معاذ الشامي','active',1778773805093),
('ze3zg','zhl3z7','','طارق القاسم','active',1783439405093),
('ze3zh','zhl3z7','','عمر المحمد','active',1776268205093),
('ze40b','zhl40a','','يوسف المحمد','active',1776786605093),
('ze40c','zhl40a','','عبدالرحمن الشامي','active',1782834605093),
('ze40d','zhl40a','','حسين الصالح','withdrawn',1782229805093),
('ze40e','zhl40a','','حمزة الديب','active',1779033005093),
('ze40f','zhl40a','','أيمن الأحمد','active',1778601005093),
('ze40g','zhl40a','','مصطفى الخطيب','active',1781625005093);
INSERT OR IGNORE INTO enrollments (id,halaqa_id,person_id,student_name,status,created_at) VALUES
('ze40h','zhl40a','','خالد القاسم','withdrawn',1774367405093),
('ze40i','zhl40a','','علي الجاسم','active',1776700205093),
('ze419','zhl418','','خالد الجاسم','withdrawn',1774367405093),
('ze41a','zhl418','','عبدالله النعسان','active',1776527405093),
('ze41b','zhl418','','طارق الرفاعي','active',1777823405093),
('ze41c','zhl418','','عثمان الأحمد','active',1776786605093),
('ze41d','zhl418','','عمر البكري','active',1781365805093),
('ze41e','zhl418','','ياسر الحريري','active',1781970605093),
('ze41f','zhl418','','حسين السالم','active',1782921005093),
('ze41g','zhl418','','علي المحمد','withdrawn',1776354605093),
('ze41h','zhl418','','حسين الجاسم','active',1776873005093),
('ze41i','zhl418','','مصطفى الزعبي','active',1782921005093),
('ze42u','zhl42t','','حسن العمر','active',1778946605093),
('ze42v','zhl42t','','حسن النعسان','active',1782402605093),
('ze42w','zhl42t','','محمد العمر','active',1776441005093),
('ze42x','zhl42t','','أيمن العمر','active',1781365805093),
('ze42y','zhl42t','','يوسف الجاسم','active',1782316205093),
('ze42z','zhl42t','','مصطفى النعسان','active',1781365805093),
('ze430','zhl42t','','زيد الجاسم','active',1776700205093),
('ze431','zhl42t','','عبدالله الكردي','active',1776959405093),
('ze432','zhl42t','','بلال السالم','active',1777391405093),
('ze43k','zhl43j','','أحمد الكردي','active',1780933805093),
('ze43l','zhl43j','','عثمان الديب','withdrawn',1783525805093),
('ze43m','zhl43j','','عمر الصالح','active',1781279405093),
('ze43n','zhl43j','','أيمن الصالح','active',1776613805093),
('ze43o','zhl43j','','عبدالرحمن النعسان','active',1775663405093),
('ze43p','zhl43j','','إبراهيم الرفاعي','active',1779983405093),
('ze43q','zhl43j','','حمزة الكردي','active',1779637805093),
('ze43r','zhl43j','','محمد الديب','active',1780933805093),
('ze43s','zhl43j','','حسين الحسن','active',1777218605093),
('ze43t','zhl43j','','سلمان الجاسم','active',1775145005093),
('ze43u','zhl43j','','حسين العمر','active',1779465005093),
('ze44s','zhl44r','','أنس العمر','active',1779292205093),
('ze44t','zhl44r','','حسن الإدلبي','active',1783007405093),
('ze44u','zhl44r','','حسين السالم','active',1776441005093),
('ze44v','zhl44r','','حمزة الشامي','active',1779205805093),
('ze44w','zhl44r','','سعيد الديب','active',1774540205093),
('ze44x','zhl44r','','مصطفى الحلبي','withdrawn',1774799405093),
('ze44y','zhl44r','','حسين الإدلبي','active',1779205805093),
('ze44z','zhl44r','','علي الجاسم','active',1783007405093),
('ze450','zhl44r','','يوسف السالم','active',1776095405093),
('ze451','zhl44r','','إبراهيم البكري','active',1777823405093),
('ze46t','zhl46s','','زيد الزعبي','active',1780069805093),
('ze46u','zhl46s','','عبدالرحمن الزعبي','active',1777564205093),
('ze46v','zhl46s','','حمزة الإدلبي','active',1782921005093),
('ze46w','zhl46s','','معاذ العمر','active',1778428205093),
('ze46x','zhl46s','','معاذ العمر','active',1780588205093),
('ze46y','zhl46s','','خالد الإدلبي','active',1781193005093),
('ze46z','zhl46s','','عبدالله الزعبي','active',1780329005093),
('ze470','zhl46s','','أيمن الإدلبي','active',1777909805093),
('ze471','zhl46s','','عمر الحلبي','active',1776959405093),
('ze472','zhl46s','','حسين الرفاعي','withdrawn',1781106605093),
('ze473','zhl46s','','أسامة البكري','active',1782229805093),
('ze474','zhl46s','','أسامة الصالح','active',1778428205093),
('ze48s','zhl48r','','علي الحلبي','active',1777305005093),
('ze48t','zhl48r','','عثمان الزعبي','active',1780329005093),
('ze48u','zhl48r','','سلمان الحسن','active',1774626605093),
('ze48v','zhl48r','','زيد الكردي','active',1781797805093),
('ze48w','zhl48r','','معاذ المحمد','active',1775490605093),
('ze48x','zhl48r','','خالد الجاسم','active',1782057005093);
INSERT OR IGNORE INTO enrollments (id,halaqa_id,person_id,student_name,status,created_at) VALUES
('ze48y','zhl48r','','أسامة الكردي','active',1778773805093),
('ze48z','zhl48r','','صهيب الحريري','active',1780242605093),
('ze490','zhl48r','','سعيد الديب','active',1780329005093),
('ze4am','zhl4al','','سلمان القاسم','active',1783180205093),
('ze4an','zhl4al','','معاذ الصالح','active',1783093805093),
('ze4ao','zhl4al','','حسين الديب','active',1781193005093),
('ze4ap','zhl4al','','معاذ الأحمد','active',1778341805093),
('ze4aq','zhl4al','','إبراهيم البكري','active',1775663405093),
('ze4ar','zhl4al','','إبراهيم المحمد','active',1777477805093),
('ze4as','zhl4al','','علي العمر','active',1779637805093),
('ze4bo','zhl4bn','','عمر الكردي','active',1774021805093),
('ze4bp','zhl4bn','','محمد السالم','active',1775317805093),
('ze4bq','zhl4bn','','سعيد الجاسم','active',1780329005093),
('ze4br','zhl4bn','','أسامة الجاسم','active',1774194605093),
('ze4bs','zhl4bn','','عثمان الرفاعي','withdrawn',1783353005093),
('ze4bt','zhl4bn','','بلال الشامي','active',1776181805093),
('ze4co','zhl4cn','','أسامة الإدلبي','active',1776873005093),
('ze4cp','zhl4cn','','زيد الحسن','active',1779637805093),
('ze4cq','zhl4cn','','أحمد الحلبي','active',1777391405093),
('ze4cr','zhl4cn','','عثمان الحلبي','withdrawn',1780156205093),
('ze4cs','zhl4cn','','يوسف الجاسم','withdrawn',1782661805093),
('ze4ct','zhl4cn','','أنس الإدلبي','active',1774713005093),
('ze4cu','zhl4cn','','إبراهيم الجاسم','active',1783266605093),
('ze4d5','zhl4d4','','طارق الصالح','active',1777564205093),
('ze4d6','zhl4d4','','يوسف الكردي','active',1779033005093),
('ze4d7','zhl4d4','','إبراهيم الجاسم','active',1782316205093),
('ze4d8','zhl4d4','','أنس القاسم','withdrawn',1776700205093),
('ze4d9','zhl4d4','','عثمان الحريري','active',1779810605093),
('ze4da','zhl4d4','','محمد الحموي','active',1782489005093),
('ze4db','zhl4d4','','أنس الكردي','active',1780588205093),
('ze4dc','zhl4d4','','حسين الحسن','active',1775317805093),
('ze4dd','zhl4d4','','خالد الإدلبي','active',1783180205093),
('ze4dv','zhl4du','','علي الحريري','active',1774281005093),
('ze4dw','zhl4du','','أحمد الجاسم','active',1776009005093),
('ze4dx','zhl4du','','خالد الديب','active',1774540205093),
('ze4dy','zhl4du','','عبدالله الأحمد','active',1778773805093),
('ze4dz','zhl4du','','إبراهيم السالم','active',1781193005093),
('ze4e0','zhl4du','','علي الرفاعي','active',1777564205093),
('ze4e1','zhl4du','','حسين الكردي','active',1779897005093),
('ze4ed','zhl4ec','','محمد العمر','active',1782489005093),
('ze4ee','zhl4ec','','أيمن الحريري','active',1775577005093),
('ze4ef','zhl4ec','','إبراهيم الديب','active',1779810605093),
('ze4eg','zhl4ec','','أحمد الحسن','active',1779205805093),
('ze4eh','zhl4ec','','عثمان الحموي','active',1782229805093),
('ze4ei','zhl4ec','','أسامة الديب','active',1777996205093),
('ze4ej','zhl4ec','','عبدالله العمر','active',1783353005093),
('ze4ek','zhl4ec','','طارق القاسم','active',1776786605093),
('ze4f9','zhl4f8','','سعيد العمر','active',1774021805093),
('ze4fa','zhl4f8','','ياسر الإدلبي','active',1774799405093),
('ze4fb','zhl4f8','','محمد الزعبي','active',1783180205093),
('ze4fc','zhl4f8','','أيمن الأحمد','active',1777391405093),
('ze4fd','zhl4f8','','أنس الحريري','active',1782229805093),
('ze4fe','zhl4f8','','سعيد الكردي','active',1778773805093),
('ze4ff','zhl4f8','','إبراهيم الخطيب','active',1782143405093),
('ze4gd','zhl4gc','','طارق الرفاعي','active',1774021805093),
('ze4ge','zhl4gc','','عبدالرحمن الزعبي','active',1778946605093),
('ze4gf','zhl4gc','','أسامة الزعبي','active',1782229805093),
('ze4gg','zhl4gc','','حسن الشامي','active',1774453805093),
('ze4gh','zhl4gc','','أحمد الحسن','active',1780415405093),
('ze4gi','zhl4gc','','يوسف الخطيب','active',1777305005093);
INSERT OR IGNORE INTO enrollments (id,halaqa_id,person_id,student_name,status,created_at) VALUES
('ze4gj','zhl4gc','','يوسف الأحمد','active',1777650605093),
('ze4gk','zhl4gc','','حسن السالم','active',1776700205093),
('ze4gl','zhl4gc','','بلال الحلبي','active',1776959405093),
('ze4gm','zhl4gc','','خالد النعسان','active',1774453805093),
('ze4ic','zhl4ib','','عبدالله البكري','active',1779378605093),
('ze4id','zhl4ib','','ياسر الصالح','active',1783007405093),
('ze4ie','zhl4ib','','مصطفى البكري','withdrawn',1777305005093),
('ze4if','zhl4ib','','ياسر الشامي','active',1780069805093),
('ze4ig','zhl4ib','','بلال الكردي','active',1778428205093),
('ze4ih','zhl4ib','','طارق الإدلبي','active',1777477805093),
('ze4ii','zhl4ib','','عمر الرفاعي','active',1781625005093),
('ze4ij','zhl4ib','','خالد المحمد','active',1779897005093),
('ze4ja','zhl4j9','','مصطفى الإدلبي','active',1783180205093),
('ze4jb','zhl4j9','','محمد الحموي','active',1781884205093),
('ze4jc','zhl4j9','','عبدالله الحموي','active',1778601005093),
('ze4jd','zhl4j9','','زيد الجاسم','active',1780156205093),
('ze4je','zhl4j9','','عمر المحمد','active',1777996205093),
('ze4jf','zhl4j9','','حسين الحريري','active',1777996205093),
('ze4jg','zhl4j9','','خالد الكردي','active',1781279405093),
('ze4jt','zhl4js','','أنس الأحمد','active',1776268205093),
('ze4ju','zhl4js','','زيد الكردي','active',1775663405093),
('ze4jv','zhl4js','','ياسر الخطيب','active',1774713005093),
('ze4jw','zhl4js','','علي الحريري','active',1774540205093),
('ze4jx','zhl4js','','طارق الزعبي','active',1774713005093),
('ze4jy','zhl4js','','سعيد الديب','active',1774194605093),
('ze4jz','zhl4js','','علي الشامي','active',1778946605093),
('ze4k0','zhl4js','','أيمن النعسان','withdrawn',1780674605093),
('ze4k1','zhl4js','','أنس الجاسم','active',1781711405093),
('ze4ku','zhl4kt','','طارق الجاسم','active',1777132205093),
('ze4kv','zhl4kt','','حمزة الحسن','active',1776873005093),
('ze4kw','zhl4kt','','بلال الحسن','active',1774626605093),
('ze4kx','zhl4kt','','خالد الأحمد','active',1775577005093),
('ze4ky','zhl4kt','','يوسف العمر','active',1781365805093),
('ze4kz','zhl4kt','','علي الحريري','withdrawn',1775317805093),
('ze4l0','zhl4kt','','زيد البكري','active',1781279405093),
('ze4l1','zhl4kt','','أسامة الشامي','active',1775663405093),
('ze4l2','zhl4kt','','صهيب الحلبي','active',1777737005093),
('ze4l3','zhl4kt','','زيد الجاسم','active',1774626605093),
('ze4lk','zhl4lj','','عبدالله الشامي','active',1778687405093),
('ze4ll','zhl4lj','','عبدالرحمن الصالح','active',1776873005093),
('ze4lm','zhl4lj','','حمزة الزعبي','active',1777823405093),
('ze4ln','zhl4lj','','عثمان الرفاعي','active',1776181805093),
('ze4lo','zhl4lj','','محمد الخطيب','active',1774540205093),
('ze4lp','zhl4lj','','علي الزعبي','active',1782921005093),
('ze4lq','zhl4lj','','زيد الخطيب','active',1783439405093),
('ze4lr','zhl4lj','','علي الحموي','active',1777823405093),
('ze4ls','zhl4lj','','حسين الجاسم','active',1781884205093),
('ze4m8','zhl4m7','','حسين الحلبي','active',1774626605093),
('ze4m9','zhl4m7','','أحمد النعسان','active',1779724205093),
('ze4ma','zhl4m7','','أحمد النعسان','active',1781884205093),
('ze4mb','zhl4m7','','خالد الجاسم','active',1776959405093),
('ze4mc','zhl4m7','','بلال البكري','active',1781797805093),
('ze4md','zhl4m7','','صهيب الديب','withdrawn',1783180205093),
('ze4me','zhl4m7','','سعيد الزعبي','active',1777391405093),
('ze4nj','zhl4ni','','خالد الشامي','active',1781106605093),
('ze4nk','zhl4ni','','سلمان الخطيب','active',1778514605093),
('ze4nl','zhl4ni','','عمر البكري','active',1780415405093),
('ze4nm','zhl4ni','','حسين الديب','active',1782834605093),
('ze4nn','zhl4ni','','سعيد الكردي','withdrawn',1780156205093),
('ze4no','zhl4ni','','خالد الشامي','active',1775404205093);
INSERT OR IGNORE INTO enrollments (id,halaqa_id,person_id,student_name,status,created_at) VALUES
('ze4np','zhl4ni','','صهيب الإدلبي','active',1777650605093),
('ze4nq','zhl4ni','','معاذ البكري','active',1778428205093),
('ze4o6','zhl4o5','','أحمد الجاسم','active',1775749805093),
('ze4o7','zhl4o5','','عبدالرحمن النعسان','active',1776095405093),
('ze4o8','zhl4o5','','أنس السالم','active',1778687405093),
('ze4o9','zhl4o5','','زيد الحموي','active',1782575405093),
('ze4oa','zhl4o5','','أسامة الجاسم','withdrawn',1775490605093),
('ze4ob','zhl4o5','','سعيد القاسم','active',1782748205093),
('ze4oc','zhl4o5','','سعيد الحموي','active',1780242605093),
('ze4od','zhl4o5','','خالد الحسن','active',1775145005093),
('ze4oe','zhl4o5','','أنس الرفاعي','active',1777132205093),
('ze4of','zhl4o5','','محمد الديب','active',1777909805093),
('ze4ow','zhl4ov','','يوسف السالم','active',1777650605093),
('ze4ox','zhl4ov','','زيد الحلبي','active',1775836205093),
('ze4oy','zhl4ov','','حسن البكري','active',1776095405093),
('ze4oz','zhl4ov','','أسامة الحلبي','withdrawn',1775749805093),
('ze4p0','zhl4ov','','إبراهيم الأحمد','active',1780069805093),
('ze4p1','zhl4ov','','صهيب الإدلبي','active',1776786605093),
('ze4p2','zhl4ov','','سعيد الإدلبي','active',1779551405093),
('ze4p3','zhl4ov','','سلمان الجاسم','active',1777218605093),
('ze4qb','zhl4qa','','معاذ المحمد','withdrawn',1781279405093),
('ze4qc','zhl4qa','','خالد الرفاعي','active',1776700205093),
('ze4qd','zhl4qa','','إبراهيم الأحمد','active',1781970605093),
('ze4qe','zhl4qa','','معاذ العمر','active',1783439405093),
('ze4qf','zhl4qa','','سعيد الصالح','withdrawn',1779205805093),
('ze4qg','zhl4qa','','خالد الحلبي','active',1774713005093),
('ze4qh','zhl4qa','','حمزة الزعبي','active',1782489005093),
('ze4qi','zhl4qa','','أنس الإدلبي','active',1776613805093),
('ze4qj','zhl4qa','','زيد السالم','active',1781625005093),
('ze4qk','zhl4qa','','إبراهيم السالم','active',1774281005093),
('ze4ql','zhl4qa','','حمزة الحموي','active',1776786605093),
('ze4r3','zhl4r2','','عثمان الأحمد','active',1774540205093),
('ze4r4','zhl4r2','','يوسف الأحمد','active',1778255405093),
('ze4r5','zhl4r2','','علي الزعبي','active',1778860205093),
('ze4r6','zhl4r2','','أيمن الحلبي','active',1776181805093),
('ze4r7','zhl4r2','','حمزة البكري','active',1776268205093),
('ze4r8','zhl4r2','','سلمان العمر','active',1776095405093),
('ze4r9','zhl4r2','','عبدالرحمن الحريري','active',1783353005093),
('ze4ra','zhl4r2','','محمد النعسان','active',1776613805093),
('ze4rb','zhl4r2','','أنس المحمد','active',1780933805093),
('ze4si','zhl4sh','','حمزة الحريري','active',1774972205093),
('ze4sj','zhl4sh','','معاذ البكري','active',1782661805093),
('ze4sk','zhl4sh','','عثمان الجاسم','active',1774799405093),
('ze4sl','zhl4sh','','عبدالرحمن الزعبي','active',1774972205093),
('ze4sm','zhl4sh','','حسن الديب','active',1775922605093),
('ze4sn','zhl4sh','','حسن الحلبي','active',1780156205093),
('ze4so','zhl4sh','','عبدالرحمن الصالح','active',1782748205093),
('ze4sp','zhl4sh','','إبراهيم الجاسم','active',1776700205093),
('ze4sq','zhl4sh','','بلال الزعبي','active',1776095405093),
('ze4sr','zhl4sh','','يوسف الإدلبي','active',1780501805093),
('ze4tn','zhl4tm','','أسامة البكري','active',1774626605093),
('ze4to','zhl4tm','','معاذ الأحمد','active',1783353005093),
('ze4tp','zhl4tm','','عثمان القاسم','active',1782316205093),
('ze4tq','zhl4tm','','عمر الأحمد','active',1781538605093),
('ze4tr','zhl4tm','','أحمد الإدلبي','withdrawn',1775749805093),
('ze4ts','zhl4tm','','ياسر الكردي','active',1777045805093),
('ze4tt','zhl4tm','','عثمان الزعبي','active',1775404205093),
('ze4tu','zhl4tm','','عبدالرحمن الإدلبي','active',1777391405093),
('ze4tv','zhl4tm','','أحمد الشامي','active',1783180205093),
('ze4tw','zhl4tm','','حمزة المحمد','active',1778341805093);
INSERT OR IGNORE INTO enrollments (id,halaqa_id,person_id,student_name,status,created_at) VALUES
('ze4vn','zhl4vm','','حسن الحسن','active',1780933805093),
('ze4vo','zhl4vm','','علي العمر','active',1783180205093),
('ze4vp','zhl4vm','','عبدالرحمن البكري','active',1777564205093),
('ze4vq','zhl4vm','','إبراهيم البكري','active',1781020205093),
('ze4vr','zhl4vm','','مصطفى الإدلبي','active',1781970605093),
('ze4vs','zhl4vm','','معاذ الشامي','active',1783353005093),
('ze4vt','zhl4vm','','معاذ السالم','active',1777823405093),
('ze4wu','zhl4wt','','أنس الحسن','active',1778601005093),
('ze4wv','zhl4wt','','صهيب المحمد','active',1777305005093),
('ze4ww','zhl4wt','','أسامة الحريري','active',1777391405093),
('ze4wx','zhl4wt','','عبدالرحمن الزعبي','active',1780761005093),
('ze4wy','zhl4wt','','حمزة الزعبي','active',1781365805093),
('ze4wz','zhl4wt','','حسن الحموي','active',1775231405093),
('ze4x0','zhl4wt','','زيد الديب','active',1776354605093),
('ze4x1','zhl4wt','','حمزة العمر','active',1775836205093),
('ze4x2','zhl4wt','','عبدالله الإدلبي','active',1779205805093),
('ze4x3','zhl4wt','','سعيد السالم','active',1777132205093),
('ze4y1','zhl4y0','','معاذ النعسان','active',1775749805093),
('ze4y2','zhl4y0','','حسين الإدلبي','active',1779724205093),
('ze4y3','zhl4y0','','أيمن الديب','active',1781711405093),
('ze4y4','zhl4y0','','إبراهيم العمر','active',1779205805093),
('ze4y5','zhl4y0','','سعيد البكري','active',1782921005093),
('ze4y6','zhl4y0','','معاذ الكردي','withdrawn',1776959405093),
('ze4y7','zhl4y0','','إبراهيم الحريري','active',1776959405093),
('ze4y8','zhl4y0','','زيد الشامي','active',1775836205093),
('ze4yy','zhl4yx','','أسامة الزعبي','active',1781970605093),
('ze4yz','zhl4yx','','يوسف الكردي','active',1776181805093),
('ze4z0','zhl4yx','','سعيد السالم','active',1775577005093),
('ze4z1','zhl4yx','','محمد البكري','withdrawn',1777909805093),
('ze4z2','zhl4yx','','سلمان المحمد','active',1777737005093),
('ze4z3','zhl4yx','','علي السالم','active',1776700205093),
('ze4z4','zhl4yx','','سلمان الحسن','active',1783266605093),
('ze4z5','zhl4yx','','بلال الحلبي','active',1778082605093),
('ze4z6','zhl4yx','','سلمان البكري','active',1779205805093),
('ze4z7','zhl4yx','','حسن الإدلبي','active',1775404205093),
('ze4z8','zhl4yx','','سلمان الإدلبي','active',1775490605093),
('ze4z9','zhl4yx','','حسن الرفاعي','active',1780847405093),
('ze4zs','zhl4zr','','أيمن المحمد','active',1778860205093),
('ze4zt','zhl4zr','','خالد البكري','active',1779378605093),
('ze4zu','zhl4zr','','يوسف الخطيب','active',1778255405093),
('ze4zv','zhl4zr','','أسامة الجاسم','active',1783266605093),
('ze4zw','zhl4zr','','حسين الرفاعي','active',1779810605093),
('ze4zx','zhl4zr','','سعيد الرفاعي','active',1776873005093),
('ze4zy','zhl4zr','','معاذ السالم','active',1779637805093),
('ze4zz','zhl4zr','','عبدالرحمن الرفاعي','withdrawn',1776181805093),
('ze500','zhl4zr','','حمزة البكري','active',1780588205093),
('ze51a','zhl519','','أحمد الكردي','withdrawn',1775490605093),
('ze51b','zhl519','','علي الحريري','active',1780156205093),
('ze51c','zhl519','','أنس الأحمد','active',1779551405093),
('ze51d','zhl519','','طارق الشامي','active',1777737005093),
('ze51e','zhl519','','سعيد النعسان','active',1781884205093),
('ze51f','zhl519','','صهيب المحمد','active',1778169005093),
('ze51g','zhl519','','محمد الرفاعي','active',1781711405093),
('ze51h','zhl519','','معاذ النعسان','active',1778169005093),
('ze51i','zhl519','','أسامة الحلبي','active',1776786605093),
('ze51j','zhl519','','عمر الديب','active',1780588205093),
('ze51k','zhl519','','حسن الديب','active',1779983405093),
('ze51l','zhl519','','حسين الكردي','active',1776873005093),
('ze51m','zhl519','','محمد النعسان','active',1780761005093),
('ze533','zhl532','','زيد الحسن','active',1774972205093);
INSERT OR IGNORE INTO enrollments (id,halaqa_id,person_id,student_name,status,created_at) VALUES
('ze534','zhl532','','سعيد الخطيب','active',1777391405093),
('ze535','zhl532','','يوسف الأحمد','active',1783093805093),
('ze536','zhl532','','أنس السالم','active',1778169005093),
('ze537','zhl532','','أيمن البكري','active',1779119405093),
('ze538','zhl532','','بلال الإدلبي','active',1780329005093),
('ze539','zhl532','','علي الخطيب','active',1781970605093),
('ze53a','zhl532','','سعيد الشامي','active',1776786605093),
('ze53b','zhl532','','حسن السالم','withdrawn',1776354605093),
('ze53c','zhl532','','أيمن الصالح','active',1780069805093),
('ze53d','zhl532','','إبراهيم الجاسم','active',1776441005093),
('ze54d','zhl54c','','حسين الحسن','active',1777391405093),
('ze54e','zhl54c','','عبدالله الزعبي','active',1776268205093),
('ze54f','zhl54c','','بلال الصالح','withdrawn',1779810605093),
('ze54g','zhl54c','','يوسف الديب','active',1783180205093),
('ze54h','zhl54c','','سعيد المحمد','active',1783439405093),
('ze54i','zhl54c','','بلال البكري','active',1781452205093),
('ze54j','zhl54c','','خالد الحسن','active',1780674605093),
('ze54k','zhl54c','','ياسر الديب','active',1779465005093),
('ze54l','zhl54c','','ياسر الكردي','active',1779983405093),
('ze55w','zhl55v','','عثمان الأحمد','active',1780069805093),
('ze55x','zhl55v','','أسامة الخطيب','active',1777909805093),
('ze55y','zhl55v','','عمر النعسان','active',1777305005093),
('ze55z','zhl55v','','علي الصالح','active',1780761005093),
('ze560','zhl55v','','زيد الحريري','withdrawn',1782057005093),
('ze561','zhl55v','','أنس الجاسم','active',1780069805093),
('ze562','zhl55v','','أسامة الأحمد','withdrawn',1780069805093),
('ze563','zhl55v','','بلال الحلبي','active',1774540205093),
('ze56f','zhl56e','','خالد الحسن','active',1776268205093),
('ze56g','zhl56e','','عبدالرحمن الديب','active',1779292205093),
('ze56h','zhl56e','','أيمن البكري','active',1780761005093),
('ze56i','zhl56e','','معاذ الحلبي','active',1781538605093),
('ze56j','zhl56e','','عبدالله البكري','active',1775749805093),
('ze56k','zhl56e','','حسن القاسم','active',1777045805093),
('ze56l','zhl56e','','ياسر الصالح','active',1777564205093),
('ze56m','zhl56e','','معاذ الزعبي','active',1776009005093),
('ze56n','zhl56e','','صهيب الكردي','active',1774281005093),
('ze56o','zhl56e','','معاذ الزعبي','active',1775145005093),
('ze56p','zhl56e','','عبدالله المحمد','active',1781193005093),
('ze56q','zhl56e','','حسين الأحمد','active',1778946605093),
('ze56r','zhl56e','','محمد الحريري','active',1776700205093),
('ze56s','zhl56e','','محمد النعسان','active',1780674605093),
('ze58n','zhl58m','','ياسر الأحمد','active',1781797805093),
('ze58o','zhl58m','','عثمان الحريري','active',1775317805093),
('ze58p','zhl58m','','مصطفى الديب','active',1776527405093),
('ze58q','zhl58m','','أنس الأحمد','active',1779897005093),
('ze58r','zhl58m','','إبراهيم الكردي','active',1780069805093),
('ze58s','zhl58m','','محمد الزعبي','active',1779637805093),
('ze58t','zhl58m','','عثمان الرفاعي','active',1780674605093),
('ze58u','zhl58m','','محمد الجاسم','active',1775058605093),
('ze59m','zhl59l','','علي الكردي','active',1781452205093),
('ze59n','zhl59l','','صهيب الصالح','active',1781452205093),
('ze59o','zhl59l','','محمد المحمد','active',1775663405093),
('ze59p','zhl59l','','خالد الإدلبي','active',1781020205093),
('ze59q','zhl59l','','سلمان الشامي','active',1774367405093),
('ze59r','zhl59l','','سلمان الديب','active',1776700205093),
('ze59s','zhl59l','','أنس الشامي','active',1774972205093),
('ze59t','zhl59l','','عبدالله الحلبي','active',1780761005093),
('ze59u','zhl59l','','محمد الأحمد','active',1776095405093),
('ze5b0','zhl5az','','أحمد الزعبي','withdrawn',1776613805093),
('ze5b1','zhl5az','','مصطفى الرفاعي','active',1778687405093);
INSERT OR IGNORE INTO enrollments (id,halaqa_id,person_id,student_name,status,created_at) VALUES
('ze5b2','zhl5az','','ياسر النعسان','active',1782921005093),
('ze5b3','zhl5az','','أحمد الأحمد','active',1782575405093),
('ze5b4','zhl5az','','إبراهيم القاسم','active',1775404205093),
('ze5b5','zhl5az','','أيمن الشامي','active',1780761005093),
('ze5b6','zhl5az','','حسين الديب','active',1776873005093),
('ze5b7','zhl5az','','صهيب البكري','active',1776959405093),
('ze5b8','zhl5az','','حسين الرفاعي','active',1777564205093),
('ze5b9','zhl5az','','علي الرفاعي','active',1779119405093),
('ze5ba','zhl5az','','بلال الجاسم','active',1777477805093),
('ze5cb','zhl5ca','','أنس الحموي','active',1780761005093),
('ze5cc','zhl5ca','','عمر الجاسم','active',1780933805093),
('ze5cd','zhl5ca','','أنس الحلبي','active',1781193005093),
('ze5ce','zhl5ca','','عبدالرحمن الصالح','active',1779292205093),
('ze5cf','zhl5ca','','بلال الجاسم','active',1781193005093),
('ze5cg','zhl5ca','','زيد السالم','active',1775404205093),
('ze5ch','zhl5ca','','خالد الحريري','active',1778687405093),
('ze5dd','zhl5dc','','صهيب الديب','active',1776354605093),
('ze5de','zhl5dc','','أحمد الأحمد','active',1781020205093),
('ze5df','zhl5dc','','حمزة النعسان','active',1775577005093),
('ze5dg','zhl5dc','','حمزة الزعبي','active',1775577005093),
('ze5dh','zhl5dc','','علي الحلبي','withdrawn',1782057005093),
('ze5di','zhl5dc','','علي الكردي','active',1777823405093),
('ze5dj','zhl5dc','','يوسف الرفاعي','active',1776700205093),
('ze5dk','zhl5dc','','معاذ الحريري','withdrawn',1776009005093),
('ze5dl','zhl5dc','','محمد المحمد','active',1778428205093),
('ze5dm','zhl5dc','','أحمد الحسن','active',1776095405093),
('ze5e5','zhl5e4','','عثمان القاسم','active',1779033005093),
('ze5e6','zhl5e4','','صهيب البكري','active',1783007405093),
('ze5e7','zhl5e4','','معاذ الكردي','active',1776009005093),
('ze5e8','zhl5e4','','زيد السالم','active',1780847405093),
('ze5e9','zhl5e4','','يوسف الأحمد','active',1779119405093),
('ze5ea','zhl5e4','','سلمان الديب','active',1774367405093),
('ze5eb','zhl5e4','','سعيد الحريري','active',1781365805093),
('ze5ec','zhl5e4','','معاذ الزعبي','active',1776441005093),
('ze5f2','zhl5f1','','خالد الديب','active',1779119405093),
('ze5f3','zhl5f1','','أيمن الخطيب','active',1781452205093),
('ze5f4','zhl5f1','','أيمن البكري','active',1780415405093),
('ze5f5','zhl5f1','','حسن الحلبي','active',1779465005093),
('ze5f6','zhl5f1','','سلمان النعسان','active',1780156205093),
('ze5f7','zhl5f1','','أيمن الجاسم','active',1783525805093),
('ze5f8','zhl5f1','','عبدالرحمن الديب','active',1782575405093),
('ze5f9','zhl5f1','','عمر الإدلبي','active',1780242605093),
('ze5fa','zhl5f1','','علي الصالح','active',1779119405093),
('ze5fb','zhl5f1','','أسامة المحمد','withdrawn',1776181805093),
('ze5fc','zhl5f1','','أسامة الحسن','active',1780415405093),
('ze5fd','zhl5f1','','سعيد البكري','active',1774108205093),
('ze5gw','zhl5gv','','عثمان الخطيب','active',1781970605093),
('ze5gx','zhl5gv','','مصطفى الأحمد','active',1774713005093),
('ze5gy','zhl5gv','','زيد الأحمد','active',1780588205093),
('ze5gz','zhl5gv','','حسين الحموي','active',1777045805093),
('ze5h0','zhl5gv','','حمزة الزعبي','active',1777996205093),
('ze5h1','zhl5gv','','صهيب البكري','active',1780329005093),
('ze5h2','zhl5gv','','سعيد الديب','active',1774108205093),
('ze5h3','zhl5gv','','سلمان الحلبي','active',1776181805093),
('ze5h4','zhl5gv','','محمد الخطيب','active',1778687405093),
('ze5i7','zhl5i6','','خالد النعسان','active',1775490605093),
('ze5i8','zhl5i6','','أحمد السالم','active',1779551405093),
('ze5i9','zhl5i6','','إبراهيم الخطيب','active',1776959405093),
('ze5ia','zhl5i6','','عبدالله الرفاعي','active',1777391405093),
('ze5ib','zhl5i6','','يوسف النعسان','active',1782229805093);
INSERT OR IGNORE INTO enrollments (id,halaqa_id,person_id,student_name,status,created_at) VALUES
('ze5ic','zhl5i6','','معاذ البكري','active',1781106605093),
('ze5id','zhl5i6','','زيد الزعبي','active',1777737005093),
('ze5ja','zhl5j9','','سلمان الصالح','active',1776181805093),
('ze5jb','zhl5j9','','عبدالله الزعبي','withdrawn',1781365805093),
('ze5jc','zhl5j9','','أيمن الحموي','active',1774972205093),
('ze5jd','zhl5j9','','أيمن الخطيب','active',1777564205093),
('ze5je','zhl5j9','','إبراهيم الكردي','active',1782316205093),
('ze5jf','zhl5j9','','عبدالله الرفاعي','active',1783007405093),
('ze5jg','zhl5j9','','علي العمر','active',1778601005093),
('ze5jh','zhl5j9','','حسين الحريري','active',1776786605093),
('ze5jw','zhl5jv','','حمزة الأحمد','active',1779378605093),
('ze5jx','zhl5jv','','أحمد الكردي','active',1779897005093),
('ze5jy','zhl5jv','','صهيب الصالح','withdrawn',1774540205093),
('ze5jz','zhl5jv','','عبدالرحمن الصالح','withdrawn',1774540205093),
('ze5k0','zhl5jv','','أيمن الإدلبي','active',1782834605093),
('ze5k1','zhl5jv','','طارق الكردي','active',1774713005093),
('ze5k2','zhl5jv','','حمزة العمر','active',1777391405093),
('ze5k3','zhl5jv','','ياسر المحمد','active',1776095405093),
('ze5k4','zhl5jv','','بلال العمر','active',1781884205093),
('ze5k5','zhl5jv','','حمزة القاسم','active',1778687405093),
('ze5ls','zhl5lr','','ياسر الشامي','withdrawn',1777650605093),
('ze5lt','zhl5lr','','صهيب الحريري','active',1779378605093),
('ze5lu','zhl5lr','','أحمد الإدلبي','active',1777477805093),
('ze5lv','zhl5lr','','أحمد الصالح','active',1781884205093),
('ze5lw','zhl5lr','','محمد الزعبي','active',1774626605093),
('ze5lx','zhl5lr','','يوسف الحريري','active',1778169005093),
('ze5ly','zhl5lr','','عثمان الرفاعي','active',1780933805093),
('ze5lz','zhl5lr','','زيد البكري','withdrawn',1777564205093),
('ze5mr','zhl5mq','','أسامة الحلبي','active',1778601005093),
('ze5ms','zhl5mq','','أنس النعسان','active',1781970605093),
('ze5mt','zhl5mq','','أيمن الكردي','active',1779810605093),
('ze5mu','zhl5mq','','محمد المحمد','active',1778687405093),
('ze5mv','zhl5mq','','أحمد المحمد','active',1779551405093),
('ze5mw','zhl5mq','','معاذ المحمد','active',1780501805093),
('ze5mx','zhl5mq','','حسين الأحمد','active',1782661805093),
('ze5my','zhl5mq','','أحمد النعسان','active',1775749805093),
('ze5mz','zhl5mq','','سعيد الديب','active',1783093805093),
('ze5n0','zhl5mq','','زيد القاسم','active',1778255405093),
('ze5n1','zhl5mq','','عمر الحلبي','active',1780415405093),
('ze5n2','zhl5mq','','عمر الإدلبي','active',1777996205093),
('ze5n3','zhl5mq','','أسامة السالم','active',1779378605093),
('ze5n4','zhl5mq','','طارق الشامي','active',1774540205093),
('ze5ob','zhl5oa','','بلال الحريري','active',1777737005093),
('ze5oc','zhl5oa','','عثمان الحموي','withdrawn',1775922605093),
('ze5od','zhl5oa','','علي القاسم','active',1774367405093),
('ze5oe','zhl5oa','','يوسف البكري','active',1775577005093),
('ze5of','zhl5oa','','بلال الإدلبي','withdrawn',1776354605093),
('ze5og','zhl5oa','','أنس الحموي','active',1780761005093),
('ze5oh','zhl5oa','','إبراهيم الحسن','active',1776786605093),
('ze5oi','zhl5oa','','حسين البكري','active',1777996205093),
('ze5oj','zhl5oa','','عثمان الحلبي','active',1781279405093),
('ze5ok','zhl5oa','','يوسف الديب','active',1782316205093);
INSERT OR IGNORE INTO lesson_attendance (id,lesson_session_id,enrollment_id,state,note,created_at) VALUES
('zla16h','zls16g','ze163','present',NULL,1781193005093),
('zla16i','zls16g','ze164','present',NULL,1782316205093),
('zla16j','zls16g','ze165','absent',NULL,1783180205093),
('zla16k','zls16g','ze166','excused',NULL,1781106605093),
('zla16l','zls16g','ze167','present',NULL,1781452205093),
('zla16m','zls16g','ze168','excused',NULL,1780933805093),
('zla16n','zls16g','ze169','excused',NULL,1781538605093),
('zla16o','zls16g','ze16a','absent',NULL,1781970605093),
('zla16p','zls16g','ze16b','absent',NULL,1781193005093),
('zla16q','zls16g','ze16c','present',NULL,1782402605093),
('zla16r','zls16g','ze16d','present',NULL,1783007405093),
('zla16s','zls16g','ze16e','absent',NULL,1781538605093),
('zla16t','zls16g','ze16f','absent',NULL,1783871405093),
('zla174','zls173','ze163','excused',NULL,1783093805093),
('zla175','zls173','ze164','present',NULL,1781970605093),
('zla176','zls173','ze165','present',NULL,1781970605093),
('zla177','zls173','ze166','absent',NULL,1783785005093),
('zla178','zls173','ze167','excused',NULL,1782748205093),
('zla179','zls173','ze168','present',NULL,1782661805093),
('zla17a','zls173','ze169','present',NULL,1781279405093),
('zla17b','zls173','ze16a','present',NULL,1782575405093),
('zla17c','zls173','ze16b','present',NULL,1783093805093),
('zla17d','zls173','ze16c','present',NULL,1783180205093),
('zla17e','zls173','ze16d','present',NULL,1781711405093),
('zla17f','zls173','ze16e','excused',NULL,1781970605093),
('zla17g','zls173','ze16f','present',NULL,1781452205093),
('zla17q','zls17p','ze163','present',NULL,1782748205093),
('zla17r','zls17p','ze164','absent',NULL,1783871405093),
('zla17s','zls17p','ze165','present',NULL,1783612205093),
('zla17t','zls17p','ze166','absent',NULL,1782661805093),
('zla17u','zls17p','ze167','present',NULL,1782834605093),
('zla17v','zls17p','ze168','present',NULL,1783439405093),
('zla17w','zls17p','ze169','excused',NULL,1781538605093),
('zla17x','zls17p','ze16a','excused',NULL,1783439405093),
('zla17y','zls17p','ze16b','present',NULL,1782921005093),
('zla17z','zls17p','ze16c','excused',NULL,1783871405093),
('zla180','zls17p','ze16d','absent',NULL,1783612205093),
('zla181','zls17p','ze16e','present',NULL,1783785005093),
('zla182','zls17p','ze16f','absent',NULL,1783093805093),
('zla18z','zls18y','ze18m','absent',NULL,1784303405093),
('zla190','zls18y','ze18n','present',NULL,1782575405093),
('zla191','zls18y','ze18o','present',NULL,1784130605093),
('zla192','zls18y','ze18p','present',NULL,1782489005093),
('zla193','zls18y','ze18q','excused',NULL,1784044205093),
('zla194','zls18y','ze18r','present',NULL,1784044205093),
('zla195','zls18y','ze18s','absent',NULL,1782229805093),
('zla196','zls18y','ze18t','present',NULL,1782921005093),
('zla197','zls18y','ze18u','absent',NULL,1781970605093),
('zla198','zls18y','ze18v','present',NULL,1782921005093),
('zla199','zls18y','ze18w','present',NULL,1782748205093),
('zla19a','zls18y','ze18x','present',NULL,1783871405093),
('zla19l','zls19k','ze18m','excused',NULL,1783785005093),
('zla19m','zls19k','ze18n','absent',NULL,1781797805093),
('zla19n','zls19k','ze18o','present',NULL,1782316205093),
('zla19o','zls19k','ze18p','present',NULL,1781193005093),
('zla19p','zls19k','ze18q','excused',NULL,1783871405093),
('zla19q','zls19k','ze18r','absent',NULL,1782834605093),
('zla19r','zls19k','ze18s','excused',NULL,1781538605093),
('zla19s','zls19k','ze18t','absent',NULL,1783007405093),
('zla19t','zls19k','ze18u','present',NULL,1782402605093);
INSERT OR IGNORE INTO lesson_attendance (id,lesson_session_id,enrollment_id,state,note,created_at) VALUES
('zla19u','zls19k','ze18v','present',NULL,1782748205093),
('zla19v','zls19k','ze18w','present',NULL,1783180205093),
('zla19w','zls19k','ze18x','excused',NULL,1782489005093),
('zla1a5','zls1a4','ze18m','present',NULL,1782316205093),
('zla1a6','zls1a4','ze18n','present',NULL,1783612205093),
('zla1a7','zls1a4','ze18o','present',NULL,1782661805093),
('zla1a8','zls1a4','ze18p','present',NULL,1781711405093),
('zla1a9','zls1a4','ze18q','present',NULL,1781711405093),
('zla1aa','zls1a4','ze18r','present',NULL,1782834605093),
('zla1ab','zls1a4','ze18s','present',NULL,1783093805093),
('zla1ac','zls1a4','ze18t','excused',NULL,1782143405093),
('zla1ad','zls1a4','ze18u','absent',NULL,1783093805093),
('zla1ae','zls1a4','ze18v','absent',NULL,1783093805093),
('zla1af','zls1a4','ze18w','present',NULL,1781884205093),
('zla1ag','zls1a4','ze18x','present',NULL,1783007405093),
('zla1am','zls1al','ze18m','excused',NULL,1783180205093),
('zla1an','zls1al','ze18n','present',NULL,1781279405093),
('zla1ao','zls1al','ze18o','absent',NULL,1781106605093),
('zla1ap','zls1al','ze18p','excused',NULL,1783266605093),
('zla1aq','zls1al','ze18q','excused',NULL,1783093805093),
('zla1ar','zls1al','ze18r','present',NULL,1783180205093),
('zla1as','zls1al','ze18s','excused',NULL,1781106605093),
('zla1at','zls1al','ze18t','present',NULL,1783698605093),
('zla1au','zls1al','ze18u','absent',NULL,1783180205093),
('zla1av','zls1al','ze18v','present',NULL,1782921005093),
('zla1aw','zls1al','ze18w','present',NULL,1783525805093),
('zla1ax','zls1al','ze18x','present',NULL,1783007405093),
('zla1bq','zls1bp','ze1ba','present',NULL,1783093805093),
('zla1br','zls1bp','ze1bb','present',NULL,1783353005093),
('zla1bs','zls1bp','ze1bc','present',NULL,1783093805093),
('zla1bt','zls1bp','ze1bd','present',NULL,1784044205093),
('zla1bu','zls1bp','ze1be','absent',NULL,1781538605093),
('zla1bv','zls1bp','ze1bf','absent',NULL,1781970605093),
('zla1bw','zls1bp','ze1bg','present',NULL,1783093805093),
('zla1bx','zls1bp','ze1bh','present',NULL,1782921005093),
('zla1by','zls1bp','ze1bi','present',NULL,1782229805093),
('zla1bz','zls1bp','ze1bj','present',NULL,1782229805093),
('zla1c0','zls1bp','ze1bk','present',NULL,1783957805093),
('zla1c1','zls1bp','ze1bl','present',NULL,1782834605093),
('zla1c2','zls1bp','ze1bm','present',NULL,1781884205093),
('zla1c3','zls1bp','ze1bn','present',NULL,1781193005093),
('zla1c4','zls1bp','ze1bo','present',NULL,1781365805093),
('zla1cg','zls1cf','ze1ba','present',NULL,1781193005093),
('zla1ch','zls1cf','ze1bb','excused',NULL,1780933805093),
('zla1ci','zls1cf','ze1bc','absent',NULL,1783612205093),
('zla1cj','zls1cf','ze1bd','absent',NULL,1783439405093),
('zla1ck','zls1cf','ze1be','present',NULL,1780933805093),
('zla1cl','zls1cf','ze1bf','present',NULL,1782143405093),
('zla1cm','zls1cf','ze1bg','present',NULL,1780933805093),
('zla1cn','zls1cf','ze1bh','excused',NULL,1783785005093),
('zla1co','zls1cf','ze1bi','present',NULL,1781020205093),
('zla1cp','zls1cf','ze1bj','present',NULL,1783007405093),
('zla1cq','zls1cf','ze1bk','absent',NULL,1781625005093),
('zla1cr','zls1cf','ze1bl','present',NULL,1782402605093),
('zla1cs','zls1cf','ze1bm','present',NULL,1781106605093),
('zla1ct','zls1cf','ze1bn','excused',NULL,1784217005093),
('zla1cu','zls1cf','ze1bo','absent',NULL,1781884205093),
('zla1d3','zls1d2','ze1ba','excused',NULL,1781020205093),
('zla1d4','zls1d2','ze1bb','excused',NULL,1782575405093),
('zla1d5','zls1d2','ze1bc','absent',NULL,1783871405093);
INSERT OR IGNORE INTO lesson_attendance (id,lesson_session_id,enrollment_id,state,note,created_at) VALUES
('zla1d6','zls1d2','ze1bd','absent',NULL,1782057005093),
('zla1d7','zls1d2','ze1be','present',NULL,1782661805093),
('zla1d8','zls1d2','ze1bf','present',NULL,1783007405093),
('zla1d9','zls1d2','ze1bg','present',NULL,1782748205093),
('zla1da','zls1d2','ze1bh','present',NULL,1782575405093),
('zla1db','zls1d2','ze1bi','absent',NULL,1783266605093),
('zla1dc','zls1d2','ze1bj','excused',NULL,1783785005093),
('zla1dd','zls1d2','ze1bk','present',NULL,1781711405093),
('zla1de','zls1d2','ze1bl','present',NULL,1781020205093),
('zla1df','zls1d2','ze1bm','present',NULL,1782143405093),
('zla1dg','zls1d2','ze1bn','present',NULL,1781970605093),
('zla1dh','zls1d2','ze1bo','absent',NULL,1784303405093),
('zla1dr','zls1dq','ze1ba','present',NULL,1783439405093),
('zla1ds','zls1dq','ze1bb','present',NULL,1782489005093),
('zla1dt','zls1dq','ze1bc','present',NULL,1784130605093),
('zla1du','zls1dq','ze1bd','present',NULL,1781797805093),
('zla1dv','zls1dq','ze1be','present',NULL,1782316205093),
('zla1dw','zls1dq','ze1bf','present',NULL,1782316205093),
('zla1dx','zls1dq','ze1bg','present',NULL,1783353005093),
('zla1dy','zls1dq','ze1bh','present',NULL,1782229805093),
('zla1dz','zls1dq','ze1bi','present',NULL,1782489005093),
('zla1e0','zls1dq','ze1bj','excused',NULL,1784044205093),
('zla1e1','zls1dq','ze1bk','excused',NULL,1783266605093),
('zla1e2','zls1dq','ze1bl','excused',NULL,1783785005093),
('zla1e3','zls1dq','ze1bm','absent',NULL,1782834605093),
('zla1e4','zls1dq','ze1bn','present',NULL,1783957805093),
('zla1e5','zls1dq','ze1bo','excused',NULL,1781625005093),
('zla1ee','zls1ed','ze1ba','present',NULL,1783007405093),
('zla1ef','zls1ed','ze1bb','present',NULL,1781970605093),
('zla1eg','zls1ed','ze1bc','present',NULL,1781365805093),
('zla1eh','zls1ed','ze1bd','absent',NULL,1783785005093),
('zla1ei','zls1ed','ze1be','present',NULL,1783612205093),
('zla1ej','zls1ed','ze1bf','present',NULL,1781279405093),
('zla1ek','zls1ed','ze1bg','absent',NULL,1780933805093),
('zla1el','zls1ed','ze1bh','present',NULL,1781020205093),
('zla1em','zls1ed','ze1bi','absent',NULL,1781711405093),
('zla1en','zls1ed','ze1bj','absent',NULL,1782834605093),
('zla1eo','zls1ed','ze1bk','excused',NULL,1784217005093),
('zla1ep','zls1ed','ze1bl','present',NULL,1784217005093),
('zla1eq','zls1ed','ze1bm','absent',NULL,1784044205093),
('zla1er','zls1ed','ze1bn','excused',NULL,1783007405093),
('zla1es','zls1ed','ze1bo','present',NULL,1782402605093),
('zla1fr','zls1fq','ze1fc','excused',NULL,1781970605093),
('zla1fs','zls1fq','ze1fd','present',NULL,1783093805093),
('zla1ft','zls1fq','ze1fe','excused',NULL,1782921005093),
('zla1fu','zls1fq','ze1ff','present',NULL,1781797805093),
('zla1fv','zls1fq','ze1fg','present',NULL,1783353005093),
('zla1fw','zls1fq','ze1fh','present',NULL,1783871405093),
('zla1fx','zls1fq','ze1fi','present',NULL,1781279405093),
('zla1fy','zls1fq','ze1fj','present',NULL,1782143405093),
('zla1fz','zls1fq','ze1fk','present',NULL,1782229805093),
('zla1g0','zls1fq','ze1fl','present',NULL,1781797805093),
('zla1g1','zls1fq','ze1fm','excused',NULL,1780933805093),
('zla1g2','zls1fq','ze1fn','present',NULL,1782229805093),
('zla1g3','zls1fq','ze1fo','excused',NULL,1783093805093),
('zla1g4','zls1fq','ze1fp','present',NULL,1781020205093),
('zla1gg','zls1gf','ze1fc','present',NULL,1781279405093),
('zla1gh','zls1gf','ze1fd','present',NULL,1783612205093),
('zla1gi','zls1gf','ze1fe','present',NULL,1782229805093),
('zla1gj','zls1gf','ze1ff','present',NULL,1784217005093);
INSERT OR IGNORE INTO lesson_attendance (id,lesson_session_id,enrollment_id,state,note,created_at) VALUES
('zla1gk','zls1gf','ze1fg','present',NULL,1782834605093),
('zla1gl','zls1gf','ze1fh','present',NULL,1784217005093),
('zla1gm','zls1gf','ze1fi','absent',NULL,1781797805093),
('zla1gn','zls1gf','ze1fj','present',NULL,1784130605093),
('zla1go','zls1gf','ze1fk','present',NULL,1783612205093),
('zla1gp','zls1gf','ze1fl','excused',NULL,1783353005093),
('zla1gq','zls1gf','ze1fm','present',NULL,1783698605093),
('zla1gr','zls1gf','ze1fn','present',NULL,1781625005093),
('zla1gs','zls1gf','ze1fo','present',NULL,1782489005093),
('zla1gt','zls1gf','ze1fp','absent',NULL,1784217005093),
('zla1h5','zls1h4','ze1fc','present',NULL,1784130605093),
('zla1h6','zls1h4','ze1fd','excused',NULL,1781279405093),
('zla1h7','zls1h4','ze1fe','present',NULL,1783180205093),
('zla1h8','zls1h4','ze1ff','present',NULL,1781020205093),
('zla1h9','zls1h4','ze1fg','present',NULL,1782316205093),
('zla1ha','zls1h4','ze1fh','present',NULL,1783612205093),
('zla1hb','zls1h4','ze1fi','present',NULL,1782402605093),
('zla1hc','zls1h4','ze1fj','present',NULL,1784217005093),
('zla1hd','zls1h4','ze1fk','present',NULL,1783785005093),
('zla1he','zls1h4','ze1fl','present',NULL,1781106605093),
('zla1hf','zls1h4','ze1fm','present',NULL,1783698605093),
('zla1hg','zls1h4','ze1fn','present',NULL,1783525805093),
('zla1hh','zls1h4','ze1fo','absent',NULL,1783525805093),
('zla1hi','zls1h4','ze1fp','excused',NULL,1781020205093),
('zla1hp','zls1ho','ze1fc','absent',NULL,1782057005093),
('zla1hq','zls1ho','ze1fd','absent',NULL,1783093805093),
('zla1hr','zls1ho','ze1fe','present',NULL,1781538605093),
('zla1hs','zls1ho','ze1ff','present',NULL,1783957805093),
('zla1ht','zls1ho','ze1fg','present',NULL,1784044205093),
('zla1hu','zls1ho','ze1fh','present',NULL,1782229805093),
('zla1hv','zls1ho','ze1fi','excused',NULL,1783871405093),
('zla1hw','zls1ho','ze1fj','present',NULL,1783698605093),
('zla1hx','zls1ho','ze1fk','excused',NULL,1783698605093),
('zla1hy','zls1ho','ze1fl','present',NULL,1782402605093),
('zla1hz','zls1ho','ze1fm','excused',NULL,1782143405093),
('zla1i0','zls1ho','ze1fn','excused',NULL,1781797805093),
('zla1i1','zls1ho','ze1fo','present',NULL,1783957805093),
('zla1i2','zls1ho','ze1fp','present',NULL,1781193005093),
('zla1j1','zls1j0','ze1im','present',NULL,1781884205093),
('zla1j2','zls1j0','ze1in','excused',NULL,1782143405093),
('zla1j3','zls1j0','ze1io','present',NULL,1783957805093),
('zla1j4','zls1j0','ze1ip','absent',NULL,1783180205093),
('zla1j5','zls1j0','ze1iq','excused',NULL,1781625005093),
('zla1j6','zls1j0','ze1ir','present',NULL,1781970605093),
('zla1j7','zls1j0','ze1is','present',NULL,1781625005093),
('zla1j8','zls1j0','ze1it','excused',NULL,1782575405093),
('zla1j9','zls1j0','ze1iu','present',NULL,1783439405093),
('zla1ja','zls1j0','ze1iv','present',NULL,1782489005093),
('zla1jb','zls1j0','ze1iw','excused',NULL,1784217005093),
('zla1jc','zls1j0','ze1ix','present',NULL,1783007405093),
('zla1jd','zls1j0','ze1iy','present',NULL,1782748205093),
('zla1je','zls1j0','ze1iz','absent',NULL,1783266605093),
('zla1jm','zls1jl','ze1im','present',NULL,1782748205093),
('zla1jn','zls1jl','ze1in','absent',NULL,1781279405093),
('zla1jo','zls1jl','ze1io','absent',NULL,1781452205093),
('zla1jp','zls1jl','ze1ip','present',NULL,1781538605093),
('zla1jq','zls1jl','ze1iq','present',NULL,1782316205093),
('zla1jr','zls1jl','ze1ir','present',NULL,1783698605093),
('zla1js','zls1jl','ze1is','present',NULL,1780933805093),
('zla1jt','zls1jl','ze1it','present',NULL,1784044205093);
INSERT OR IGNORE INTO lesson_attendance (id,lesson_session_id,enrollment_id,state,note,created_at) VALUES
('zla1ju','zls1jl','ze1iu','excused',NULL,1781538605093),
('zla1jv','zls1jl','ze1iv','excused',NULL,1784303405093),
('zla1jw','zls1jl','ze1iw','present',NULL,1783612205093),
('zla1jx','zls1jl','ze1ix','present',NULL,1782661805093),
('zla1jy','zls1jl','ze1iy','present',NULL,1782402605093),
('zla1jz','zls1jl','ze1iz','present',NULL,1781193005093),
('zla1ks','zls1kr','ze1kh','present',NULL,1784217005093),
('zla1kt','zls1kr','ze1ki','present',NULL,1784303405093),
('zla1ku','zls1kr','ze1kj','excused',NULL,1782834605093),
('zla1kv','zls1kr','ze1kk','present',NULL,1783093805093),
('zla1kw','zls1kr','ze1kl','present',NULL,1782661805093),
('zla1kx','zls1kr','ze1km','absent',NULL,1782316205093),
('zla1ky','zls1kr','ze1kn','present',NULL,1783353005093),
('zla1kz','zls1kr','ze1ko','absent',NULL,1781106605093),
('zla1l0','zls1kr','ze1kp','present',NULL,1783093805093),
('zla1l1','zls1kr','ze1kq','present',NULL,1782229805093),
('zla1l6','zls1l5','ze1kh','excused',NULL,1782229805093),
('zla1l7','zls1l5','ze1ki','present',NULL,1781538605093),
('zla1l8','zls1l5','ze1kj','present',NULL,1783093805093),
('zla1l9','zls1l5','ze1kk','present',NULL,1783698605093),
('zla1la','zls1l5','ze1kl','present',NULL,1784217005093),
('zla1lb','zls1l5','ze1km','present',NULL,1780933805093),
('zla1lc','zls1l5','ze1kn','present',NULL,1781711405093),
('zla1ld','zls1l5','ze1ko','present',NULL,1783007405093),
('zla1le','zls1l5','ze1kp','present',NULL,1783785005093),
('zla1lf','zls1l5','ze1kq','present',NULL,1782575405093),
('zla1lm','zls1ll','ze1kh','present',NULL,1783266605093),
('zla1ln','zls1ll','ze1ki','excused',NULL,1781279405093),
('zla1lo','zls1ll','ze1kj','present',NULL,1782316205093),
('zla1lp','zls1ll','ze1kk','present',NULL,1782748205093),
('zla1lq','zls1ll','ze1kl','present',NULL,1781106605093),
('zla1lr','zls1ll','ze1km','present',NULL,1781020205093),
('zla1ls','zls1ll','ze1kn','present',NULL,1781279405093),
('zla1lt','zls1ll','ze1ko','absent',NULL,1782489005093),
('zla1lu','zls1ll','ze1kp','present',NULL,1783007405093),
('zla1lv','zls1ll','ze1kq','excused',NULL,1782057005093),
('zla1mi','zls1mh','ze1m6','present',NULL,1783698605093),
('zla1mj','zls1mh','ze1m7','excused',NULL,1782057005093),
('zla1mk','zls1mh','ze1m8','present',NULL,1782489005093),
('zla1ml','zls1mh','ze1m9','absent',NULL,1784303405093),
('zla1mm','zls1mh','ze1ma','present',NULL,1783266605093),
('zla1mn','zls1mh','ze1mb','absent',NULL,1781020205093),
('zla1mo','zls1mh','ze1mc','present',NULL,1782057005093),
('zla1mp','zls1mh','ze1md','present',NULL,1783612205093),
('zla1mq','zls1mh','ze1me','present',NULL,1781279405093),
('zla1mr','zls1mh','ze1mf','excused',NULL,1783007405093),
('zla1ms','zls1mh','ze1mg','present',NULL,1782661805093),
('zla1n1','zls1n0','ze1m6','present',NULL,1783612205093),
('zla1n2','zls1n0','ze1m7','excused',NULL,1782834605093),
('zla1n3','zls1n0','ze1m8','excused',NULL,1782143405093),
('zla1n4','zls1n0','ze1m9','present',NULL,1781797805093),
('zla1n5','zls1n0','ze1ma','excused',NULL,1784044205093),
('zla1n6','zls1n0','ze1mb','present',NULL,1781884205093),
('zla1n7','zls1n0','ze1mc','present',NULL,1784130605093),
('zla1n8','zls1n0','ze1md','present',NULL,1783093805093),
('zla1n9','zls1n0','ze1me','present',NULL,1782661805093),
('zla1na','zls1n0','ze1mf','excused',NULL,1781884205093),
('zla1nb','zls1n0','ze1mg','present',NULL,1783871405093),
('zla1nh','zls1ng','ze1m6','absent',NULL,1781797805093),
('zla1ni','zls1ng','ze1m7','excused',NULL,1784303405093);
INSERT OR IGNORE INTO lesson_attendance (id,lesson_session_id,enrollment_id,state,note,created_at) VALUES
('zla1nj','zls1ng','ze1m8','excused',NULL,1782316205093),
('zla1nk','zls1ng','ze1m9','absent',NULL,1783698605093),
('zla1nl','zls1ng','ze1ma','present',NULL,1782057005093),
('zla1nm','zls1ng','ze1mb','excused',NULL,1781106605093),
('zla1nn','zls1ng','ze1mc','present',NULL,1781711405093),
('zla1no','zls1ng','ze1md','absent',NULL,1784130605093),
('zla1np','zls1ng','ze1me','present',NULL,1781970605093),
('zla1nq','zls1ng','ze1mf','present',NULL,1782229805093),
('zla1nr','zls1ng','ze1mg','absent',NULL,1783785005093),
('zla1oj','zls1oi','ze1o7','present',NULL,1783612205093),
('zla1ok','zls1oi','ze1o8','present',NULL,1783180205093),
('zla1ol','zls1oi','ze1o9','excused',NULL,1782489005093),
('zla1om','zls1oi','ze1oa','present',NULL,1781797805093),
('zla1on','zls1oi','ze1ob','present',NULL,1782143405093),
('zla1oo','zls1oi','ze1oc','present',NULL,1784130605093),
('zla1op','zls1oi','ze1od','present',NULL,1783957805093),
('zla1oq','zls1oi','ze1oe','absent',NULL,1783353005093),
('zla1or','zls1oi','ze1of','absent',NULL,1782229805093),
('zla1os','zls1oi','ze1og','excused',NULL,1781365805093),
('zla1ot','zls1oi','ze1oh','present',NULL,1783698605093),
('zla1p0','zls1oz','ze1o7','absent',NULL,1782661805093),
('zla1p1','zls1oz','ze1o8','excused',NULL,1782921005093),
('zla1p2','zls1oz','ze1o9','present',NULL,1782834605093),
('zla1p3','zls1oz','ze1oa','present',NULL,1782402605093),
('zla1p4','zls1oz','ze1ob','present',NULL,1782661805093),
('zla1p5','zls1oz','ze1oc','present',NULL,1781020205093),
('zla1p6','zls1oz','ze1od','present',NULL,1783266605093),
('zla1p7','zls1oz','ze1oe','excused',NULL,1781193005093),
('zla1p8','zls1oz','ze1of','present',NULL,1783871405093),
('zla1p9','zls1oz','ze1og','present',NULL,1782575405093),
('zla1pa','zls1oz','ze1oh','excused',NULL,1782402605093),
('zla1ph','zls1pg','ze1o7','present',NULL,1782748205093),
('zla1pi','zls1pg','ze1o8','present',NULL,1781970605093),
('zla1pj','zls1pg','ze1o9','present',NULL,1783007405093),
('zla1pk','zls1pg','ze1oa','excused',NULL,1782575405093),
('zla1pl','zls1pg','ze1ob','present',NULL,1781538605093),
('zla1pm','zls1pg','ze1oc','present',NULL,1783612205093),
('zla1pn','zls1pg','ze1od','present',NULL,1781106605093),
('zla1po','zls1pg','ze1oe','present',NULL,1781970605093),
('zla1pp','zls1pg','ze1of','present',NULL,1782661805093),
('zla1pq','zls1pg','ze1og','absent',NULL,1784130605093),
('zla1pr','zls1pg','ze1oh','present',NULL,1782489005093),
('zla1q0','zls1pz','ze1o7','present',NULL,1783698605093),
('zla1q1','zls1pz','ze1o8','absent',NULL,1783957805093),
('zla1q2','zls1pz','ze1o9','excused',NULL,1783007405093),
('zla1q3','zls1pz','ze1oa','present',NULL,1781365805093),
('zla1q4','zls1pz','ze1ob','present',NULL,1783525805093),
('zla1q5','zls1pz','ze1oc','present',NULL,1783957805093),
('zla1q6','zls1pz','ze1od','excused',NULL,1784044205093),
('zla1q7','zls1pz','ze1oe','excused',NULL,1781970605093),
('zla1q8','zls1pz','ze1of','excused',NULL,1783871405093),
('zla1q9','zls1pz','ze1og','present',NULL,1780933805093),
('zla1qa','zls1pz','ze1oh','present',NULL,1783353005093),
('zla1qh','zls1qg','ze1o7','absent',NULL,1781884205093),
('zla1qi','zls1qg','ze1o8','present',NULL,1783439405093),
('zla1qj','zls1qg','ze1o9','excused',NULL,1781193005093),
('zla1qk','zls1qg','ze1oa','present',NULL,1783525805093),
('zla1ql','zls1qg','ze1ob','present',NULL,1783698605093),
('zla1qm','zls1qg','ze1oc','absent',NULL,1783353005093),
('zla1qn','zls1qg','ze1od','present',NULL,1782575405093);
INSERT OR IGNORE INTO lesson_attendance (id,lesson_session_id,enrollment_id,state,note,created_at) VALUES
('zla1qo','zls1qg','ze1oe','absent',NULL,1782402605093),
('zla1qp','zls1qg','ze1of','present',NULL,1784217005093),
('zla1qq','zls1qg','ze1og','present',NULL,1783439405093),
('zla1qr','zls1qg','ze1oh','present',NULL,1781193005093),
('zla1ri','zls1rh','ze1r9','present',NULL,1781365805093),
('zla1rj','zls1rh','ze1ra','absent',NULL,1783180205093),
('zla1rk','zls1rh','ze1rb','absent',NULL,1783871405093),
('zla1rl','zls1rh','ze1rc','excused',NULL,1781193005093),
('zla1rm','zls1rh','ze1rd','present',NULL,1782143405093),
('zla1rn','zls1rh','ze1re','present',NULL,1783439405093),
('zla1ro','zls1rh','ze1rf','present',NULL,1784044205093),
('zla1rp','zls1rh','ze1rg','excused',NULL,1782748205093),
('zla1ru','zls1rt','ze1r9','absent',NULL,1781365805093),
('zla1rv','zls1rt','ze1ra','present',NULL,1780933805093),
('zla1rw','zls1rt','ze1rb','absent',NULL,1780933805093),
('zla1rx','zls1rt','ze1rc','present',NULL,1781106605093),
('zla1ry','zls1rt','ze1rd','present',NULL,1783698605093),
('zla1rz','zls1rt','ze1re','present',NULL,1783698605093),
('zla1s0','zls1rt','ze1rf','excused',NULL,1781538605093),
('zla1s1','zls1rt','ze1rg','present',NULL,1783612205093),
('zla1s7','zls1s6','ze1r9','absent',NULL,1781970605093),
('zla1s8','zls1s6','ze1ra','present',NULL,1783698605093),
('zla1s9','zls1s6','ze1rb','absent',NULL,1782402605093),
('zla1sa','zls1s6','ze1rc','absent',NULL,1783180205093),
('zla1sb','zls1s6','ze1rd','absent',NULL,1784303405093),
('zla1sc','zls1s6','ze1re','present',NULL,1782143405093),
('zla1sd','zls1s6','ze1rf','absent',NULL,1781193005093),
('zla1se','zls1s6','ze1rg','present',NULL,1780933805093),
('zla1t4','zls1t3','ze1su','absent',NULL,1784044205093),
('zla1t5','zls1t3','ze1sv','present',NULL,1782834605093),
('zla1t6','zls1t3','ze1sw','absent',NULL,1782402605093),
('zla1t7','zls1t3','ze1sx','present',NULL,1783785005093),
('zla1t8','zls1t3','ze1sy','present',NULL,1782229805093),
('zla1t9','zls1t3','ze1sz','excused',NULL,1781711405093),
('zla1ta','zls1t3','ze1t0','excused',NULL,1781538605093),
('zla1tb','zls1t3','ze1t1','present',NULL,1783698605093),
('zla1tc','zls1t3','ze1t2','present',NULL,1783180205093),
('zla1th','zls1tg','ze1su','present',NULL,1782489005093),
('zla1ti','zls1tg','ze1sv','present',NULL,1783180205093),
('zla1tj','zls1tg','ze1sw','present',NULL,1783525805093),
('zla1tk','zls1tg','ze1sx','present',NULL,1780933805093),
('zla1tl','zls1tg','ze1sy','present',NULL,1781279405093),
('zla1tm','zls1tg','ze1sz','absent',NULL,1782402605093),
('zla1tn','zls1tg','ze1t0','excused',NULL,1781538605093),
('zla1to','zls1tg','ze1t1','present',NULL,1781884205093),
('zla1tp','zls1tg','ze1t2','excused',NULL,1781625005093),
('zla1tt','zls1ts','ze1su','absent',NULL,1783785005093),
('zla1tu','zls1ts','ze1sv','absent',NULL,1783957805093),
('zla1tv','zls1ts','ze1sw','present',NULL,1783525805093),
('zla1tw','zls1ts','ze1sx','present',NULL,1781884205093),
('zla1tx','zls1ts','ze1sy','present',NULL,1783439405093),
('zla1ty','zls1ts','ze1sz','absent',NULL,1780933805093),
('zla1tz','zls1ts','ze1t0','present',NULL,1780933805093),
('zla1u0','zls1ts','ze1t1','excused',NULL,1784303405093),
('zla1u1','zls1ts','ze1t2','absent',NULL,1782057005093),
('zla1u8','zls1u7','ze1su','present',NULL,1782057005093),
('zla1u9','zls1u7','ze1sv','present',NULL,1783871405093),
('zla1ua','zls1u7','ze1sw','absent',NULL,1782057005093),
('zla1ub','zls1u7','ze1sx','absent',NULL,1782921005093),
('zla1uc','zls1u7','ze1sy','excused',NULL,1781970605093);
INSERT OR IGNORE INTO lesson_attendance (id,lesson_session_id,enrollment_id,state,note,created_at) VALUES
('zla1ud','zls1u7','ze1sz','absent',NULL,1781106605093),
('zla1ue','zls1u7','ze1t0','excused',NULL,1782575405093),
('zla1uf','zls1u7','ze1t1','absent',NULL,1782661805093),
('zla1ug','zls1u7','ze1t2','present',NULL,1782834605093),
('zla1v7','zls1v6','ze1ut','present',NULL,1781279405093),
('zla1v8','zls1v6','ze1uu','present',NULL,1781625005093),
('zla1v9','zls1v6','ze1uv','absent',NULL,1781452205093),
('zla1va','zls1v6','ze1uw','present',NULL,1784130605093),
('zla1vb','zls1v6','ze1ux','present',NULL,1783957805093),
('zla1vc','zls1v6','ze1uy','present',NULL,1783698605093),
('zla1vd','zls1v6','ze1uz','present',NULL,1782834605093),
('zla1ve','zls1v6','ze1v0','present',NULL,1784130605093),
('zla1vf','zls1v6','ze1v1','present',NULL,1781625005093),
('zla1vg','zls1v6','ze1v2','absent',NULL,1783266605093),
('zla1vh','zls1v6','ze1v3','present',NULL,1782143405093),
('zla1vi','zls1v6','ze1v4','present',NULL,1782489005093),
('zla1vj','zls1v6','ze1v5','present',NULL,1782057005093),
('zla1vt','zls1vs','ze1ut','excused',NULL,1781193005093),
('zla1vu','zls1vs','ze1uu','present',NULL,1783439405093),
('zla1vv','zls1vs','ze1uv','present',NULL,1782229805093),
('zla1vw','zls1vs','ze1uw','absent',NULL,1781452205093),
('zla1vx','zls1vs','ze1ux','present',NULL,1782748205093),
('zla1vy','zls1vs','ze1uy','absent',NULL,1782143405093),
('zla1vz','zls1vs','ze1uz','present',NULL,1782921005093),
('zla1w0','zls1vs','ze1v0','present',NULL,1782575405093),
('zla1w1','zls1vs','ze1v1','present',NULL,1783957805093),
('zla1w2','zls1vs','ze1v2','present',NULL,1781365805093),
('zla1w3','zls1vs','ze1v3','absent',NULL,1782575405093),
('zla1w4','zls1vs','ze1v4','present',NULL,1782661805093),
('zla1w5','zls1vs','ze1v5','present',NULL,1782489005093),
('zla1we','zls1wd','ze1ut','absent',NULL,1784130605093),
('zla1wf','zls1wd','ze1uu','present',NULL,1781625005093),
('zla1wg','zls1wd','ze1uv','present',NULL,1781970605093),
('zla1wh','zls1wd','ze1uw','present',NULL,1783353005093),
('zla1wi','zls1wd','ze1ux','excused',NULL,1783007405093),
('zla1wj','zls1wd','ze1uy','present',NULL,1783266605093),
('zla1wk','zls1wd','ze1uz','present',NULL,1781106605093),
('zla1wl','zls1wd','ze1v0','present',NULL,1781020205093),
('zla1wm','zls1wd','ze1v1','present',NULL,1781797805093),
('zla1wn','zls1wd','ze1v2','present',NULL,1781970605093),
('zla1wo','zls1wd','ze1v3','excused',NULL,1783266605093),
('zla1wp','zls1wd','ze1v4','present',NULL,1781452205093),
('zla1wq','zls1wd','ze1v5','present',NULL,1782575405093),
('zla1xi','zls1xh','ze1x4','present',NULL,1782316205093),
('zla1xj','zls1xh','ze1x5','present',NULL,1781365805093),
('zla1xk','zls1xh','ze1x6','present',NULL,1782748205093),
('zla1xl','zls1xh','ze1x7','present',NULL,1780933805093),
('zla1xm','zls1xh','ze1x8','excused',NULL,1781538605093),
('zla1xn','zls1xh','ze1x9','absent',NULL,1783007405093),
('zla1xo','zls1xh','ze1xa','present',NULL,1781106605093),
('zla1xp','zls1xh','ze1xb','excused',NULL,1781106605093),
('zla1xq','zls1xh','ze1xc','absent',NULL,1781797805093),
('zla1xr','zls1xh','ze1xd','present',NULL,1783957805093),
('zla1xs','zls1xh','ze1xe','absent',NULL,1781970605093),
('zla1xt','zls1xh','ze1xf','excused',NULL,1782402605093),
('zla1xu','zls1xh','ze1xg','present',NULL,1781106605093),
('zla1y2','zls1y1','ze1x4','present',NULL,1782834605093),
('zla1y3','zls1y1','ze1x5','present',NULL,1781538605093),
('zla1y4','zls1y1','ze1x6','present',NULL,1782575405093),
('zla1y5','zls1y1','ze1x7','present',NULL,1782229805093);
INSERT OR IGNORE INTO lesson_attendance (id,lesson_session_id,enrollment_id,state,note,created_at) VALUES
('zla1y6','zls1y1','ze1x8','present',NULL,1780933805093),
('zla1y7','zls1y1','ze1x9','present',NULL,1783785005093),
('zla1y8','zls1y1','ze1xa','excused',NULL,1782229805093),
('zla1y9','zls1y1','ze1xb','excused',NULL,1784217005093),
('zla1ya','zls1y1','ze1xc','present',NULL,1784130605093),
('zla1yb','zls1y1','ze1xd','present',NULL,1782575405093),
('zla1yc','zls1y1','ze1xe','present',NULL,1781797805093),
('zla1yd','zls1y1','ze1xf','excused',NULL,1781279405093),
('zla1ye','zls1y1','ze1xg','present',NULL,1781106605093),
('zla1zb','zls1za','ze1yv','absent',NULL,1782489005093),
('zla1zc','zls1za','ze1yw','present',NULL,1783698605093),
('zla1zd','zls1za','ze1yx','present',NULL,1783698605093),
('zla1ze','zls1za','ze1yy','present',NULL,1783007405093),
('zla1zf','zls1za','ze1yz','present',NULL,1783525805093),
('zla1zg','zls1za','ze1z0','present',NULL,1782489005093),
('zla1zh','zls1za','ze1z1','present',NULL,1781538605093),
('zla1zi','zls1za','ze1z2','present',NULL,1783439405093),
('zla1zj','zls1za','ze1z3','excused',NULL,1781711405093),
('zla1zk','zls1za','ze1z4','present',NULL,1784044205093),
('zla1zl','zls1za','ze1z5','present',NULL,1781711405093),
('zla1zm','zls1za','ze1z6','absent',NULL,1782921005093),
('zla1zn','zls1za','ze1z7','present',NULL,1783785005093),
('zla1zo','zls1za','ze1z8','present',NULL,1781711405093),
('zla1zp','zls1za','ze1z9','present',NULL,1781711405093),
('zla1zy','zls1zx','ze1yv','present',NULL,1783093805093),
('zla1zz','zls1zx','ze1yw','excused',NULL,1781106605093),
('zla200','zls1zx','ze1yx','present',NULL,1783093805093),
('zla201','zls1zx','ze1yy','excused',NULL,1783353005093),
('zla202','zls1zx','ze1yz','present',NULL,1781279405093),
('zla203','zls1zx','ze1z0','present',NULL,1784303405093),
('zla204','zls1zx','ze1z1','absent',NULL,1784217005093),
('zla205','zls1zx','ze1z2','absent',NULL,1783180205093),
('zla206','zls1zx','ze1z3','present',NULL,1783957805093),
('zla207','zls1zx','ze1z4','present',NULL,1783439405093),
('zla208','zls1zx','ze1z5','present',NULL,1782748205093),
('zla209','zls1zx','ze1z6','excused',NULL,1781625005093),
('zla20a','zls1zx','ze1z7','present',NULL,1783871405093),
('zla20b','zls1zx','ze1z8','present',NULL,1781538605093),
('zla20c','zls1zx','ze1z9','absent',NULL,1782057005093),
('zla20o','zls20n','ze1yv','absent',NULL,1781538605093),
('zla20p','zls20n','ze1yw','excused',NULL,1783785005093),
('zla20q','zls20n','ze1yx','present',NULL,1783439405093),
('zla20r','zls20n','ze1yy','present',NULL,1781279405093),
('zla20s','zls20n','ze1yz','present',NULL,1783180205093),
('zla20t','zls20n','ze1z0','present',NULL,1783957805093),
('zla20u','zls20n','ze1z1','present',NULL,1782921005093),
('zla20v','zls20n','ze1z2','absent',NULL,1783612205093),
('zla20w','zls20n','ze1z3','absent',NULL,1782229805093),
('zla20x','zls20n','ze1z4','excused',NULL,1781538605093),
('zla20y','zls20n','ze1z5','present',NULL,1783871405093),
('zla20z','zls20n','ze1z6','present',NULL,1783180205093),
('zla210','zls20n','ze1z7','present',NULL,1782402605093),
('zla211','zls20n','ze1z8','present',NULL,1781711405093),
('zla212','zls20n','ze1z9','absent',NULL,1782834605093),
('zla221','zls220','ze21n','present',NULL,1783180205093),
('zla222','zls220','ze21o','excused',NULL,1783093805093),
('zla223','zls220','ze21p','excused',NULL,1783698605093),
('zla224','zls220','ze21q','present',NULL,1782661805093),
('zla225','zls220','ze21r','present',NULL,1782402605093),
('zla226','zls220','ze21s','present',NULL,1783871405093);
INSERT OR IGNORE INTO lesson_attendance (id,lesson_session_id,enrollment_id,state,note,created_at) VALUES
('zla227','zls220','ze21t','excused',NULL,1783353005093),
('zla228','zls220','ze21u','present',NULL,1784217005093),
('zla229','zls220','ze21v','present',NULL,1783007405093),
('zla22a','zls220','ze21w','present',NULL,1780933805093),
('zla22b','zls220','ze21x','absent',NULL,1783785005093),
('zla22c','zls220','ze21y','present',NULL,1782316205093),
('zla22d','zls220','ze21z','absent',NULL,1781538605093),
('zla22o','zls22n','ze21n','absent',NULL,1782489005093),
('zla22p','zls22n','ze21o','excused',NULL,1783871405093),
('zla22q','zls22n','ze21p','present',NULL,1783439405093),
('zla22r','zls22n','ze21q','absent',NULL,1781106605093),
('zla22s','zls22n','ze21r','present',NULL,1781193005093),
('zla22t','zls22n','ze21s','excused',NULL,1781020205093),
('zla22u','zls22n','ze21t','excused',NULL,1782748205093),
('zla22v','zls22n','ze21u','absent',NULL,1781797805093),
('zla22w','zls22n','ze21v','present',NULL,1780933805093),
('zla22x','zls22n','ze21w','absent',NULL,1783007405093),
('zla22y','zls22n','ze21x','present',NULL,1781452205093),
('zla22z','zls22n','ze21y','present',NULL,1783871405093),
('zla230','zls22n','ze21z','present',NULL,1783957805093),
('zla239','zls238','ze21n','excused',NULL,1781279405093),
('zla23a','zls238','ze21o','excused',NULL,1783007405093),
('zla23b','zls238','ze21p','present',NULL,1783871405093),
('zla23c','zls238','ze21q','absent',NULL,1783007405093),
('zla23d','zls238','ze21r','absent',NULL,1781538605093),
('zla23e','zls238','ze21s','present',NULL,1782057005093),
('zla23f','zls238','ze21t','present',NULL,1781106605093),
('zla23g','zls238','ze21u','absent',NULL,1782143405093),
('zla23h','zls238','ze21v','present',NULL,1782402605093),
('zla23i','zls238','ze21w','present',NULL,1781625005093),
('zla23j','zls238','ze21x','absent',NULL,1784217005093),
('zla23k','zls238','ze21y','excused',NULL,1781279405093),
('zla23l','zls238','ze21z','present',NULL,1782229805093),
('zla23t','zls23s','ze21n','present',NULL,1783785005093),
('zla23u','zls23s','ze21o','present',NULL,1781797805093),
('zla23v','zls23s','ze21p','excused',NULL,1783612205093),
('zla23w','zls23s','ze21q','present',NULL,1782748205093),
('zla23x','zls23s','ze21r','absent',NULL,1783353005093),
('zla23y','zls23s','ze21s','present',NULL,1783957805093),
('zla23z','zls23s','ze21t','present',NULL,1782661805093),
('zla240','zls23s','ze21u','absent',NULL,1783353005093),
('zla241','zls23s','ze21v','present',NULL,1782316205093),
('zla242','zls23s','ze21w','present',NULL,1782229805093),
('zla243','zls23s','ze21x','present',NULL,1783525805093),
('zla244','zls23s','ze21y','excused',NULL,1782229805093),
('zla245','zls23s','ze21z','excused',NULL,1784130605093),
('zla24b','zls24a','ze21n','absent',NULL,1783007405093),
('zla24c','zls24a','ze21o','present',NULL,1784217005093),
('zla24d','zls24a','ze21p','excused',NULL,1781106605093),
('zla24e','zls24a','ze21q','present',NULL,1781106605093),
('zla24f','zls24a','ze21r','present',NULL,1783698605093),
('zla24g','zls24a','ze21s','excused',NULL,1783525805093),
('zla24h','zls24a','ze21t','present',NULL,1783612205093),
('zla24i','zls24a','ze21u','absent',NULL,1781365805093),
('zla24j','zls24a','ze21v','present',NULL,1783353005093),
('zla24k','zls24a','ze21w','present',NULL,1781625005093),
('zla24l','zls24a','ze21x','present',NULL,1782661805093),
('zla24m','zls24a','ze21y','present',NULL,1782921005093),
('zla24n','zls24a','ze21z','excused',NULL,1781970605093),
('zla25h','zls25g','ze256','excused',NULL,1783266605093);
INSERT OR IGNORE INTO lesson_attendance (id,lesson_session_id,enrollment_id,state,note,created_at) VALUES
('zla25i','zls25g','ze257','present',NULL,1783698605093),
('zla25j','zls25g','ze258','present',NULL,1783353005093),
('zla25k','zls25g','ze259','present',NULL,1784130605093),
('zla25l','zls25g','ze25a','excused',NULL,1782748205093),
('zla25m','zls25g','ze25b','present',NULL,1782402605093),
('zla25n','zls25g','ze25c','present',NULL,1782489005093),
('zla25o','zls25g','ze25d','excused',NULL,1781797805093),
('zla25p','zls25g','ze25e','excused',NULL,1784130605093),
('zla25q','zls25g','ze25f','present',NULL,1781797805093),
('zla25y','zls25x','ze256','present',NULL,1783353005093),
('zla25z','zls25x','ze257','present',NULL,1784217005093),
('zla260','zls25x','ze258','absent',NULL,1783871405093),
('zla261','zls25x','ze259','present',NULL,1781452205093),
('zla262','zls25x','ze25a','present',NULL,1783785005093),
('zla263','zls25x','ze25b','present',NULL,1782057005093),
('zla264','zls25x','ze25c','present',NULL,1782921005093),
('zla265','zls25x','ze25d','excused',NULL,1781625005093),
('zla266','zls25x','ze25e','excused',NULL,1783525805093),
('zla267','zls25x','ze25f','present',NULL,1783785005093),
('zla26d','zls26c','ze256','absent',NULL,1783785005093),
('zla26e','zls26c','ze257','present',NULL,1781538605093),
('zla26f','zls26c','ze258','present',NULL,1781106605093),
('zla26g','zls26c','ze259','present',NULL,1784217005093),
('zla26h','zls26c','ze25a','present',NULL,1781884205093),
('zla26i','zls26c','ze25b','excused',NULL,1783266605093),
('zla26j','zls26c','ze25c','excused',NULL,1781797805093),
('zla26k','zls26c','ze25d','present',NULL,1784217005093),
('zla26l','zls26c','ze25e','present',NULL,1782921005093),
('zla26m','zls26c','ze25f','excused',NULL,1781711405093),
('zla26u','zls26t','ze256','absent',NULL,1782489005093),
('zla26v','zls26t','ze257','present',NULL,1784044205093),
('zla26w','zls26t','ze258','excused',NULL,1781452205093),
('zla26x','zls26t','ze259','absent',NULL,1781797805093),
('zla26y','zls26t','ze25a','present',NULL,1783525805093),
('zla26z','zls26t','ze25b','present',NULL,1783698605093),
('zla270','zls26t','ze25c','excused',NULL,1781625005093),
('zla271','zls26t','ze25d','present',NULL,1781193005093),
('zla272','zls26t','ze25e','absent',NULL,1783785005093),
('zla273','zls26t','ze25f','absent',NULL,1782489005093),
('zla27w','zls27v','ze27h','present',NULL,1782229805093),
('zla27x','zls27v','ze27i','present',NULL,1781279405093),
('zla27y','zls27v','ze27j','excused',NULL,1782057005093),
('zla27z','zls27v','ze27k','present',NULL,1782402605093),
('zla280','zls27v','ze27l','present',NULL,1783698605093),
('zla281','zls27v','ze27m','absent',NULL,1783612205093),
('zla282','zls27v','ze27n','present',NULL,1783180205093),
('zla283','zls27v','ze27o','present',NULL,1784217005093),
('zla284','zls27v','ze27p','present',NULL,1782489005093),
('zla285','zls27v','ze27q','present',NULL,1783439405093),
('zla286','zls27v','ze27r','present',NULL,1781711405093),
('zla287','zls27v','ze27s','present',NULL,1782057005093),
('zla288','zls27v','ze27t','absent',NULL,1781711405093),
('zla289','zls27v','ze27u','present',NULL,1783007405093),
('zla28i','zls28h','ze27h','present',NULL,1781106605093),
('zla28j','zls28h','ze27i','absent',NULL,1783698605093),
('zla28k','zls28h','ze27j','present',NULL,1780933805093),
('zla28l','zls28h','ze27k','absent',NULL,1783525805093),
('zla28m','zls28h','ze27l','present',NULL,1782661805093),
('zla28n','zls28h','ze27m','excused',NULL,1781365805093),
('zla28o','zls28h','ze27n','excused',NULL,1781193005093);
INSERT OR IGNORE INTO lesson_attendance (id,lesson_session_id,enrollment_id,state,note,created_at) VALUES
('zla28p','zls28h','ze27o','present',NULL,1783525805093),
('zla28q','zls28h','ze27p','absent',NULL,1783698605093),
('zla28r','zls28h','ze27q','excused',NULL,1784130605093),
('zla28s','zls28h','ze27r','present',NULL,1783007405093),
('zla28t','zls28h','ze27s','absent',NULL,1783180205093),
('zla28u','zls28h','ze27t','present',NULL,1781538605093),
('zla28v','zls28h','ze27u','present',NULL,1784130605093),
('zla293','zls292','ze27h','present',NULL,1783180205093),
('zla294','zls292','ze27i','absent',NULL,1782057005093),
('zla295','zls292','ze27j','present',NULL,1781365805093),
('zla296','zls292','ze27k','present',NULL,1781970605093),
('zla297','zls292','ze27l','present',NULL,1783439405093),
('zla298','zls292','ze27m','excused',NULL,1783266605093),
('zla299','zls292','ze27n','present',NULL,1781193005093),
('zla29a','zls292','ze27o','present',NULL,1783180205093),
('zla29b','zls292','ze27p','present',NULL,1781365805093),
('zla29c','zls292','ze27q','present',NULL,1784130605093),
('zla29d','zls292','ze27r','absent',NULL,1784044205093),
('zla29e','zls292','ze27s','present',NULL,1782402605093),
('zla29f','zls292','ze27t','present',NULL,1782661805093),
('zla29g','zls292','ze27u','absent',NULL,1782748205093),
('zla29r','zls29q','ze27h','excused',NULL,1782921005093),
('zla29s','zls29q','ze27i','present',NULL,1783785005093),
('zla29t','zls29q','ze27j','excused',NULL,1782575405093),
('zla29u','zls29q','ze27k','excused',NULL,1783093805093),
('zla29v','zls29q','ze27l','present',NULL,1781625005093),
('zla29w','zls29q','ze27m','present',NULL,1781020205093),
('zla29x','zls29q','ze27n','present',NULL,1781970605093),
('zla29y','zls29q','ze27o','excused',NULL,1781020205093),
('zla29z','zls29q','ze27p','present',NULL,1784303405093),
('zla2a0','zls29q','ze27q','excused',NULL,1782057005093),
('zla2a1','zls29q','ze27r','present',NULL,1781452205093),
('zla2a2','zls29q','ze27s','present',NULL,1782402605093),
('zla2a3','zls29q','ze27t','present',NULL,1784217005093),
('zla2a4','zls29q','ze27u','excused',NULL,1781365805093),
('zla2ab','zls2aa','ze27h','present',NULL,1782402605093),
('zla2ac','zls2aa','ze27i','absent',NULL,1782921005093),
('zla2ad','zls2aa','ze27j','excused',NULL,1783007405093),
('zla2ae','zls2aa','ze27k','present',NULL,1781452205093),
('zla2af','zls2aa','ze27l','present',NULL,1783180205093),
('zla2ag','zls2aa','ze27m','present',NULL,1783439405093),
('zla2ah','zls2aa','ze27n','present',NULL,1783957805093),
('zla2ai','zls2aa','ze27o','absent',NULL,1781711405093),
('zla2aj','zls2aa','ze27p','excused',NULL,1782661805093),
('zla2ak','zls2aa','ze27q','present',NULL,1781884205093),
('zla2al','zls2aa','ze27r','present',NULL,1780933805093),
('zla2am','zls2aa','ze27s','absent',NULL,1782489005093),
('zla2an','zls2aa','ze27t','present',NULL,1782748205093),
('zla2ao','zls2aa','ze27u','present',NULL,1783353005093),
('zla2bf','zls2be','ze2b6','present',NULL,1782748205093),
('zla2bg','zls2be','ze2b7','present',NULL,1782748205093),
('zla2bh','zls2be','ze2b8','present',NULL,1784217005093),
('zla2bi','zls2be','ze2b9','present',NULL,1781538605093),
('zla2bj','zls2be','ze2ba','excused',NULL,1782834605093),
('zla2bk','zls2be','ze2bb','present',NULL,1782489005093),
('zla2bl','zls2be','ze2bc','present',NULL,1783957805093),
('zla2bm','zls2be','ze2bd','present',NULL,1781452205093),
('zla2bp','zls2bo','ze2b6','present',NULL,1781106605093),
('zla2bq','zls2bo','ze2b7','present',NULL,1783612205093),
('zla2br','zls2bo','ze2b8','absent',NULL,1783525805093);
INSERT OR IGNORE INTO lesson_attendance (id,lesson_session_id,enrollment_id,state,note,created_at) VALUES
('zla2bs','zls2bo','ze2b9','excused',NULL,1782143405093),
('zla2bt','zls2bo','ze2ba','present',NULL,1782057005093),
('zla2bu','zls2bo','ze2bb','excused',NULL,1781452205093),
('zla2bv','zls2bo','ze2bc','present',NULL,1782402605093),
('zla2bw','zls2bo','ze2bd','present',NULL,1781797805093),
('zla2c2','zls2c1','ze2b6','present',NULL,1782661805093),
('zla2c3','zls2c1','ze2b7','present',NULL,1782834605093),
('zla2c4','zls2c1','ze2b8','present',NULL,1780933805093),
('zla2c5','zls2c1','ze2b9','excused',NULL,1782748205093),
('zla2c6','zls2c1','ze2ba','present',NULL,1780933805093),
('zla2c7','zls2c1','ze2bb','present',NULL,1781452205093),
('zla2c8','zls2c1','ze2bc','excused',NULL,1782921005093),
('zla2c9','zls2c1','ze2bd','present',NULL,1783957805093),
('zla2cx','zls2cw','ze2cl','present',NULL,1783525805093),
('zla2cy','zls2cw','ze2cm','excused',NULL,1781193005093),
('zla2cz','zls2cw','ze2cn','present',NULL,1784044205093),
('zla2d0','zls2cw','ze2co','absent',NULL,1781365805093),
('zla2d1','zls2cw','ze2cp','present',NULL,1782921005093),
('zla2d2','zls2cw','ze2cq','present',NULL,1782921005093),
('zla2d3','zls2cw','ze2cr','present',NULL,1782834605093),
('zla2d4','zls2cw','ze2cs','present',NULL,1782575405093),
('zla2d5','zls2cw','ze2ct','present',NULL,1781538605093),
('zla2d6','zls2cw','ze2cu','present',NULL,1781452205093),
('zla2d7','zls2cw','ze2cv','present',NULL,1782661805093),
('zla2de','zls2dd','ze2cl','present',NULL,1781538605093),
('zla2df','zls2dd','ze2cm','present',NULL,1782575405093),
('zla2dg','zls2dd','ze2cn','excused',NULL,1781193005093),
('zla2dh','zls2dd','ze2co','excused',NULL,1781279405093),
('zla2di','zls2dd','ze2cp','present',NULL,1781625005093),
('zla2dj','zls2dd','ze2cq','excused',NULL,1781020205093),
('zla2dk','zls2dd','ze2cr','present',NULL,1781365805093),
('zla2dl','zls2dd','ze2cs','present',NULL,1784130605093),
('zla2dm','zls2dd','ze2ct','absent',NULL,1784217005093),
('zla2dn','zls2dd','ze2cu','present',NULL,1781797805093),
('zla2do','zls2dd','ze2cv','present',NULL,1783698605093),
('zla2ej','zls2ei','ze2e3','excused',NULL,1782661805093),
('zla2ek','zls2ei','ze2e4','absent',NULL,1784303405093),
('zla2el','zls2ei','ze2e5','present',NULL,1784130605093),
('zla2em','zls2ei','ze2e6','absent',NULL,1780933805093),
('zla2en','zls2ei','ze2e7','absent',NULL,1784044205093),
('zla2eo','zls2ei','ze2e8','present',NULL,1784217005093),
('zla2ep','zls2ei','ze2e9','absent',NULL,1782143405093),
('zla2eq','zls2ei','ze2ea','present',NULL,1781193005093),
('zla2er','zls2ei','ze2eb','absent',NULL,1781365805093),
('zla2es','zls2ei','ze2ec','excused',NULL,1783180205093),
('zla2et','zls2ei','ze2ed','present',NULL,1783439405093),
('zla2eu','zls2ei','ze2ee','excused',NULL,1781279405093),
('zla2ev','zls2ei','ze2ef','excused',NULL,1784303405093),
('zla2ew','zls2ei','ze2eg','absent',NULL,1781538605093),
('zla2ex','zls2ei','ze2eh','present',NULL,1781279405093),
('zla2f5','zls2f4','ze2e3','absent',NULL,1783007405093),
('zla2f6','zls2f4','ze2e4','excused',NULL,1783612205093),
('zla2f7','zls2f4','ze2e5','present',NULL,1782229805093),
('zla2f8','zls2f4','ze2e6','present',NULL,1782575405093),
('zla2f9','zls2f4','ze2e7','absent',NULL,1783525805093),
('zla2fa','zls2f4','ze2e8','present',NULL,1782834605093),
('zla2fb','zls2f4','ze2e9','present',NULL,1782143405093),
('zla2fc','zls2f4','ze2ea','excused',NULL,1781625005093),
('zla2fd','zls2f4','ze2eb','present',NULL,1782143405093),
('zla2fe','zls2f4','ze2ec','present',NULL,1781106605093);
INSERT OR IGNORE INTO lesson_attendance (id,lesson_session_id,enrollment_id,state,note,created_at) VALUES
('zla2ff','zls2f4','ze2ed','present',NULL,1783698605093),
('zla2fg','zls2f4','ze2ee','excused',NULL,1783698605093),
('zla2fh','zls2f4','ze2ef','excused',NULL,1781020205093),
('zla2fi','zls2f4','ze2eg','present',NULL,1781020205093),
('zla2fj','zls2f4','ze2eh','present',NULL,1783957805093),
('zla2ga','zls2g9','ze2fz','present',NULL,1782489005093),
('zla2gb','zls2g9','ze2g0','present',NULL,1782921005093),
('zla2gc','zls2g9','ze2g1','present',NULL,1781020205093),
('zla2gd','zls2g9','ze2g2','present',NULL,1784130605093),
('zla2ge','zls2g9','ze2g3','present',NULL,1783785005093),
('zla2gf','zls2g9','ze2g4','absent',NULL,1782402605093),
('zla2gg','zls2g9','ze2g5','absent',NULL,1781884205093),
('zla2gh','zls2g9','ze2g6','present',NULL,1783180205093),
('zla2gi','zls2g9','ze2g7','absent',NULL,1781020205093),
('zla2gj','zls2g9','ze2g8','present',NULL,1780933805093),
('zla2gq','zls2gp','ze2fz','present',NULL,1782489005093),
('zla2gr','zls2gp','ze2g0','present',NULL,1783957805093),
('zla2gs','zls2gp','ze2g1','present',NULL,1782229805093),
('zla2gt','zls2gp','ze2g2','present',NULL,1782921005093),
('zla2gu','zls2gp','ze2g3','excused',NULL,1781538605093),
('zla2gv','zls2gp','ze2g4','present',NULL,1783612205093),
('zla2gw','zls2gp','ze2g5','absent',NULL,1781970605093),
('zla2gx','zls2gp','ze2g6','present',NULL,1784130605093),
('zla2gy','zls2gp','ze2g7','present',NULL,1780933805093),
('zla2gz','zls2gp','ze2g8','present',NULL,1782489005093),
('zla2hl','zls2hk','ze2hb','present',NULL,1783785005093),
('zla2hm','zls2hk','ze2hc','excused',NULL,1781106605093),
('zla2hn','zls2hk','ze2hd','present',NULL,1781106605093),
('zla2ho','zls2hk','ze2he','present',NULL,1784044205093),
('zla2hp','zls2hk','ze2hf','present',NULL,1783439405093),
('zla2hq','zls2hk','ze2hg','present',NULL,1781538605093),
('zla2hr','zls2hk','ze2hh','excused',NULL,1781884205093),
('zla2hs','zls2hk','ze2hi','excused',NULL,1781020205093),
('zla2ht','zls2hk','ze2hj','excused',NULL,1783525805093),
('zla2hz','zls2hy','ze2hb','present',NULL,1782143405093),
('zla2i0','zls2hy','ze2hc','absent',NULL,1781538605093),
('zla2i1','zls2hy','ze2hd','present',NULL,1783180205093),
('zla2i2','zls2hy','ze2he','present',NULL,1782057005093),
('zla2i3','zls2hy','ze2hf','absent',NULL,1782575405093),
('zla2i4','zls2hy','ze2hg','present',NULL,1781365805093),
('zla2i5','zls2hy','ze2hh','present',NULL,1782834605093),
('zla2i6','zls2hy','ze2hi','present',NULL,1781020205093),
('zla2i7','zls2hy','ze2hj','present',NULL,1781711405093),
('zla2ie','zls2id','ze2hb','present',NULL,1781106605093),
('zla2if','zls2id','ze2hc','absent',NULL,1782834605093),
('zla2ig','zls2id','ze2hd','present',NULL,1781970605093),
('zla2ih','zls2id','ze2he','excused',NULL,1784130605093),
('zla2ii','zls2id','ze2hf','excused',NULL,1782402605093),
('zla2ij','zls2id','ze2hg','present',NULL,1782057005093),
('zla2ik','zls2id','ze2hh','present',NULL,1781625005093),
('zla2il','zls2id','ze2hi','present',NULL,1782402605093),
('zla2im','zls2id','ze2hj','present',NULL,1784130605093),
('zla2is','zls2ir','ze2hb','excused',NULL,1782921005093),
('zla2it','zls2ir','ze2hc','absent',NULL,1780933805093),
('zla2iu','zls2ir','ze2hd','present',NULL,1783439405093),
('zla2iv','zls2ir','ze2he','present',NULL,1783957805093),
('zla2iw','zls2ir','ze2hf','present',NULL,1783785005093),
('zla2ix','zls2ir','ze2hg','present',NULL,1781020205093),
('zla2iy','zls2ir','ze2hh','present',NULL,1784303405093),
('zla2iz','zls2ir','ze2hi','excused',NULL,1783525805093);
INSERT OR IGNORE INTO lesson_attendance (id,lesson_session_id,enrollment_id,state,note,created_at) VALUES
('zla2j0','zls2ir','ze2hj','excused',NULL,1781797805093),
('zla2jq','zls2jp','ze2je','excused',NULL,1782316205093),
('zla2jr','zls2jp','ze2jf','present',NULL,1783353005093),
('zla2js','zls2jp','ze2jg','present',NULL,1781711405093),
('zla2jt','zls2jp','ze2jh','present',NULL,1783093805093),
('zla2ju','zls2jp','ze2ji','present',NULL,1783957805093),
('zla2jv','zls2jp','ze2jj','present',NULL,1782661805093),
('zla2jw','zls2jp','ze2jk','excused',NULL,1782057005093),
('zla2jx','zls2jp','ze2jl','present',NULL,1781538605093),
('zla2jy','zls2jp','ze2jm','present',NULL,1781452205093),
('zla2jz','zls2jp','ze2jn','excused',NULL,1781193005093),
('zla2k0','zls2jp','ze2jo','absent',NULL,1781365805093),
('zla2k5','zls2k4','ze2je','excused',NULL,1783785005093),
('zla2k6','zls2k4','ze2jf','present',NULL,1783007405093),
('zla2k7','zls2k4','ze2jg','excused',NULL,1782834605093),
('zla2k8','zls2k4','ze2jh','present',NULL,1784217005093),
('zla2k9','zls2k4','ze2ji','present',NULL,1781452205093),
('zla2ka','zls2k4','ze2jj','present',NULL,1782834605093),
('zla2kb','zls2k4','ze2jk','excused',NULL,1783007405093),
('zla2kc','zls2k4','ze2jl','excused',NULL,1783957805093),
('zla2kd','zls2k4','ze2jm','absent',NULL,1783525805093),
('zla2ke','zls2k4','ze2jn','present',NULL,1782489005093),
('zla2kf','zls2k4','ze2jo','present',NULL,1782834605093),
('zla2l4','zls2l3','ze2kv','excused',NULL,1783525805093),
('zla2l5','zls2l3','ze2kw','excused',NULL,1782748205093),
('zla2l6','zls2l3','ze2kx','present',NULL,1781106605093),
('zla2l7','zls2l3','ze2ky','present',NULL,1783353005093),
('zla2l8','zls2l3','ze2kz','absent',NULL,1781193005093),
('zla2l9','zls2l3','ze2l0','excused',NULL,1784044205093),
('zla2la','zls2l3','ze2l1','present',NULL,1783007405093),
('zla2lb','zls2l3','ze2l2','present',NULL,1782834605093),
('zla2lh','zls2lg','ze2kv','present',NULL,1784303405093),
('zla2li','zls2lg','ze2kw','present',NULL,1780933805093),
('zla2lj','zls2lg','ze2kx','absent',NULL,1782316205093),
('zla2lk','zls2lg','ze2ky','present',NULL,1782834605093),
('zla2ll','zls2lg','ze2kz','present',NULL,1784130605093),
('zla2lm','zls2lg','ze2l0','present',NULL,1781365805093),
('zla2ln','zls2lg','ze2l1','present',NULL,1783266605093),
('zla2lo','zls2lg','ze2l2','present',NULL,1784303405093),
('zla2lr','zls2lq','ze2kv','excused',NULL,1781193005093),
('zla2ls','zls2lq','ze2kw','absent',NULL,1783007405093),
('zla2lt','zls2lq','ze2kx','absent',NULL,1781279405093),
('zla2lu','zls2lq','ze2ky','excused',NULL,1783353005093),
('zla2lv','zls2lq','ze2kz','present',NULL,1783957805093),
('zla2lw','zls2lq','ze2l0','present',NULL,1781020205093),
('zla2lx','zls2lq','ze2l1','present',NULL,1781106605093),
('zla2ly','zls2lq','ze2l2','present',NULL,1784130605093),
('zla2ms','zls2mr','ze2mh','absent',NULL,1783007405093),
('zla2mt','zls2mr','ze2mi','present',NULL,1781797805093),
('zla2mu','zls2mr','ze2mj','excused',NULL,1782489005093),
('zla2mv','zls2mr','ze2mk','present',NULL,1782489005093),
('zla2mw','zls2mr','ze2ml','absent',NULL,1783785005093),
('zla2mx','zls2mr','ze2mm','present',NULL,1784217005093),
('zla2my','zls2mr','ze2mn','absent',NULL,1784130605093),
('zla2mz','zls2mr','ze2mo','present',NULL,1781193005093),
('zla2n0','zls2mr','ze2mp','present',NULL,1782402605093),
('zla2n1','zls2mr','ze2mq','present',NULL,1781884205093),
('zla2n7','zls2n6','ze2mh','excused',NULL,1784044205093),
('zla2n8','zls2n6','ze2mi','excused',NULL,1781365805093),
('zla2n9','zls2n6','ze2mj','absent',NULL,1781711405093);
INSERT OR IGNORE INTO lesson_attendance (id,lesson_session_id,enrollment_id,state,note,created_at) VALUES
('zla2na','zls2n6','ze2mk','present',NULL,1784130605093),
('zla2nb','zls2n6','ze2ml','excused',NULL,1782834605093),
('zla2nc','zls2n6','ze2mm','present',NULL,1782402605093),
('zla2nd','zls2n6','ze2mn','absent',NULL,1781884205093),
('zla2ne','zls2n6','ze2mo','present',NULL,1784217005093),
('zla2nf','zls2n6','ze2mp','excused',NULL,1780933805093),
('zla2ng','zls2n6','ze2mq','present',NULL,1782316205093),
('zla2o6','zls2o5','ze2nx','present',NULL,1784217005093),
('zla2o7','zls2o5','ze2ny','excused',NULL,1782489005093),
('zla2o8','zls2o5','ze2nz','present',NULL,1780933805093),
('zla2o9','zls2o5','ze2o0','present',NULL,1782489005093),
('zla2oa','zls2o5','ze2o1','absent',NULL,1783439405093),
('zla2ob','zls2o5','ze2o2','present',NULL,1783007405093),
('zla2oc','zls2o5','ze2o3','present',NULL,1781711405093),
('zla2od','zls2o5','ze2o4','present',NULL,1783266605093),
('zla2ok','zls2oj','ze2nx','excused',NULL,1783957805093),
('zla2ol','zls2oj','ze2ny','absent',NULL,1783525805093),
('zla2om','zls2oj','ze2nz','absent',NULL,1783957805093),
('zla2on','zls2oj','ze2o0','present',NULL,1784303405093),
('zla2oo','zls2oj','ze2o1','present',NULL,1783353005093),
('zla2op','zls2oj','ze2o2','present',NULL,1783698605093),
('zla2oq','zls2oj','ze2o3','present',NULL,1784217005093),
('zla2or','zls2oj','ze2o4','excused',NULL,1783957805093),
('zla2ow','zls2ov','ze2nx','present',NULL,1782143405093),
('zla2ox','zls2ov','ze2ny','present',NULL,1781970605093),
('zla2oy','zls2ov','ze2nz','absent',NULL,1781365805093),
('zla2oz','zls2ov','ze2o0','present',NULL,1784303405093),
('zla2p0','zls2ov','ze2o1','present',NULL,1784217005093),
('zla2p1','zls2ov','ze2o2','present',NULL,1783612205093),
('zla2p2','zls2ov','ze2o3','excused',NULL,1781279405093),
('zla2p3','zls2ov','ze2o4','present',NULL,1782921005093),
('zla2pp','zls2po','ze2pg','present',NULL,1782661805093),
('zla2pq','zls2po','ze2ph','absent',NULL,1781711405093),
('zla2pr','zls2po','ze2pi','present',NULL,1783957805093),
('zla2ps','zls2po','ze2pj','present',NULL,1781279405093),
('zla2pt','zls2po','ze2pk','present',NULL,1782748205093),
('zla2pu','zls2po','ze2pl','present',NULL,1782316205093),
('zla2pv','zls2po','ze2pm','absent',NULL,1783957805093),
('zla2pw','zls2po','ze2pn','present',NULL,1781884205093),
('zla2q4','zls2q3','ze2pg','present',NULL,1783007405093),
('zla2q5','zls2q3','ze2ph','absent',NULL,1783785005093),
('zla2q6','zls2q3','ze2pi','present',NULL,1783698605093),
('zla2q7','zls2q3','ze2pj','excused',NULL,1781797805093),
('zla2q8','zls2q3','ze2pk','present',NULL,1784303405093),
('zla2q9','zls2q3','ze2pl','present',NULL,1784044205093),
('zla2qa','zls2q3','ze2pm','present',NULL,1783957805093),
('zla2qb','zls2q3','ze2pn','excused',NULL,1783612205093),
('zla2qf','zls2qe','ze2pg','absent',NULL,1781625005093),
('zla2qg','zls2qe','ze2ph','present',NULL,1784130605093),
('zla2qh','zls2qe','ze2pi','present',NULL,1782661805093),
('zla2qi','zls2qe','ze2pj','present',NULL,1781970605093),
('zla2qj','zls2qe','ze2pk','present',NULL,1783871405093),
('zla2qk','zls2qe','ze2pl','present',NULL,1783007405093),
('zla2ql','zls2qe','ze2pm','excused',NULL,1783612205093),
('zla2qm','zls2qe','ze2pn','present',NULL,1783525805093),
('zla2rc','zls2rb','ze2r1','absent',NULL,1783439405093),
('zla2rd','zls2rb','ze2r2','absent',NULL,1781538605093),
('zla2re','zls2rb','ze2r3','absent',NULL,1784303405093),
('zla2rf','zls2rb','ze2r4','excused',NULL,1783180205093),
('zla2rg','zls2rb','ze2r5','present',NULL,1783439405093);
INSERT OR IGNORE INTO lesson_attendance (id,lesson_session_id,enrollment_id,state,note,created_at) VALUES
('zla2rh','zls2rb','ze2r6','present',NULL,1784044205093),
('zla2ri','zls2rb','ze2r7','excused',NULL,1781538605093),
('zla2rj','zls2rb','ze2r8','present',NULL,1782057005093),
('zla2rk','zls2rb','ze2r9','absent',NULL,1783525805093),
('zla2rl','zls2rb','ze2ra','present',NULL,1783525805093),
('zla2rs','zls2rr','ze2r1','present',NULL,1782402605093),
('zla2rt','zls2rr','ze2r2','present',NULL,1780933805093),
('zla2ru','zls2rr','ze2r3','present',NULL,1781711405093),
('zla2rv','zls2rr','ze2r4','present',NULL,1783266605093),
('zla2rw','zls2rr','ze2r5','present',NULL,1780933805093),
('zla2rx','zls2rr','ze2r6','present',NULL,1781884205093),
('zla2ry','zls2rr','ze2r7','absent',NULL,1783093805093),
('zla2rz','zls2rr','ze2r8','present',NULL,1784303405093),
('zla2s0','zls2rr','ze2r9','excused',NULL,1781711405093),
('zla2s1','zls2rr','ze2ra','absent',NULL,1781711405093),
('zla2s8','zls2s7','ze2r1','absent',NULL,1782921005093),
('zla2s9','zls2s7','ze2r2','absent',NULL,1781279405093),
('zla2sa','zls2s7','ze2r3','present',NULL,1781711405093),
('zla2sb','zls2s7','ze2r4','present',NULL,1781452205093),
('zla2sc','zls2s7','ze2r5','present',NULL,1781365805093),
('zla2sd','zls2s7','ze2r6','present',NULL,1783093805093),
('zla2se','zls2s7','ze2r7','absent',NULL,1781884205093),
('zla2sf','zls2s7','ze2r8','present',NULL,1782834605093),
('zla2sg','zls2s7','ze2r9','present',NULL,1782575405093),
('zla2sh','zls2s7','ze2ra','excused',NULL,1782834605093),
('zla2t8','zls2t7','ze2sw','excused',NULL,1781970605093),
('zla2t9','zls2t7','ze2sx','absent',NULL,1781106605093),
('zla2ta','zls2t7','ze2sy','excused',NULL,1784303405093),
('zla2tb','zls2t7','ze2sz','excused',NULL,1783698605093),
('zla2tc','zls2t7','ze2t0','present',NULL,1784044205093),
('zla2td','zls2t7','ze2t1','excused',NULL,1783525805093),
('zla2te','zls2t7','ze2t2','present',NULL,1781106605093),
('zla2tf','zls2t7','ze2t3','present',NULL,1784217005093),
('zla2tg','zls2t7','ze2t4','present',NULL,1783612205093),
('zla2th','zls2t7','ze2t5','present',NULL,1783525805093),
('zla2ti','zls2t7','ze2t6','present',NULL,1783353005093),
('zla2tn','zls2tm','ze2sw','excused',NULL,1783525805093),
('zla2to','zls2tm','ze2sx','present',NULL,1783180205093),
('zla2tp','zls2tm','ze2sy','present',NULL,1782661805093),
('zla2tq','zls2tm','ze2sz','present',NULL,1781797805093),
('zla2tr','zls2tm','ze2t0','present',NULL,1783871405093),
('zla2ts','zls2tm','ze2t1','excused',NULL,1782402605093),
('zla2tt','zls2tm','ze2t2','excused',NULL,1782661805093),
('zla2tu','zls2tm','ze2t3','absent',NULL,1783871405093),
('zla2tv','zls2tm','ze2t4','present',NULL,1783698605093),
('zla2tw','zls2tm','ze2t5','absent',NULL,1781452205093),
('zla2tx','zls2tm','ze2t6','present',NULL,1781711405093),
('zla2u6','zls2u5','ze2sw','present',NULL,1782661805093),
('zla2u7','zls2u5','ze2sx','present',NULL,1783093805093),
('zla2u8','zls2u5','ze2sy','present',NULL,1780933805093),
('zla2u9','zls2u5','ze2sz','present',NULL,1783353005093),
('zla2ua','zls2u5','ze2t0','excused',NULL,1783093805093),
('zla2ub','zls2u5','ze2t1','present',NULL,1784044205093),
('zla2uc','zls2u5','ze2t2','absent',NULL,1781797805093),
('zla2ud','zls2u5','ze2t3','absent',NULL,1783871405093),
('zla2ue','zls2u5','ze2t4','present',NULL,1783007405093),
('zla2uf','zls2u5','ze2t5','absent',NULL,1784217005093),
('zla2ug','zls2u5','ze2t6','excused',NULL,1783266605093),
('zla2un','zls2um','ze2sw','present',NULL,1782489005093),
('zla2uo','zls2um','ze2sx','absent',NULL,1782748205093);
INSERT OR IGNORE INTO lesson_attendance (id,lesson_session_id,enrollment_id,state,note,created_at) VALUES
('zla2up','zls2um','ze2sy','present',NULL,1780933805093),
('zla2uq','zls2um','ze2sz','present',NULL,1783266605093),
('zla2ur','zls2um','ze2t0','absent',NULL,1784303405093),
('zla2us','zls2um','ze2t1','present',NULL,1781711405093),
('zla2ut','zls2um','ze2t2','present',NULL,1782143405093),
('zla2uu','zls2um','ze2t3','excused',NULL,1783698605093),
('zla2uv','zls2um','ze2t4','present',NULL,1783957805093),
('zla2uw','zls2um','ze2t5','present',NULL,1783180205093),
('zla2ux','zls2um','ze2t6','present',NULL,1782057005093),
('zla2vn','zls2vm','ze2ve','present',NULL,1783871405093),
('zla2vo','zls2vm','ze2vf','excused',NULL,1784303405093),
('zla2vp','zls2vm','ze2vg','excused',NULL,1782575405093),
('zla2vq','zls2vm','ze2vh','present',NULL,1784044205093),
('zla2vr','zls2vm','ze2vi','absent',NULL,1780933805093),
('zla2vs','zls2vm','ze2vj','absent',NULL,1783871405093),
('zla2vt','zls2vm','ze2vk','absent',NULL,1781884205093),
('zla2vu','zls2vm','ze2vl','absent',NULL,1780933805093),
('zla2vw','zls2vv','ze2ve','present',NULL,1781365805093),
('zla2vx','zls2vv','ze2vf','absent',NULL,1781279405093),
('zla2vy','zls2vv','ze2vg','present',NULL,1782748205093),
('zla2vz','zls2vv','ze2vh','absent',NULL,1782661805093),
('zla2w0','zls2vv','ze2vi','present',NULL,1782834605093),
('zla2w1','zls2vv','ze2vj','present',NULL,1783957805093),
('zla2w2','zls2vv','ze2vk','present',NULL,1782489005093),
('zla2w3','zls2vv','ze2vl','present',NULL,1781797805093),
('zla2w8','zls2w7','ze2ve','present',NULL,1781538605093),
('zla2w9','zls2w7','ze2vf','present',NULL,1781279405093),
('zla2wa','zls2w7','ze2vg','present',NULL,1784044205093),
('zla2wb','zls2w7','ze2vh','present',NULL,1780933805093),
('zla2wc','zls2w7','ze2vi','present',NULL,1782143405093),
('zla2wd','zls2w7','ze2vj','excused',NULL,1782748205093),
('zla2we','zls2w7','ze2vk','present',NULL,1782057005093),
('zla2wf','zls2w7','ze2vl','present',NULL,1782575405093),
('zla2wk','zls2wj','ze2ve','present',NULL,1782489005093),
('zla2wl','zls2wj','ze2vf','present',NULL,1781452205093),
('zla2wm','zls2wj','ze2vg','present',NULL,1783266605093),
('zla2wn','zls2wj','ze2vh','absent',NULL,1784044205093),
('zla2wo','zls2wj','ze2vi','excused',NULL,1782402605093),
('zla2wp','zls2wj','ze2vj','present',NULL,1781538605093),
('zla2wq','zls2wj','ze2vk','absent',NULL,1782921005093),
('zla2wr','zls2wj','ze2vl','present',NULL,1782921005093),
('zla2xj','zls2xi','ze2x4','present',NULL,1781884205093),
('zla2xk','zls2xi','ze2x5','present',NULL,1782316205093),
('zla2xl','zls2xi','ze2x6','absent',NULL,1781452205093),
('zla2xm','zls2xi','ze2x7','present',NULL,1783439405093),
('zla2xn','zls2xi','ze2x8','present',NULL,1782229805093),
('zla2xo','zls2xi','ze2x9','excused',NULL,1781106605093),
('zla2xp','zls2xi','ze2xa','present',NULL,1781279405093),
('zla2xq','zls2xi','ze2xb','present',NULL,1782575405093),
('zla2xr','zls2xi','ze2xc','present',NULL,1783698605093),
('zla2xs','zls2xi','ze2xd','present',NULL,1782921005093),
('zla2xt','zls2xi','ze2xe','absent',NULL,1781365805093),
('zla2xu','zls2xi','ze2xf','present',NULL,1782402605093),
('zla2xv','zls2xi','ze2xg','absent',NULL,1784303405093),
('zla2xw','zls2xi','ze2xh','present',NULL,1783180205093),
('zla2y1','zls2y0','ze2x4','present',NULL,1782402605093),
('zla2y2','zls2y0','ze2x5','absent',NULL,1784303405093),
('zla2y3','zls2y0','ze2x6','present',NULL,1783007405093),
('zla2y4','zls2y0','ze2x7','absent',NULL,1784217005093),
('zla2y5','zls2y0','ze2x8','present',NULL,1781452205093);
INSERT OR IGNORE INTO lesson_attendance (id,lesson_session_id,enrollment_id,state,note,created_at) VALUES
('zla2y6','zls2y0','ze2x9','absent',NULL,1783871405093),
('zla2y7','zls2y0','ze2xa','present',NULL,1782921005093),
('zla2y8','zls2y0','ze2xb','present',NULL,1781452205093),
('zla2y9','zls2y0','ze2xc','present',NULL,1784303405093),
('zla2ya','zls2y0','ze2xd','absent',NULL,1781020205093),
('zla2yb','zls2y0','ze2xe','absent',NULL,1781106605093),
('zla2yc','zls2y0','ze2xf','absent',NULL,1782402605093),
('zla2yd','zls2y0','ze2xg','present',NULL,1781625005093),
('zla2ye','zls2y0','ze2xh','present',NULL,1780933805093),
('zla2yl','zls2yk','ze2x4','excused',NULL,1783525805093),
('zla2ym','zls2yk','ze2x5','absent',NULL,1784130605093),
('zla2yn','zls2yk','ze2x6','excused',NULL,1781020205093),
('zla2yo','zls2yk','ze2x7','present',NULL,1782489005093),
('zla2yp','zls2yk','ze2x8','present',NULL,1783957805093),
('zla2yq','zls2yk','ze2x9','present',NULL,1782748205093),
('zla2yr','zls2yk','ze2xa','excused',NULL,1781538605093),
('zla2ys','zls2yk','ze2xb','present',NULL,1781193005093),
('zla2yt','zls2yk','ze2xc','present',NULL,1783353005093),
('zla2yu','zls2yk','ze2xd','present',NULL,1783612205093),
('zla2yv','zls2yk','ze2xe','present',NULL,1781279405093),
('zla2yw','zls2yk','ze2xf','present',NULL,1781365805093),
('zla2yx','zls2yk','ze2xg','present',NULL,1783612205093),
('zla2yy','zls2yk','ze2xh','present',NULL,1783266605093),
('zla2z9','zls2z8','ze2x4','absent',NULL,1783871405093),
('zla2za','zls2z8','ze2x5','present',NULL,1781970605093),
('zla2zb','zls2z8','ze2x6','present',NULL,1781279405093),
('zla2zc','zls2z8','ze2x7','present',NULL,1782834605093),
('zla2zd','zls2z8','ze2x8','absent',NULL,1784044205093),
('zla2ze','zls2z8','ze2x9','absent',NULL,1783093805093),
('zla2zf','zls2z8','ze2xa','excused',NULL,1783612205093),
('zla2zg','zls2z8','ze2xb','excused',NULL,1784217005093),
('zla2zh','zls2z8','ze2xc','excused',NULL,1783525805093),
('zla2zi','zls2z8','ze2xd','present',NULL,1783439405093),
('zla2zj','zls2z8','ze2xe','present',NULL,1782921005093),
('zla2zk','zls2z8','ze2xf','excused',NULL,1781970605093),
('zla2zl','zls2z8','ze2xg','present',NULL,1783180205093),
('zla2zm','zls2z8','ze2xh','present',NULL,1782402605093),
('zla30f','zls30e','ze300','excused',NULL,1782575405093),
('zla30g','zls30e','ze301','present',NULL,1783266605093),
('zla30h','zls30e','ze302','present',NULL,1783871405093),
('zla30i','zls30e','ze303','present',NULL,1782229805093),
('zla30j','zls30e','ze304','present',NULL,1781711405093),
('zla30k','zls30e','ze305','excused',NULL,1783957805093),
('zla30l','zls30e','ze306','present',NULL,1782229805093),
('zla30m','zls30e','ze307','absent',NULL,1784130605093),
('zla30n','zls30e','ze308','present',NULL,1782575405093),
('zla30o','zls30e','ze309','present',NULL,1783525805093),
('zla30p','zls30e','ze30a','present',NULL,1783957805093),
('zla30q','zls30e','ze30b','present',NULL,1783353005093),
('zla30r','zls30e','ze30c','absent',NULL,1782575405093),
('zla30s','zls30e','ze30d','present',NULL,1781711405093),
('zla313','zls312','ze300','absent',NULL,1782748205093),
('zla314','zls312','ze301','present',NULL,1783180205093),
('zla315','zls312','ze302','present',NULL,1782748205093),
('zla316','zls312','ze303','excused',NULL,1780933805093),
('zla317','zls312','ze304','present',NULL,1781970605093),
('zla318','zls312','ze305','present',NULL,1781193005093),
('zla319','zls312','ze306','absent',NULL,1781711405093),
('zla31a','zls312','ze307','absent',NULL,1780933805093),
('zla31b','zls312','ze308','present',NULL,1783439405093);
INSERT OR IGNORE INTO lesson_attendance (id,lesson_session_id,enrollment_id,state,note,created_at) VALUES
('zla31c','zls312','ze309','present',NULL,1781884205093),
('zla31d','zls312','ze30a','excused',NULL,1782316205093),
('zla31e','zls312','ze30b','absent',NULL,1784217005093),
('zla31f','zls312','ze30c','present',NULL,1781193005093),
('zla31g','zls312','ze30d','present',NULL,1782661805093),
('zla31p','zls31o','ze300','present',NULL,1783871405093),
('zla31q','zls31o','ze301','present',NULL,1781797805093),
('zla31r','zls31o','ze302','present',NULL,1783871405093),
('zla31s','zls31o','ze303','present',NULL,1783957805093),
('zla31t','zls31o','ze304','present',NULL,1782316205093),
('zla31u','zls31o','ze305','present',NULL,1783871405093),
('zla31v','zls31o','ze306','present',NULL,1781970605093),
('zla31w','zls31o','ze307','present',NULL,1782834605093),
('zla31x','zls31o','ze308','excused',NULL,1781193005093),
('zla31y','zls31o','ze309','excused',NULL,1783525805093),
('zla31z','zls31o','ze30a','present',NULL,1782575405093),
('zla320','zls31o','ze30b','present',NULL,1782057005093),
('zla321','zls31o','ze30c','absent',NULL,1782402605093),
('zla322','zls31o','ze30d','present',NULL,1784044205093),
('zla34g','zls34f','ze345','present',NULL,1783525805093),
('zla34h','zls34f','ze346','absent',NULL,1784217005093),
('zla34i','zls34f','ze347','present',NULL,1782748205093),
('zla34j','zls34f','ze348','excused',NULL,1784217005093),
('zla34k','zls34f','ze349','absent',NULL,1783785005093),
('zla34l','zls34f','ze34a','present',NULL,1783785005093),
('zla34m','zls34f','ze34b','present',NULL,1782748205093),
('zla34n','zls34f','ze34c','excused',NULL,1783266605093),
('zla34o','zls34f','ze34d','absent',NULL,1784130605093),
('zla34p','zls34f','ze34e','present',NULL,1783439405093),
('zla34w','zls34v','ze345','absent',NULL,1784303405093),
('zla34x','zls34v','ze346','present',NULL,1782921005093),
('zla34y','zls34v','ze347','excused',NULL,1783093805093),
('zla34z','zls34v','ze348','excused',NULL,1784303405093),
('zla350','zls34v','ze349','present',NULL,1782834605093),
('zla351','zls34v','ze34a','present',NULL,1783007405093),
('zla352','zls34v','ze34b','excused',NULL,1783007405093),
('zla353','zls34v','ze34c','present',NULL,1784303405093),
('zla354','zls34v','ze34d','present',NULL,1783612205093),
('zla355','zls34v','ze34e','present',NULL,1783612205093),
('zla35j','zls35i','ze35a','present',NULL,1783612205093),
('zla35k','zls35i','ze35b','absent',NULL,1784303405093),
('zla35l','zls35i','ze35c','excused',NULL,1784217005093),
('zla35m','zls35i','ze35d','present',NULL,1783612205093),
('zla35n','zls35i','ze35e','excused',NULL,1782661805093),
('zla35o','zls35i','ze35f','present',NULL,1784130605093),
('zla35p','zls35i','ze35g','present',NULL,1783093805093),
('zla35q','zls35i','ze35h','present',NULL,1784303405093),
('zla35t','zls35s','ze35a','absent',NULL,1782748205093),
('zla35u','zls35s','ze35b','absent',NULL,1782921005093),
('zla35v','zls35s','ze35c','present',NULL,1783093805093),
('zla35w','zls35s','ze35d','present',NULL,1784303405093),
('zla35x','zls35s','ze35e','absent',NULL,1783353005093),
('zla35y','zls35s','ze35f','absent',NULL,1783266605093),
('zla35z','zls35s','ze35g','excused',NULL,1783007405093),
('zla360','zls35s','ze35h','present',NULL,1783525805093),
('zla36f','zls36e','ze366','present',NULL,1783698605093),
('zla36g','zls36e','ze367','excused',NULL,1782921005093),
('zla36h','zls36e','ze368','present',NULL,1784044205093),
('zla36i','zls36e','ze369','excused',NULL,1783180205093),
('zla36j','zls36e','ze36a','present',NULL,1783266605093);
INSERT OR IGNORE INTO lesson_attendance (id,lesson_session_id,enrollment_id,state,note,created_at) VALUES
('zla36k','zls36e','ze36b','present',NULL,1783093805093),
('zla36l','zls36e','ze36c','excused',NULL,1783093805093),
('zla36m','zls36e','ze36d','absent',NULL,1782748205093),
('zla36s','zls36r','ze366','present',NULL,1783957805093),
('zla36t','zls36r','ze367','present',NULL,1783439405093),
('zla36u','zls36r','ze368','present',NULL,1782834605093),
('zla36v','zls36r','ze369','present',NULL,1782834605093),
('zla36w','zls36r','ze36a','excused',NULL,1783871405093),
('zla36x','zls36r','ze36b','absent',NULL,1783871405093),
('zla36y','zls36r','ze36c','present',NULL,1782748205093),
('zla36z','zls36r','ze36d','present',NULL,1783957805093),
('zla373','zls372','ze366','present',NULL,1782834605093),
('zla374','zls372','ze367','present',NULL,1783525805093),
('zla375','zls372','ze368','present',NULL,1783957805093),
('zla376','zls372','ze369','excused',NULL,1783353005093),
('zla377','zls372','ze36a','absent',NULL,1782661805093),
('zla378','zls372','ze36b','present',NULL,1783698605093),
('zla379','zls372','ze36c','present',NULL,1784130605093),
('zla37a','zls372','ze36d','present',NULL,1782834605093),
('zla37q','zls37p','ze37f','absent',NULL,1782834605093),
('zla37r','zls37p','ze37g','absent',NULL,1783612205093),
('zla37s','zls37p','ze37h','excused',NULL,1782921005093),
('zla37t','zls37p','ze37i','present',NULL,1783871405093),
('zla37u','zls37p','ze37j','present',NULL,1782921005093),
('zla37v','zls37p','ze37k','present',NULL,1783266605093),
('zla37w','zls37p','ze37l','present',NULL,1783612205093),
('zla37x','zls37p','ze37m','absent',NULL,1783785005093),
('zla37y','zls37p','ze37n','present',NULL,1783007405093),
('zla37z','zls37p','ze37o','absent',NULL,1784217005093),
('zla386','zls385','ze37f','present',NULL,1782834605093),
('zla387','zls385','ze37g','present',NULL,1783871405093),
('zla388','zls385','ze37h','excused',NULL,1783525805093),
('zla389','zls385','ze37i','excused',NULL,1784303405093),
('zla38a','zls385','ze37j','present',NULL,1783093805093),
('zla38b','zls385','ze37k','absent',NULL,1784217005093),
('zla38c','zls385','ze37l','present',NULL,1783439405093),
('zla38d','zls385','ze37m','present',NULL,1783439405093),
('zla38e','zls385','ze37n','present',NULL,1783093805093),
('zla38f','zls385','ze37o','present',NULL,1782661805093),
('zla38y','zls38x','ze38n','absent',NULL,1783439405093),
('zla38z','zls38x','ze38o','excused',NULL,1783180205093),
('zla390','zls38x','ze38p','present',NULL,1783266605093),
('zla391','zls38x','ze38q','present',NULL,1782921005093),
('zla392','zls38x','ze38r','absent',NULL,1783698605093),
('zla393','zls38x','ze38s','present',NULL,1783439405093),
('zla394','zls38x','ze38t','present',NULL,1784130605093),
('zla395','zls38x','ze38u','present',NULL,1783180205093),
('zla396','zls38x','ze38v','present',NULL,1783698605093),
('zla397','zls38x','ze38w','present',NULL,1782834605093),
('zla39b','zls39a','ze38n','present',NULL,1783266605093),
('zla39c','zls39a','ze38o','absent',NULL,1783439405093),
('zla39d','zls39a','ze38p','present',NULL,1783266605093),
('zla39e','zls39a','ze38q','present',NULL,1782748205093),
('zla39f','zls39a','ze38r','excused',NULL,1782834605093),
('zla39g','zls39a','ze38s','present',NULL,1783525805093),
('zla39h','zls39a','ze38t','excused',NULL,1783525805093),
('zla39i','zls39a','ze38u','present',NULL,1783957805093),
('zla39j','zls39a','ze38v','present',NULL,1783957805093),
('zla39k','zls39a','ze38w','present',NULL,1783525805093),
('zla39x','zls39w','ze39n','present',NULL,1782661805093);
INSERT OR IGNORE INTO lesson_attendance (id,lesson_session_id,enrollment_id,state,note,created_at) VALUES
('zla39y','zls39w','ze39o','present',NULL,1784303405093),
('zla39z','zls39w','ze39p','absent',NULL,1783353005093),
('zla3a0','zls39w','ze39q','excused',NULL,1783612205093),
('zla3a1','zls39w','ze39r','present',NULL,1782748205093),
('zla3a2','zls39w','ze39s','excused',NULL,1783612205093),
('zla3a3','zls39w','ze39t','excused',NULL,1782748205093),
('zla3a4','zls39w','ze39u','present',NULL,1783353005093),
('zla3a5','zls39w','ze39v','absent',NULL,1783439405093),
('zla3aa','zls3a9','ze39n','present',NULL,1783439405093),
('zla3ab','zls3a9','ze39o','present',NULL,1784303405093),
('zla3ac','zls3a9','ze39p','present',NULL,1783439405093),
('zla3ad','zls3a9','ze39q','present',NULL,1783525805093),
('zla3ae','zls3a9','ze39r','present',NULL,1783785005093),
('zla3af','zls3a9','ze39s','excused',NULL,1783180205093),
('zla3ag','zls3a9','ze39t','present',NULL,1783093805093),
('zla3ah','zls3a9','ze39u','present',NULL,1783180205093),
('zla3ai','zls3a9','ze39v','excused',NULL,1782661805093),
('zla3am','zls3al','ze39n','excused',NULL,1783785005093),
('zla3an','zls3al','ze39o','excused',NULL,1784044205093),
('zla3ao','zls3al','ze39p','absent',NULL,1782661805093),
('zla3ap','zls3al','ze39q','excused',NULL,1784130605093),
('zla3aq','zls3al','ze39r','present',NULL,1783525805093),
('zla3ar','zls3al','ze39s','excused',NULL,1783785005093),
('zla3as','zls3al','ze39t','present',NULL,1784044205093),
('zla3at','zls3al','ze39u','present',NULL,1782921005093),
('zla3au','zls3al','ze39v','present',NULL,1783353005093),
('zla3bb','zls3ba','ze3b1','excused',NULL,1783871405093),
('zla3bc','zls3ba','ze3b2','absent',NULL,1783353005093),
('zla3bd','zls3ba','ze3b3','absent',NULL,1782661805093),
('zla3be','zls3ba','ze3b4','excused',NULL,1783007405093),
('zla3bf','zls3ba','ze3b5','present',NULL,1783698605093),
('zla3bg','zls3ba','ze3b6','excused',NULL,1782834605093),
('zla3bh','zls3ba','ze3b7','excused',NULL,1782834605093),
('zla3bi','zls3ba','ze3b8','excused',NULL,1783698605093),
('zla3bj','zls3ba','ze3b9','present',NULL,1783439405093),
('zla3bq','zls3bp','ze3b1','present',NULL,1783871405093),
('zla3br','zls3bp','ze3b2','present',NULL,1784303405093),
('zla3bs','zls3bp','ze3b3','present',NULL,1783957805093),
('zla3bt','zls3bp','ze3b4','present',NULL,1784044205093),
('zla3bu','zls3bp','ze3b5','excused',NULL,1783266605093),
('zla3bv','zls3bp','ze3b6','present',NULL,1782834605093),
('zla3bw','zls3bp','ze3b7','present',NULL,1783612205093),
('zla3bx','zls3bp','ze3b8','present',NULL,1782921005093),
('zla3by','zls3bp','ze3b9','absent',NULL,1783180205093),
('zla3ce','zls3cd','ze3c4','absent',NULL,1784217005093),
('zla3cf','zls3cd','ze3c5','present',NULL,1783007405093),
('zla3cg','zls3cd','ze3c6','present',NULL,1783525805093),
('zla3ch','zls3cd','ze3c7','absent',NULL,1783093805093),
('zla3ci','zls3cd','ze3c8','present',NULL,1783007405093),
('zla3cj','zls3cd','ze3c9','present',NULL,1783439405093),
('zla3ck','zls3cd','ze3ca','excused',NULL,1783180205093),
('zla3cl','zls3cd','ze3cb','present',NULL,1783957805093),
('zla3cm','zls3cd','ze3cc','present',NULL,1784044205093),
('zla3cr','zls3cq','ze3c4','present',NULL,1782834605093),
('zla3cs','zls3cq','ze3c5','absent',NULL,1784217005093),
('zla3ct','zls3cq','ze3c6','present',NULL,1783871405093),
('zla3cu','zls3cq','ze3c7','present',NULL,1782921005093),
('zla3cv','zls3cq','ze3c8','present',NULL,1783266605093),
('zla3cw','zls3cq','ze3c9','excused',NULL,1784130605093),
('zla3cx','zls3cq','ze3ca','present',NULL,1782921005093);
INSERT OR IGNORE INTO lesson_attendance (id,lesson_session_id,enrollment_id,state,note,created_at) VALUES
('zla3cy','zls3cq','ze3cb','absent',NULL,1783180205093),
('zla3cz','zls3cq','ze3cc','excused',NULL,1784044205093),
('zla3d6','zls3d5','ze3c4','excused',NULL,1783439405093),
('zla3d7','zls3d5','ze3c5','absent',NULL,1783093805093),
('zla3d8','zls3d5','ze3c6','present',NULL,1784303405093),
('zla3d9','zls3d5','ze3c7','absent',NULL,1783180205093),
('zla3da','zls3d5','ze3c8','present',NULL,1783439405093),
('zla3db','zls3d5','ze3c9','present',NULL,1783266605093),
('zla3dc','zls3d5','ze3ca','present',NULL,1783353005093),
('zla3dd','zls3d5','ze3cb','present',NULL,1783007405093),
('zla3de','zls3d5','ze3cc','present',NULL,1783353005093),
('zla3dk','zls3dj','ze3c4','present',NULL,1783871405093),
('zla3dl','zls3dj','ze3c5','absent',NULL,1783612205093),
('zla3dm','zls3dj','ze3c6','present',NULL,1782921005093),
('zla3dn','zls3dj','ze3c7','present',NULL,1784217005093),
('zla3do','zls3dj','ze3c8','present',NULL,1783093805093),
('zla3dp','zls3dj','ze3c9','absent',NULL,1783353005093),
('zla3dq','zls3dj','ze3ca','absent',NULL,1784130605093),
('zla3dr','zls3dj','ze3cb','present',NULL,1783698605093),
('zla3ds','zls3dj','ze3cc','present',NULL,1782834605093),
('zla3e4','zls3e3','ze3dw','present',NULL,1782748205093),
('zla3e5','zls3e3','ze3dx','present',NULL,1783698605093),
('zla3e6','zls3e3','ze3dy','present',NULL,1783007405093),
('zla3e7','zls3e3','ze3dz','present',NULL,1783785005093),
('zla3e8','zls3e3','ze3e0','present',NULL,1783871405093),
('zla3e9','zls3e3','ze3e1','present',NULL,1784044205093),
('zla3ea','zls3e3','ze3e2','present',NULL,1783353005093),
('zla3eh','zls3eg','ze3dw','excused',NULL,1784303405093),
('zla3ei','zls3eg','ze3dx','present',NULL,1783957805093),
('zla3ej','zls3eg','ze3dy','present',NULL,1783698605093),
('zla3ek','zls3eg','ze3dz','present',NULL,1783698605093),
('zla3el','zls3eg','ze3e0','excused',NULL,1783525805093),
('zla3em','zls3eg','ze3e1','present',NULL,1782661805093),
('zla3en','zls3eg','ze3e2','absent',NULL,1782921005093),
('zla3eq','zls3ep','ze3dw','absent',NULL,1783353005093),
('zla3er','zls3ep','ze3dx','present',NULL,1783957805093),
('zla3es','zls3ep','ze3dy','present',NULL,1783525805093),
('zla3et','zls3ep','ze3dz','absent',NULL,1783353005093),
('zla3eu','zls3ep','ze3e0','present',NULL,1783353005093),
('zla3ev','zls3ep','ze3e1','absent',NULL,1784044205093),
('zla3ew','zls3ep','ze3e2','absent',NULL,1783439405093),
('zla3fb','zls3fa','ze3f0','absent',NULL,1784217005093),
('zla3fc','zls3fa','ze3f1','absent',NULL,1783007405093),
('zla3fd','zls3fa','ze3f2','excused',NULL,1782748205093),
('zla3fe','zls3fa','ze3f3','present',NULL,1783785005093),
('zla3ff','zls3fa','ze3f4','absent',NULL,1783525805093),
('zla3fg','zls3fa','ze3f5','excused',NULL,1782921005093),
('zla3fh','zls3fa','ze3f6','excused',NULL,1783871405093),
('zla3fi','zls3fa','ze3f7','excused',NULL,1783785005093),
('zla3fj','zls3fa','ze3f8','excused',NULL,1783007405093),
('zla3fk','zls3fa','ze3f9','excused',NULL,1783007405093),
('zla3fo','zls3fn','ze3f0','excused',NULL,1783180205093),
('zla3fp','zls3fn','ze3f1','present',NULL,1782661805093),
('zla3fq','zls3fn','ze3f2','present',NULL,1782834605093),
('zla3fr','zls3fn','ze3f3','present',NULL,1783785005093),
('zla3fs','zls3fn','ze3f4','excused',NULL,1783180205093),
('zla3ft','zls3fn','ze3f5','excused',NULL,1782921005093),
('zla3fu','zls3fn','ze3f6','excused',NULL,1782834605093),
('zla3fv','zls3fn','ze3f7','absent',NULL,1783007405093),
('zla3fw','zls3fn','ze3f8','excused',NULL,1784130605093);
INSERT OR IGNORE INTO lesson_attendance (id,lesson_session_id,enrollment_id,state,note,created_at) VALUES
('zla3fx','zls3fn','ze3f9','present',NULL,1784044205093),
('zla3gf','zls3ge','ze3g5','present',NULL,1783007405093),
('zla3gg','zls3ge','ze3g6','present',NULL,1783266605093),
('zla3gh','zls3ge','ze3g7','present',NULL,1784130605093),
('zla3gi','zls3ge','ze3g8','present',NULL,1783612205093),
('zla3gj','zls3ge','ze3g9','excused',NULL,1784217005093),
('zla3gk','zls3ge','ze3ga','absent',NULL,1784130605093),
('zla3gl','zls3ge','ze3gb','absent',NULL,1783612205093),
('zla3gm','zls3ge','ze3gc','excused',NULL,1783180205093),
('zla3gn','zls3ge','ze3gd','present',NULL,1783698605093),
('zla3gs','zls3gr','ze3g5','present',NULL,1783093805093),
('zla3gt','zls3gr','ze3g6','excused',NULL,1783871405093),
('zla3gu','zls3gr','ze3g7','excused',NULL,1784217005093),
('zla3gv','zls3gr','ze3g8','excused',NULL,1783698605093),
('zla3gw','zls3gr','ze3g9','present',NULL,1784303405093),
('zla3gx','zls3gr','ze3ga','excused',NULL,1783266605093),
('zla3gy','zls3gr','ze3gb','present',NULL,1783093805093),
('zla3gz','zls3gr','ze3gc','present',NULL,1782834605093),
('zla3h0','zls3gr','ze3gd','present',NULL,1783007405093),
('zla3h6','zls3h5','ze3g5','present',NULL,1782748205093),
('zla3h7','zls3h5','ze3g6','excused',NULL,1782834605093),
('zla3h8','zls3h5','ze3g7','absent',NULL,1784044205093),
('zla3h9','zls3h5','ze3g8','absent',NULL,1783957805093),
('zla3ha','zls3h5','ze3g9','present',NULL,1782834605093),
('zla3hb','zls3h5','ze3ga','present',NULL,1782748205093),
('zla3hc','zls3h5','ze3gb','excused',NULL,1783093805093),
('zla3hd','zls3h5','ze3gc','present',NULL,1784044205093),
('zla3he','zls3h5','ze3gd','excused',NULL,1783093805093),
('zla3ht','zls3hs','ze3hl','present',NULL,1783353005093),
('zla3hu','zls3hs','ze3hm','present',NULL,1783180205093),
('zla3hv','zls3hs','ze3hn','present',NULL,1782921005093),
('zla3hw','zls3hs','ze3ho','excused',NULL,1783353005093),
('zla3hx','zls3hs','ze3hp','present',NULL,1783439405093),
('zla3hy','zls3hs','ze3hq','present',NULL,1783957805093),
('zla3hz','zls3hs','ze3hr','present',NULL,1783180205093),
('zla3i4','zls3i3','ze3hl','absent',NULL,1782834605093),
('zla3i5','zls3i3','ze3hm','excused',NULL,1782834605093),
('zla3i6','zls3i3','ze3hn','absent',NULL,1783698605093),
('zla3i7','zls3i3','ze3ho','present',NULL,1784217005093),
('zla3i8','zls3i3','ze3hp','excused',NULL,1783871405093),
('zla3i9','zls3i3','ze3hq','absent',NULL,1783698605093),
('zla3ia','zls3i3','ze3hr','present',NULL,1783698605093),
('zla3if','zls3ie','ze3hl','present',NULL,1784130605093),
('zla3ig','zls3ie','ze3hm','excused',NULL,1784303405093),
('zla3ih','zls3ie','ze3hn','present',NULL,1783353005093),
('zla3ii','zls3ie','ze3ho','present',NULL,1784217005093),
('zla3ij','zls3ie','ze3hp','excused',NULL,1783266605093),
('zla3ik','zls3ie','ze3hq','present',NULL,1783785005093),
('zla3il','zls3ie','ze3hr','excused',NULL,1783871405093),
('zla3iz','zls3iy','ze3iq','present',NULL,1782834605093),
('zla3j0','zls3iy','ze3ir','present',NULL,1782748205093),
('zla3j1','zls3iy','ze3is','present',NULL,1783871405093),
('zla3j2','zls3iy','ze3it','present',NULL,1784130605093),
('zla3j3','zls3iy','ze3iu','present',NULL,1783093805093),
('zla3j4','zls3iy','ze3iv','present',NULL,1783266605093),
('zla3j5','zls3iy','ze3iw','absent',NULL,1784044205093),
('zla3j6','zls3iy','ze3ix','present',NULL,1783612205093),
('zla3jl','zls3jk','ze3jb','present',NULL,1782661805093),
('zla3jm','zls3jk','ze3jc','present',NULL,1782834605093),
('zla3jn','zls3jk','ze3jd','present',NULL,1782748205093);
INSERT OR IGNORE INTO lesson_attendance (id,lesson_session_id,enrollment_id,state,note,created_at) VALUES
('zla3jo','zls3jk','ze3je','present',NULL,1783612205093),
('zla3jp','zls3jk','ze3jf','present',NULL,1783266605093),
('zla3jq','zls3jk','ze3jg','excused',NULL,1784217005093),
('zla3jr','zls3jk','ze3jh','absent',NULL,1782748205093),
('zla3js','zls3jk','ze3ji','excused',NULL,1782834605093),
('zla3jt','zls3jk','ze3jj','excused',NULL,1784130605093),
('zla3jx','zls3jw','ze3jb','present',NULL,1783612205093),
('zla3jy','zls3jw','ze3jc','absent',NULL,1783353005093),
('zla3jz','zls3jw','ze3jd','present',NULL,1782834605093),
('zla3k0','zls3jw','ze3je','present',NULL,1783266605093),
('zla3k1','zls3jw','ze3jf','excused',NULL,1783093805093),
('zla3k2','zls3jw','ze3jg','absent',NULL,1782748205093),
('zla3k3','zls3jw','ze3jh','present',NULL,1782748205093),
('zla3k4','zls3jw','ze3ji','absent',NULL,1783698605093),
('zla3k5','zls3jw','ze3jj','absent',NULL,1783525805093),
('zla3k9','zls3k8','ze3jb','absent',NULL,1783612205093),
('zla3ka','zls3k8','ze3jc','present',NULL,1782661805093),
('zla3kb','zls3k8','ze3jd','present',NULL,1782921005093),
('zla3kc','zls3k8','ze3je','present',NULL,1782921005093),
('zla3kd','zls3k8','ze3jf','excused',NULL,1784217005093),
('zla3ke','zls3k8','ze3jg','present',NULL,1784217005093),
('zla3kf','zls3k8','ze3jh','present',NULL,1782748205093),
('zla3kg','zls3k8','ze3ji','absent',NULL,1783093805093),
('zla3kh','zls3k8','ze3jj','excused',NULL,1783439405093),
('zla3kx','zls3kw','ze3kn','present',NULL,1782661805093),
('zla3ky','zls3kw','ze3ko','present',NULL,1784130605093),
('zla3kz','zls3kw','ze3kp','absent',NULL,1783612205093),
('zla3l0','zls3kw','ze3kq','present',NULL,1783785005093),
('zla3l1','zls3kw','ze3kr','present',NULL,1782748205093),
('zla3l2','zls3kw','ze3ks','absent',NULL,1783612205093),
('zla3l3','zls3kw','ze3kt','excused',NULL,1783785005093),
('zla3l4','zls3kw','ze3ku','present',NULL,1783871405093),
('zla3l5','zls3kw','ze3kv','absent',NULL,1783698605093),
('zla3la','zls3l9','ze3kn','absent',NULL,1783612205093),
('zla3lb','zls3l9','ze3ko','present',NULL,1782921005093),
('zla3lc','zls3l9','ze3kp','excused',NULL,1783439405093),
('zla3ld','zls3l9','ze3kq','absent',NULL,1783180205093),
('zla3le','zls3l9','ze3kr','present',NULL,1784044205093),
('zla3lf','zls3l9','ze3ks','present',NULL,1782834605093),
('zla3lg','zls3l9','ze3kt','present',NULL,1783871405093),
('zla3lh','zls3l9','ze3ku','present',NULL,1783180205093),
('zla3li','zls3l9','ze3kv','excused',NULL,1783525805093),
('zla3lp','zls3lo','ze3kn','absent',NULL,1784044205093),
('zla3lq','zls3lo','ze3ko','present',NULL,1784217005093),
('zla3lr','zls3lo','ze3kp','present',NULL,1784303405093),
('zla3ls','zls3lo','ze3kq','excused',NULL,1783353005093),
('zla3lt','zls3lo','ze3kr','present',NULL,1783698605093),
('zla3lu','zls3lo','ze3ks','excused',NULL,1782834605093),
('zla3lv','zls3lo','ze3kt','absent',NULL,1783439405093),
('zla3lw','zls3lo','ze3ku','absent',NULL,1783353005093),
('zla3lx','zls3lo','ze3kv','excused',NULL,1783180205093),
('zla3ma','zls3m9','ze3m2','present',NULL,1783439405093),
('zla3mb','zls3m9','ze3m3','present',NULL,1783439405093),
('zla3mc','zls3m9','ze3m4','excused',NULL,1783612205093),
('zla3md','zls3m9','ze3m5','absent',NULL,1782921005093),
('zla3me','zls3m9','ze3m6','present',NULL,1782661805093),
('zla3mf','zls3m9','ze3m7','absent',NULL,1784130605093),
('zla3mg','zls3m9','ze3m8','present',NULL,1782748205093),
('zla3mk','zls3mj','ze3m2','present',NULL,1784044205093),
('zla3ml','zls3mj','ze3m3','absent',NULL,1783612205093);
INSERT OR IGNORE INTO lesson_attendance (id,lesson_session_id,enrollment_id,state,note,created_at) VALUES
('zla3mm','zls3mj','ze3m4','present',NULL,1783180205093),
('zla3mn','zls3mj','ze3m5','present',NULL,1783180205093),
('zla3mo','zls3mj','ze3m6','absent',NULL,1784217005093),
('zla3mp','zls3mj','ze3m7','present',NULL,1784217005093),
('zla3mq','zls3mj','ze3m8','present',NULL,1783007405093),
('zla3n6','zls3n5','ze3mz','present',NULL,1782661805093),
('zla3n7','zls3n5','ze3n0','absent',NULL,1783353005093),
('zla3n8','zls3n5','ze3n1','excused',NULL,1783353005093),
('zla3n9','zls3n5','ze3n2','present',NULL,1782834605093),
('zla3na','zls3n5','ze3n3','present',NULL,1783698605093),
('zla3nb','zls3n5','ze3n4','present',NULL,1782921005093),
('zla3ng','zls3nf','ze3mz','absent',NULL,1784303405093),
('zla3nh','zls3nf','ze3n0','excused',NULL,1783093805093),
('zla3ni','zls3nf','ze3n1','present',NULL,1783353005093),
('zla3nj','zls3nf','ze3n2','present',NULL,1783266605093),
('zla3nk','zls3nf','ze3n3','present',NULL,1783612205093),
('zla3nl','zls3nf','ze3n4','absent',NULL,1783353005093),
('zla3ns','zls3nr','ze3mz','absent',NULL,1782661805093),
('zla3nt','zls3nr','ze3n0','absent',NULL,1783871405093),
('zla3nu','zls3nr','ze3n1','excused',NULL,1783353005093),
('zla3nv','zls3nr','ze3n2','excused',NULL,1784217005093),
('zla3nw','zls3nr','ze3n3','absent',NULL,1782834605093),
('zla3nx','zls3nr','ze3n4','absent',NULL,1783612205093),
('zla3ob','zls3oa','ze3o3','absent',NULL,1782661805093),
('zla3oc','zls3oa','ze3o4','absent',NULL,1783957805093),
('zla3od','zls3oa','ze3o5','present',NULL,1784303405093),
('zla3oe','zls3oa','ze3o6','absent',NULL,1783007405093),
('zla3of','zls3oa','ze3o7','present',NULL,1783180205093),
('zla3og','zls3oa','ze3o8','present',NULL,1783698605093),
('zla3oh','zls3oa','ze3o9','present',NULL,1783439405093),
('zla3oo','zls3on','ze3o3','excused',NULL,1782661805093),
('zla3op','zls3on','ze3o4','absent',NULL,1783871405093),
('zla3oq','zls3on','ze3o5','present',NULL,1782834605093),
('zla3or','zls3on','ze3o6','excused',NULL,1783353005093),
('zla3os','zls3on','ze3o7','present',NULL,1783871405093),
('zla3ot','zls3on','ze3o8','present',NULL,1784130605093),
('zla3ou','zls3on','ze3o9','present',NULL,1782921005093),
('zla3p0','zls3oz','ze3o3','present',NULL,1783871405093),
('zla3p1','zls3oz','ze3o4','absent',NULL,1783353005093),
('zla3p2','zls3oz','ze3o5','present',NULL,1783007405093),
('zla3p3','zls3oz','ze3o6','excused',NULL,1783093805093),
('zla3p4','zls3oz','ze3o7','absent',NULL,1783525805093),
('zla3p5','zls3oz','ze3o8','present',NULL,1784217005093),
('zla3p6','zls3oz','ze3o9','absent',NULL,1783093805093),
('zla3pk','zls3pj','ze3pb','present',NULL,1784044205093),
('zla3pl','zls3pj','ze3pc','present',NULL,1783093805093),
('zla3pm','zls3pj','ze3pd','present',NULL,1784217005093),
('zla3pn','zls3pj','ze3pe','present',NULL,1782834605093),
('zla3po','zls3pj','ze3pf','present',NULL,1783439405093),
('zla3pp','zls3pj','ze3pg','present',NULL,1783180205093),
('zla3pq','zls3pj','ze3ph','excused',NULL,1782834605093),
('zla3pr','zls3pj','ze3pi','absent',NULL,1784130605093),
('zla3q5','zls3q4','ze3pw','present',NULL,1783439405093),
('zla3q6','zls3q4','ze3px','present',NULL,1783957805093),
('zla3q7','zls3q4','ze3py','present',NULL,1784217005093),
('zla3q8','zls3q4','ze3pz','absent',NULL,1783266605093),
('zla3q9','zls3q4','ze3q0','present',NULL,1782921005093),
('zla3qa','zls3q4','ze3q1','present',NULL,1782748205093),
('zla3qb','zls3q4','ze3q2','present',NULL,1783525805093),
('zla3qc','zls3q4','ze3q3','present',NULL,1783871405093);
INSERT OR IGNORE INTO lesson_attendance (id,lesson_session_id,enrollment_id,state,note,created_at) VALUES
('zla3qg','zls3qf','ze3pw','excused',NULL,1784303405093),
('zla3qh','zls3qf','ze3px','present',NULL,1783871405093),
('zla3qi','zls3qf','ze3py','present',NULL,1782748205093),
('zla3qj','zls3qf','ze3pz','absent',NULL,1783612205093),
('zla3qk','zls3qf','ze3q0','present',NULL,1782921005093),
('zla3ql','zls3qf','ze3q1','present',NULL,1783957805093),
('zla3qm','zls3qf','ze3q2','present',NULL,1783007405093),
('zla3qn','zls3qf','ze3q3','present',NULL,1782921005093),
('zla3qr','zls3qq','ze3pw','excused',NULL,1783266605093),
('zla3qs','zls3qq','ze3px','present',NULL,1784130605093),
('zla3qt','zls3qq','ze3py','excused',NULL,1783525805093),
('zla3qu','zls3qq','ze3pz','excused',NULL,1783007405093),
('zla3qv','zls3qq','ze3q0','present',NULL,1783957805093),
('zla3qw','zls3qq','ze3q1','absent',NULL,1783266605093),
('zla3qx','zls3qq','ze3q2','excused',NULL,1783698605093),
('zla3qy','zls3qq','ze3q3','present',NULL,1784303405093),
('zla3r4','zls3r3','ze3pw','present',NULL,1783180205093),
('zla3r5','zls3r3','ze3px','excused',NULL,1783785005093),
('zla3r6','zls3r3','ze3py','present',NULL,1783612205093),
('zla3r7','zls3r3','ze3pz','present',NULL,1783093805093),
('zla3r8','zls3r3','ze3q0','present',NULL,1783180205093),
('zla3r9','zls3r3','ze3q1','present',NULL,1783871405093),
('zla3ra','zls3r3','ze3q2','absent',NULL,1783612205093),
('zla3rb','zls3r3','ze3q3','present',NULL,1783093805093),
('zla3rm','zls3rl','ze3re','absent',NULL,1782748205093),
('zla3rn','zls3rl','ze3rf','present',NULL,1782834605093),
('zla3ro','zls3rl','ze3rg','present',NULL,1783698605093),
('zla3rp','zls3rl','ze3rh','present',NULL,1783007405093),
('zla3rq','zls3rl','ze3ri','absent',NULL,1783612205093),
('zla3rr','zls3rl','ze3rj','present',NULL,1783180205093),
('zla3rs','zls3rl','ze3rk','absent',NULL,1784044205093),
('zla3s9','zls3s8','ze3ry','present',NULL,1783007405093),
('zla3sa','zls3s8','ze3rz','present',NULL,1784130605093),
('zla3sb','zls3s8','ze3s0','present',NULL,1783785005093),
('zla3sc','zls3s8','ze3s1','excused',NULL,1782661805093),
('zla3sd','zls3s8','ze3s2','absent',NULL,1784044205093),
('zla3se','zls3s8','ze3s3','present',NULL,1783871405093),
('zla3sf','zls3s8','ze3s4','absent',NULL,1783439405093),
('zla3sg','zls3s8','ze3s5','excused',NULL,1783439405093),
('zla3sh','zls3s8','ze3s6','present',NULL,1783180205093),
('zla3si','zls3s8','ze3s7','present',NULL,1784044205093),
('zla3sl','zls3sk','ze3ry','present',NULL,1783093805093),
('zla3sm','zls3sk','ze3rz','absent',NULL,1783353005093),
('zla3sn','zls3sk','ze3s0','present',NULL,1782661805093),
('zla3so','zls3sk','ze3s1','present',NULL,1783007405093),
('zla3sp','zls3sk','ze3s2','present',NULL,1783266605093),
('zla3sq','zls3sk','ze3s3','present',NULL,1783007405093),
('zla3sr','zls3sk','ze3s4','present',NULL,1783525805093),
('zla3ss','zls3sk','ze3s5','present',NULL,1784044205093),
('zla3st','zls3sk','ze3s6','excused',NULL,1783612205093),
('zla3su','zls3sk','ze3s7','present',NULL,1782748205093),
('zla3tb','zls3ta','ze3sz','absent',NULL,1783353005093),
('zla3tc','zls3ta','ze3t0','present',NULL,1784130605093),
('zla3td','zls3ta','ze3t1','present',NULL,1783353005093),
('zla3te','zls3ta','ze3t2','present',NULL,1783698605093),
('zla3tf','zls3ta','ze3t3','excused',NULL,1782748205093),
('zla3tg','zls3ta','ze3t4','excused',NULL,1783266605093),
('zla3th','zls3ta','ze3t5','absent',NULL,1783785005093),
('zla3ti','zls3ta','ze3t6','present',NULL,1784044205093),
('zla3tj','zls3ta','ze3t7','excused',NULL,1783871405093);
INSERT OR IGNORE INTO lesson_attendance (id,lesson_session_id,enrollment_id,state,note,created_at) VALUES
('zla3tk','zls3ta','ze3t8','present',NULL,1783957805093),
('zla3tl','zls3ta','ze3t9','excused',NULL,1783871405093),
('zla3u3','zls3u2','ze3tt','present',NULL,1783785005093),
('zla3u4','zls3u2','ze3tu','present',NULL,1783180205093),
('zla3u5','zls3u2','ze3tv','present',NULL,1783871405093),
('zla3u6','zls3u2','ze3tw','excused',NULL,1783612205093),
('zla3u7','zls3u2','ze3tx','excused',NULL,1783353005093),
('zla3u8','zls3u2','ze3ty','excused',NULL,1783093805093),
('zla3u9','zls3u2','ze3tz','present',NULL,1782921005093),
('zla3ua','zls3u2','ze3u0','present',NULL,1783093805093),
('zla3ub','zls3u2','ze3u1','present',NULL,1783871405093),
('zla3up','zls3uo','ze3ug','excused',NULL,1782834605093),
('zla3uq','zls3uo','ze3uh','present',NULL,1783525805093),
('zla3ur','zls3uo','ze3ui','absent',NULL,1783353005093),
('zla3us','zls3uo','ze3uj','present',NULL,1782661805093),
('zla3ut','zls3uo','ze3uk','excused',NULL,1782921005093),
('zla3uu','zls3uo','ze3ul','present',NULL,1783612205093),
('zla3uv','zls3uo','ze3um','excused',NULL,1784044205093),
('zla3uw','zls3uo','ze3un','present',NULL,1783698605093),
('zla3v1','zls3v0','ze3ug','present',NULL,1783439405093),
('zla3v2','zls3v0','ze3uh','absent',NULL,1783353005093),
('zla3v3','zls3v0','ze3ui','excused',NULL,1782921005093),
('zla3v4','zls3v0','ze3uj','present',NULL,1784130605093),
('zla3v5','zls3v0','ze3uk','present',NULL,1783266605093),
('zla3v6','zls3v0','ze3ul','present',NULL,1783093805093),
('zla3v7','zls3v0','ze3um','absent',NULL,1783180205093),
('zla3v8','zls3v0','ze3un','absent',NULL,1784217005093),
('zla3vd','zls3vc','ze3ug','present',NULL,1783266605093),
('zla3ve','zls3vc','ze3uh','present',NULL,1783871405093),
('zla3vf','zls3vc','ze3ui','present',NULL,1784303405093),
('zla3vg','zls3vc','ze3uj','present',NULL,1783353005093),
('zla3vh','zls3vc','ze3uk','present',NULL,1783525805093),
('zla3vi','zls3vc','ze3ul','excused',NULL,1784044205093),
('zla3vj','zls3vc','ze3um','present',NULL,1782748205093),
('zla3vk','zls3vc','ze3un','excused',NULL,1783698605093),
('zla3vp','zls3vo','ze3ug','present',NULL,1783698605093),
('zla3vq','zls3vo','ze3uh','excused',NULL,1782921005093),
('zla3vr','zls3vo','ze3ui','absent',NULL,1783785005093),
('zla3vs','zls3vo','ze3uj','absent',NULL,1783785005093),
('zla3vt','zls3vo','ze3uk','absent',NULL,1783266605093),
('zla3vu','zls3vo','ze3ul','present',NULL,1783353005093),
('zla3vv','zls3vo','ze3um','present',NULL,1783785005093),
('zla3vw','zls3vo','ze3un','present',NULL,1783439405093),
('zla3wb','zls3wa','ze3w0','present',NULL,1783698605093),
('zla3wc','zls3wa','ze3w1','present',NULL,1783785005093),
('zla3wd','zls3wa','ze3w2','present',NULL,1783353005093),
('zla3we','zls3wa','ze3w3','present',NULL,1783525805093),
('zla3wf','zls3wa','ze3w4','present',NULL,1782748205093),
('zla3wg','zls3wa','ze3w5','present',NULL,1783007405093),
('zla3wh','zls3wa','ze3w6','present',NULL,1782921005093),
('zla3wi','zls3wa','ze3w7','present',NULL,1783871405093),
('zla3wj','zls3wa','ze3w8','present',NULL,1783353005093),
('zla3wk','zls3wa','ze3w9','present',NULL,1783525805093),
('zla3wr','zls3wq','ze3w0','present',NULL,1783007405093),
('zla3ws','zls3wq','ze3w1','excused',NULL,1783698605093),
('zla3wt','zls3wq','ze3w2','present',NULL,1782834605093),
('zla3wu','zls3wq','ze3w3','present',NULL,1783439405093),
('zla3wv','zls3wq','ze3w4','present',NULL,1783007405093),
('zla3ww','zls3wq','ze3w5','present',NULL,1783439405093),
('zla3wx','zls3wq','ze3w6','present',NULL,1783093805093);
INSERT OR IGNORE INTO lesson_attendance (id,lesson_session_id,enrollment_id,state,note,created_at) VALUES
('zla3wy','zls3wq','ze3w7','present',NULL,1783353005093),
('zla3wz','zls3wq','ze3w8','present',NULL,1783007405093),
('zla3x0','zls3wq','ze3w9','excused',NULL,1783957805093),
('zla3x5','zls3x4','ze3w0','present',NULL,1782834605093),
('zla3x6','zls3x4','ze3w1','present',NULL,1782661805093),
('zla3x7','zls3x4','ze3w2','excused',NULL,1783093805093),
('zla3x8','zls3x4','ze3w3','present',NULL,1784303405093),
('zla3x9','zls3x4','ze3w4','excused',NULL,1782748205093),
('zla3xa','zls3x4','ze3w5','present',NULL,1784044205093),
('zla3xb','zls3x4','ze3w6','present',NULL,1783180205093),
('zla3xc','zls3x4','ze3w7','excused',NULL,1782748205093),
('zla3xd','zls3x4','ze3w8','present',NULL,1784303405093),
('zla3xe','zls3x4','ze3w9','absent',NULL,1783957805093),
('zla3xw','zls3xv','ze3xk','absent',NULL,1783266605093),
('zla3xx','zls3xv','ze3xl','absent',NULL,1783871405093),
('zla3xy','zls3xv','ze3xm','absent',NULL,1783785005093),
('zla3xz','zls3xv','ze3xn','present',NULL,1783093805093),
('zla3y0','zls3xv','ze3xo','present',NULL,1783439405093),
('zla3y1','zls3xv','ze3xp','absent',NULL,1784217005093),
('zla3y2','zls3xv','ze3xq','excused',NULL,1783439405093),
('zla3y3','zls3xv','ze3xr','present',NULL,1783439405093),
('zla3y4','zls3xv','ze3xs','present',NULL,1784130605093),
('zla3y5','zls3xv','ze3xt','present',NULL,1783871405093),
('zla3y6','zls3xv','ze3xu','present',NULL,1783439405093),
('zla3yb','zls3ya','ze3xk','excused',NULL,1784303405093),
('zla3yc','zls3ya','ze3xl','excused',NULL,1783612205093),
('zla3yd','zls3ya','ze3xm','absent',NULL,1783957805093),
('zla3ye','zls3ya','ze3xn','present',NULL,1783871405093),
('zla3yf','zls3ya','ze3xo','present',NULL,1783525805093),
('zla3yg','zls3ya','ze3xp','excused',NULL,1782834605093),
('zla3yh','zls3ya','ze3xq','absent',NULL,1783871405093),
('zla3yi','zls3ya','ze3xr','present',NULL,1783007405093),
('zla3yj','zls3ya','ze3xs','present',NULL,1784130605093),
('zla3yk','zls3ya','ze3xt','present',NULL,1783439405093),
('zla3yl','zls3ya','ze3xu','absent',NULL,1784303405093),
('zla3ys','zls3yr','ze3xk','present',NULL,1784303405093),
('zla3yt','zls3yr','ze3xl','present',NULL,1783871405093),
('zla3yu','zls3yr','ze3xm','excused',NULL,1784044205093),
('zla3yv','zls3yr','ze3xn','excused',NULL,1783266605093),
('zla3yw','zls3yr','ze3xo','present',NULL,1782921005093),
('zla3yx','zls3yr','ze3xp','present',NULL,1784303405093),
('zla3yy','zls3yr','ze3xq','absent',NULL,1784217005093),
('zla3yz','zls3yr','ze3xr','excused',NULL,1784217005093),
('zla3z0','zls3yr','ze3xs','present',NULL,1783785005093),
('zla3z1','zls3yr','ze3xt','present',NULL,1783266605093),
('zla3z2','zls3yr','ze3xu','excused',NULL,1783353005093),
('zla3zj','zls3zi','ze3z8','present',NULL,1782748205093),
('zla3zk','zls3zi','ze3z9','excused',NULL,1782661805093),
('zla3zl','zls3zi','ze3za','present',NULL,1783180205093),
('zla3zm','zls3zi','ze3zb','present',NULL,1784044205093),
('zla3zn','zls3zi','ze3zc','absent',NULL,1783612205093),
('zla3zo','zls3zi','ze3zd','present',NULL,1783785005093),
('zla3zp','zls3zi','ze3ze','present',NULL,1782921005093),
('zla3zq','zls3zi','ze3zf','excused',NULL,1783698605093),
('zla3zr','zls3zi','ze3zg','absent',NULL,1783871405093),
('zla3zs','zls3zi','ze3zh','present',NULL,1784217005093),
('zla3zw','zls3zv','ze3z8','excused',NULL,1783785005093),
('zla3zx','zls3zv','ze3z9','present',NULL,1784130605093),
('zla3zy','zls3zv','ze3za','present',NULL,1783007405093),
('zla3zz','zls3zv','ze3zb','present',NULL,1784044205093);
INSERT OR IGNORE INTO lesson_attendance (id,lesson_session_id,enrollment_id,state,note,created_at) VALUES
('zla400','zls3zv','ze3zc','excused',NULL,1783093805093),
('zla401','zls3zv','ze3zd','present',NULL,1783007405093),
('zla402','zls3zv','ze3ze','excused',NULL,1784044205093),
('zla403','zls3zv','ze3zf','absent',NULL,1784217005093),
('zla404','zls3zv','ze3zg','present',NULL,1782748205093),
('zla405','zls3zv','ze3zh','excused',NULL,1783180205093),
('zla40k','zls40j','ze40b','excused',NULL,1783266605093),
('zla40l','zls40j','ze40c','present',NULL,1783785005093),
('zla40m','zls40j','ze40d','excused',NULL,1783871405093),
('zla40n','zls40j','ze40e','present',NULL,1783007405093),
('zla40o','zls40j','ze40f','absent',NULL,1784130605093),
('zla40p','zls40j','ze40g','present',NULL,1784217005093),
('zla40q','zls40j','ze40h','present',NULL,1783439405093),
('zla40r','zls40j','ze40i','excused',NULL,1782921005093),
('zla40v','zls40u','ze40b','present',NULL,1783785005093),
('zla40w','zls40u','ze40c','absent',NULL,1784044205093),
('zla40x','zls40u','ze40d','absent',NULL,1783180205093),
('zla40y','zls40u','ze40e','absent',NULL,1784130605093),
('zla40z','zls40u','ze40f','present',NULL,1783180205093),
('zla410','zls40u','ze40g','excused',NULL,1783612205093),
('zla411','zls40u','ze40h','present',NULL,1782748205093),
('zla412','zls40u','ze40i','excused',NULL,1783698605093),
('zla41k','zls41j','ze419','present',NULL,1783439405093),
('zla41l','zls41j','ze41a','present',NULL,1783785005093),
('zla41m','zls41j','ze41b','absent',NULL,1783698605093),
('zla41n','zls41j','ze41c','absent',NULL,1783785005093),
('zla41o','zls41j','ze41d','present',NULL,1783785005093),
('zla41p','zls41j','ze41e','excused',NULL,1783007405093),
('zla41q','zls41j','ze41f','present',NULL,1783180205093),
('zla41r','zls41j','ze41g','present',NULL,1783093805093),
('zla41s','zls41j','ze41h','present',NULL,1782921005093),
('zla41t','zls41j','ze41i','excused',NULL,1784044205093),
('zla41z','zls41y','ze419','present',NULL,1783612205093),
('zla420','zls41y','ze41a','excused',NULL,1782748205093),
('zla421','zls41y','ze41b','absent',NULL,1783266605093),
('zla422','zls41y','ze41c','excused',NULL,1782834605093),
('zla423','zls41y','ze41d','present',NULL,1783266605093),
('zla424','zls41y','ze41e','present',NULL,1783525805093),
('zla425','zls41y','ze41f','present',NULL,1783007405093),
('zla426','zls41y','ze41g','excused',NULL,1784303405093),
('zla427','zls41y','ze41h','present',NULL,1783957805093),
('zla428','zls41y','ze41i','absent',NULL,1783007405093),
('zla42e','zls42d','ze419','present',NULL,1783612205093),
('zla42f','zls42d','ze41a','excused',NULL,1783180205093),
('zla42g','zls42d','ze41b','absent',NULL,1783525805093),
('zla42h','zls42d','ze41c','present',NULL,1783698605093),
('zla42i','zls42d','ze41d','present',NULL,1783180205093),
('zla42j','zls42d','ze41e','absent',NULL,1783007405093),
('zla42k','zls42d','ze41f','absent',NULL,1782748205093),
('zla42l','zls42d','ze41g','excused',NULL,1783785005093),
('zla42m','zls42d','ze41h','excused',NULL,1782661805093),
('zla42n','zls42d','ze41i','excused',NULL,1784303405093),
('zla434','zls433','ze42u','present',NULL,1783180205093),
('zla435','zls433','ze42v','present',NULL,1783957805093),
('zla436','zls433','ze42w','excused',NULL,1783785005093),
('zla437','zls433','ze42x','absent',NULL,1782661805093),
('zla438','zls433','ze42y','present',NULL,1782748205093),
('zla439','zls433','ze42z','present',NULL,1782834605093),
('zla43a','zls433','ze430','present',NULL,1782661805093),
('zla43b','zls433','ze431','present',NULL,1783871405093);
INSERT OR IGNORE INTO lesson_attendance (id,lesson_session_id,enrollment_id,state,note,created_at) VALUES
('zla43c','zls433','ze432','present',NULL,1783007405093),
('zla43w','zls43v','ze43k','present',NULL,1784044205093),
('zla43x','zls43v','ze43l','excused',NULL,1783353005093),
('zla43y','zls43v','ze43m','absent',NULL,1784217005093),
('zla43z','zls43v','ze43n','present',NULL,1783093805093),
('zla440','zls43v','ze43o','present',NULL,1783353005093),
('zla441','zls43v','ze43p','absent',NULL,1783180205093),
('zla442','zls43v','ze43q','present',NULL,1783612205093),
('zla443','zls43v','ze43r','absent',NULL,1782661805093),
('zla444','zls43v','ze43s','present',NULL,1782661805093),
('zla445','zls43v','ze43t','present',NULL,1783785005093),
('zla446','zls43v','ze43u','absent',NULL,1783180205093),
('zla44a','zls449','ze43k','excused',NULL,1783007405093),
('zla44b','zls449','ze43l','present',NULL,1784217005093),
('zla44c','zls449','ze43m','present',NULL,1783266605093),
('zla44d','zls449','ze43n','excused',NULL,1783612205093),
('zla44e','zls449','ze43o','present',NULL,1782834605093),
('zla44f','zls449','ze43p','present',NULL,1783093805093),
('zla44g','zls449','ze43q','present',NULL,1782748205093),
('zla44h','zls449','ze43r','present',NULL,1782661805093),
('zla44i','zls449','ze43s','present',NULL,1783353005093),
('zla44j','zls449','ze43t','absent',NULL,1784217005093),
('zla44k','zls449','ze43u','present',NULL,1783525805093),
('zla453','zls452','ze44s','present',NULL,1783353005093),
('zla454','zls452','ze44t','present',NULL,1783785005093),
('zla455','zls452','ze44u','present',NULL,1784130605093),
('zla456','zls452','ze44v','present',NULL,1783439405093),
('zla457','zls452','ze44w','present',NULL,1783266605093),
('zla458','zls452','ze44x','excused',NULL,1784303405093),
('zla459','zls452','ze44y','absent',NULL,1782921005093),
('zla45a','zls452','ze44z','absent',NULL,1783612205093),
('zla45b','zls452','ze450','present',NULL,1783698605093),
('zla45c','zls452','ze451','present',NULL,1784303405093),
('zla45j','zls45i','ze44s','present',NULL,1783957805093),
('zla45k','zls45i','ze44t','absent',NULL,1784303405093),
('zla45l','zls45i','ze44u','present',NULL,1782661805093),
('zla45m','zls45i','ze44v','excused',NULL,1782921005093),
('zla45n','zls45i','ze44w','present',NULL,1783266605093),
('zla45o','zls45i','ze44x','present',NULL,1783525805093),
('zla45p','zls45i','ze44y','excused',NULL,1784130605093),
('zla45q','zls45i','ze44z','absent',NULL,1783698605093),
('zla45r','zls45i','ze450','present',NULL,1784217005093),
('zla45s','zls45i','ze451','absent',NULL,1783439405093),
('zla45y','zls45x','ze44s','excused',NULL,1783353005093),
('zla45z','zls45x','ze44t','present',NULL,1784217005093),
('zla460','zls45x','ze44u','present',NULL,1783785005093),
('zla461','zls45x','ze44v','absent',NULL,1783957805093),
('zla462','zls45x','ze44w','present',NULL,1783525805093),
('zla463','zls45x','ze44x','excused',NULL,1784044205093),
('zla464','zls45x','ze44y','excused',NULL,1783007405093),
('zla465','zls45x','ze44z','excused',NULL,1782921005093),
('zla466','zls45x','ze450','present',NULL,1784303405093),
('zla467','zls45x','ze451','absent',NULL,1783698605093),
('zla46e','zls46d','ze44s','present',NULL,1783871405093),
('zla46f','zls46d','ze44t','absent',NULL,1782834605093),
('zla46g','zls46d','ze44u','absent',NULL,1784303405093),
('zla46h','zls46d','ze44v','absent',NULL,1783007405093),
('zla46i','zls46d','ze44w','present',NULL,1783353005093),
('zla46j','zls46d','ze44x','present',NULL,1783871405093),
('zla46k','zls46d','ze44y','absent',NULL,1783612205093);
INSERT OR IGNORE INTO lesson_attendance (id,lesson_session_id,enrollment_id,state,note,created_at) VALUES
('zla46l','zls46d','ze44z','present',NULL,1782661805093),
('zla46m','zls46d','ze450','excused',NULL,1783439405093),
('zla46n','zls46d','ze451','excused',NULL,1784130605093),
('zla476','zls475','ze46t','absent',NULL,1783957805093),
('zla477','zls475','ze46u','excused',NULL,1783612205093),
('zla478','zls475','ze46v','present',NULL,1784303405093),
('zla479','zls475','ze46w','present',NULL,1782748205093),
('zla47a','zls475','ze46x','absent',NULL,1783698605093),
('zla47b','zls475','ze46y','absent',NULL,1783698605093),
('zla47c','zls475','ze46z','absent',NULL,1783439405093),
('zla47d','zls475','ze470','present',NULL,1783353005093),
('zla47e','zls475','ze471','excused',NULL,1783525805093),
('zla47f','zls475','ze472','present',NULL,1782921005093),
('zla47g','zls475','ze473','present',NULL,1783785005093),
('zla47h','zls475','ze474','present',NULL,1783871405093),
('zla47p','zls47o','ze46t','absent',NULL,1783180205093),
('zla47q','zls47o','ze46u','present',NULL,1783785005093),
('zla47r','zls47o','ze46v','present',NULL,1784303405093),
('zla47s','zls47o','ze46w','present',NULL,1782748205093),
('zla47t','zls47o','ze46x','absent',NULL,1783871405093),
('zla47u','zls47o','ze46y','present',NULL,1783353005093),
('zla47v','zls47o','ze46z','present',NULL,1783007405093),
('zla47w','zls47o','ze470','present',NULL,1784044205093),
('zla47x','zls47o','ze471','present',NULL,1782661805093),
('zla47y','zls47o','ze472','present',NULL,1784303405093),
('zla47z','zls47o','ze473','excused',NULL,1782921005093),
('zla480','zls47o','ze474','absent',NULL,1783353005093),
('zla487','zls486','ze46t','present',NULL,1782921005093),
('zla488','zls486','ze46u','excused',NULL,1783698605093),
('zla489','zls486','ze46v','present',NULL,1783871405093),
('zla48a','zls486','ze46w','excused',NULL,1783525805093),
('zla48b','zls486','ze46x','present',NULL,1783525805093),
('zla48c','zls486','ze46y','absent',NULL,1784217005093),
('zla48d','zls486','ze46z','absent',NULL,1783093805093),
('zla48e','zls486','ze470','present',NULL,1783266605093),
('zla48f','zls486','ze471','present',NULL,1783785005093),
('zla48g','zls486','ze472','present',NULL,1783871405093),
('zla48h','zls486','ze473','present',NULL,1782661805093),
('zla48i','zls486','ze474','present',NULL,1783785005093),
('zla492','zls491','ze48s','absent',NULL,1783093805093),
('zla493','zls491','ze48t','excused',NULL,1783266605093),
('zla494','zls491','ze48u','absent',NULL,1783180205093),
('zla495','zls491','ze48v','present',NULL,1783698605093),
('zla496','zls491','ze48w','absent',NULL,1782661805093),
('zla497','zls491','ze48x','present',NULL,1783525805093),
('zla498','zls491','ze48y','present',NULL,1784303405093),
('zla499','zls491','ze48z','present',NULL,1783266605093),
('zla49a','zls491','ze490','absent',NULL,1783180205093),
('zla49g','zls49f','ze48s','absent',NULL,1783439405093),
('zla49h','zls49f','ze48t','present',NULL,1783007405093),
('zla49i','zls49f','ze48u','present',NULL,1782921005093),
('zla49j','zls49f','ze48v','present',NULL,1783612205093),
('zla49k','zls49f','ze48w','excused',NULL,1783093805093),
('zla49l','zls49f','ze48x','present',NULL,1782921005093),
('zla49m','zls49f','ze48y','present',NULL,1783353005093),
('zla49n','zls49f','ze48z','absent',NULL,1783353005093),
('zla49o','zls49f','ze490','present',NULL,1783266605093),
('zla49v','zls49u','ze48s','absent',NULL,1783612205093),
('zla49w','zls49u','ze48t','absent',NULL,1782834605093),
('zla49x','zls49u','ze48u','present',NULL,1784044205093);
INSERT OR IGNORE INTO lesson_attendance (id,lesson_session_id,enrollment_id,state,note,created_at) VALUES
('zla49y','zls49u','ze48v','present',NULL,1783698605093),
('zla49z','zls49u','ze48w','present',NULL,1783439405093),
('zla4a0','zls49u','ze48x','absent',NULL,1783612205093),
('zla4a1','zls49u','ze48y','excused',NULL,1783093805093),
('zla4a2','zls49u','ze48z','present',NULL,1783353005093),
('zla4a3','zls49u','ze490','present',NULL,1783007405093),
('zla4a8','zls4a7','ze48s','excused',NULL,1783266605093),
('zla4a9','zls4a7','ze48t','present',NULL,1783871405093),
('zla4aa','zls4a7','ze48u','present',NULL,1783612205093),
('zla4ab','zls4a7','ze48v','absent',NULL,1783957805093),
('zla4ac','zls4a7','ze48w','present',NULL,1783439405093),
('zla4ad','zls4a7','ze48x','present',NULL,1783007405093),
('zla4ae','zls4a7','ze48y','excused',NULL,1783093805093),
('zla4af','zls4a7','ze48z','absent',NULL,1783439405093),
('zla4ag','zls4a7','ze490','present',NULL,1784044205093),
('zla4au','zls4at','ze4am','present',NULL,1783093805093),
('zla4av','zls4at','ze4an','present',NULL,1783525805093),
('zla4aw','zls4at','ze4ao','excused',NULL,1783698605093),
('zla4ax','zls4at','ze4ap','present',NULL,1783353005093),
('zla4ay','zls4at','ze4aq','excused',NULL,1783180205093),
('zla4az','zls4at','ze4ar','present',NULL,1783439405093),
('zla4b0','zls4at','ze4as','absent',NULL,1784303405093),
('zla4b3','zls4b2','ze4am','present',NULL,1783785005093),
('zla4b4','zls4b2','ze4an','present',NULL,1784217005093),
('zla4b5','zls4b2','ze4ao','absent',NULL,1784130605093),
('zla4b6','zls4b2','ze4ap','absent',NULL,1784130605093),
('zla4b7','zls4b2','ze4aq','present',NULL,1783525805093),
('zla4b8','zls4b2','ze4ar','present',NULL,1783007405093),
('zla4b9','zls4b2','ze4as','present',NULL,1783353005093),
('zla4be','zls4bd','ze4am','excused',NULL,1783180205093),
('zla4bf','zls4bd','ze4an','absent',NULL,1784217005093),
('zla4bg','zls4bd','ze4ao','present',NULL,1783093805093),
('zla4bh','zls4bd','ze4ap','present',NULL,1783353005093),
('zla4bi','zls4bd','ze4aq','excused',NULL,1782921005093),
('zla4bj','zls4bd','ze4ar','present',NULL,1783612205093),
('zla4bk','zls4bd','ze4as','present',NULL,1783698605093),
('zla4bv','zls4bu','ze4bo','present',NULL,1784303405093),
('zla4bw','zls4bu','ze4bp','present',NULL,1783612205093),
('zla4bx','zls4bu','ze4bq','present',NULL,1783525805093),
('zla4by','zls4bu','ze4br','present',NULL,1783093805093),
('zla4bz','zls4bu','ze4bs','present',NULL,1783525805093),
('zla4c0','zls4bu','ze4bt','excused',NULL,1784130605093),
('zla4c3','zls4c2','ze4bo','present',NULL,1784217005093),
('zla4c4','zls4c2','ze4bp','excused',NULL,1783871405093),
('zla4c5','zls4c2','ze4bq','excused',NULL,1783612205093),
('zla4c6','zls4c2','ze4br','present',NULL,1784130605093),
('zla4c7','zls4c2','ze4bs','absent',NULL,1783785005093),
('zla4c8','zls4c2','ze4bt','excused',NULL,1782834605093),
('zla4ce','zls4cd','ze4bo','present',NULL,1783266605093),
('zla4cf','zls4cd','ze4bp','present',NULL,1782921005093),
('zla4cg','zls4cd','ze4bq','present',NULL,1783439405093),
('zla4ch','zls4cd','ze4br','present',NULL,1784044205093),
('zla4ci','zls4cd','ze4bs','present',NULL,1783871405093),
('zla4cj','zls4cd','ze4bt','present',NULL,1784044205093),
('zla4cw','zls4cv','ze4co','absent',NULL,1783785005093),
('zla4cx','zls4cv','ze4cp','absent',NULL,1782921005093),
('zla4cy','zls4cv','ze4cq','absent',NULL,1782748205093),
('zla4cz','zls4cv','ze4cr','excused',NULL,1784303405093),
('zla4d0','zls4cv','ze4cs','absent',NULL,1783612205093),
('zla4d1','zls4cv','ze4ct','present',NULL,1782748205093);
INSERT OR IGNORE INTO lesson_attendance (id,lesson_session_id,enrollment_id,state,note,created_at) VALUES
('zla4d2','zls4cv','ze4cu','present',NULL,1782834605093),
('zla4df','zls4de','ze4d5','present',NULL,1784217005093),
('zla4dg','zls4de','ze4d6','present',NULL,1783957805093),
('zla4dh','zls4de','ze4d7','absent',NULL,1784303405093),
('zla4di','zls4de','ze4d8','present',NULL,1784130605093),
('zla4dj','zls4de','ze4d9','absent',NULL,1782834605093),
('zla4dk','zls4de','ze4da','present',NULL,1783353005093),
('zla4dl','zls4de','ze4db','present',NULL,1783180205093),
('zla4dm','zls4de','ze4dc','absent',NULL,1783093805093),
('zla4dn','zls4de','ze4dd','present',NULL,1784044205093),
('zla4e3','zls4e2','ze4dv','absent',NULL,1784130605093),
('zla4e4','zls4e2','ze4dw','present',NULL,1783007405093),
('zla4e5','zls4e2','ze4dx','absent',NULL,1782748205093),
('zla4e6','zls4e2','ze4dy','present',NULL,1784130605093),
('zla4e7','zls4e2','ze4dz','excused',NULL,1783439405093),
('zla4e8','zls4e2','ze4e0','absent',NULL,1782748205093),
('zla4e9','zls4e2','ze4e1','present',NULL,1783093805093),
('zla4em','zls4el','ze4ed','excused',NULL,1783871405093),
('zla4en','zls4el','ze4ee','present',NULL,1783698605093),
('zla4eo','zls4el','ze4ef','present',NULL,1784217005093),
('zla4ep','zls4el','ze4eg','excused',NULL,1783093805093),
('zla4eq','zls4el','ze4eh','present',NULL,1783093805093),
('zla4er','zls4el','ze4ei','present',NULL,1783007405093),
('zla4es','zls4el','ze4ej','present',NULL,1784044205093),
('zla4et','zls4el','ze4ek','excused',NULL,1783785005093),
('zla4ex','zls4ew','ze4ed','present',NULL,1783698605093),
('zla4ey','zls4ew','ze4ee','absent',NULL,1784044205093),
('zla4ez','zls4ew','ze4ef','present',NULL,1783525805093),
('zla4f0','zls4ew','ze4eg','present',NULL,1783007405093),
('zla4f1','zls4ew','ze4eh','present',NULL,1783093805093),
('zla4f2','zls4ew','ze4ei','absent',NULL,1783957805093),
('zla4f3','zls4ew','ze4ej','excused',NULL,1783698605093),
('zla4f4','zls4ew','ze4ek','present',NULL,1783353005093),
('zla4fh','zls4fg','ze4f9','absent',NULL,1783093805093),
('zla4fi','zls4fg','ze4fa','present',NULL,1783871405093),
('zla4fj','zls4fg','ze4fb','present',NULL,1783180205093),
('zla4fk','zls4fg','ze4fc','present',NULL,1783957805093),
('zla4fl','zls4fg','ze4fd','excused',NULL,1783785005093),
('zla4fm','zls4fg','ze4fe','absent',NULL,1784303405093),
('zla4fn','zls4fg','ze4ff','excused',NULL,1782921005093),
('zla4fs','zls4fr','ze4f9','present',NULL,1782834605093),
('zla4ft','zls4fr','ze4fa','present',NULL,1783353005093),
('zla4fu','zls4fr','ze4fb','excused',NULL,1782748205093),
('zla4fv','zls4fr','ze4fc','present',NULL,1782748205093),
('zla4fw','zls4fr','ze4fd','present',NULL,1782834605093),
('zla4fx','zls4fr','ze4fe','excused',NULL,1783180205093),
('zla4fy','zls4fr','ze4ff','present',NULL,1783266605093),
('zla4g2','zls4g1','ze4f9','present',NULL,1784217005093),
('zla4g3','zls4g1','ze4fa','present',NULL,1782748205093),
('zla4g4','zls4g1','ze4fb','present',NULL,1783871405093),
('zla4g5','zls4g1','ze4fc','present',NULL,1783871405093),
('zla4g6','zls4g1','ze4fd','excused',NULL,1783353005093),
('zla4g7','zls4g1','ze4fe','present',NULL,1782748205093),
('zla4g8','zls4g1','ze4ff','absent',NULL,1783180205093),
('zla4go','zls4gn','ze4gd','present',NULL,1783093805093),
('zla4gp','zls4gn','ze4ge','present',NULL,1783093805093),
('zla4gq','zls4gn','ze4gf','present',NULL,1784303405093),
('zla4gr','zls4gn','ze4gg','absent',NULL,1783871405093),
('zla4gs','zls4gn','ze4gh','present',NULL,1783439405093),
('zla4gt','zls4gn','ze4gi','excused',NULL,1783007405093);
INSERT OR IGNORE INTO lesson_attendance (id,lesson_session_id,enrollment_id,state,note,created_at) VALUES
('zla4gu','zls4gn','ze4gj','present',NULL,1782921005093),
('zla4gv','zls4gn','ze4gk','present',NULL,1783525805093),
('zla4gw','zls4gn','ze4gl','present',NULL,1783612205093),
('zla4gx','zls4gn','ze4gm','present',NULL,1784303405093),
('zla4h3','zls4h2','ze4gd','absent',NULL,1782661805093),
('zla4h4','zls4h2','ze4ge','present',NULL,1783353005093),
('zla4h5','zls4h2','ze4gf','present',NULL,1784303405093),
('zla4h6','zls4h2','ze4gg','excused',NULL,1783957805093),
('zla4h7','zls4h2','ze4gh','absent',NULL,1784044205093),
('zla4h8','zls4h2','ze4gi','present',NULL,1782921005093),
('zla4h9','zls4h2','ze4gj','present',NULL,1782748205093),
('zla4ha','zls4h2','ze4gk','present',NULL,1783093805093),
('zla4hb','zls4h2','ze4gl','present',NULL,1782661805093),
('zla4hc','zls4h2','ze4gm','excused',NULL,1782834605093),
('zla4hh','zls4hg','ze4gd','excused',NULL,1783525805093),
('zla4hi','zls4hg','ze4ge','present',NULL,1782921005093),
('zla4hj','zls4hg','ze4gf','excused',NULL,1784130605093),
('zla4hk','zls4hg','ze4gg','present',NULL,1783180205093),
('zla4hl','zls4hg','ze4gh','present',NULL,1783612205093),
('zla4hm','zls4hg','ze4gi','present',NULL,1783439405093),
('zla4hn','zls4hg','ze4gj','absent',NULL,1783957805093),
('zla4ho','zls4hg','ze4gk','present',NULL,1783612205093),
('zla4hp','zls4hg','ze4gl','absent',NULL,1782748205093),
('zla4hq','zls4hg','ze4gm','present',NULL,1783093805093),
('zla4hx','zls4hw','ze4gd','excused',NULL,1783785005093),
('zla4hy','zls4hw','ze4ge','present',NULL,1783266605093),
('zla4hz','zls4hw','ze4gf','present',NULL,1783957805093),
('zla4i0','zls4hw','ze4gg','present',NULL,1783785005093),
('zla4i1','zls4hw','ze4gh','present',NULL,1783525805093),
('zla4i2','zls4hw','ze4gi','absent',NULL,1783698605093),
('zla4i3','zls4hw','ze4gj','absent',NULL,1783266605093),
('zla4i4','zls4hw','ze4gk','excused',NULL,1782834605093),
('zla4i5','zls4hw','ze4gl','present',NULL,1783007405093),
('zla4i6','zls4hw','ze4gm','present',NULL,1783612205093),
('zla4il','zls4ik','ze4ic','present',NULL,1783266605093),
('zla4im','zls4ik','ze4id','excused',NULL,1782834605093),
('zla4in','zls4ik','ze4ie','present',NULL,1783957805093),
('zla4io','zls4ik','ze4if','absent',NULL,1783957805093),
('zla4ip','zls4ik','ze4ig','present',NULL,1783871405093),
('zla4iq','zls4ik','ze4ih','present',NULL,1782834605093),
('zla4ir','zls4ik','ze4ii','present',NULL,1784044205093),
('zla4is','zls4ik','ze4ij','present',NULL,1783525805093),
('zla4ix','zls4iw','ze4ic','absent',NULL,1782748205093),
('zla4iy','zls4iw','ze4id','absent',NULL,1782834605093),
('zla4iz','zls4iw','ze4ie','absent',NULL,1782921005093),
('zla4j0','zls4iw','ze4if','present',NULL,1783612205093),
('zla4j1','zls4iw','ze4ig','present',NULL,1782921005093),
('zla4j2','zls4iw','ze4ih','present',NULL,1784303405093),
('zla4j3','zls4iw','ze4ii','present',NULL,1782748205093),
('zla4j4','zls4iw','ze4ij','present',NULL,1784130605093),
('zla4ji','zls4jh','ze4ja','present',NULL,1782748205093),
('zla4jj','zls4jh','ze4jb','excused',NULL,1783785005093),
('zla4jk','zls4jh','ze4jc','present',NULL,1783439405093),
('zla4jl','zls4jh','ze4jd','present',NULL,1782921005093),
('zla4jm','zls4jh','ze4je','absent',NULL,1782748205093),
('zla4jn','zls4jh','ze4jf','present',NULL,1783093805093),
('zla4jo','zls4jh','ze4jg','excused',NULL,1783698605093),
('zla4k3','zls4k2','ze4jt','present',NULL,1783353005093),
('zla4k4','zls4k2','ze4ju','excused',NULL,1783957805093),
('zla4k5','zls4k2','ze4jv','present',NULL,1783180205093);
INSERT OR IGNORE INTO lesson_attendance (id,lesson_session_id,enrollment_id,state,note,created_at) VALUES
('zla4k6','zls4k2','ze4jw','present',NULL,1782748205093),
('zla4k7','zls4k2','ze4jx','absent',NULL,1783612205093),
('zla4k8','zls4k2','ze4jy','present',NULL,1783698605093),
('zla4k9','zls4k2','ze4jz','present',NULL,1784303405093),
('zla4ka','zls4k2','ze4k0','present',NULL,1783007405093),
('zla4kb','zls4k2','ze4k1','present',NULL,1784130605093),
('zla4ki','zls4kh','ze4jt','present',NULL,1783180205093),
('zla4kj','zls4kh','ze4ju','present',NULL,1783525805093),
('zla4kk','zls4kh','ze4jv','excused',NULL,1782834605093),
('zla4kl','zls4kh','ze4jw','absent',NULL,1783698605093),
('zla4km','zls4kh','ze4jx','excused',NULL,1783007405093),
('zla4kn','zls4kh','ze4jy','absent',NULL,1783093805093),
('zla4ko','zls4kh','ze4jz','excused',NULL,1783007405093),
('zla4kp','zls4kh','ze4k0','present',NULL,1784044205093),
('zla4kq','zls4kh','ze4k1','excused',NULL,1782921005093),
('zla4l5','zls4l4','ze4ku','present',NULL,1782921005093),
('zla4l6','zls4l4','ze4kv','present',NULL,1783439405093),
('zla4l7','zls4l4','ze4kw','excused',NULL,1783698605093),
('zla4l8','zls4l4','ze4kx','present',NULL,1783093805093),
('zla4l9','zls4l4','ze4ky','present',NULL,1783957805093),
('zla4la','zls4l4','ze4kz','present',NULL,1784130605093),
('zla4lb','zls4l4','ze4l0','present',NULL,1784130605093),
('zla4lc','zls4l4','ze4l1','excused',NULL,1783266605093),
('zla4ld','zls4l4','ze4l2','present',NULL,1784217005093),
('zla4le','zls4l4','ze4l3','absent',NULL,1784044205093),
('zla4lu','zls4lt','ze4lk','present',NULL,1783007405093),
('zla4lv','zls4lt','ze4ll','present',NULL,1783525805093),
('zla4lw','zls4lt','ze4lm','absent',NULL,1783439405093),
('zla4lx','zls4lt','ze4ln','absent',NULL,1783612205093),
('zla4ly','zls4lt','ze4lo','present',NULL,1782661805093),
('zla4lz','zls4lt','ze4lp','present',NULL,1784130605093),
('zla4m0','zls4lt','ze4lq','excused',NULL,1783957805093),
('zla4m1','zls4lt','ze4lr','present',NULL,1783093805093),
('zla4m2','zls4lt','ze4ls','present',NULL,1782834605093),
('zla4mg','zls4mf','ze4m8','present',NULL,1783612205093),
('zla4mh','zls4mf','ze4m9','present',NULL,1782921005093),
('zla4mi','zls4mf','ze4ma','present',NULL,1783957805093),
('zla4mj','zls4mf','ze4mb','present',NULL,1783266605093),
('zla4mk','zls4mf','ze4mc','present',NULL,1783439405093),
('zla4ml','zls4mf','ze4md','absent',NULL,1783180205093),
('zla4mm','zls4mf','ze4me','present',NULL,1783439405093),
('zla4mq','zls4mp','ze4m8','present',NULL,1784303405093),
('zla4mr','zls4mp','ze4m9','absent',NULL,1783266605093),
('zla4ms','zls4mp','ze4ma','present',NULL,1783439405093),
('zla4mt','zls4mp','ze4mb','absent',NULL,1783439405093),
('zla4mu','zls4mp','ze4mc','present',NULL,1783525805093),
('zla4mv','zls4mp','ze4md','absent',NULL,1782661805093),
('zla4mw','zls4mp','ze4me','present',NULL,1783266605093),
('zla4n0','zls4mz','ze4m8','absent',NULL,1783785005093),
('zla4n1','zls4mz','ze4m9','excused',NULL,1784130605093),
('zla4n2','zls4mz','ze4ma','present',NULL,1783439405093),
('zla4n3','zls4mz','ze4mb','present',NULL,1783093805093),
('zla4n4','zls4mz','ze4mc','excused',NULL,1784130605093),
('zla4n5','zls4mz','ze4md','excused',NULL,1784217005093),
('zla4n6','zls4mz','ze4me','present',NULL,1784044205093),
('zla4n9','zls4n8','ze4m8','absent',NULL,1782661805093),
('zla4na','zls4n8','ze4m9','excused',NULL,1784217005093),
('zla4nb','zls4n8','ze4ma','present',NULL,1784044205093),
('zla4nc','zls4n8','ze4mb','present',NULL,1784044205093),
('zla4nd','zls4n8','ze4mc','present',NULL,1782834605093);
INSERT OR IGNORE INTO lesson_attendance (id,lesson_session_id,enrollment_id,state,note,created_at) VALUES
('zla4ne','zls4n8','ze4md','absent',NULL,1783525805093),
('zla4nf','zls4n8','ze4me','excused',NULL,1782834605093),
('zla4ns','zls4nr','ze4nj','present',NULL,1783353005093),
('zla4nt','zls4nr','ze4nk','present',NULL,1782661805093),
('zla4nu','zls4nr','ze4nl','present',NULL,1783525805093),
('zla4nv','zls4nr','ze4nm','present',NULL,1784303405093),
('zla4nw','zls4nr','ze4nn','present',NULL,1783007405093),
('zla4nx','zls4nr','ze4no','excused',NULL,1783785005093),
('zla4ny','zls4nr','ze4np','present',NULL,1782834605093),
('zla4nz','zls4nr','ze4nq','present',NULL,1783180205093),
('zla4oh','zls4og','ze4o6','present',NULL,1783353005093),
('zla4oi','zls4og','ze4o7','excused',NULL,1783353005093),
('zla4oj','zls4og','ze4o8','present',NULL,1783353005093),
('zla4ok','zls4og','ze4o9','excused',NULL,1784303405093),
('zla4ol','zls4og','ze4oa','present',NULL,1783093805093),
('zla4om','zls4og','ze4ob','absent',NULL,1783353005093),
('zla4on','zls4og','ze4oc','excused',NULL,1783612205093),
('zla4oo','zls4og','ze4od','present',NULL,1783698605093),
('zla4op','zls4og','ze4oe','absent',NULL,1783007405093),
('zla4oq','zls4og','ze4of','absent',NULL,1782748205093),
('zla4p5','zls4p4','ze4ow','present',NULL,1783093805093),
('zla4p6','zls4p4','ze4ox','present',NULL,1783785005093),
('zla4p7','zls4p4','ze4oy','absent',NULL,1782921005093),
('zla4p8','zls4p4','ze4oz','present',NULL,1783698605093),
('zla4p9','zls4p4','ze4p0','present',NULL,1782661805093),
('zla4pa','zls4p4','ze4p1','present',NULL,1783266605093),
('zla4pb','zls4p4','ze4p2','present',NULL,1784217005093),
('zla4pc','zls4p4','ze4p3','excused',NULL,1784303405093),
('zla4pj','zls4pi','ze4ow','present',NULL,1783439405093),
('zla4pk','zls4pi','ze4ox','absent',NULL,1784217005093),
('zla4pl','zls4pi','ze4oy','present',NULL,1782921005093),
('zla4pm','zls4pi','ze4oz','present',NULL,1784130605093),
('zla4pn','zls4pi','ze4p0','excused',NULL,1783007405093),
('zla4po','zls4pi','ze4p1','absent',NULL,1782921005093),
('zla4pp','zls4pi','ze4p2','present',NULL,1784217005093),
('zla4pq','zls4pi','ze4p3','present',NULL,1783785005093),
('zla4px','zls4pw','ze4ow','present',NULL,1783698605093),
('zla4py','zls4pw','ze4ox','present',NULL,1784044205093),
('zla4pz','zls4pw','ze4oy','present',NULL,1782748205093),
('zla4q0','zls4pw','ze4oz','absent',NULL,1783266605093),
('zla4q1','zls4pw','ze4p0','excused',NULL,1783093805093),
('zla4q2','zls4pw','ze4p1','present',NULL,1782834605093),
('zla4q3','zls4pw','ze4p2','present',NULL,1784217005093),
('zla4q4','zls4pw','ze4p3','present',NULL,1783266605093),
('zla4qn','zls4qm','ze4qb','present',NULL,1782921005093),
('zla4qo','zls4qm','ze4qc','present',NULL,1782748205093),
('zla4qp','zls4qm','ze4qd','present',NULL,1783266605093),
('zla4qq','zls4qm','ze4qe','present',NULL,1783353005093),
('zla4qr','zls4qm','ze4qf','absent',NULL,1784217005093),
('zla4qs','zls4qm','ze4qg','present',NULL,1783871405093),
('zla4qt','zls4qm','ze4qh','present',NULL,1782661805093),
('zla4qu','zls4qm','ze4qi','present',NULL,1783353005093),
('zla4qv','zls4qm','ze4qj','present',NULL,1783957805093),
('zla4qw','zls4qm','ze4qk','present',NULL,1783785005093),
('zla4qx','zls4qm','ze4ql','present',NULL,1784044205093),
('zla4rd','zls4rc','ze4r3','present',NULL,1784130605093),
('zla4re','zls4rc','ze4r4','excused',NULL,1782834605093),
('zla4rf','zls4rc','ze4r5','absent',NULL,1784217005093),
('zla4rg','zls4rc','ze4r6','present',NULL,1783093805093),
('zla4rh','zls4rc','ze4r7','absent',NULL,1782661805093);
INSERT OR IGNORE INTO lesson_attendance (id,lesson_session_id,enrollment_id,state,note,created_at) VALUES
('zla4ri','zls4rc','ze4r8','present',NULL,1782921005093),
('zla4rj','zls4rc','ze4r9','absent',NULL,1782921005093),
('zla4rk','zls4rc','ze4ra','present',NULL,1783871405093),
('zla4rl','zls4rc','ze4rb','present',NULL,1782834605093),
('zla4rq','zls4rp','ze4r3','present',NULL,1783353005093),
('zla4rr','zls4rp','ze4r4','present',NULL,1783093805093),
('zla4rs','zls4rp','ze4r5','excused',NULL,1783093805093),
('zla4rt','zls4rp','ze4r6','present',NULL,1783871405093),
('zla4ru','zls4rp','ze4r7','present',NULL,1783353005093),
('zla4rv','zls4rp','ze4r8','excused',NULL,1782748205093),
('zla4rw','zls4rp','ze4r9','present',NULL,1784130605093),
('zla4rx','zls4rp','ze4ra','absent',NULL,1784217005093),
('zla4ry','zls4rp','ze4rb','absent',NULL,1783180205093),
('zla4s4','zls4s3','ze4r3','present',NULL,1783957805093),
('zla4s5','zls4s3','ze4r4','present',NULL,1784044205093),
('zla4s6','zls4s3','ze4r5','present',NULL,1784303405093),
('zla4s7','zls4s3','ze4r6','present',NULL,1784044205093),
('zla4s8','zls4s3','ze4r7','present',NULL,1782921005093),
('zla4s9','zls4s3','ze4r8','present',NULL,1782661805093),
('zla4sa','zls4s3','ze4r9','present',NULL,1783439405093),
('zla4sb','zls4s3','ze4ra','present',NULL,1782748205093),
('zla4sc','zls4s3','ze4rb','present',NULL,1783439405093),
('zla4st','zls4ss','ze4si','absent',NULL,1783957805093),
('zla4su','zls4ss','ze4sj','absent',NULL,1783698605093),
('zla4sv','zls4ss','ze4sk','present',NULL,1783957805093),
('zla4sw','zls4ss','ze4sl','present',NULL,1783093805093),
('zla4sx','zls4ss','ze4sm','present',NULL,1783871405093),
('zla4sy','zls4ss','ze4sn','excused',NULL,1783957805093),
('zla4sz','zls4ss','ze4so','present',NULL,1783612205093),
('zla4t0','zls4ss','ze4sp','excused',NULL,1783785005093),
('zla4t1','zls4ss','ze4sq','present',NULL,1782661805093),
('zla4t2','zls4ss','ze4sr','present',NULL,1782748205093),
('zla4ta','zls4t9','ze4si','present',NULL,1783871405093),
('zla4tb','zls4t9','ze4sj','present',NULL,1783612205093),
('zla4tc','zls4t9','ze4sk','present',NULL,1782748205093),
('zla4td','zls4t9','ze4sl','present',NULL,1783093805093),
('zla4te','zls4t9','ze4sm','excused',NULL,1782748205093),
('zla4tf','zls4t9','ze4sn','present',NULL,1782661805093),
('zla4tg','zls4t9','ze4so','absent',NULL,1783439405093),
('zla4th','zls4t9','ze4sp','present',NULL,1783785005093),
('zla4ti','zls4t9','ze4sq','absent',NULL,1783525805093),
('zla4tj','zls4t9','ze4sr','excused',NULL,1783093805093),
('zla4ty','zls4tx','ze4tn','present',NULL,1783093805093),
('zla4tz','zls4tx','ze4to','present',NULL,1783353005093),
('zla4u0','zls4tx','ze4tp','present',NULL,1783439405093),
('zla4u1','zls4tx','ze4tq','present',NULL,1783957805093),
('zla4u2','zls4tx','ze4tr','excused',NULL,1782921005093),
('zla4u3','zls4tx','ze4ts','excused',NULL,1783007405093),
('zla4u4','zls4tx','ze4tt','present',NULL,1782661805093),
('zla4u5','zls4tx','ze4tu','absent',NULL,1784303405093),
('zla4u6','zls4tx','ze4tv','absent',NULL,1782921005093),
('zla4u7','zls4tx','ze4tw','present',NULL,1783007405093),
('zla4uf','zls4ue','ze4tn','excused',NULL,1783266605093),
('zla4ug','zls4ue','ze4to','excused',NULL,1783525805093),
('zla4uh','zls4ue','ze4tp','present',NULL,1783266605093),
('zla4ui','zls4ue','ze4tq','excused',NULL,1784217005093),
('zla4uj','zls4ue','ze4tr','present',NULL,1783785005093),
('zla4uk','zls4ue','ze4ts','present',NULL,1783785005093),
('zla4ul','zls4ue','ze4tt','present',NULL,1784217005093),
('zla4um','zls4ue','ze4tu','absent',NULL,1783439405093);
INSERT OR IGNORE INTO lesson_attendance (id,lesson_session_id,enrollment_id,state,note,created_at) VALUES
('zla4un','zls4ue','ze4tv','present',NULL,1782834605093),
('zla4uo','zls4ue','ze4tw','present',NULL,1784044205093),
('zla4ut','zls4us','ze4tn','present',NULL,1783871405093),
('zla4uu','zls4us','ze4to','present',NULL,1783180205093),
('zla4uv','zls4us','ze4tp','present',NULL,1783093805093),
('zla4uw','zls4us','ze4tq','present',NULL,1783007405093),
('zla4ux','zls4us','ze4tr','absent',NULL,1783612205093),
('zla4uy','zls4us','ze4ts','present',NULL,1783785005093),
('zla4uz','zls4us','ze4tt','absent',NULL,1783439405093),
('zla4v0','zls4us','ze4tu','present',NULL,1782748205093),
('zla4v1','zls4us','ze4tv','absent',NULL,1784217005093),
('zla4v2','zls4us','ze4tw','present',NULL,1783353005093),
('zla4v8','zls4v7','ze4tn','present',NULL,1783957805093),
('zla4v9','zls4v7','ze4to','present',NULL,1782921005093),
('zla4va','zls4v7','ze4tp','present',NULL,1783093805093),
('zla4vb','zls4v7','ze4tq','absent',NULL,1784130605093),
('zla4vc','zls4v7','ze4tr','present',NULL,1783785005093),
('zla4vd','zls4v7','ze4ts','present',NULL,1783957805093),
('zla4ve','zls4v7','ze4tt','present',NULL,1783957805093),
('zla4vf','zls4v7','ze4tu','present',NULL,1783353005093),
('zla4vg','zls4v7','ze4tv','absent',NULL,1783698605093),
('zla4vh','zls4v7','ze4tw','excused',NULL,1783353005093),
('zla4vv','zls4vu','ze4vn','present',NULL,1784130605093),
('zla4vw','zls4vu','ze4vo','present',NULL,1783871405093),
('zla4vx','zls4vu','ze4vp','present',NULL,1783957805093),
('zla4vy','zls4vu','ze4vq','excused',NULL,1783007405093),
('zla4vz','zls4vu','ze4vr','present',NULL,1783525805093),
('zla4w0','zls4vu','ze4vs','present',NULL,1783180205093),
('zla4w1','zls4vu','ze4vt','present',NULL,1783871405093),
('zla4w9','zls4w8','ze4vn','excused',NULL,1784044205093),
('zla4wa','zls4w8','ze4vo','absent',NULL,1783007405093),
('zla4wb','zls4w8','ze4vp','present',NULL,1783093805093),
('zla4wc','zls4w8','ze4vq','present',NULL,1782921005093),
('zla4wd','zls4w8','ze4vr','absent',NULL,1783439405093),
('zla4we','zls4w8','ze4vs','present',NULL,1783612205093),
('zla4wf','zls4w8','ze4vt','absent',NULL,1783266605093),
('zla4wk','zls4wj','ze4vn','present',NULL,1782834605093),
('zla4wl','zls4wj','ze4vo','present',NULL,1784303405093),
('zla4wm','zls4wj','ze4vp','present',NULL,1783957805093),
('zla4wn','zls4wj','ze4vq','present',NULL,1783957805093),
('zla4wo','zls4wj','ze4vr','present',NULL,1783612205093),
('zla4wp','zls4wj','ze4vs','absent',NULL,1783785005093),
('zla4wq','zls4wj','ze4vt','absent',NULL,1783093805093),
('zla4x5','zls4x4','ze4wu','excused',NULL,1783266605093),
('zla4x6','zls4x4','ze4wv','excused',NULL,1783439405093),
('zla4x7','zls4x4','ze4ww','absent',NULL,1782748205093),
('zla4x8','zls4x4','ze4wx','present',NULL,1783698605093),
('zla4x9','zls4x4','ze4wy','present',NULL,1783698605093),
('zla4xa','zls4x4','ze4wz','present',NULL,1783180205093),
('zla4xb','zls4x4','ze4x0','present',NULL,1784044205093),
('zla4xc','zls4x4','ze4x1','present',NULL,1783698605093),
('zla4xd','zls4x4','ze4x2','excused',NULL,1783785005093),
('zla4xe','zls4x4','ze4x3','present',NULL,1783957805093),
('zla4xn','zls4xm','ze4wu','present',NULL,1783439405093),
('zla4xo','zls4xm','ze4wv','present',NULL,1783698605093),
('zla4xp','zls4xm','ze4ww','present',NULL,1784303405093),
('zla4xq','zls4xm','ze4wx','present',NULL,1782921005093),
('zla4xr','zls4xm','ze4wy','present',NULL,1782661805093),
('zla4xs','zls4xm','ze4wz','absent',NULL,1784044205093),
('zla4xt','zls4xm','ze4x0','present',NULL,1784217005093);
INSERT OR IGNORE INTO lesson_attendance (id,lesson_session_id,enrollment_id,state,note,created_at) VALUES
('zla4xu','zls4xm','ze4x1','excused',NULL,1784044205093),
('zla4xv','zls4xm','ze4x2','present',NULL,1783007405093),
('zla4xw','zls4xm','ze4x3','present',NULL,1784130605093),
('zla4ya','zls4y9','ze4y1','present',NULL,1783353005093),
('zla4yb','zls4y9','ze4y2','absent',NULL,1783266605093),
('zla4yc','zls4y9','ze4y3','present',NULL,1782921005093),
('zla4yd','zls4y9','ze4y4','excused',NULL,1783785005093),
('zla4ye','zls4y9','ze4y5','excused',NULL,1783007405093),
('zla4yf','zls4y9','ze4y6','present',NULL,1783180205093),
('zla4yg','zls4y9','ze4y7','present',NULL,1783439405093),
('zla4yh','zls4y9','ze4y8','present',NULL,1784303405093),
('zla4ym','zls4yl','ze4y1','present',NULL,1783612205093),
('zla4yn','zls4yl','ze4y2','present',NULL,1783180205093),
('zla4yo','zls4yl','ze4y3','present',NULL,1783007405093),
('zla4yp','zls4yl','ze4y4','present',NULL,1783698605093),
('zla4yq','zls4yl','ze4y5','present',NULL,1783180205093),
('zla4yr','zls4yl','ze4y6','present',NULL,1783612205093),
('zla4ys','zls4yl','ze4y7','present',NULL,1782661805093),
('zla4yt','zls4yl','ze4y8','present',NULL,1783612205093),
('zla4zb','zls4za','ze4yy','absent',NULL,1783612205093),
('zla4zc','zls4za','ze4yz','present',NULL,1783957805093),
('zla4zd','zls4za','ze4z0','present',NULL,1783957805093),
('zla4ze','zls4za','ze4z1','present',NULL,1783785005093),
('zla4zf','zls4za','ze4z2','present',NULL,1784130605093),
('zla4zg','zls4za','ze4z3','absent',NULL,1783007405093),
('zla4zh','zls4za','ze4z4','absent',NULL,1784130605093),
('zla4zi','zls4za','ze4z5','present',NULL,1783525805093),
('zla4zj','zls4za','ze4z6','present',NULL,1782661805093),
('zla4zk','zls4za','ze4z7','absent',NULL,1784303405093),
('zla4zl','zls4za','ze4z8','present',NULL,1783353005093),
('zla4zm','zls4za','ze4z9','present',NULL,1782748205093),
('zla502','zls501','ze4zs','present',NULL,1783093805093),
('zla503','zls501','ze4zt','excused',NULL,1783957805093),
('zla504','zls501','ze4zu','excused',NULL,1783266605093),
('zla505','zls501','ze4zv','excused',NULL,1783525805093),
('zla506','zls501','ze4zw','present',NULL,1782834605093),
('zla507','zls501','ze4zx','absent',NULL,1784044205093),
('zla508','zls501','ze4zy','present',NULL,1782921005093),
('zla509','zls501','ze4zz','excused',NULL,1783698605093),
('zla50a','zls501','ze500','present',NULL,1783439405093),
('zla50h','zls50g','ze4zs','absent',NULL,1784044205093),
('zla50i','zls50g','ze4zt','excused',NULL,1784044205093),
('zla50j','zls50g','ze4zu','absent',NULL,1783957805093),
('zla50k','zls50g','ze4zv','present',NULL,1783957805093),
('zla50l','zls50g','ze4zw','present',NULL,1783093805093),
('zla50m','zls50g','ze4zx','present',NULL,1783612205093),
('zla50n','zls50g','ze4zy','absent',NULL,1782834605093),
('zla50o','zls50g','ze4zz','absent',NULL,1783007405093),
('zla50p','zls50g','ze500','absent',NULL,1782748205093),
('zla50v','zls50u','ze4zs','absent',NULL,1783093805093),
('zla50w','zls50u','ze4zt','absent',NULL,1782748205093),
('zla50x','zls50u','ze4zu','present',NULL,1783093805093),
('zla50y','zls50u','ze4zv','absent',NULL,1783093805093),
('zla50z','zls50u','ze4zw','absent',NULL,1784217005093),
('zla510','zls50u','ze4zx','present',NULL,1783957805093),
('zla511','zls50u','ze4zy','excused',NULL,1783007405093),
('zla512','zls50u','ze4zz','present',NULL,1782748205093),
('zla513','zls50u','ze500','present',NULL,1783957805093),
('zla51o','zls51n','ze51a','absent',NULL,1782834605093),
('zla51p','zls51n','ze51b','present',NULL,1783266605093);
INSERT OR IGNORE INTO lesson_attendance (id,lesson_session_id,enrollment_id,state,note,created_at) VALUES
('zla51q','zls51n','ze51c','excused',NULL,1784130605093),
('zla51r','zls51n','ze51d','present',NULL,1783266605093),
('zla51s','zls51n','ze51e','present',NULL,1783093805093),
('zla51t','zls51n','ze51f','present',NULL,1783525805093),
('zla51u','zls51n','ze51g','present',NULL,1783957805093),
('zla51v','zls51n','ze51h','absent',NULL,1783266605093),
('zla51w','zls51n','ze51i','present',NULL,1783007405093),
('zla51x','zls51n','ze51j','present',NULL,1784217005093),
('zla51y','zls51n','ze51k','excused',NULL,1782661805093),
('zla51z','zls51n','ze51l','excused',NULL,1784303405093),
('zla520','zls51n','ze51m','absent',NULL,1784044205093),
('zla526','zls525','ze51a','present',NULL,1783180205093),
('zla527','zls525','ze51b','present',NULL,1783785005093),
('zla528','zls525','ze51c','present',NULL,1784217005093),
('zla529','zls525','ze51d','present',NULL,1783871405093),
('zla52a','zls525','ze51e','present',NULL,1783007405093),
('zla52b','zls525','ze51f','present',NULL,1783439405093),
('zla52c','zls525','ze51g','absent',NULL,1783785005093),
('zla52d','zls525','ze51h','present',NULL,1783093805093),
('zla52e','zls525','ze51i','excused',NULL,1783785005093),
('zla52f','zls525','ze51j','present',NULL,1783093805093),
('zla52g','zls525','ze51k','excused',NULL,1782748205093),
('zla52h','zls525','ze51l','excused',NULL,1782661805093),
('zla52i','zls525','ze51m','present',NULL,1783957805093),
('zla52o','zls52n','ze51a','excused',NULL,1783439405093),
('zla52p','zls52n','ze51b','present',NULL,1783871405093),
('zla52q','zls52n','ze51c','absent',NULL,1782661805093),
('zla52r','zls52n','ze51d','present',NULL,1784130605093),
('zla52s','zls52n','ze51e','excused',NULL,1783785005093),
('zla52t','zls52n','ze51f','present',NULL,1783698605093),
('zla52u','zls52n','ze51g','present',NULL,1783093805093),
('zla52v','zls52n','ze51h','present',NULL,1783612205093),
('zla52w','zls52n','ze51i','present',NULL,1783093805093),
('zla52x','zls52n','ze51j','present',NULL,1783785005093),
('zla52y','zls52n','ze51k','excused',NULL,1783525805093),
('zla52z','zls52n','ze51l','excused',NULL,1783093805093),
('zla530','zls52n','ze51m','present',NULL,1783871405093),
('zla53f','zls53e','ze533','present',NULL,1783612205093),
('zla53g','zls53e','ze534','present',NULL,1784303405093),
('zla53h','zls53e','ze535','absent',NULL,1783180205093),
('zla53i','zls53e','ze536','present',NULL,1782748205093),
('zla53j','zls53e','ze537','present',NULL,1784217005093),
('zla53k','zls53e','ze538','excused',NULL,1782921005093),
('zla53l','zls53e','ze539','excused',NULL,1783439405093),
('zla53m','zls53e','ze53a','present',NULL,1782748205093),
('zla53n','zls53e','ze53b','present',NULL,1784044205093),
('zla53o','zls53e','ze53c','present',NULL,1783612205093),
('zla53p','zls53e','ze53d','present',NULL,1782661805093),
('zla53x','zls53w','ze533','excused',NULL,1784130605093),
('zla53y','zls53w','ze534','absent',NULL,1782661805093),
('zla53z','zls53w','ze535','present',NULL,1783180205093),
('zla540','zls53w','ze536','present',NULL,1783871405093),
('zla541','zls53w','ze537','present',NULL,1783525805093),
('zla542','zls53w','ze538','excused',NULL,1783525805093),
('zla543','zls53w','ze539','present',NULL,1783612205093),
('zla544','zls53w','ze53a','excused',NULL,1784303405093),
('zla545','zls53w','ze53b','absent',NULL,1784044205093),
('zla546','zls53w','ze53c','present',NULL,1783957805093),
('zla547','zls53w','ze53d','present',NULL,1783439405093),
('zla54n','zls54m','ze54d','absent',NULL,1784217005093);
INSERT OR IGNORE INTO lesson_attendance (id,lesson_session_id,enrollment_id,state,note,created_at) VALUES
('zla54o','zls54m','ze54e','present',NULL,1783093805093),
('zla54p','zls54m','ze54f','present',NULL,1783439405093),
('zla54q','zls54m','ze54g','absent',NULL,1783525805093),
('zla54r','zls54m','ze54h','present',NULL,1784217005093),
('zla54s','zls54m','ze54i','present',NULL,1783525805093),
('zla54t','zls54m','ze54j','present',NULL,1784130605093),
('zla54u','zls54m','ze54k','present',NULL,1782921005093),
('zla54v','zls54m','ze54l','absent',NULL,1783871405093),
('zla553','zls552','ze54d','present',NULL,1783525805093),
('zla554','zls552','ze54e','absent',NULL,1783439405093),
('zla555','zls552','ze54f','present',NULL,1783957805093),
('zla556','zls552','ze54g','absent',NULL,1783612205093),
('zla557','zls552','ze54h','excused',NULL,1783785005093),
('zla558','zls552','ze54i','present',NULL,1782748205093),
('zla559','zls552','ze54j','absent',NULL,1783439405093),
('zla55a','zls552','ze54k','absent',NULL,1784130605093),
('zla55b','zls552','ze54l','present',NULL,1784130605093),
('zla55h','zls55g','ze54d','excused',NULL,1783785005093),
('zla55i','zls55g','ze54e','present',NULL,1783439405093),
('zla55j','zls55g','ze54f','present',NULL,1783525805093),
('zla55k','zls55g','ze54g','present',NULL,1783439405093),
('zla55l','zls55g','ze54h','present',NULL,1783093805093),
('zla55m','zls55g','ze54i','excused',NULL,1784130605093),
('zla55n','zls55g','ze54j','present',NULL,1783266605093),
('zla55o','zls55g','ze54k','excused',NULL,1783439405093),
('zla55p','zls55g','ze54l','present',NULL,1783525805093),
('zla565','zls564','ze55w','present',NULL,1784303405093),
('zla566','zls564','ze55x','present',NULL,1783093805093),
('zla567','zls564','ze55y','present',NULL,1783525805093),
('zla568','zls564','ze55z','excused',NULL,1783007405093),
('zla569','zls564','ze560','present',NULL,1783957805093),
('zla56a','zls564','ze561','present',NULL,1783266605093),
('zla56b','zls564','ze562','present',NULL,1783180205093),
('zla56c','zls564','ze563','absent',NULL,1783007405093),
('zla56u','zls56t','ze56f','present',NULL,1783698605093),
('zla56v','zls56t','ze56g','present',NULL,1783180205093),
('zla56w','zls56t','ze56h','absent',NULL,1783871405093),
('zla56x','zls56t','ze56i','absent',NULL,1782921005093),
('zla56y','zls56t','ze56j','present',NULL,1783525805093),
('zla56z','zls56t','ze56k','absent',NULL,1782661805093),
('zla570','zls56t','ze56l','present',NULL,1783007405093),
('zla571','zls56t','ze56m','present',NULL,1783525805093),
('zla572','zls56t','ze56n','present',NULL,1784303405093),
('zla573','zls56t','ze56o','present',NULL,1783439405093),
('zla574','zls56t','ze56p','excused',NULL,1782748205093),
('zla575','zls56t','ze56q','present',NULL,1783785005093),
('zla576','zls56t','ze56r','absent',NULL,1782661805093),
('zla577','zls56t','ze56s','absent',NULL,1783266605093),
('zla57g','zls57f','ze56f','excused',NULL,1783871405093),
('zla57h','zls57f','ze56g','excused',NULL,1782834605093),
('zla57i','zls57f','ze56h','absent',NULL,1783007405093),
('zla57j','zls57f','ze56i','present',NULL,1783785005093),
('zla57k','zls57f','ze56j','present',NULL,1783612205093),
('zla57l','zls57f','ze56k','present',NULL,1783612205093),
('zla57m','zls57f','ze56l','present',NULL,1783439405093),
('zla57n','zls57f','ze56m','present',NULL,1783266605093),
('zla57o','zls57f','ze56n','present',NULL,1783612205093),
('zla57p','zls57f','ze56o','present',NULL,1783007405093),
('zla57q','zls57f','ze56p','absent',NULL,1783007405093),
('zla57r','zls57f','ze56q','present',NULL,1784130605093);
INSERT OR IGNORE INTO lesson_attendance (id,lesson_session_id,enrollment_id,state,note,created_at) VALUES
('zla57s','zls57f','ze56r','present',NULL,1784044205093),
('zla57t','zls57f','ze56s','excused',NULL,1783957805093),
('zla583','zls582','ze56f','excused',NULL,1784044205093),
('zla584','zls582','ze56g','present',NULL,1784217005093),
('zla585','zls582','ze56h','absent',NULL,1783353005093),
('zla586','zls582','ze56i','present',NULL,1783266605093),
('zla587','zls582','ze56j','present',NULL,1783439405093),
('zla588','zls582','ze56k','present',NULL,1782661805093),
('zla589','zls582','ze56l','absent',NULL,1782748205093),
('zla58a','zls582','ze56m','present',NULL,1783093805093),
('zla58b','zls582','ze56n','present',NULL,1783439405093),
('zla58c','zls582','ze56o','present',NULL,1783957805093),
('zla58d','zls582','ze56p','present',NULL,1783957805093),
('zla58e','zls582','ze56q','excused',NULL,1783266605093),
('zla58f','zls582','ze56r','excused',NULL,1783525805093),
('zla58g','zls582','ze56s','present',NULL,1783612205093),
('zla58w','zls58v','ze58n','present',NULL,1783439405093),
('zla58x','zls58v','ze58o','present',NULL,1783957805093),
('zla58y','zls58v','ze58p','absent',NULL,1783093805093),
('zla58z','zls58v','ze58q','present',NULL,1782661805093),
('zla590','zls58v','ze58r','present',NULL,1783266605093),
('zla591','zls58v','ze58s','present',NULL,1782834605093),
('zla592','zls58v','ze58t','present',NULL,1783612205093),
('zla593','zls58v','ze58u','absent',NULL,1783007405093),
('zla59a','zls599','ze58n','excused',NULL,1784044205093),
('zla59b','zls599','ze58o','excused',NULL,1782748205093),
('zla59c','zls599','ze58p','present',NULL,1784130605093),
('zla59d','zls599','ze58q','present',NULL,1782661805093),
('zla59e','zls599','ze58r','present',NULL,1783612205093),
('zla59f','zls599','ze58s','present',NULL,1783007405093),
('zla59g','zls599','ze58t','present',NULL,1783353005093),
('zla59h','zls599','ze58u','present',NULL,1783525805093),
('zla59w','zls59v','ze59m','present',NULL,1783785005093),
('zla59x','zls59v','ze59n','present',NULL,1784044205093),
('zla59y','zls59v','ze59o','absent',NULL,1783353005093),
('zla59z','zls59v','ze59p','present',NULL,1783957805093),
('zla5a0','zls59v','ze59q','present',NULL,1783698605093),
('zla5a1','zls59v','ze59r','absent',NULL,1783439405093),
('zla5a2','zls59v','ze59s','present',NULL,1783093805093),
('zla5a3','zls59v','ze59t','present',NULL,1782661805093),
('zla5a4','zls59v','ze59u','absent',NULL,1783957805093),
('zla5a8','zls5a7','ze59m','present',NULL,1784044205093),
('zla5a9','zls5a7','ze59n','present',NULL,1783007405093),
('zla5aa','zls5a7','ze59o','excused',NULL,1783785005093),
('zla5ab','zls5a7','ze59p','present',NULL,1783353005093),
('zla5ac','zls5a7','ze59q','present',NULL,1782661805093),
('zla5ad','zls5a7','ze59r','present',NULL,1783180205093),
('zla5ae','zls5a7','ze59s','present',NULL,1783266605093),
('zla5af','zls5a7','ze59t','excused',NULL,1783957805093),
('zla5ag','zls5a7','ze59u','present',NULL,1783353005093),
('zla5am','zls5al','ze59m','present',NULL,1783439405093),
('zla5an','zls5al','ze59n','present',NULL,1783525805093),
('zla5ao','zls5al','ze59o','absent',NULL,1782661805093),
('zla5ap','zls5al','ze59p','present',NULL,1782748205093),
('zla5aq','zls5al','ze59q','excused',NULL,1784130605093),
('zla5ar','zls5al','ze59r','present',NULL,1784303405093),
('zla5as','zls5al','ze59s','present',NULL,1783180205093),
('zla5at','zls5al','ze59t','excused',NULL,1783180205093),
('zla5au','zls5al','ze59u','present',NULL,1783871405093),
('zla5bc','zls5bb','ze5b0','excused',NULL,1783439405093);
INSERT OR IGNORE INTO lesson_attendance (id,lesson_session_id,enrollment_id,state,note,created_at) VALUES
('zla5bd','zls5bb','ze5b1','excused',NULL,1783439405093),
('zla5be','zls5bb','ze5b2','absent',NULL,1782921005093),
('zla5bf','zls5bb','ze5b3','present',NULL,1784217005093),
('zla5bg','zls5bb','ze5b4','excused',NULL,1782748205093),
('zla5bh','zls5bb','ze5b5','absent',NULL,1783266605093),
('zla5bi','zls5bb','ze5b6','present',NULL,1782921005093),
('zla5bj','zls5bb','ze5b7','present',NULL,1784217005093),
('zla5bk','zls5bb','ze5b8','present',NULL,1784044205093),
('zla5bl','zls5bb','ze5b9','present',NULL,1783698605093),
('zla5bm','zls5bb','ze5ba','present',NULL,1783093805093),
('zla5bu','zls5bt','ze5b0','present',NULL,1783698605093),
('zla5bv','zls5bt','ze5b1','present',NULL,1783525805093),
('zla5bw','zls5bt','ze5b2','present',NULL,1783698605093),
('zla5bx','zls5bt','ze5b3','excused',NULL,1783439405093),
('zla5by','zls5bt','ze5b4','excused',NULL,1783266605093),
('zla5bz','zls5bt','ze5b5','absent',NULL,1783093805093),
('zla5c0','zls5bt','ze5b6','excused',NULL,1783266605093),
('zla5c1','zls5bt','ze5b7','present',NULL,1782748205093),
('zla5c2','zls5bt','ze5b8','present',NULL,1782921005093),
('zla5c3','zls5bt','ze5b9','present',NULL,1783093805093),
('zla5c4','zls5bt','ze5ba','excused',NULL,1784044205093),
('zla5cj','zls5ci','ze5cb','present',NULL,1783612205093),
('zla5ck','zls5ci','ze5cc','present',NULL,1784130605093),
('zla5cl','zls5ci','ze5cd','excused',NULL,1782921005093),
('zla5cm','zls5ci','ze5ce','present',NULL,1784044205093),
('zla5cn','zls5ci','ze5cf','present',NULL,1783612205093),
('zla5co','zls5ci','ze5cg','present',NULL,1784303405093),
('zla5cp','zls5ci','ze5ch','present',NULL,1783439405093),
('zla5ct','zls5cs','ze5cb','absent',NULL,1782661805093),
('zla5cu','zls5cs','ze5cc','present',NULL,1783957805093),
('zla5cv','zls5cs','ze5cd','present',NULL,1784130605093),
('zla5cw','zls5cs','ze5ce','present',NULL,1783525805093),
('zla5cx','zls5cs','ze5cf','present',NULL,1782661805093),
('zla5cy','zls5cs','ze5cg','present',NULL,1783525805093),
('zla5cz','zls5cs','ze5ch','present',NULL,1784044205093),
('zla5d3','zls5d2','ze5cb','absent',NULL,1783439405093),
('zla5d4','zls5d2','ze5cc','excused',NULL,1782921005093),
('zla5d5','zls5d2','ze5cd','absent',NULL,1783093805093),
('zla5d6','zls5d2','ze5ce','present',NULL,1783007405093),
('zla5d7','zls5d2','ze5cf','absent',NULL,1783612205093),
('zla5d8','zls5d2','ze5cg','absent',NULL,1783612205093),
('zla5d9','zls5d2','ze5ch','present',NULL,1782661805093),
('zla5do','zls5dn','ze5dd','excused',NULL,1784217005093),
('zla5dp','zls5dn','ze5de','absent',NULL,1784217005093),
('zla5dq','zls5dn','ze5df','absent',NULL,1784044205093),
('zla5dr','zls5dn','ze5dg','present',NULL,1783785005093),
('zla5ds','zls5dn','ze5dh','present',NULL,1783785005093),
('zla5dt','zls5dn','ze5di','present',NULL,1783093805093),
('zla5du','zls5dn','ze5dj','present',NULL,1782921005093),
('zla5dv','zls5dn','ze5dk','present',NULL,1783353005093),
('zla5dw','zls5dn','ze5dl','absent',NULL,1782748205093),
('zla5dx','zls5dn','ze5dm','present',NULL,1783353005093),
('zla5ee','zls5ed','ze5e5','present',NULL,1783525805093),
('zla5ef','zls5ed','ze5e6','present',NULL,1782661805093),
('zla5eg','zls5ed','ze5e7','present',NULL,1783785005093),
('zla5eh','zls5ed','ze5e8','excused',NULL,1782661805093),
('zla5ei','zls5ed','ze5e9','present',NULL,1782748205093),
('zla5ej','zls5ed','ze5ea','excused',NULL,1784303405093),
('zla5ek','zls5ed','ze5eb','present',NULL,1783266605093),
('zla5el','zls5ed','ze5ec','present',NULL,1783525805093);
INSERT OR IGNORE INTO lesson_attendance (id,lesson_session_id,enrollment_id,state,note,created_at) VALUES
('zla5eq','zls5ep','ze5e5','present',NULL,1784303405093),
('zla5er','zls5ep','ze5e6','present',NULL,1783785005093),
('zla5es','zls5ep','ze5e7','present',NULL,1782661805093),
('zla5et','zls5ep','ze5e8','present',NULL,1783180205093),
('zla5eu','zls5ep','ze5e9','present',NULL,1783353005093),
('zla5ev','zls5ep','ze5ea','excused',NULL,1782834605093),
('zla5ew','zls5ep','ze5eb','excused',NULL,1784044205093),
('zla5ex','zls5ep','ze5ec','excused',NULL,1784130605093),
('zla5ff','zls5fe','ze5f2','excused',NULL,1784044205093),
('zla5fg','zls5fe','ze5f3','present',NULL,1783525805093),
('zla5fh','zls5fe','ze5f4','excused',NULL,1784303405093),
('zla5fi','zls5fe','ze5f5','absent',NULL,1784044205093),
('zla5fj','zls5fe','ze5f6','excused',NULL,1783612205093),
('zla5fk','zls5fe','ze5f7','present',NULL,1783785005093),
('zla5fl','zls5fe','ze5f8','absent',NULL,1782834605093),
('zla5fm','zls5fe','ze5f9','present',NULL,1783093805093),
('zla5fn','zls5fe','ze5fa','present',NULL,1782748205093),
('zla5fo','zls5fe','ze5fb','absent',NULL,1783093805093),
('zla5fp','zls5fe','ze5fc','present',NULL,1783698605093),
('zla5fq','zls5fe','ze5fd','absent',NULL,1783525805093),
('zla5fx','zls5fw','ze5f2','present',NULL,1783871405093),
('zla5fy','zls5fw','ze5f3','present',NULL,1783612205093),
('zla5fz','zls5fw','ze5f4','absent',NULL,1783698605093),
('zla5g0','zls5fw','ze5f5','present',NULL,1783439405093),
('zla5g1','zls5fw','ze5f6','present',NULL,1783871405093),
('zla5g2','zls5fw','ze5f7','absent',NULL,1783007405093),
('zla5g3','zls5fw','ze5f8','present',NULL,1782748205093),
('zla5g4','zls5fw','ze5f9','present',NULL,1784303405093),
('zla5g5','zls5fw','ze5fa','excused',NULL,1783698605093),
('zla5g6','zls5fw','ze5fb','present',NULL,1782834605093),
('zla5g7','zls5fw','ze5fc','present',NULL,1782834605093),
('zla5g8','zls5fw','ze5fd','present',NULL,1782834605093),
('zla5gf','zls5ge','ze5f2','present',NULL,1783266605093),
('zla5gg','zls5ge','ze5f3','present',NULL,1784303405093),
('zla5gh','zls5ge','ze5f4','absent',NULL,1783612205093),
('zla5gi','zls5ge','ze5f5','present',NULL,1783439405093),
('zla5gj','zls5ge','ze5f6','absent',NULL,1783180205093),
('zla5gk','zls5ge','ze5f7','present',NULL,1784044205093),
('zla5gl','zls5ge','ze5f8','present',NULL,1782661805093),
('zla5gm','zls5ge','ze5f9','present',NULL,1783353005093),
('zla5gn','zls5ge','ze5fa','present',NULL,1783525805093),
('zla5go','zls5ge','ze5fb','excused',NULL,1783612205093),
('zla5gp','zls5ge','ze5fc','present',NULL,1783871405093),
('zla5gq','zls5ge','ze5fd','absent',NULL,1784217005093),
('zla5h6','zls5h5','ze5gw','present',NULL,1783353005093),
('zla5h7','zls5h5','ze5gx','excused',NULL,1784130605093),
('zla5h8','zls5h5','ze5gy','excused',NULL,1783093805093),
('zla5h9','zls5h5','ze5gz','present',NULL,1783612205093),
('zla5ha','zls5h5','ze5h0','present',NULL,1783439405093),
('zla5hb','zls5h5','ze5h1','present',NULL,1783439405093),
('zla5hc','zls5h5','ze5h2','present',NULL,1784217005093),
('zla5hd','zls5h5','ze5h3','present',NULL,1784044205093),
('zla5he','zls5h5','ze5h4','absent',NULL,1783266605093),
('zla5hj','zls5hi','ze5gw','excused',NULL,1783871405093),
('zla5hk','zls5hi','ze5gx','present',NULL,1782834605093),
('zla5hl','zls5hi','ze5gy','absent',NULL,1783180205093),
('zla5hm','zls5hi','ze5gz','excused',NULL,1783871405093),
('zla5hn','zls5hi','ze5h0','absent',NULL,1782748205093),
('zla5ho','zls5hi','ze5h1','present',NULL,1782748205093),
('zla5hp','zls5hi','ze5h2','present',NULL,1782921005093);
INSERT OR IGNORE INTO lesson_attendance (id,lesson_session_id,enrollment_id,state,note,created_at) VALUES
('zla5hq','zls5hi','ze5h3','present',NULL,1783525805093),
('zla5hr','zls5hi','ze5h4','present',NULL,1784303405093),
('zla5hv','zls5hu','ze5gw','present',NULL,1784130605093),
('zla5hw','zls5hu','ze5gx','present',NULL,1783180205093),
('zla5hx','zls5hu','ze5gy','present',NULL,1783180205093),
('zla5hy','zls5hu','ze5gz','present',NULL,1783785005093),
('zla5hz','zls5hu','ze5h0','present',NULL,1783612205093),
('zla5i0','zls5hu','ze5h1','excused',NULL,1784130605093),
('zla5i1','zls5hu','ze5h2','present',NULL,1783266605093),
('zla5i2','zls5hu','ze5h3','present',NULL,1783180205093),
('zla5i3','zls5hu','ze5h4','present',NULL,1783957805093),
('zla5if','zls5ie','ze5i7','present',NULL,1783612205093),
('zla5ig','zls5ie','ze5i8','present',NULL,1784130605093),
('zla5ih','zls5ie','ze5i9','present',NULL,1783785005093),
('zla5ii','zls5ie','ze5ia','present',NULL,1782661805093),
('zla5ij','zls5ie','ze5ib','present',NULL,1783180205093),
('zla5ik','zls5ie','ze5ic','present',NULL,1782661805093),
('zla5il','zls5ie','ze5id','present',NULL,1783093805093),
('zla5iq','zls5ip','ze5i7','excused',NULL,1783612205093),
('zla5ir','zls5ip','ze5i8','absent',NULL,1784130605093),
('zla5is','zls5ip','ze5i9','present',NULL,1782834605093),
('zla5it','zls5ip','ze5ia','present',NULL,1783525805093),
('zla5iu','zls5ip','ze5ib','absent',NULL,1784130605093),
('zla5iv','zls5ip','ze5ic','present',NULL,1783612205093),
('zla5iw','zls5ip','ze5id','present',NULL,1783353005093),
('zla5iz','zls5iy','ze5i7','absent',NULL,1782921005093),
('zla5j0','zls5iy','ze5i8','excused',NULL,1783007405093),
('zla5j1','zls5iy','ze5i9','excused',NULL,1782661805093),
('zla5j2','zls5iy','ze5ia','excused',NULL,1783525805093),
('zla5j3','zls5iy','ze5ib','absent',NULL,1784044205093),
('zla5j4','zls5iy','ze5ic','present',NULL,1783698605093),
('zla5j5','zls5iy','ze5id','present',NULL,1784217005093),
('zla5jj','zls5ji','ze5ja','present',NULL,1783525805093),
('zla5jk','zls5ji','ze5jb','present',NULL,1783785005093),
('zla5jl','zls5ji','ze5jc','present',NULL,1782921005093),
('zla5jm','zls5ji','ze5jd','present',NULL,1783093805093),
('zla5jn','zls5ji','ze5je','present',NULL,1782834605093),
('zla5jo','zls5ji','ze5jf','present',NULL,1784130605093),
('zla5jp','zls5ji','ze5jg','present',NULL,1784044205093),
('zla5jq','zls5ji','ze5jh','present',NULL,1783698605093),
('zla5k7','zls5k6','ze5jw','present',NULL,1782834605093),
('zla5k8','zls5k6','ze5jx','present',NULL,1784044205093),
('zla5k9','zls5k6','ze5jy','excused',NULL,1783525805093),
('zla5ka','zls5k6','ze5jz','present',NULL,1784303405093),
('zla5kb','zls5k6','ze5k0','excused',NULL,1783180205093),
('zla5kc','zls5k6','ze5k1','present',NULL,1784044205093),
('zla5kd','zls5k6','ze5k2','present',NULL,1783871405093),
('zla5ke','zls5k6','ze5k3','present',NULL,1783871405093),
('zla5kf','zls5k6','ze5k4','present',NULL,1783007405093),
('zla5kg','zls5k6','ze5k5','present',NULL,1782834605093),
('zla5kl','zls5kk','ze5jw','present',NULL,1783266605093),
('zla5km','zls5kk','ze5jx','present',NULL,1782921005093),
('zla5kn','zls5kk','ze5jy','present',NULL,1784044205093),
('zla5ko','zls5kk','ze5jz','excused',NULL,1783266605093),
('zla5kp','zls5kk','ze5k0','excused',NULL,1782834605093),
('zla5kq','zls5kk','ze5k1','absent',NULL,1783093805093),
('zla5kr','zls5kk','ze5k2','present',NULL,1783612205093),
('zla5ks','zls5kk','ze5k3','present',NULL,1783612205093),
('zla5kt','zls5kk','ze5k4','absent',NULL,1783180205093),
('zla5ku','zls5kk','ze5k5','absent',NULL,1783612205093);
INSERT OR IGNORE INTO lesson_attendance (id,lesson_session_id,enrollment_id,state,note,created_at) VALUES
('zla5kx','zls5kw','ze5jw','present',NULL,1783007405093),
('zla5ky','zls5kw','ze5jx','present',NULL,1783612205093),
('zla5kz','zls5kw','ze5jy','present',NULL,1782834605093),
('zla5l0','zls5kw','ze5jz','absent',NULL,1783180205093),
('zla5l1','zls5kw','ze5k0','absent',NULL,1784303405093),
('zla5l2','zls5kw','ze5k1','present',NULL,1783785005093),
('zla5l3','zls5kw','ze5k2','excused',NULL,1783266605093),
('zla5l4','zls5kw','ze5k3','excused',NULL,1784130605093),
('zla5l5','zls5kw','ze5k4','absent',NULL,1784044205093),
('zla5l6','zls5kw','ze5k5','present',NULL,1782921005093),
('zla5lc','zls5lb','ze5jw','present',NULL,1783180205093),
('zla5ld','zls5lb','ze5jx','present',NULL,1782921005093),
('zla5le','zls5lb','ze5jy','absent',NULL,1783266605093),
('zla5lf','zls5lb','ze5jz','present',NULL,1782661805093),
('zla5lg','zls5lb','ze5k0','present',NULL,1783957805093),
('zla5lh','zls5lb','ze5k1','present',NULL,1783007405093),
('zla5li','zls5lb','ze5k2','present',NULL,1784217005093),
('zla5lj','zls5lb','ze5k3','excused',NULL,1783698605093),
('zla5lk','zls5lb','ze5k4','present',NULL,1784217005093),
('zla5ll','zls5lb','ze5k5','absent',NULL,1784130605093),
('zla5m1','zls5m0','ze5ls','excused',NULL,1783007405093),
('zla5m2','zls5m0','ze5lt','present',NULL,1782834605093),
('zla5m3','zls5m0','ze5lu','absent',NULL,1783180205093),
('zla5m4','zls5m0','ze5lv','present',NULL,1782921005093),
('zla5m5','zls5m0','ze5lw','present',NULL,1782921005093),
('zla5m6','zls5m0','ze5lx','excused',NULL,1783612205093),
('zla5m7','zls5m0','ze5ly','excused',NULL,1784217005093),
('zla5m8','zls5m0','ze5lz','excused',NULL,1783871405093),
('zla5me','zls5md','ze5ls','present',NULL,1783007405093),
('zla5mf','zls5md','ze5lt','present',NULL,1782748205093),
('zla5mg','zls5md','ze5lu','excused',NULL,1783093805093),
('zla5mh','zls5md','ze5lv','present',NULL,1784217005093),
('zla5mi','zls5md','ze5lw','absent',NULL,1782661805093),
('zla5mj','zls5md','ze5lx','absent',NULL,1783525805093),
('zla5mk','zls5md','ze5ly','absent',NULL,1784044205093),
('zla5ml','zls5md','ze5lz','excused',NULL,1783180205093),
('zla5n6','zls5n5','ze5mr','present',NULL,1784303405093),
('zla5n7','zls5n5','ze5ms','present',NULL,1783439405093),
('zla5n8','zls5n5','ze5mt','absent',NULL,1784217005093),
('zla5n9','zls5n5','ze5mu','present',NULL,1782748205093),
('zla5na','zls5n5','ze5mv','excused',NULL,1783007405093),
('zla5nb','zls5n5','ze5mw','present',NULL,1782748205093),
('zla5nc','zls5n5','ze5mx','present',NULL,1784303405093),
('zla5nd','zls5n5','ze5my','present',NULL,1782834605093),
('zla5ne','zls5n5','ze5mz','present',NULL,1784217005093),
('zla5nf','zls5n5','ze5n0','absent',NULL,1783180205093),
('zla5ng','zls5n5','ze5n1','present',NULL,1784303405093),
('zla5nh','zls5n5','ze5n2','present',NULL,1783957805093),
('zla5ni','zls5n5','ze5n3','present',NULL,1783007405093),
('zla5nj','zls5n5','ze5n4','present',NULL,1784130605093),
('zla5nq','zls5np','ze5mr','absent',NULL,1783871405093),
('zla5nr','zls5np','ze5ms','absent',NULL,1783007405093),
('zla5ns','zls5np','ze5mt','present',NULL,1783180205093),
('zla5nt','zls5np','ze5mu','present',NULL,1784044205093),
('zla5nu','zls5np','ze5mv','present',NULL,1784303405093),
('zla5nv','zls5np','ze5mw','present',NULL,1783266605093),
('zla5nw','zls5np','ze5mx','present',NULL,1782661805093),
('zla5nx','zls5np','ze5my','absent',NULL,1784303405093),
('zla5ny','zls5np','ze5mz','present',NULL,1783871405093),
('zla5nz','zls5np','ze5n0','present',NULL,1782834605093);
INSERT OR IGNORE INTO lesson_attendance (id,lesson_session_id,enrollment_id,state,note,created_at) VALUES
('zla5o0','zls5np','ze5n1','present',NULL,1784130605093),
('zla5o1','zls5np','ze5n2','present',NULL,1783007405093),
('zla5o2','zls5np','ze5n3','excused',NULL,1782834605093),
('zla5o3','zls5np','ze5n4','present',NULL,1783180205093),
('zla5om','zls5ol','ze5ob','present',NULL,1783093805093),
('zla5on','zls5ol','ze5oc','present',NULL,1783266605093),
('zla5oo','zls5ol','ze5od','present',NULL,1783007405093),
('zla5op','zls5ol','ze5oe','present',NULL,1782661805093),
('zla5oq','zls5ol','ze5of','present',NULL,1783266605093),
('zla5or','zls5ol','ze5og','excused',NULL,1783957805093),
('zla5os','zls5ol','ze5oh','present',NULL,1783007405093),
('zla5ot','zls5ol','ze5oi','present',NULL,1783871405093),
('zla5ou','zls5ol','ze5oj','excused',NULL,1784044205093),
('zla5ov','zls5ol','ze5ok','absent',NULL,1783353005093);
INSERT OR IGNORE INTO lesson_sessions (id,halaqa_id,teacher_id,date_hijri,hijri_month,lesson_title,majlis,duration_hours,materials,attendance_count,self_eval,companion_activities,status,rejection_reason,approved_by,created_at) VALUES
('zls16g','zhl162','zt15y','1448-01-20','1448-02','تزكية وسلوك','المجلس الأول: النية',2,NULL,5,3,NULL,'approved',NULL,'u-admin',1783353005093),
('zls173','zhl162','zt15y','1448-02-04','1448-02','سيرة نبوية','المجلس السادس: حسن الخلق',2,NULL,9,4,NULL,'approved',NULL,'u-admin',1781797805093),
('zls17p','zhl162','zt15y','1448-01-23','1448-02','تثبيت الحفظ','المجلس السادس: حسن الخلق',1,NULL,6,3,NULL,'rejected','يلزم استكمال التقرير',NULL,1782661805093),
('zls18y','zhl18l','zt18i','1448-01-26','1448-02','مدارسة على بصيرة','المجلس السادس: حسن الخلق',1.5,NULL,8,5,'جولة دعوية','approved',NULL,'u-admin',1782661805093),
('zls19k','zhl18l','zt18i','1448-01-23','1448-02','مدارسة على بصيرة','المجلس الرابع: الصحبة',2,NULL,5,3,NULL,'approved',NULL,'u-admin',1782748205093),
('zls1a4','zhl18l','zt18i','1448-01-16','1448-02','تزكية وسلوك','المجلس الرابع: الصحبة',1.5,NULL,9,5,'زيارة مريضة','rejected','يلزم استكمال التقرير',NULL,1783785005093),
('zls1al','zhl18l','zt18i','1448-01-28','1448-02','مدارسة على بصيرة','المجلس الثاني: الإخلاص',2,NULL,6,4,'توزيع مطويات','approved',NULL,'u-admin',1783439405093),
('zls1bp','zhl1b9','zt1b6','1448-01-20','1448-02','تزكية وسلوك','المجلس الثالث: الصلاة',1,NULL,13,5,NULL,'approved',NULL,'u-admin',1781193005093),
('zls1cf','zhl1b9','zt1b6','1448-01-20','1448-02','سيرة نبوية','المجلس الأول: النية',1,NULL,8,5,NULL,'approved',NULL,'u-admin',1781193005093),
('zls1d2','zhl1b9','zt1b6','1448-02-02','1448-02','آداب طالبة العلم','المجلس الأول: النية',1,NULL,8,5,'زيارة مريضة','rejected','يلزم استكمال التقرير',NULL,1783698605093),
('zls1dq','zhl1b9','zt1b6','1448-01-28','1448-02','مدارسة على بصيرة','المجلس الخامس: بر الوالدين',2,NULL,10,3,NULL,'recorded',NULL,NULL,1783093805093),
('zls1ed','zhl1b9','zt1b6','1448-01-15','1448-02','سيرة نبوية','المجلس الثالث: الصلاة',1,NULL,8,4,'جولة دعوية','recorded',NULL,NULL,1783266605093),
('zls1fq','zhl1fb','zt1f8','1448-01-14','1448-02','مدارسة على بصيرة','المجلس الرابع: الصحبة',1,NULL,10,5,'زيارة مريضة','approved',NULL,'u-admin',1783353005093),
('zls1gf','zhl1fb','zt1f8','1448-02-01','1448-02','فقه العبادات','المجلس الثالث: الصلاة',2,NULL,11,3,'توزيع مطويات','approved',NULL,'u-admin',1783266605093),
('zls1h4','zhl1fb','zt1f8','1448-01-15','1448-02','مدارسة على بصيرة','المجلس الثالث: الصلاة',1,NULL,11,4,'توزيع مطويات','approved',NULL,'u-admin',1781884205093),
('zls1ho','zhl1fb','zt1f8','1448-01-14','1448-02','تثبيت الحفظ','المجلس الثالث: الصلاة',1,NULL,8,3,'زيارة مريضة','approved',NULL,'u-admin',1781365805093),
('zls1j0','zhl1il','zt1ii','1448-01-17','1448-02','سيرة نبوية','المجلس الثالث: الصلاة',1.5,NULL,8,3,'توزيع مطويات','approved',NULL,'u-admin',1784217005093),
('zls1jl','zhl1il','zt1ii','1448-02-01','1448-02','تثبيت الحفظ','المجلس الرابع: الصحبة',1.5,NULL,10,5,'زيارة مريضة','approved',NULL,'u-admin',1782057005093),
('zls1kr','zhl1kg','zt1kd','1448-01-28','1448-02','سيرة نبوية','المجلس الأول: النية',1.5,NULL,7,4,NULL,'rejected','يلزم استكمال التقرير',NULL,1784130605093),
('zls1l5','zhl1kg','zt1kd','1448-01-23','1448-02','تزكية وسلوك','المجلس الثاني: الإخلاص',1,NULL,9,5,NULL,'recorded',NULL,NULL,1781884205093),
('zls1ll','zhl1kg','zt1kd','1448-01-24','1448-02','سيرة نبوية','المجلس الأول: النية',1.5,NULL,7,5,'جولة دعوية','rejected','يلزم استكمال التقرير',NULL,1782402605093),
('zls1mh','zhl1m5','zt1m2','1448-01-18','1448-02','تزكية وسلوك','المجلس الأول: النية',1,NULL,7,3,NULL,'rejected','يلزم استكمال التقرير',NULL,1783007405093),
('zls1n0','zhl1m5','zt1m2','1448-01-25','1448-02','تزكية وسلوك','المجلس الأول: النية',1,NULL,7,3,'جولة دعوية','rejected','يلزم استكمال التقرير',NULL,1783612205093),
('zls1ng','zhl1m5','zt1m2','1448-01-19','1448-02','مدارسة على بصيرة','المجلس الخامس: بر الوالدين',1.5,NULL,4,3,'توزيع مطويات','approved',NULL,'u-admin',1782575405093),
('zls1oi','zhl1o6','zt1o3','1448-01-17','1448-02','تزكية وسلوك','المجلس الخامس: بر الوالدين',1,NULL,7,4,'جولة دعوية','approved',NULL,'u-admin',1784044205093),
('zls1oz','zhl1o6','zt1o3','1448-01-27','1448-02','تزكية وسلوك','المجلس الخامس: بر الوالدين',1,NULL,7,4,'توزيع مطويات','approved',NULL,'u-admin',1782834605093),
('zls1pg','zhl1o6','zt1o3','1448-02-03','1448-02','فقه العبادات','المجلس الرابع: الصحبة',1,NULL,9,5,'زيارة مريضة','rejected','يلزم استكمال التقرير',NULL,1782143405093),
('zls1pz','zhl1o6','zt1o3','1448-01-13','1448-02','سيرة نبوية','المجلس الرابع: الصحبة',1.5,NULL,6,5,'جولة دعوية','recorded',NULL,NULL,1782143405093),
('zls1qg','zhl1o6','zt1o3','1448-01-20','1448-02','سيرة نبوية','المجلس الأول: النية',2,NULL,7,4,NULL,'approved',NULL,'u-admin',1784303405093),
('zls1rh','zhl1r8','zt1r5','1448-01-25','1448-02','مدارسة على بصيرة','المجلس السادس: حسن الخلق',1.5,NULL,4,4,'جولة دعوية','recorded',NULL,NULL,1782575405093),
('zls1rt','zhl1r8','zt1r5','1448-01-16','1448-02','فقه العبادات','المجلس الخامس: بر الوالدين',1,NULL,5,3,NULL,'recorded',NULL,NULL,1783785005093),
('zls1s6','zhl1r8','zt1r5','1448-01-20','1448-02','مدارسة على بصيرة','المجلس الأول: النية',1,NULL,3,5,'جولة دعوية','rejected','يلزم استكمال التقرير',NULL,1781279405093),
('zls1t3','zhl1st','zt1sq','1448-01-22','1448-02','آداب طالبة العلم','المجلس الخامس: بر الوالدين',2,NULL,5,4,NULL,'recorded',NULL,NULL,1782402605093),
('zls1tg','zhl1st','zt1sq','1448-02-01','1448-02','تزكية وسلوك','المجلس الثاني: الإخلاص',2,NULL,6,4,'جولة دعوية','approved',NULL,'u-admin',1781625005093),
('zls1ts','zhl1st','zt1sq','1448-01-26','1448-02','فقه العبادات','المجلس الثالث: الصلاة',1,NULL,4,5,NULL,'recorded',NULL,NULL,1781193005093),
('zls1u7','zhl1st','zt1sq','1448-01-16','1448-02','فقه العبادات','المجلس الرابع: الصحبة',2,NULL,3,4,'جولة دعوية','approved',NULL,'u-admin',1782575405093),
('zls1v6','zhl1us','zt1up','1448-01-14','1448-02','آداب طالبة العلم','المجلس الثالث: الصلاة',2,NULL,11,5,'زيارة مريضة','rejected','يلزم استكمال التقرير',NULL,1782229805093),
('zls1vs','zhl1us','zt1up','1448-01-13','1448-02','تثبيت الحفظ','المجلس الثالث: الصلاة',1,NULL,9,3,'جولة دعوية','approved',NULL,'u-admin',1783439405093),
('zls1wd','zhl1us','zt1up','1448-01-29','1448-02','مدارسة على بصيرة','المجلس السادس: حسن الخلق',1,NULL,10,5,'جولة دعوية','approved',NULL,'u-admin',1782402605093),
('zls1xh','zhl1x3','zt1x0','1448-01-18','1448-02','تزكية وسلوك','المجلس السادس: حسن الخلق',1,NULL,7,4,'توزيع مطويات','rejected','يلزم استكمال التقرير',NULL,1784130605093),
('zls1y1','zhl1x3','zt1x0','1448-01-22','1448-02','سيرة نبوية','المجلس السادس: حسن الخلق',1.5,NULL,10,5,'زيارة مريضة','recorded',NULL,NULL,1783698605093),
('zls1za','zhl1yu','zt1yr','1448-01-22','1448-02','فقه العبادات','المجلس الثاني: الإخلاص',1.5,NULL,12,3,NULL,'recorded',NULL,NULL,1781106605093),
('zls1zx','zhl1yu','zt1yr','1448-02-02','1448-02','فقه العبادات','المجلس الثالث: الصلاة',1,NULL,9,3,'توزيع مطويات','rejected','يلزم استكمال التقرير',NULL,1783439405093),
('zls20n','zhl1yu','zt1yr','1448-02-04','1448-02','آداب طالبة العلم','المجلس السادس: حسن الخلق',1,NULL,9,3,'زيارة مريضة','rejected','يلزم استكمال التقرير',NULL,1784303405093),
('zls220','zhl21m','zt21j','1448-01-14','1448-02','آداب طالبة العلم','المجلس السادس: حسن الخلق',2,NULL,8,3,'جولة دعوية','recorded',NULL,NULL,1781970605093),
('zls22n','zhl21m','zt21j','1448-01-14','1448-02','تثبيت الحفظ','المجلس الأول: النية',2,NULL,6,5,'زيارة مريضة','approved',NULL,'u-admin',1782921005093),
('zls238','zhl21m','zt21j','1448-02-04','1448-02','آداب طالبة العلم','المجلس الخامس: بر الوالدين',1.5,NULL,6,4,'توزيع مطويات','approved',NULL,'u-admin',1782229805093),
('zls23s','zhl21m','zt21j','1448-01-22','1448-02','فقه العبادات','المجلس الأول: النية',1.5,NULL,8,5,'جولة دعوية','approved',NULL,'u-admin',1783266605093),
('zls24a','zhl21m','zt21j','1448-01-23','1448-02','آداب طالبة العلم','المجلس الرابع: الصحبة',1,NULL,8,3,'توزيع مطويات','approved',NULL,'u-admin',1784217005093),
('zls25g','zhl255','zt252','1448-01-18','1448-02','مدارسة على بصيرة','المجلس الثالث: الصلاة',2,NULL,6,5,'توزيع مطويات','recorded',NULL,NULL,1782143405093),
('zls25x','zhl255','zt252','1448-01-14','1448-02','سيرة نبوية','المجلس الثاني: الإخلاص',1.5,NULL,7,4,'جولة دعوية','approved',NULL,'u-admin',1781279405093),
('zls26c','zhl255','zt252','1448-01-26','1448-02','فقه العبادات','المجلس الثاني: الإخلاص',1.5,NULL,6,4,'توزيع مطويات','recorded',NULL,NULL,1781625005093),
('zls26t','zhl255','zt252','1448-01-29','1448-02','آداب طالبة العلم','المجلس الثالث: الصلاة',2,NULL,4,5,'جولة دعوية','approved',NULL,'u-admin',1783612205093),
('zls27v','zhl27g','zt27d','1448-02-02','1448-02','تزكية وسلوك','المجلس الخامس: بر الوالدين',2,NULL,11,4,'زيارة مريضة','approved',NULL,'u-admin',1783353005093),
('zls28h','zhl27g','zt27d','1448-01-24','1448-02','مدارسة على بصيرة','المجلس الثالث: الصلاة',1,NULL,7,3,'توزيع مطويات','rejected','يلزم استكمال التقرير',NULL,1781970605093),
('zls292','zhl27g','zt27d','1448-01-22','1448-02','سيرة نبوية','المجلس السادس: حسن الخلق',1,NULL,10,3,'توزيع مطويات','rejected','يلزم استكمال التقرير',NULL,1781711405093),
('zls29q','zhl27g','zt27d','1448-01-16','1448-02','مدارسة على بصيرة','المجلس السادس: حسن الخلق',1,NULL,8,5,'زيارة مريضة','approved',NULL,'u-admin',1784044205093),
('zls2aa','zhl27g','zt27d','1448-01-16','1448-02','آداب طالبة العلم','المجلس الثاني: الإخلاص',2,NULL,9,3,'جولة دعوية','recorded',NULL,NULL,1781106605093),
('zls2be','zhl2b5','zt2b2','1448-01-22','1448-02','تثبيت الحفظ','المجلس الثاني: الإخلاص',1,NULL,7,3,NULL,'rejected','يلزم استكمال التقرير',NULL,1782921005093),
('zls2bo','zhl2b5','zt2b2','1448-01-20','1448-02','مدارسة على بصيرة','المجلس الثاني: الإخلاص',1.5,NULL,5,4,'زيارة مريضة','approved',NULL,'u-admin',1782316205093);
INSERT OR IGNORE INTO lesson_sessions (id,halaqa_id,teacher_id,date_hijri,hijri_month,lesson_title,majlis,duration_hours,materials,attendance_count,self_eval,companion_activities,status,rejection_reason,approved_by,created_at) VALUES
('zls2c1','zhl2b5','zt2b2','1448-01-17','1448-02','تزكية وسلوك','المجلس الثاني: الإخلاص',1,NULL,6,5,'جولة دعوية','recorded',NULL,NULL,1783525805093),
('zls2cw','zhl2ck','zt2ch','1448-01-20','1448-02','تثبيت الحفظ','المجلس الثالث: الصلاة',2,NULL,9,5,'جولة دعوية','rejected','يلزم استكمال التقرير',NULL,1781711405093),
('zls2dd','zhl2ck','zt2ch','1448-01-19','1448-02','تثبيت الحفظ','المجلس الثالث: الصلاة',1,NULL,7,5,'زيارة مريضة','approved',NULL,'u-admin',1781106605093),
('zls2ei','zhl2e2','zt2dz','1448-01-29','1448-02','تزكية وسلوك','المجلس الخامس: بر الوالدين',1.5,NULL,5,5,'زيارة مريضة','approved',NULL,'u-admin',1782229805093),
('zls2f4','zhl2e2','zt2dz','1448-01-19','1448-02','تزكية وسلوك','المجلس الأول: النية',1,NULL,9,3,'توزيع مطويات','approved',NULL,'u-admin',1781106605093),
('zls2g9','zhl2fy','zt2fv','1448-01-20','1448-02','تثبيت الحفظ','المجلس الخامس: بر الوالدين',2,NULL,7,3,'توزيع مطويات','rejected','يلزم استكمال التقرير',NULL,1782661805093),
('zls2gp','zhl2fy','zt2fv','1448-02-02','1448-02','سيرة نبوية','المجلس الثالث: الصلاة',2,NULL,8,4,'زيارة مريضة','recorded',NULL,NULL,1784217005093),
('zls2hk','zhl2ha','zt2h7','1448-01-14','1448-02','سيرة نبوية','المجلس الثالث: الصلاة',1,NULL,5,4,'توزيع مطويات','recorded',NULL,NULL,1780933805093),
('zls2hy','zhl2ha','zt2h7','1448-01-23','1448-02','فقه العبادات','المجلس الثاني: الإخلاص',1.5,NULL,7,4,'جولة دعوية','approved',NULL,'u-admin',1784130605093),
('zls2id','zhl2ha','zt2h7','1448-02-03','1448-02','آداب طالبة العلم','المجلس الثالث: الصلاة',1,NULL,6,4,'جولة دعوية','approved',NULL,'u-admin',1784130605093),
('zls2ir','zhl2ha','zt2h7','1448-01-23','1448-02','تثبيت الحفظ','المجلس الثاني: الإخلاص',1,NULL,5,4,'جولة دعوية','approved',NULL,'u-admin',1781538605093),
('zls2jp','zhl2jd','zt2ja','1448-01-15','1448-02','سيرة نبوية','المجلس السادس: حسن الخلق',1.5,NULL,7,5,'جولة دعوية','approved',NULL,'u-admin',1781711405093),
('zls2k4','zhl2jd','zt2ja','1448-01-19','1448-02','مدارسة على بصيرة','المجلس الأول: النية',1,NULL,6,3,NULL,'approved',NULL,'u-admin',1782229805093),
('zls2l3','zhl2ku','zt2kr','1448-01-27','1448-02','آداب طالبة العلم','المجلس الخامس: بر الوالدين',1.5,NULL,4,5,'زيارة مريضة','approved',NULL,'u-admin',1782402605093),
('zls2lg','zhl2ku','zt2kr','1448-01-15','1448-02','مدارسة على بصيرة','المجلس الخامس: بر الوالدين',1,NULL,7,3,'توزيع مطويات','recorded',NULL,NULL,1782748205093),
('zls2lq','zhl2ku','zt2kr','1448-02-02','1448-02','مدارسة على بصيرة','المجلس الرابع: الصحبة',2,NULL,4,5,NULL,'rejected','يلزم استكمال التقرير',NULL,1781538605093),
('zls2mr','zhl2mg','zt2md','1448-01-15','1448-02','فقه العبادات','المجلس الثاني: الإخلاص',1,NULL,6,5,'جولة دعوية','rejected','يلزم استكمال التقرير',NULL,1784044205093),
('zls2n6','zhl2mg','zt2md','1448-01-29','1448-02','فقه العبادات','المجلس السادس: حسن الخلق',2,NULL,4,3,NULL,'recorded',NULL,NULL,1784130605093),
('zls2o5','zhl2nw','zt2nt','1448-02-03','1448-02','تثبيت الحفظ','المجلس الرابع: الصحبة',1.5,NULL,6,5,'توزيع مطويات','approved',NULL,'u-admin',1783266605093),
('zls2oj','zhl2nw','zt2nt','1448-02-01','1448-02','مدارسة على بصيرة','المجلس الثاني: الإخلاص',2,NULL,4,4,'توزيع مطويات','approved',NULL,'u-admin',1781797805093),
('zls2ov','zhl2nw','zt2nt','1448-01-19','1448-02','تزكية وسلوك','المجلس الخامس: بر الوالدين',1,NULL,6,5,'زيارة مريضة','approved',NULL,'u-admin',1783871405093),
('zls2po','zhl2pf','zt2pc','1448-01-21','1448-02','تثبيت الحفظ','المجلس الرابع: الصحبة',2,NULL,6,4,'توزيع مطويات','recorded',NULL,NULL,1784303405093),
('zls2q3','zhl2pf','zt2pc','1448-01-20','1448-02','مدارسة على بصيرة','المجلس الثاني: الإخلاص',1.5,NULL,5,4,'زيارة مريضة','approved',NULL,'u-admin',1782229805093),
('zls2qe','zhl2pf','zt2pc','1448-01-25','1448-02','تثبيت الحفظ','المجلس الأول: النية',1,NULL,6,5,NULL,'rejected','يلزم استكمال التقرير',NULL,1781279405093),
('zls2rb','zhl2r0','zt2qx','1448-01-25','1448-02','آداب طالبة العلم','المجلس الأول: النية',1,NULL,4,3,'توزيع مطويات','rejected','يلزم استكمال التقرير',NULL,1782834605093),
('zls2rr','zhl2r0','zt2qx','1448-01-15','1448-02','فقه العبادات','المجلس الرابع: الصحبة',1.5,NULL,7,3,'جولة دعوية','approved',NULL,'u-admin',1781625005093),
('zls2s7','zhl2r0','zt2qx','1448-01-25','1448-02','آداب طالبة العلم','المجلس السادس: حسن الخلق',1.5,NULL,6,5,'توزيع مطويات','recorded',NULL,NULL,1781279405093),
('zls2t7','zhl2sv','zt2ss','1448-01-15','1448-02','تزكية وسلوك','المجلس الخامس: بر الوالدين',1.5,NULL,6,5,'زيارة مريضة','approved',NULL,'u-admin',1781884205093),
('zls2tm','zhl2sv','zt2ss','1448-02-02','1448-02','فقه العبادات','المجلس الثاني: الإخلاص',1,NULL,6,5,NULL,'approved',NULL,'u-admin',1783007405093),
('zls2u5','zhl2sv','zt2ss','1448-02-02','1448-02','تثبيت الحفظ','المجلس الخامس: بر الوالدين',1.5,NULL,6,3,NULL,'rejected','يلزم استكمال التقرير',NULL,1781711405093),
('zls2um','zhl2sv','zt2ss','1448-01-26','1448-02','مدارسة على بصيرة','المجلس الأول: النية',1,NULL,8,4,'زيارة مريضة','rejected','يلزم استكمال التقرير',NULL,1783007405093),
('zls2vm','zhl2vd','zt2va','1448-01-23','1448-02','مدارسة على بصيرة','المجلس الثالث: الصلاة',1,NULL,2,3,NULL,'approved',NULL,'u-admin',1782143405093),
('zls2vv','zhl2vd','zt2va','1448-01-24','1448-02','مدارسة على بصيرة','المجلس الرابع: الصحبة',2,NULL,6,4,NULL,'rejected','يلزم استكمال التقرير',NULL,1782834605093),
('zls2w7','zhl2vd','zt2va','1448-02-02','1448-02','مدارسة على بصيرة','المجلس الثالث: الصلاة',1,NULL,7,4,NULL,'approved',NULL,'u-admin',1783266605093),
('zls2wj','zhl2vd','zt2va','1448-01-22','1448-02','تزكية وسلوك','المجلس الرابع: الصحبة',2,NULL,5,3,'زيارة مريضة','rejected','يلزم استكمال التقرير',NULL,1782489005093),
('zls2xi','zhl2x3','zt2x0','1448-01-23','1448-02','تثبيت الحفظ','المجلس الثاني: الإخلاص',1.5,NULL,10,3,NULL,'rejected','يلزم استكمال التقرير',NULL,1782229805093),
('zls2y0','zhl2x3','zt2x0','1448-01-24','1448-02','مدارسة على بصيرة','المجلس الثالث: الصلاة',1.5,NULL,8,4,'توزيع مطويات','rejected','يلزم استكمال التقرير',NULL,1782748205093),
('zls2yk','zhl2x3','zt2x0','1448-02-04','1448-02','تثبيت الحفظ','المجلس الثالث: الصلاة',2,NULL,10,3,'جولة دعوية','recorded',NULL,NULL,1784303405093),
('zls2z8','zhl2x3','zt2x0','1448-02-01','1448-02','سيرة نبوية','المجلس الثالث: الصلاة',1,NULL,7,5,'زيارة مريضة','recorded',NULL,NULL,1781365805093),
('zls30e','zhl2zz','zt2zw','1448-01-17','1448-02','آداب طالبة العلم','المجلس الخامس: بر الوالدين',1,NULL,10,5,'توزيع مطويات','rejected','يلزم استكمال التقرير',NULL,1782661805093),
('zls312','zhl2zz','zt2zw','1448-01-21','1448-02','سيرة نبوية','المجلس الثالث: الصلاة',1,NULL,8,5,'جولة دعوية','approved',NULL,'u-admin',1780933805093),
('zls31o','zhl2zz','zt2zw','1448-02-04','1448-02','فقه العبادات','المجلس السادس: حسن الخلق',1,NULL,11,5,'جولة دعوية','approved',NULL,'u-admin',1783612205093),
('zls34f','zhl344','zt33e','1448-02-03','1448-02','آداب طالبة العلم','المجلس الرابع: الصحبة',2,NULL,5,3,NULL,'recorded',NULL,NULL,1782921005093),
('zls34v','zhl344','zt33e','1448-01-28','1448-02','تزكية وسلوك','المجلس الثالث: الصلاة',1.5,NULL,6,5,NULL,'recorded',NULL,NULL,1783957805093),
('zls35i','zhl359','zt33j','1448-01-15','1448-02','سيرة نبوية','المجلس الأول: النية',2,NULL,5,4,NULL,'recorded',NULL,NULL,1783871405093),
('zls35s','zhl359','zt33j','1448-01-19','1448-02','تزكية وسلوك','المجلس الخامس: بر الوالدين',1.5,NULL,3,4,NULL,'approved',NULL,'u-admin',1783871405093),
('zls36e','zhl365','zt330','1448-01-25','1448-02','تزكية وسلوك','المجلس الثاني: الإخلاص',1.5,NULL,4,5,NULL,'approved',NULL,'u-admin',1784303405093),
('zls36r','zhl365','zt330','1448-02-01','1448-02','فقه العبادات','المجلس الأول: النية',1,NULL,6,5,NULL,'approved',NULL,'u-admin',1782921005093),
('zls372','zhl365','zt330','1448-01-15','1448-02','فقه العبادات','المجلس الثاني: الإخلاص',1.5,NULL,6,3,NULL,'recorded',NULL,NULL,1783698605093),
('zls37p','zhl37e','zt33v','1448-01-24','1448-02','مدارسة على بصيرة','المجلس السادس: حسن الخلق',1.5,NULL,5,3,NULL,'recorded',NULL,NULL,1783093805093),
('zls385','zhl37e','zt33v','1448-01-21','1448-02','آداب طالبة العلم','المجلس الخامس: بر الوالدين',2,NULL,7,5,NULL,'approved',NULL,'u-admin',1783180205093),
('zls38x','zhl38m','zt335','1448-01-27','1448-02','تزكية وسلوك','المجلس الخامس: بر الوالدين',1,NULL,7,4,NULL,'approved',NULL,'u-admin',1783353005093),
('zls39a','zhl38m','zt335','1448-01-18','1448-02','سيرة نبوية','المجلس السادس: حسن الخلق',1.5,NULL,7,3,NULL,'approved',NULL,'u-admin',1783180205093),
('zls39w','zhl39m','zt332','1448-01-17','1448-02','تثبيت الحفظ','المجلس الأول: النية',1.5,NULL,4,3,NULL,'approved',NULL,'u-admin',1783612205093),
('zls3a9','zhl39m','zt332','1448-01-27','1448-02','تزكية وسلوك','المجلس الثالث: الصلاة',1,NULL,7,3,NULL,'approved',NULL,'u-admin',1783871405093),
('zls3al','zhl39m','zt332','1448-01-16','1448-02','سيرة نبوية','المجلس الأول: النية',1,NULL,4,3,NULL,'recorded',NULL,NULL,1783525805093),
('zls3ba','zhl3b0','zt330','1448-01-29','1448-02','تزكية وسلوك','المجلس الثاني: الإخلاص',1.5,NULL,2,3,NULL,'approved',NULL,'u-admin',1783698605093),
('zls3bp','zhl3b0','zt330','1448-01-28','1448-02','تزكية وسلوك','المجلس الثاني: الإخلاص',1.5,NULL,7,5,NULL,'approved',NULL,'u-admin',1783093805093),
('zls3cd','zhl3c3','zt33c','1448-01-16','1448-02','تزكية وسلوك','المجلس الرابع: الصحبة',1.5,NULL,6,3,NULL,'recorded',NULL,NULL,1783007405093),
('zls3cq','zhl3c3','zt33c','1448-01-16','1448-02','تزكية وسلوك','المجلس الخامس: بر الوالدين',1,NULL,5,4,NULL,'recorded',NULL,NULL,1782834605093);
INSERT OR IGNORE INTO lesson_sessions (id,halaqa_id,teacher_id,date_hijri,hijri_month,lesson_title,majlis,duration_hours,materials,attendance_count,self_eval,companion_activities,status,rejection_reason,approved_by,created_at) VALUES
('zls3d5','zhl3c3','zt33c','1448-02-01','1448-02','تثبيت الحفظ','المجلس الأول: النية',1.5,NULL,6,4,NULL,'approved',NULL,'u-admin',1784303405093),
('zls3dj','zhl3c3','zt33c','1448-01-28','1448-02','فقه العبادات','المجلس الأول: النية',2,NULL,6,4,NULL,'approved',NULL,'u-admin',1783871405093),
('zls3e3','zhl3dv','zt330','1448-01-29','1448-02','تثبيت الحفظ','المجلس الرابع: الصحبة',1,NULL,7,3,NULL,'approved',NULL,'u-admin',1783093805093),
('zls3eg','zhl3dv','zt330','1448-01-17','1448-02','تثبيت الحفظ','المجلس الثالث: الصلاة',1,NULL,4,4,NULL,'approved',NULL,'u-admin',1783439405093),
('zls3ep','zhl3dv','zt330','1448-01-19','1448-02','آداب طالبة العلم','المجلس الخامس: بر الوالدين',1.5,NULL,3,3,NULL,'approved',NULL,'u-admin',1783871405093),
('zls3fa','zhl3ez','zt33b','1448-01-13','1448-02','مدارسة على بصيرة','المجلس الأول: النية',1.5,NULL,1,3,NULL,'approved',NULL,'u-admin',1783785005093),
('zls3fn','zhl3ez','zt33b','1448-01-21','1448-02','تثبيت الحفظ','المجلس السادس: حسن الخلق',2,NULL,4,5,NULL,'recorded',NULL,NULL,1783525805093),
('zls3ge','zhl3g4','zt334','1448-01-22','1448-02','فقه العبادات','المجلس الخامس: بر الوالدين',2,NULL,5,4,NULL,'approved',NULL,'u-admin',1783439405093),
('zls3gr','zhl3g4','zt334','1448-01-28','1448-02','تثبيت الحفظ','المجلس الثالث: الصلاة',1,NULL,5,3,NULL,'recorded',NULL,NULL,1784044205093),
('zls3h5','zhl3g4','zt334','1448-02-02','1448-02','تثبيت الحفظ','المجلس الخامس: بر الوالدين',1,NULL,4,5,NULL,'approved',NULL,'u-admin',1783525805093),
('zls3hs','zhl3hk','zt33l','1448-01-26','1448-02','تزكية وسلوك','المجلس الثاني: الإخلاص',1,NULL,6,3,NULL,'recorded',NULL,NULL,1783698605093),
('zls3i3','zhl3hk','zt33l','1448-01-14','1448-02','مدارسة على بصيرة','المجلس الثاني: الإخلاص',2,NULL,2,5,NULL,'approved',NULL,'u-admin',1782748205093),
('zls3ie','zhl3hk','zt33l','1448-01-23','1448-02','سيرة نبوية','المجلس الخامس: بر الوالدين',1,NULL,4,4,NULL,'approved',NULL,'u-admin',1784217005093),
('zls3iy','zhl3ip','zt33o','1448-01-16','1448-02','فقه العبادات','المجلس الخامس: بر الوالدين',1,NULL,7,4,NULL,'approved',NULL,'u-admin',1783439405093),
('zls3jk','zhl3ja','zt335','1448-01-23','1448-02','سيرة نبوية','المجلس الأول: النية',2,NULL,5,5,NULL,'approved',NULL,'u-admin',1783266605093),
('zls3jw','zhl3ja','zt335','1448-01-20','1448-02','فقه العبادات','المجلس الأول: النية',1.5,NULL,4,3,NULL,'recorded',NULL,NULL,1783093805093),
('zls3k8','zhl3ja','zt335','1448-01-19','1448-02','سيرة نبوية','المجلس الأول: النية',1.5,NULL,5,3,NULL,'approved',NULL,'u-admin',1784130605093),
('zls3kw','zhl3km','zt332','1448-01-16','1448-02','سيرة نبوية','المجلس الثالث: الصلاة',2,NULL,5,4,NULL,'approved',NULL,'u-admin',1782834605093),
('zls3l9','zhl3km','zt332','1448-01-21','1448-02','فقه العبادات','المجلس الرابع: الصحبة',1.5,NULL,5,3,NULL,'approved',NULL,'u-admin',1783439405093),
('zls3lo','zhl3km','zt332','1448-01-25','1448-02','سيرة نبوية','المجلس الثاني: الإخلاص',1.5,NULL,3,3,NULL,'approved',NULL,'u-admin',1782661805093),
('zls3m9','zhl3m1','zt335','1448-02-02','1448-02','تثبيت الحفظ','المجلس السادس: حسن الخلق',2,NULL,4,4,NULL,'recorded',NULL,NULL,1784303405093),
('zls3mj','zhl3m1','zt335','1448-01-19','1448-02','سيرة نبوية','المجلس السادس: حسن الخلق',1,NULL,5,4,NULL,'recorded',NULL,NULL,1783353005093),
('zls3n5','zhl3my','zt341','1448-01-17','1448-02','آداب طالبة العلم','المجلس الثاني: الإخلاص',1,NULL,4,4,NULL,'approved',NULL,'u-admin',1783007405093),
('zls3nf','zhl3my','zt341','1448-02-04','1448-02','سيرة نبوية','المجلس الخامس: بر الوالدين',1.5,NULL,3,3,NULL,'recorded',NULL,NULL,1783957805093),
('zls3nr','zhl3my','zt341','1448-01-21','1448-02','سيرة نبوية','المجلس الخامس: بر الوالدين',1.5,NULL,0,5,NULL,'approved',NULL,'u-admin',1784217005093),
('zls3oa','zhl3o2','zt33f','1448-01-26','1448-02','مدارسة على بصيرة','المجلس الخامس: بر الوالدين',2,NULL,4,3,NULL,'approved',NULL,'u-admin',1782748205093),
('zls3on','zhl3o2','zt33f','1448-02-04','1448-02','مدارسة على بصيرة','المجلس الأول: النية',2,NULL,4,3,NULL,'recorded',NULL,NULL,1783180205093),
('zls3oz','zhl3o2','zt33f','1448-01-14','1448-02','تزكية وسلوك','المجلس الثاني: الإخلاص',2,NULL,3,3,NULL,'approved',NULL,'u-admin',1783698605093),
('zls3pj','zhl3pa','zt33p','1448-01-13','1448-02','فقه العبادات','المجلس الثالث: الصلاة',2,NULL,6,4,NULL,'approved',NULL,'u-admin',1783353005093),
('zls3q4','zhl3pv','zt33g','1448-01-24','1448-02','سيرة نبوية','المجلس الرابع: الصحبة',2,NULL,7,3,NULL,'approved',NULL,'u-admin',1783698605093),
('zls3qf','zhl3pv','zt33g','1448-01-13','1448-02','تثبيت الحفظ','المجلس السادس: حسن الخلق',1,NULL,6,5,NULL,'approved',NULL,'u-admin',1782748205093),
('zls3qq','zhl3pv','zt33g','1448-01-17','1448-02','تزكية وسلوك','المجلس الأول: النية',2,NULL,3,4,NULL,'approved',NULL,'u-admin',1783353005093),
('zls3r3','zhl3pv','zt33g','1448-01-23','1448-02','سيرة نبوية','المجلس الأول: النية',1.5,NULL,6,5,NULL,'approved',NULL,'u-admin',1783007405093),
('zls3rl','zhl3rd','zt331','1448-01-29','1448-02','سيرة نبوية','المجلس الثالث: الصلاة',1.5,NULL,4,4,NULL,'approved',NULL,'u-admin',1784044205093),
('zls3s8','zhl3rx','zt336','1448-02-04','1448-02','مدارسة على بصيرة','المجلس الرابع: الصحبة',1.5,NULL,6,4,NULL,'approved',NULL,'u-admin',1783871405093),
('zls3sk','zhl3rx','zt336','1448-01-25','1448-02','آداب طالبة العلم','المجلس الثاني: الإخلاص',1,NULL,8,3,NULL,'approved',NULL,'u-admin',1783698605093),
('zls3ta','zhl3sy','zt33e','1448-01-25','1448-02','آداب طالبة العلم','المجلس الأول: النية',1.5,NULL,5,4,NULL,'recorded',NULL,NULL,1783007405093),
('zls3u2','zhl3ts','zt33f','1448-01-23','1448-02','سيرة نبوية','المجلس الثالث: الصلاة',2,NULL,6,5,NULL,'recorded',NULL,NULL,1784217005093),
('zls3uo','zhl3uf','zt33n','1448-02-03','1448-02','تزكية وسلوك','المجلس الثالث: الصلاة',1.5,NULL,4,5,NULL,'approved',NULL,'u-admin',1783871405093),
('zls3v0','zhl3uf','zt33n','1448-02-01','1448-02','آداب طالبة العلم','المجلس الثالث: الصلاة',1,NULL,4,3,NULL,'recorded',NULL,NULL,1783698605093),
('zls3vc','zhl3uf','zt33n','1448-02-01','1448-02','سيرة نبوية','المجلس الثالث: الصلاة',1,NULL,6,5,NULL,'approved',NULL,'u-admin',1782921005093),
('zls3vo','zhl3uf','zt33n','1448-01-19','1448-02','فقه العبادات','المجلس السادس: حسن الخلق',1.5,NULL,4,4,NULL,'approved',NULL,'u-admin',1784130605093),
('zls3wa','zhl3vz','zt33e','1448-01-22','1448-02','تزكية وسلوك','المجلس الرابع: الصحبة',2,NULL,10,4,NULL,'approved',NULL,'u-admin',1783785005093),
('zls3wq','zhl3vz','zt33e','1448-01-26','1448-02','فقه العبادات','المجلس الخامس: بر الوالدين',2,NULL,8,3,NULL,'recorded',NULL,NULL,1783612205093),
('zls3x4','zhl3vz','zt33e','1448-02-02','1448-02','فقه العبادات','المجلس الخامس: بر الوالدين',2,NULL,6,4,NULL,'approved',NULL,'u-admin',1783439405093),
('zls3xv','zhl3xj','zt338','1448-01-21','1448-02','سيرة نبوية','المجلس الرابع: الصحبة',2,NULL,6,5,NULL,'approved',NULL,'u-admin',1783353005093),
('zls3ya','zhl3xj','zt338','1448-02-01','1448-02','آداب طالبة العلم','المجلس الثالث: الصلاة',1.5,NULL,5,5,NULL,'approved',NULL,'u-admin',1783957805093),
('zls3yr','zhl3xj','zt338','1448-01-13','1448-02','آداب طالبة العلم','المجلس الثاني: الإخلاص',1,NULL,6,3,NULL,'approved',NULL,'u-admin',1782834605093),
('zls3zi','zhl3z7','zt337','1448-01-17','1448-02','مدارسة على بصيرة','المجلس الثاني: الإخلاص',1.5,NULL,6,3,NULL,'recorded',NULL,NULL,1784217005093),
('zls3zv','zhl3z7','zt337','1448-01-27','1448-02','آداب طالبة العلم','المجلس الخامس: بر الوالدين',2,NULL,5,3,NULL,'approved',NULL,'u-admin',1783871405093),
('zls40j','zhl40a','zt340','1448-01-29','1448-02','آداب طالبة العلم','المجلس السادس: حسن الخلق',1,NULL,4,5,NULL,'approved',NULL,'u-admin',1783266605093),
('zls40u','zhl40a','zt340','1448-01-17','1448-02','تثبيت الحفظ','المجلس الخامس: بر الوالدين',2,NULL,3,5,NULL,'approved',NULL,'u-admin',1783525805093),
('zls41j','zhl418','zt33l','1448-01-29','1448-02','آداب طالبة العلم','المجلس الثاني: الإخلاص',1.5,NULL,6,4,NULL,'approved',NULL,'u-admin',1783266605093),
('zls41y','zhl418','zt33l','1448-01-24','1448-02','فقه العبادات','المجلس السادس: حسن الخلق',2,NULL,5,5,NULL,'approved',NULL,'u-admin',1783266605093),
('zls42d','zhl418','zt33l','1448-02-03','1448-02','سيرة نبوية','المجلس الأول: النية',2,NULL,3,5,NULL,'approved',NULL,'u-admin',1783266605093),
('zls433','zhl42t','zt33h','1448-02-04','1448-02','تزكية وسلوك','المجلس الأول: النية',1.5,NULL,7,4,NULL,'recorded',NULL,NULL,1783957805093),
('zls43v','zhl43j','zt33u','1448-01-15','1448-02','فقه العبادات','المجلس الثاني: الإخلاص',2,NULL,6,4,NULL,'recorded',NULL,NULL,1784044205093),
('zls449','zhl43j','zt33u','1448-01-23','1448-02','فقه العبادات','المجلس السادس: حسن الخلق',2,NULL,8,3,NULL,'approved',NULL,'u-admin',1783266605093),
('zls452','zhl44r','zt33b','1448-01-18','1448-02','مدارسة على بصيرة','المجلس الرابع: الصحبة',1.5,NULL,7,4,NULL,'approved',NULL,'u-admin',1783785005093),
('zls45i','zhl44r','zt33b','1448-01-20','1448-02','تزكية وسلوك','المجلس الخامس: بر الوالدين',2,NULL,5,3,NULL,'approved',NULL,'u-admin',1782661805093);
INSERT OR IGNORE INTO lesson_sessions (id,halaqa_id,teacher_id,date_hijri,hijri_month,lesson_title,majlis,duration_hours,materials,attendance_count,self_eval,companion_activities,status,rejection_reason,approved_by,created_at) VALUES
('zls45x','zhl44r','zt33b','1448-02-01','1448-02','تزكية وسلوك','المجلس السادس: حسن الخلق',1,NULL,4,4,NULL,'approved',NULL,'u-admin',1782834605093),
('zls46d','zhl44r','zt33b','1448-01-24','1448-02','فقه العبادات','المجلس الثالث: الصلاة',1.5,NULL,4,5,NULL,'approved',NULL,'u-admin',1782661805093),
('zls475','zhl46s','zt334','1448-01-28','1448-02','فقه العبادات','المجلس الثالث: الصلاة',2,NULL,6,4,NULL,'approved',NULL,'u-admin',1783266605093),
('zls47o','zhl46s','zt334','1448-01-27','1448-02','تثبيت الحفظ','المجلس السادس: حسن الخلق',1,NULL,8,4,NULL,'approved',NULL,'u-admin',1782748205093),
('zls486','zhl46s','zt334','1448-01-13','1448-02','تزكية وسلوك','المجلس الثاني: الإخلاص',1,NULL,8,4,NULL,'approved',NULL,'u-admin',1784044205093),
('zls491','zhl48r','zt33u','1448-01-25','1448-02','آداب طالبة العلم','المجلس الخامس: بر الوالدين',2,NULL,4,4,NULL,'approved',NULL,'u-admin',1783612205093),
('zls49f','zhl48r','zt33u','1448-01-18','1448-02','آداب طالبة العلم','المجلس الرابع: الصحبة',2,NULL,6,3,NULL,'recorded',NULL,NULL,1783612205093),
('zls49u','zhl48r','zt33u','1448-01-19','1448-02','تزكية وسلوك','المجلس الثالث: الصلاة',1.5,NULL,5,4,NULL,'approved',NULL,'u-admin',1783957805093),
('zls4a7','zhl48r','zt33u','1448-02-04','1448-02','تثبيت الحفظ','المجلس الثاني: الإخلاص',2,NULL,5,5,NULL,'recorded',NULL,NULL,1782921005093),
('zls4at','zhl4al','zt337','1448-01-15','1448-02','مدارسة على بصيرة','المجلس الخامس: بر الوالدين',1.5,NULL,4,4,NULL,'approved',NULL,'u-admin',1783871405093),
('zls4b2','zhl4al','zt337','1448-02-02','1448-02','سيرة نبوية','المجلس الخامس: بر الوالدين',1,NULL,5,4,NULL,'approved',NULL,'u-admin',1784044205093),
('zls4bd','zhl4al','zt337','1448-01-22','1448-02','فقه العبادات','المجلس السادس: حسن الخلق',2,NULL,4,4,NULL,'approved',NULL,'u-admin',1782921005093),
('zls4bu','zhl4bn','zt335','1448-01-29','1448-02','سيرة نبوية','المجلس الرابع: الصحبة',1,NULL,5,4,NULL,'approved',NULL,'u-admin',1783266605093),
('zls4c2','zhl4bn','zt335','1448-01-26','1448-02','سيرة نبوية','المجلس الثالث: الصلاة',1.5,NULL,2,5,NULL,'approved',NULL,'u-admin',1783871405093),
('zls4cd','zhl4bn','zt335','1448-01-27','1448-02','فقه العبادات','المجلس الثالث: الصلاة',1,NULL,6,5,NULL,'approved',NULL,'u-admin',1784130605093),
('zls4cv','zhl4cn','zt33a','1448-02-03','1448-02','فقه العبادات','المجلس الرابع: الصحبة',2,NULL,2,4,NULL,'approved',NULL,'u-admin',1782834605093),
('zls4de','zhl4d4','zt33k','1448-01-23','1448-02','تثبيت الحفظ','المجلس الثاني: الإخلاص',1,NULL,6,3,NULL,'recorded',NULL,NULL,1782834605093),
('zls4e2','zhl4du','zt338','1448-01-19','1448-02','تزكية وسلوك','المجلس الثالث: الصلاة',2,NULL,3,5,NULL,'approved',NULL,'u-admin',1784044205093),
('zls4el','zhl4ec','zt33y','1448-01-13','1448-02','سيرة نبوية','المجلس الثاني: الإخلاص',1,NULL,5,4,NULL,'approved',NULL,'u-admin',1784044205093),
('zls4ew','zhl4ec','zt33y','1448-01-19','1448-02','فقه العبادات','المجلس الخامس: بر الوالدين',1,NULL,5,4,NULL,'recorded',NULL,NULL,1782921005093),
('zls4fg','zhl4f8','zt33e','1448-01-29','1448-02','مدارسة على بصيرة','المجلس الثاني: الإخلاص',1.5,NULL,3,4,NULL,'approved',NULL,'u-admin',1783353005093),
('zls4fr','zhl4f8','zt33e','1448-01-13','1448-02','تثبيت الحفظ','المجلس الأول: النية',2,NULL,5,3,NULL,'recorded',NULL,NULL,1783525805093),
('zls4g1','zhl4f8','zt33e','1448-01-14','1448-02','تزكية وسلوك','المجلس الثاني: الإخلاص',1.5,NULL,5,3,NULL,'approved',NULL,'u-admin',1783698605093),
('zls4gn','zhl4gc','zt32x','1448-01-21','1448-02','تزكية وسلوك','المجلس الثاني: الإخلاص',1,NULL,8,5,NULL,'approved',NULL,'u-admin',1783093805093),
('zls4h2','zhl4gc','zt32x','1448-01-15','1448-02','تثبيت الحفظ','المجلس الثاني: الإخلاص',1.5,NULL,6,5,NULL,'approved',NULL,'u-admin',1782661805093),
('zls4hg','zhl4gc','zt32x','1448-01-25','1448-02','تثبيت الحفظ','المجلس السادس: حسن الخلق',1.5,NULL,6,4,NULL,'recorded',NULL,NULL,1783180205093),
('zls4hw','zhl4gc','zt32x','1448-02-01','1448-02','تزكية وسلوك','المجلس السادس: حسن الخلق',2,NULL,6,4,NULL,'approved',NULL,'u-admin',1782661805093),
('zls4ik','zhl4ib','zt33e','1448-01-23','1448-02','مدارسة على بصيرة','المجلس الخامس: بر الوالدين',1.5,NULL,6,5,NULL,'recorded',NULL,NULL,1782834605093),
('zls4iw','zhl4ib','zt33e','1448-01-29','1448-02','مدارسة على بصيرة','المجلس الخامس: بر الوالدين',1.5,NULL,5,3,NULL,'approved',NULL,'u-admin',1783957805093),
('zls4jh','zhl4j9','zt33u','1448-01-23','1448-02','مدارسة على بصيرة','المجلس الخامس: بر الوالدين',2,NULL,4,5,NULL,'approved',NULL,'u-admin',1784130605093),
('zls4k2','zhl4js','zt33z','1448-02-03','1448-02','فقه العبادات','المجلس الأول: النية',1,NULL,7,3,NULL,'recorded',NULL,NULL,1783180205093),
('zls4kh','zhl4js','zt33z','1448-02-03','1448-02','تثبيت الحفظ','المجلس الرابع: الصحبة',2,NULL,3,4,NULL,'approved',NULL,'u-admin',1783266605093),
('zls4l4','zhl4kt','zt341','1448-01-23','1448-02','سيرة نبوية','المجلس السادس: حسن الخلق',1,NULL,7,3,NULL,'recorded',NULL,NULL,1783871405093),
('zls4lt','zhl4lj','zt33c','1448-01-29','1448-02','سيرة نبوية','المجلس السادس: حسن الخلق',1.5,NULL,6,4,NULL,'approved',NULL,'u-admin',1783266605093),
('zls4mf','zhl4m7','zt32y','1448-01-14','1448-02','تثبيت الحفظ','المجلس الرابع: الصحبة',2,NULL,6,5,NULL,'approved',NULL,'u-admin',1783785005093),
('zls4mp','zhl4m7','zt32y','1448-02-02','1448-02','تثبيت الحفظ','المجلس الرابع: الصحبة',1.5,NULL,4,4,NULL,'approved',NULL,'u-admin',1783439405093),
('zls4mz','zhl4m7','zt32y','1448-01-23','1448-02','تزكية وسلوك','المجلس الأول: النية',1.5,NULL,3,4,NULL,'approved',NULL,'u-admin',1784217005093),
('zls4n8','zhl4m7','zt32y','1448-01-21','1448-02','فقه العبادات','المجلس السادس: حسن الخلق',2,NULL,3,5,NULL,'approved',NULL,'u-admin',1783093805093),
('zls4nr','zhl4ni','zt336','1448-02-03','1448-02','سيرة نبوية','المجلس الأول: النية',1,NULL,7,3,NULL,'approved',NULL,'u-admin',1784130605093),
('zls4og','zhl4o5','zt33a','1448-01-16','1448-02','تزكية وسلوك','المجلس الثالث: الصلاة',2,NULL,4,3,NULL,'approved',NULL,'u-admin',1783698605093),
('zls4p4','zhl4ov','zt334','1448-01-23','1448-02','تثبيت الحفظ','المجلس الثاني: الإخلاص',1,NULL,6,5,NULL,'approved',NULL,'u-admin',1783785005093),
('zls4pi','zhl4ov','zt334','1448-01-19','1448-02','تثبيت الحفظ','المجلس الأول: النية',2,NULL,5,4,NULL,'approved',NULL,'u-admin',1784044205093),
('zls4pw','zhl4ov','zt334','1448-01-24','1448-02','آداب طالبة العلم','المجلس الخامس: بر الوالدين',2,NULL,6,4,NULL,'approved',NULL,'u-admin',1782834605093),
('zls4qm','zhl4qa','zt33b','1448-01-14','1448-02','مدارسة على بصيرة','المجلس الثاني: الإخلاص',1.5,NULL,10,4,NULL,'recorded',NULL,NULL,1784130605093),
('zls4rc','zhl4r2','zt337','1448-01-16','1448-02','سيرة نبوية','المجلس الثالث: الصلاة',2,NULL,5,3,NULL,'approved',NULL,'u-admin',1783871405093),
('zls4rp','zhl4r2','zt337','1448-01-21','1448-02','مدارسة على بصيرة','المجلس الرابع: الصحبة',1.5,NULL,5,5,NULL,'approved',NULL,'u-admin',1782661805093),
('zls4s3','zhl4r2','zt337','1448-01-22','1448-02','تزكية وسلوك','المجلس الأول: النية',2,NULL,9,3,NULL,'approved',NULL,'u-admin',1782834605093),
('zls4ss','zhl4sh','zt33c','1448-01-18','1448-02','سيرة نبوية','المجلس الرابع: الصحبة',1.5,NULL,6,3,NULL,'approved',NULL,'u-admin',1783180205093),
('zls4t9','zhl4sh','zt33c','1448-02-01','1448-02','آداب طالبة العلم','المجلس الثالث: الصلاة',1.5,NULL,6,4,NULL,'recorded',NULL,NULL,1784044205093),
('zls4tx','zhl4tm','zt33u','1448-01-18','1448-02','مدارسة على بصيرة','المجلس الثالث: الصلاة',2,NULL,6,5,NULL,'approved',NULL,'u-admin',1783525805093),
('zls4ue','zhl4tm','zt33u','1448-02-01','1448-02','آداب طالبة العلم','المجلس الخامس: بر الوالدين',2,NULL,6,4,NULL,'recorded',NULL,NULL,1784130605093),
('zls4us','zhl4tm','zt33u','1448-01-28','1448-02','آداب طالبة العلم','المجلس الثاني: الإخلاص',1,NULL,7,4,NULL,'recorded',NULL,NULL,1783180205093),
('zls4v7','zhl4tm','zt33u','1448-01-18','1448-02','مدارسة على بصيرة','المجلس الأول: النية',1,NULL,7,4,NULL,'recorded',NULL,NULL,1783180205093),
('zls4vu','zhl4vm','zt33h','1448-01-19','1448-02','مدارسة على بصيرة','المجلس الأول: النية',1.5,NULL,6,4,NULL,'approved',NULL,'u-admin',1784217005093),
('zls4w8','zhl4vm','zt33h','1448-01-13','1448-02','آداب طالبة العلم','المجلس الثاني: الإخلاص',2,NULL,3,5,NULL,'approved',NULL,'u-admin',1783525805093),
('zls4wj','zhl4vm','zt33h','1448-01-13','1448-02','تزكية وسلوك','المجلس الثالث: الصلاة',1,NULL,5,4,NULL,'recorded',NULL,NULL,1783957805093),
('zls4x4','zhl4wt','zt330','1448-01-28','1448-02','مدارسة على بصيرة','المجلس الخامس: بر الوالدين',1,NULL,6,5,NULL,'approved',NULL,'u-admin',1784217005093),
('zls4xm','zhl4wt','zt330','1448-02-03','1448-02','فقه العبادات','المجلس الثالث: الصلاة',1.5,NULL,8,3,NULL,'approved',NULL,'u-admin',1782921005093),
('zls4y9','zhl4y0','zt33c','1448-01-16','1448-02','فقه العبادات','المجلس السادس: حسن الخلق',2,NULL,5,5,NULL,'approved',NULL,'u-admin',1784044205093),
('zls4yl','zhl4y0','zt33c','1448-01-29','1448-02','فقه العبادات','المجلس السادس: حسن الخلق',1,NULL,8,3,NULL,'approved',NULL,'u-admin',1784044205093);
INSERT OR IGNORE INTO lesson_sessions (id,halaqa_id,teacher_id,date_hijri,hijri_month,lesson_title,majlis,duration_hours,materials,attendance_count,self_eval,companion_activities,status,rejection_reason,approved_by,created_at) VALUES
('zls4za','zhl4yx','zt33t','1448-01-19','1448-02','تزكية وسلوك','المجلس الثاني: الإخلاص',2,NULL,8,4,NULL,'approved',NULL,'u-admin',1783353005093),
('zls501','zhl4zr','zt338','1448-02-02','1448-02','فقه العبادات','المجلس الأول: النية',1.5,NULL,4,3,NULL,'approved',NULL,'u-admin',1783612205093),
('zls50g','zhl4zr','zt338','1448-01-24','1448-02','سيرة نبوية','المجلس الأول: النية',2,NULL,3,3,NULL,'recorded',NULL,NULL,1782921005093),
('zls50u','zhl4zr','zt338','1448-01-26','1448-02','آداب طالبة العلم','المجلس الأول: النية',1.5,NULL,4,5,NULL,'approved',NULL,'u-admin',1784130605093),
('zls51n','zhl519','zt336','1448-01-29','1448-02','آداب طالبة العلم','المجلس الثالث: الصلاة',1.5,NULL,7,3,NULL,'approved',NULL,'u-admin',1784130605093),
('zls525','zhl519','zt336','1448-01-26','1448-02','فقه العبادات','المجلس السادس: حسن الخلق',1,NULL,9,4,NULL,'approved',NULL,'u-admin',1782661805093),
('zls52n','zhl519','zt336','1448-01-21','1448-02','سيرة نبوية','المجلس الرابع: الصحبة',1,NULL,8,3,NULL,'recorded',NULL,NULL,1783266605093),
('zls53e','zhl532','zt32y','1448-01-17','1448-02','آداب طالبة العلم','المجلس السادس: حسن الخلق',2,NULL,8,4,NULL,'approved',NULL,'u-admin',1783093805093),
('zls53w','zhl532','zt32y','1448-01-13','1448-02','سيرة نبوية','المجلس الخامس: بر الوالدين',1,NULL,6,3,NULL,'recorded',NULL,NULL,1782661805093),
('zls54m','zhl54c','zt342','1448-01-22','1448-02','تزكية وسلوك','المجلس السادس: حسن الخلق',2,NULL,6,4,NULL,'approved',NULL,'u-admin',1783266605093),
('zls552','zhl54c','zt342','1448-01-26','1448-02','آداب طالبة العلم','المجلس الثالث: الصلاة',2,NULL,4,3,NULL,'approved',NULL,'u-admin',1784303405093),
('zls55g','zhl54c','zt342','1448-01-14','1448-02','مدارسة على بصيرة','المجلس الثاني: الإخلاص',1,NULL,6,3,NULL,'approved',NULL,'u-admin',1783698605093),
('zls564','zhl55v','zt32y','1448-01-26','1448-02','تزكية وسلوك','المجلس الرابع: الصحبة',1,NULL,6,3,NULL,'approved',NULL,'u-admin',1783353005093),
('zls56t','zhl56e','zt33n','1448-01-26','1448-02','آداب طالبة العلم','المجلس السادس: حسن الخلق',2,NULL,8,5,NULL,'recorded',NULL,NULL,1783871405093),
('zls57f','zhl56e','zt33n','1448-01-16','1448-02','فقه العبادات','المجلس الثاني: الإخلاص',1.5,NULL,9,4,NULL,'recorded',NULL,NULL,1783957805093),
('zls582','zhl56e','zt33n','1448-01-29','1448-02','سيرة نبوية','المجلس الثالث: الصلاة',2,NULL,9,4,NULL,'approved',NULL,'u-admin',1783007405093),
('zls58v','zhl58m','zt33v','1448-02-01','1448-02','سيرة نبوية','المجلس الأول: النية',1.5,NULL,6,5,NULL,'approved',NULL,'u-admin',1782661805093),
('zls599','zhl58m','zt33v','1448-02-02','1448-02','تثبيت الحفظ','المجلس السادس: حسن الخلق',2,NULL,6,5,NULL,'approved',NULL,'u-admin',1784130605093),
('zls59v','zhl59l','zt33w','1448-01-26','1448-02','فقه العبادات','المجلس الثاني: الإخلاص',1,NULL,6,5,NULL,'recorded',NULL,NULL,1782834605093),
('zls5a7','zhl59l','zt33w','1448-01-23','1448-02','فقه العبادات','المجلس الرابع: الصحبة',1,NULL,7,3,NULL,'approved',NULL,'u-admin',1784303405093),
('zls5al','zhl59l','zt33w','1448-01-15','1448-02','سيرة نبوية','المجلس الأول: النية',1.5,NULL,6,5,NULL,'recorded',NULL,NULL,1782921005093),
('zls5bb','zhl5az','zt332','1448-01-21','1448-02','تثبيت الحفظ','المجلس الثالث: الصلاة',1,NULL,6,3,NULL,'recorded',NULL,NULL,1783266605093),
('zls5bt','zhl5az','zt332','1448-02-02','1448-02','آداب طالبة العلم','المجلس الأول: النية',2,NULL,6,5,NULL,'recorded',NULL,NULL,1782661805093),
('zls5ci','zhl5ca','zt338','1448-01-23','1448-02','فقه العبادات','المجلس الأول: النية',1,NULL,6,5,NULL,'approved',NULL,'u-admin',1783266605093),
('zls5cs','zhl5ca','zt338','1448-01-21','1448-02','آداب طالبة العلم','المجلس الخامس: بر الوالدين',1,NULL,6,4,NULL,'recorded',NULL,NULL,1783957805093),
('zls5d2','zhl5ca','zt338','1448-01-21','1448-02','تزكية وسلوك','المجلس الخامس: بر الوالدين',2,NULL,2,4,NULL,'recorded',NULL,NULL,1784303405093),
('zls5dn','zhl5dc','zt33o','1448-01-15','1448-02','تثبيت الحفظ','المجلس الثالث: الصلاة',1,NULL,6,5,NULL,'approved',NULL,'u-admin',1782748205093),
('zls5ed','zhl5e4','zt33b','1448-01-21','1448-02','تثبيت الحفظ','المجلس السادس: حسن الخلق',1,NULL,6,3,NULL,'approved',NULL,'u-admin',1783439405093),
('zls5ep','zhl5e4','zt33b','1448-01-15','1448-02','مدارسة على بصيرة','المجلس السادس: حسن الخلق',2,NULL,5,3,NULL,'approved',NULL,'u-admin',1783007405093),
('zls5fe','zhl5f1','zt33d','1448-01-28','1448-02','فقه العبادات','المجلس الثالث: الصلاة',2,NULL,5,5,NULL,'approved',NULL,'u-admin',1783525805093),
('zls5fw','zhl5f1','zt33d','1448-02-04','1448-02','تزكية وسلوك','المجلس الخامس: بر الوالدين',1,NULL,9,5,NULL,'approved',NULL,'u-admin',1783007405093),
('zls5ge','zhl5f1','zt33d','1448-01-22','1448-02','مدارسة على بصيرة','المجلس الثاني: الإخلاص',1,NULL,8,3,NULL,'approved',NULL,'u-admin',1783093805093),
('zls5h5','zhl5gv','zt336','1448-01-18','1448-02','مدارسة على بصيرة','المجلس الثالث: الصلاة',1,NULL,6,5,NULL,'approved',NULL,'u-admin',1783093805093),
('zls5hi','zhl5gv','zt336','1448-01-27','1448-02','تثبيت الحفظ','المجلس الخامس: بر الوالدين',2,NULL,5,4,NULL,'recorded',NULL,NULL,1783525805093),
('zls5hu','zhl5gv','zt336','1448-01-13','1448-02','فقه العبادات','المجلس الأول: النية',1.5,NULL,8,3,NULL,'recorded',NULL,NULL,1783957805093),
('zls5ie','zhl5i6','zt33b','1448-01-18','1448-02','تزكية وسلوك','المجلس الخامس: بر الوالدين',2,NULL,7,3,NULL,'recorded',NULL,NULL,1783093805093),
('zls5ip','zhl5i6','zt33b','1448-02-04','1448-02','تثبيت الحفظ','المجلس الأول: النية',1.5,NULL,4,5,NULL,'recorded',NULL,NULL,1784217005093),
('zls5iy','zhl5i6','zt33b','1448-02-03','1448-02','آداب طالبة العلم','المجلس الأول: النية',2,NULL,2,5,NULL,'recorded',NULL,NULL,1783180205093),
('zls5ji','zhl5j9','zt33a','1448-01-25','1448-02','آداب طالبة العلم','المجلس الخامس: بر الوالدين',2,NULL,8,5,NULL,'approved',NULL,'u-admin',1783612205093),
('zls5k6','zhl5jv','zt33j','1448-02-01','1448-02','تثبيت الحفظ','المجلس الثاني: الإخلاص',2,NULL,8,3,NULL,'recorded',NULL,NULL,1783093805093),
('zls5kk','zhl5jv','zt33j','1448-01-23','1448-02','فقه العبادات','المجلس الرابع: الصحبة',1.5,NULL,5,4,NULL,'approved',NULL,'u-admin',1783871405093),
('zls5kw','zhl5jv','zt33j','1448-01-19','1448-02','آداب طالبة العلم','المجلس الثالث: الصلاة',1,NULL,5,4,NULL,'approved',NULL,'u-admin',1784303405093),
('zls5lb','zhl5jv','zt33j','1448-01-13','1448-02','آداب طالبة العلم','المجلس السادس: حسن الخلق',1,NULL,7,3,NULL,'recorded',NULL,NULL,1782921005093),
('zls5m0','zhl5lr','zt337','1448-01-24','1448-02','مدارسة على بصيرة','المجلس الثالث: الصلاة',2,NULL,3,4,NULL,'approved',NULL,'u-admin',1783353005093),
('zls5md','zhl5lr','zt337','1448-01-22','1448-02','تزكية وسلوك','المجلس السادس: حسن الخلق',2,NULL,3,4,NULL,'approved',NULL,'u-admin',1782748205093),
('zls5n5','zhl5mq','zt32x','1448-02-03','1448-02','مدارسة على بصيرة','المجلس الخامس: بر الوالدين',2,NULL,11,5,NULL,'approved',NULL,'u-admin',1784217005093),
('zls5np','zhl5mq','zt32x','1448-01-16','1448-02','تثبيت الحفظ','المجلس الرابع: الصحبة',1,NULL,10,5,NULL,'approved',NULL,'u-admin',1783007405093),
('zls5ol','zhl5oa','zt33k','1448-01-26','1448-02','فقه العبادات','المجلس الخامس: بر الوالدين',1.5,NULL,7,3,NULL,'recorded',NULL,NULL,1783266605093);
INSERT OR IGNORE INTO student_evaluations (id,enrollment_id,lesson_session_id,score,note,created_at) VALUES
('zse16u','ze164','zls16g',61,'متقدّمة',1784389805093),
('zse16v','ze165','zls16g',86,'ممتازة',1784389805093),
('zse16w','ze166','zls16g',94,NULL,1784389805093),
('zse16x','ze167','zls16g',90,NULL,1784389805093),
('zse16y','ze169','zls16g',92,NULL,1784389805093),
('zse16z','ze16a','zls16g',69,NULL,1784389805093),
('zse170','ze16b','zls16g',66,'تحتاج مراجعة',1784389805093),
('zse171','ze16d','zls16g',76,'ممتازة',1784389805093),
('zse172','ze16f','zls16g',87,NULL,1784389805093),
('zse17h','ze163','zls173',73,NULL,1784389805093),
('zse17i','ze165','zls173',78,NULL,1784389805093),
('zse17j','ze166','zls173',64,NULL,1784389805093),
('zse17k','ze16a','zls173',60,NULL,1784389805093),
('zse17l','ze16b','zls173',73,NULL,1784389805093),
('zse17m','ze16c','zls173',78,'ممتازة',1784389805093),
('zse17n','ze16e','zls173',64,NULL,1784389805093),
('zse17o','ze16f','zls173',74,'ممتازة',1784389805093),
('zse183','ze163','zls17p',98,NULL,1784389805093),
('zse184','ze165','zls17p',83,NULL,1784389805093),
('zse185','ze166','zls17p',77,NULL,1784389805093),
('zse186','ze167','zls17p',78,NULL,1784389805093),
('zse187','ze168','zls17p',100,NULL,1784389805093),
('zse188','ze169','zls17p',71,NULL,1784389805093),
('zse189','ze16a','zls17p',98,NULL,1784389805093),
('zse18a','ze16b','zls17p',94,'تحتاج مراجعة',1784389805093),
('zse18b','ze16c','zls17p',89,NULL,1784389805093),
('zse18c','ze16d','zls17p',95,NULL,1784389805093),
('zse18d','ze16e','zls17p',80,NULL,1784389805093),
('zse19b','ze18m','zls18y',68,NULL,1784389805093),
('zse19c','ze18n','zls18y',80,NULL,1784389805093),
('zse19d','ze18o','zls18y',80,'ملتزمة',1784389805093),
('zse19e','ze18p','zls18y',97,'ملتزمة',1784389805093),
('zse19f','ze18q','zls18y',100,'ممتازة',1784389805093),
('zse19g','ze18r','zls18y',90,NULL,1784389805093),
('zse19h','ze18s','zls18y',80,NULL,1784389805093),
('zse19i','ze18u','zls18y',85,'ممتازة',1784389805093),
('zse19j','ze18v','zls18y',83,'تحتاج مراجعة',1784389805093),
('zse19x','ze18m','zls19k',91,NULL,1784389805093),
('zse19y','ze18s','zls19k',85,'تحتاج مراجعة',1784389805093),
('zse19z','ze18t','zls19k',94,NULL,1784389805093),
('zse1a0','ze18u','zls19k',99,NULL,1784389805093),
('zse1a1','ze18v','zls19k',65,NULL,1784389805093),
('zse1a2','ze18w','zls19k',88,'ملتزمة',1784389805093),
('zse1a3','ze18x','zls19k',89,'ممتازة',1784389805093),
('zse1ah','ze18o','zls1a4',72,NULL,1784389805093),
('zse1ai','ze18p','zls1a4',71,NULL,1784389805093),
('zse1aj','ze18s','zls1a4',96,NULL,1784389805093),
('zse1ak','ze18v','zls1a4',87,NULL,1784389805093),
('zse1ay','ze18o','zls1al',63,NULL,1784389805093),
('zse1az','ze18s','zls1al',98,NULL,1784389805093),
('zse1b0','ze18u','zls1al',84,'ملتزمة',1784389805093),
('zse1b1','ze18w','zls1al',69,NULL,1784389805093),
('zse1c5','ze1ba','zls1bp',76,NULL,1784389805093),
('zse1c6','ze1bb','zls1bp',96,'تحتاج مراجعة',1784389805093),
('zse1c7','ze1be','zls1bp',72,'متقدّمة',1784389805093),
('zse1c8','ze1bf','zls1bp',72,NULL,1784389805093),
('zse1c9','ze1bg','zls1bp',76,NULL,1784389805093),
('zse1ca','ze1bi','zls1bp',98,NULL,1784389805093),
('zse1cb','ze1bk','zls1bp',64,NULL,1784389805093),
('zse1cc','ze1bm','zls1bp',86,'تحتاج مراجعة',1784389805093);
INSERT OR IGNORE INTO student_evaluations (id,enrollment_id,lesson_session_id,score,note,created_at) VALUES
('zse1cd','ze1bn','zls1bp',90,NULL,1784389805093),
('zse1ce','ze1bo','zls1bp',93,NULL,1784389805093),
('zse1cv','ze1ba','zls1cf',97,'تحتاج مراجعة',1784389805093),
('zse1cw','ze1bb','zls1cf',70,NULL,1784389805093),
('zse1cx','ze1bf','zls1cf',71,NULL,1784389805093),
('zse1cy','ze1bk','zls1cf',69,NULL,1784389805093),
('zse1cz','ze1bl','zls1cf',69,'تحتاج مراجعة',1784389805093),
('zse1d0','ze1bm','zls1cf',91,NULL,1784389805093),
('zse1d1','ze1bo','zls1cf',70,NULL,1784389805093),
('zse1di','ze1ba','zls1d2',64,NULL,1784389805093),
('zse1dj','ze1be','zls1d2',63,NULL,1784389805093),
('zse1dk','ze1bg','zls1d2',79,NULL,1784389805093),
('zse1dl','ze1bh','zls1d2',80,'ملتزمة',1784389805093),
('zse1dm','ze1bj','zls1d2',90,NULL,1784389805093),
('zse1dn','ze1bl','zls1d2',63,'ممتازة',1784389805093),
('zse1do','ze1bn','zls1d2',91,NULL,1784389805093),
('zse1dp','ze1bo','zls1d2',63,NULL,1784389805093),
('zse1e6','ze1bb','zls1dq',75,NULL,1784389805093),
('zse1e7','ze1bc','zls1dq',88,NULL,1784389805093),
('zse1e8','ze1bf','zls1dq',78,NULL,1784389805093),
('zse1e9','ze1bg','zls1dq',77,NULL,1784389805093),
('zse1ea','ze1bi','zls1dq',70,NULL,1784389805093),
('zse1eb','ze1bl','zls1dq',92,'ممتازة',1784389805093),
('zse1ec','ze1bo','zls1dq',75,NULL,1784389805093),
('zse1et','ze1ba','zls1ed',100,NULL,1784389805093),
('zse1eu','ze1bb','zls1ed',92,NULL,1784389805093),
('zse1ev','ze1bc','zls1ed',61,NULL,1784389805093),
('zse1ew','ze1bd','zls1ed',81,NULL,1784389805093),
('zse1ex','ze1bf','zls1ed',87,NULL,1784389805093),
('zse1ey','ze1bh','zls1ed',84,NULL,1784389805093),
('zse1ez','ze1bi','zls1ed',85,NULL,1784389805093),
('zse1f0','ze1bl','zls1ed',74,'ممتازة',1784389805093),
('zse1f1','ze1bm','zls1ed',99,'متقدّمة',1784389805093),
('zse1f2','ze1bn','zls1ed',62,NULL,1784389805093),
('zse1f3','ze1bo','zls1ed',72,'متقدّمة',1784389805093),
('zse1g5','ze1fc','zls1fq',60,NULL,1784389805093),
('zse1g6','ze1fd','zls1fq',73,NULL,1784389805093),
('zse1g7','ze1fe','zls1fq',79,NULL,1784389805093),
('zse1g8','ze1ff','zls1fq',76,NULL,1784389805093),
('zse1g9','ze1fg','zls1fq',91,NULL,1784389805093),
('zse1ga','ze1fh','zls1fq',77,NULL,1784389805093),
('zse1gb','ze1fi','zls1fq',93,NULL,1784389805093),
('zse1gc','ze1fj','zls1fq',99,'تحتاج مراجعة',1784389805093),
('zse1gd','ze1fm','zls1fq',62,NULL,1784389805093),
('zse1ge','ze1fn','zls1fq',76,'متقدّمة',1784389805093),
('zse1gu','ze1fc','zls1gf',78,NULL,1784389805093),
('zse1gv','ze1fd','zls1gf',97,'تحتاج مراجعة',1784389805093),
('zse1gw','ze1ff','zls1gf',66,NULL,1784389805093),
('zse1gx','ze1fh','zls1gf',100,NULL,1784389805093),
('zse1gy','ze1fi','zls1gf',63,NULL,1784389805093),
('zse1gz','ze1fj','zls1gf',70,'ملتزمة',1784389805093),
('zse1h0','ze1fk','zls1gf',64,NULL,1784389805093),
('zse1h1','ze1fl','zls1gf',81,NULL,1784389805093),
('zse1h2','ze1fm','zls1gf',79,NULL,1784389805093),
('zse1h3','ze1fn','zls1gf',60,NULL,1784389805093),
('zse1hj','ze1fh','zls1h4',95,NULL,1784389805093),
('zse1hk','ze1fj','zls1h4',89,NULL,1784389805093),
('zse1hl','ze1fl','zls1h4',60,NULL,1784389805093),
('zse1hm','ze1fn','zls1h4',63,'تحتاج مراجعة',1784389805093),
('zse1hn','ze1fo','zls1h4',76,NULL,1784389805093);
INSERT OR IGNORE INTO student_evaluations (id,enrollment_id,lesson_session_id,score,note,created_at) VALUES
('zse1i3','ze1fc','zls1ho',84,NULL,1784389805093),
('zse1i4','ze1fd','zls1ho',83,NULL,1784389805093),
('zse1i5','ze1fe','zls1ho',91,NULL,1784389805093),
('zse1i6','ze1ff','zls1ho',93,'ملتزمة',1784389805093),
('zse1i7','ze1fk','zls1ho',73,NULL,1784389805093),
('zse1i8','ze1fl','zls1ho',84,NULL,1784389805093),
('zse1i9','ze1fm','zls1ho',75,'متقدّمة',1784389805093),
('zse1ia','ze1fp','zls1ho',87,NULL,1784389805093),
('zse1jf','ze1io','zls1j0',86,'ممتازة',1784389805093),
('zse1jg','ze1iq','zls1j0',98,NULL,1784389805093),
('zse1jh','ze1it','zls1j0',88,NULL,1784389805093),
('zse1ji','ze1iu','zls1j0',75,NULL,1784389805093),
('zse1jj','ze1ix','zls1j0',77,'ملتزمة',1784389805093),
('zse1jk','ze1iy','zls1j0',72,'ممتازة',1784389805093),
('zse1k0','ze1im','zls1jl',61,NULL,1784389805093),
('zse1k1','ze1io','zls1jl',97,'تحتاج مراجعة',1784389805093),
('zse1k2','ze1ip','zls1jl',100,'متقدّمة',1784389805093),
('zse1k3','ze1iq','zls1jl',77,'تحتاج مراجعة',1784389805093),
('zse1k4','ze1ir','zls1jl',76,NULL,1784389805093),
('zse1k5','ze1is','zls1jl',95,NULL,1784389805093),
('zse1k6','ze1it','zls1jl',75,NULL,1784389805093),
('zse1k7','ze1iu','zls1jl',62,'ملتزمة',1784389805093),
('zse1k8','ze1iv','zls1jl',67,'تحتاج مراجعة',1784389805093),
('zse1l2','ze1ki','zls1kr',82,'متقدّمة',1784389805093),
('zse1l3','ze1km','zls1kr',63,NULL,1784389805093),
('zse1l4','ze1kp','zls1kr',63,'متقدّمة',1784389805093),
('zse1lg','ze1kh','zls1l5',64,NULL,1784389805093),
('zse1lh','ze1kk','zls1l5',73,NULL,1784389805093),
('zse1li','ze1kn','zls1l5',67,NULL,1784389805093),
('zse1lj','ze1kp','zls1l5',69,NULL,1784389805093),
('zse1lk','ze1kq','zls1l5',88,'ممتازة',1784389805093),
('zse1lw','ze1kk','zls1ll',80,NULL,1784389805093),
('zse1lx','ze1kp','zls1ll',86,'متقدّمة',1784389805093),
('zse1mt','ze1m6','zls1mh',65,NULL,1784389805093),
('zse1mu','ze1m7','zls1mh',91,NULL,1784389805093),
('zse1mv','ze1m9','zls1mh',62,NULL,1784389805093),
('zse1mw','ze1ma','zls1mh',87,'ملتزمة',1784389805093),
('zse1mx','ze1mb','zls1mh',62,NULL,1784389805093),
('zse1my','ze1me','zls1mh',92,NULL,1784389805093),
('zse1mz','ze1mg','zls1mh',60,NULL,1784389805093),
('zse1nc','ze1m8','zls1n0',84,NULL,1784389805093),
('zse1nd','ze1mb','zls1n0',66,NULL,1784389805093),
('zse1ne','ze1md','zls1n0',66,NULL,1784389805093),
('zse1nf','ze1me','zls1n0',69,'ملتزمة',1784389805093),
('zse1ns','ze1m7','zls1ng',66,'متقدّمة',1784389805093),
('zse1nt','ze1m9','zls1ng',63,'متقدّمة',1784389805093),
('zse1nu','ze1ma','zls1ng',64,'ملتزمة',1784389805093),
('zse1nv','ze1mc','zls1ng',66,NULL,1784389805093),
('zse1nw','ze1md','zls1ng',65,NULL,1784389805093),
('zse1nx','ze1mf','zls1ng',80,NULL,1784389805093),
('zse1ny','ze1mg','zls1ng',63,NULL,1784389805093),
('zse1ou','ze1oa','zls1oi',100,NULL,1784389805093),
('zse1ov','ze1ob','zls1oi',67,'ممتازة',1784389805093),
('zse1ow','ze1oc','zls1oi',94,NULL,1784389805093),
('zse1ox','ze1od','zls1oi',64,NULL,1784389805093),
('zse1oy','ze1oh','zls1oi',72,NULL,1784389805093),
('zse1pb','ze1o7','zls1oz',75,NULL,1784389805093),
('zse1pc','ze1oc','zls1oz',89,'ممتازة',1784389805093),
('zse1pd','ze1oe','zls1oz',95,'ملتزمة',1784389805093),
('zse1pe','ze1of','zls1oz',64,'ملتزمة',1784389805093);
INSERT OR IGNORE INTO student_evaluations (id,enrollment_id,lesson_session_id,score,note,created_at) VALUES
('zse1pf','ze1og','zls1oz',76,NULL,1784389805093),
('zse1ps','ze1o8','zls1pg',83,NULL,1784389805093),
('zse1pt','ze1oa','zls1pg',77,'متقدّمة',1784389805093),
('zse1pu','ze1oc','zls1pg',67,'ملتزمة',1784389805093),
('zse1pv','ze1od','zls1pg',66,NULL,1784389805093),
('zse1pw','ze1oe','zls1pg',94,NULL,1784389805093),
('zse1px','ze1og','zls1pg',84,NULL,1784389805093),
('zse1py','ze1oh','zls1pg',83,'ملتزمة',1784389805093),
('zse1qb','ze1ob','zls1pz',64,'تحتاج مراجعة',1784389805093),
('zse1qc','ze1oc','zls1pz',66,NULL,1784389805093),
('zse1qd','ze1od','zls1pz',91,'ملتزمة',1784389805093),
('zse1qe','ze1oe','zls1pz',100,NULL,1784389805093),
('zse1qf','ze1of','zls1pz',86,NULL,1784389805093),
('zse1qs','ze1o7','zls1qg',93,NULL,1784389805093),
('zse1qt','ze1o8','zls1qg',61,NULL,1784389805093),
('zse1qu','ze1oa','zls1qg',60,NULL,1784389805093),
('zse1qv','ze1ob','zls1qg',64,NULL,1784389805093),
('zse1qw','ze1oc','zls1qg',63,NULL,1784389805093),
('zse1qx','ze1od','zls1qg',93,'تحتاج مراجعة',1784389805093),
('zse1qy','ze1oe','zls1qg',73,'ممتازة',1784389805093),
('zse1qz','ze1og','zls1qg',67,'ممتازة',1784389805093),
('zse1r0','ze1oh','zls1qg',63,'ملتزمة',1784389805093),
('zse1rq','ze1ra','zls1rh',87,NULL,1784389805093),
('zse1rr','ze1rc','zls1rh',75,NULL,1784389805093),
('zse1rs','ze1re','zls1rh',63,NULL,1784389805093),
('zse1s2','ze1r9','zls1rt',60,'تحتاج مراجعة',1784389805093),
('zse1s3','ze1ra','zls1rt',78,NULL,1784389805093),
('zse1s4','ze1rb','zls1rt',99,NULL,1784389805093),
('zse1s5','ze1rg','zls1rt',92,NULL,1784389805093),
('zse1sf','ze1rf','zls1s6',74,'تحتاج مراجعة',1784389805093),
('zse1td','ze1t0','zls1t3',100,NULL,1784389805093),
('zse1te','ze1t1','zls1t3',84,NULL,1784389805093),
('zse1tf','ze1t2','zls1t3',95,'تحتاج مراجعة',1784389805093),
('zse1tq','ze1sv','zls1tg',93,NULL,1784389805093),
('zse1tr','ze1t1','zls1tg',79,NULL,1784389805093),
('zse1u2','ze1su','zls1ts',89,NULL,1784389805093),
('zse1u3','ze1sx','zls1ts',70,NULL,1784389805093),
('zse1u4','ze1sy','zls1ts',65,NULL,1784389805093),
('zse1u5','ze1sz','zls1ts',82,NULL,1784389805093),
('zse1u6','ze1t2','zls1ts',97,NULL,1784389805093),
('zse1uh','ze1sv','zls1u7',64,'ممتازة',1784389805093),
('zse1ui','ze1sx','zls1u7',98,NULL,1784389805093),
('zse1uj','ze1t0','zls1u7',99,NULL,1784389805093),
('zse1uk','ze1t1','zls1u7',99,'متقدّمة',1784389805093),
('zse1vk','ze1ut','zls1v6',89,'تحتاج مراجعة',1784389805093),
('zse1vl','ze1uw','zls1v6',75,NULL,1784389805093),
('zse1vm','ze1ux','zls1v6',69,NULL,1784389805093),
('zse1vn','ze1v0','zls1v6',88,NULL,1784389805093),
('zse1vo','ze1v1','zls1v6',82,'ملتزمة',1784389805093),
('zse1vp','ze1v3','zls1v6',78,NULL,1784389805093),
('zse1vq','ze1v4','zls1v6',60,NULL,1784389805093),
('zse1vr','ze1v5','zls1v6',69,NULL,1784389805093),
('zse1w6','ze1ut','zls1vs',88,NULL,1784389805093),
('zse1w7','ze1uu','zls1vs',60,NULL,1784389805093),
('zse1w8','ze1ux','zls1vs',72,NULL,1784389805093),
('zse1w9','ze1uy','zls1vs',78,'ممتازة',1784389805093),
('zse1wa','ze1uz','zls1vs',74,NULL,1784389805093),
('zse1wb','ze1v0','zls1vs',92,NULL,1784389805093),
('zse1wc','ze1v1','zls1vs',92,NULL,1784389805093),
('zse1wr','ze1uw','zls1wd',93,'ملتزمة',1784389805093);
INSERT OR IGNORE INTO student_evaluations (id,enrollment_id,lesson_session_id,score,note,created_at) VALUES
('zse1ws','ze1uz','zls1wd',80,NULL,1784389805093),
('zse1wt','ze1v0','zls1wd',62,NULL,1784389805093),
('zse1wu','ze1v3','zls1wd',62,NULL,1784389805093),
('zse1wv','ze1v4','zls1wd',87,NULL,1784389805093),
('zse1xv','ze1x4','zls1xh',87,NULL,1784389805093),
('zse1xw','ze1x8','zls1xh',70,'ممتازة',1784389805093),
('zse1xx','ze1x9','zls1xh',85,NULL,1784389805093),
('zse1xy','ze1xa','zls1xh',83,NULL,1784389805093),
('zse1xz','ze1xb','zls1xh',61,NULL,1784389805093),
('zse1y0','ze1xd','zls1xh',82,'ملتزمة',1784389805093),
('zse1yf','ze1x5','zls1y1',81,'متقدّمة',1784389805093),
('zse1yg','ze1x7','zls1y1',96,'متقدّمة',1784389805093),
('zse1yh','ze1x9','zls1y1',83,'ملتزمة',1784389805093),
('zse1yi','ze1xa','zls1y1',76,NULL,1784389805093),
('zse1yj','ze1xb','zls1y1',83,NULL,1784389805093),
('zse1yk','ze1xe','zls1y1',94,'ملتزمة',1784389805093),
('zse1yl','ze1xf','zls1y1',60,NULL,1784389805093),
('zse1ym','ze1xg','zls1y1',78,NULL,1784389805093),
('zse1zq','ze1yv','zls1za',64,NULL,1784389805093),
('zse1zr','ze1yx','zls1za',92,NULL,1784389805093),
('zse1zs','ze1z0','zls1za',98,NULL,1784389805093),
('zse1zt','ze1z1','zls1za',91,NULL,1784389805093),
('zse1zu','ze1z5','zls1za',73,NULL,1784389805093),
('zse1zv','ze1z6','zls1za',79,'ممتازة',1784389805093),
('zse1zw','ze1z9','zls1za',88,NULL,1784389805093),
('zse20d','ze1yv','zls1zx',75,NULL,1784389805093),
('zse20e','ze1yw','zls1zx',98,NULL,1784389805093),
('zse20f','ze1yz','zls1zx',66,NULL,1784389805093),
('zse20g','ze1z1','zls1zx',90,NULL,1784389805093),
('zse20h','ze1z3','zls1zx',77,'متقدّمة',1784389805093),
('zse20i','ze1z4','zls1zx',85,'ملتزمة',1784389805093),
('zse20j','ze1z5','zls1zx',90,NULL,1784389805093),
('zse20k','ze1z7','zls1zx',100,NULL,1784389805093),
('zse20l','ze1z8','zls1zx',86,NULL,1784389805093),
('zse20m','ze1z9','zls1zx',81,NULL,1784389805093),
('zse213','ze1yv','zls20n',98,NULL,1784389805093),
('zse214','ze1yw','zls20n',77,NULL,1784389805093),
('zse215','ze1yy','zls20n',71,NULL,1784389805093),
('zse216','ze1yz','zls20n',78,'تحتاج مراجعة',1784389805093),
('zse217','ze1z2','zls20n',95,NULL,1784389805093),
('zse218','ze1z3','zls20n',60,NULL,1784389805093),
('zse219','ze1z4','zls20n',84,'تحتاج مراجعة',1784389805093),
('zse21a','ze1z5','zls20n',87,'تحتاج مراجعة',1784389805093),
('zse21b','ze1z6','zls20n',93,'متقدّمة',1784389805093),
('zse21c','ze1z7','zls20n',97,NULL,1784389805093),
('zse21d','ze1z8','zls20n',71,'ممتازة',1784389805093),
('zse21e','ze1z9','zls20n',94,NULL,1784389805093),
('zse22e','ze21n','zls220',60,NULL,1784389805093),
('zse22f','ze21o','zls220',93,NULL,1784389805093),
('zse22g','ze21p','zls220',96,NULL,1784389805093),
('zse22h','ze21q','zls220',69,'ممتازة',1784389805093),
('zse22i','ze21u','zls220',78,'ملتزمة',1784389805093),
('zse22j','ze21v','zls220',67,NULL,1784389805093),
('zse22k','ze21w','zls220',73,NULL,1784389805093),
('zse22l','ze21y','zls220',87,'متقدّمة',1784389805093),
('zse22m','ze21z','zls220',66,NULL,1784389805093),
('zse231','ze21n','zls22n',82,NULL,1784389805093),
('zse232','ze21q','zls22n',80,NULL,1784389805093),
('zse233','ze21r','zls22n',84,NULL,1784389805093),
('zse234','ze21u','zls22n',98,NULL,1784389805093);
INSERT OR IGNORE INTO student_evaluations (id,enrollment_id,lesson_session_id,score,note,created_at) VALUES
('zse235','ze21w','zls22n',72,'ممتازة',1784389805093),
('zse236','ze21x','zls22n',81,NULL,1784389805093),
('zse237','ze21z','zls22n',62,'متقدّمة',1784389805093),
('zse23m','ze21o','zls238',75,NULL,1784389805093),
('zse23n','ze21p','zls238',93,NULL,1784389805093),
('zse23o','ze21q','zls238',86,NULL,1784389805093),
('zse23p','ze21t','zls238',74,'متقدّمة',1784389805093),
('zse23q','ze21u','zls238',92,NULL,1784389805093),
('zse23r','ze21x','zls238',88,NULL,1784389805093),
('zse246','ze21n','zls23s',77,NULL,1784389805093),
('zse247','ze21q','zls23s',64,'ملتزمة',1784389805093),
('zse248','ze21t','zls23s',79,NULL,1784389805093),
('zse249','ze21w','zls23s',84,'ممتازة',1784389805093),
('zse24o','ze21o','zls24a',88,'تحتاج مراجعة',1784389805093),
('zse24p','ze21p','zls24a',80,NULL,1784389805093),
('zse24q','ze21q','zls24a',66,NULL,1784389805093),
('zse24r','ze21r','zls24a',74,'تحتاج مراجعة',1784389805093),
('zse24s','ze21t','zls24a',100,NULL,1784389805093),
('zse24t','ze21u','zls24a',94,NULL,1784389805093),
('zse24u','ze21y','zls24a',80,NULL,1784389805093),
('zse25r','ze257','zls25g',74,NULL,1784389805093),
('zse25s','ze258','zls25g',70,NULL,1784389805093),
('zse25t','ze259','zls25g',90,NULL,1784389805093),
('zse25u','ze25a','zls25g',99,NULL,1784389805093),
('zse25v','ze25c','zls25g',82,NULL,1784389805093),
('zse25w','ze25e','zls25g',77,'تحتاج مراجعة',1784389805093),
('zse268','ze258','zls25x',93,'متقدّمة',1784389805093),
('zse269','ze25a','zls25x',74,'ملتزمة',1784389805093),
('zse26a','ze25b','zls25x',91,NULL,1784389805093),
('zse26b','ze25f','zls25x',87,NULL,1784389805093),
('zse26n','ze257','zls26c',89,NULL,1784389805093),
('zse26o','ze258','zls26c',97,NULL,1784389805093),
('zse26p','ze259','zls26c',95,'ملتزمة',1784389805093),
('zse26q','ze25a','zls26c',80,NULL,1784389805093),
('zse26r','ze25b','zls26c',85,NULL,1784389805093),
('zse26s','ze25c','zls26c',75,NULL,1784389805093),
('zse274','ze257','zls26t',89,NULL,1784389805093),
('zse275','ze258','zls26t',80,NULL,1784389805093),
('zse276','ze25a','zls26t',94,NULL,1784389805093),
('zse277','ze25b','zls26t',85,NULL,1784389805093),
('zse278','ze25d','zls26t',98,NULL,1784389805093),
('zse28a','ze27k','zls27v',86,'ممتازة',1784389805093),
('zse28b','ze27l','zls27v',97,NULL,1784389805093),
('zse28c','ze27m','zls27v',73,'ملتزمة',1784389805093),
('zse28d','ze27p','zls27v',76,'ملتزمة',1784389805093),
('zse28e','ze27q','zls27v',100,NULL,1784389805093),
('zse28f','ze27r','zls27v',84,'ممتازة',1784389805093),
('zse28g','ze27u','zls27v',88,NULL,1784389805093),
('zse28w','ze27i','zls28h',94,NULL,1784389805093),
('zse28x','ze27m','zls28h',89,NULL,1784389805093),
('zse28y','ze27p','zls28h',86,NULL,1784389805093),
('zse28z','ze27q','zls28h',95,'ملتزمة',1784389805093),
('zse290','ze27r','zls28h',65,'تحتاج مراجعة',1784389805093),
('zse291','ze27t','zls28h',73,NULL,1784389805093),
('zse29h','ze27h','zls292',96,NULL,1784389805093),
('zse29i','ze27i','zls292',81,NULL,1784389805093),
('zse29j','ze27k','zls292',83,NULL,1784389805093),
('zse29k','ze27l','zls292',95,NULL,1784389805093),
('zse29l','ze27m','zls292',65,NULL,1784389805093),
('zse29m','ze27n','zls292',100,NULL,1784389805093);
INSERT OR IGNORE INTO student_evaluations (id,enrollment_id,lesson_session_id,score,note,created_at) VALUES
('zse29n','ze27q','zls292',73,'تحتاج مراجعة',1784389805093),
('zse29o','ze27r','zls292',70,NULL,1784389805093),
('zse29p','ze27s','zls292',92,NULL,1784389805093),
('zse2a5','ze27l','zls29q',98,NULL,1784389805093),
('zse2a6','ze27m','zls29q',64,NULL,1784389805093),
('zse2a7','ze27o','zls29q',99,NULL,1784389805093),
('zse2a8','ze27t','zls29q',93,NULL,1784389805093),
('zse2a9','ze27u','zls29q',91,NULL,1784389805093),
('zse2ap','ze27h','zls2aa',98,NULL,1784389805093),
('zse2aq','ze27k','zls2aa',82,'ملتزمة',1784389805093),
('zse2ar','ze27l','zls2aa',88,NULL,1784389805093),
('zse2as','ze27m','zls2aa',69,'تحتاج مراجعة',1784389805093),
('zse2at','ze27n','zls2aa',69,'تحتاج مراجعة',1784389805093),
('zse2au','ze27o','zls2aa',76,NULL,1784389805093),
('zse2av','ze27s','zls2aa',84,NULL,1784389805093),
('zse2aw','ze27t','zls2aa',100,NULL,1784389805093),
('zse2ax','ze27u','zls2aa',76,'ملتزمة',1784389805093),
('zse2bn','ze2b7','zls2be',88,NULL,1784389805093),
('zse2bx','ze2b6','zls2bo',67,NULL,1784389805093),
('zse2by','ze2b8','zls2bo',64,NULL,1784389805093),
('zse2bz','ze2b9','zls2bo',93,NULL,1784389805093),
('zse2c0','ze2bd','zls2bo',67,NULL,1784389805093),
('zse2ca','ze2b8','zls2c1',74,NULL,1784389805093),
('zse2cb','ze2b9','zls2c1',61,NULL,1784389805093),
('zse2cc','ze2ba','zls2c1',90,'متقدّمة',1784389805093),
('zse2d8','ze2cl','zls2cw',73,'تحتاج مراجعة',1784389805093),
('zse2d9','ze2cq','zls2cw',77,NULL,1784389805093),
('zse2da','ze2cr','zls2cw',100,NULL,1784389805093),
('zse2db','ze2ct','zls2cw',87,NULL,1784389805093),
('zse2dc','ze2cv','zls2cw',88,NULL,1784389805093),
('zse2dp','ze2cl','zls2dd',70,NULL,1784389805093),
('zse2dq','ze2cm','zls2dd',72,NULL,1784389805093),
('zse2dr','ze2cn','zls2dd',86,NULL,1784389805093),
('zse2ds','ze2cq','zls2dd',97,NULL,1784389805093),
('zse2dt','ze2cr','zls2dd',65,'ملتزمة',1784389805093),
('zse2du','ze2cu','zls2dd',80,'ممتازة',1784389805093),
('zse2ey','ze2e3','zls2ei',64,NULL,1784389805093),
('zse2ez','ze2e5','zls2ei',80,NULL,1784389805093),
('zse2f0','ze2e6','zls2ei',60,NULL,1784389805093),
('zse2f1','ze2ea','zls2ei',86,NULL,1784389805093),
('zse2f2','ze2ef','zls2ei',83,NULL,1784389805093),
('zse2f3','ze2eg','zls2ei',92,NULL,1784389805093),
('zse2fk','ze2e4','zls2f4',98,NULL,1784389805093),
('zse2fl','ze2e5','zls2f4',78,NULL,1784389805093),
('zse2fm','ze2e8','zls2f4',85,NULL,1784389805093),
('zse2fn','ze2eh','zls2f4',82,'متقدّمة',1784389805093),
('zse2gk','ze2g0','zls2g9',75,NULL,1784389805093),
('zse2gl','ze2g1','zls2g9',70,NULL,1784389805093),
('zse2gm','ze2g3','zls2g9',74,NULL,1784389805093),
('zse2gn','ze2g6','zls2g9',98,NULL,1784389805093),
('zse2go','ze2g8','zls2g9',77,'ملتزمة',1784389805093),
('zse2h0','ze2g0','zls2gp',71,NULL,1784389805093),
('zse2h1','ze2g4','zls2gp',65,NULL,1784389805093),
('zse2h2','ze2g7','zls2gp',61,NULL,1784389805093),
('zse2hu','ze2hb','zls2hk',81,NULL,1784389805093),
('zse2hv','ze2hc','zls2hk',71,'تحتاج مراجعة',1784389805093),
('zse2hw','ze2hf','zls2hk',61,'تحتاج مراجعة',1784389805093),
('zse2hx','ze2hg','zls2hk',96,NULL,1784389805093),
('zse2i8','ze2hb','zls2hy',100,NULL,1784389805093),
('zse2i9','ze2hd','zls2hy',97,NULL,1784389805093);
INSERT OR IGNORE INTO student_evaluations (id,enrollment_id,lesson_session_id,score,note,created_at) VALUES
('zse2ia','ze2hf','zls2hy',76,NULL,1784389805093),
('zse2ib','ze2hg','zls2hy',88,NULL,1784389805093),
('zse2ic','ze2hj','zls2hy',92,NULL,1784389805093),
('zse2in','ze2hb','zls2id',71,'ملتزمة',1784389805093),
('zse2io','ze2hc','zls2id',99,NULL,1784389805093),
('zse2ip','ze2hf','zls2id',74,NULL,1784389805093),
('zse2iq','ze2hi','zls2id',63,'ممتازة',1784389805093),
('zse2j1','ze2he','zls2ir',84,'ملتزمة',1784389805093),
('zse2j2','ze2hf','zls2ir',61,'متقدّمة',1784389805093),
('zse2j3','ze2hg','zls2ir',65,'ممتازة',1784389805093),
('zse2j4','ze2hi','zls2ir',97,'متقدّمة',1784389805093),
('zse2j5','ze2hj','zls2ir',100,NULL,1784389805093),
('zse2k1','ze2je','zls2jp',91,NULL,1784389805093),
('zse2k2','ze2ji','zls2jp',73,NULL,1784389805093),
('zse2k3','ze2jl','zls2jp',85,NULL,1784389805093),
('zse2kg','ze2je','zls2k4',78,NULL,1784389805093),
('zse2kh','ze2jg','zls2k4',96,'ممتازة',1784389805093),
('zse2ki','ze2jh','zls2k4',87,NULL,1784389805093),
('zse2kj','ze2ji','zls2k4',62,NULL,1784389805093),
('zse2kk','ze2jk','zls2k4',68,NULL,1784389805093),
('zse2kl','ze2jn','zls2k4',68,'ملتزمة',1784389805093),
('zse2km','ze2jo','zls2k4',91,'متقدّمة',1784389805093),
('zse2lc','ze2kw','zls2l3',95,'ملتزمة',1784389805093),
('zse2ld','ze2kx','zls2l3',71,NULL,1784389805093),
('zse2le','ze2l0','zls2l3',74,NULL,1784389805093),
('zse2lf','ze2l1','zls2l3',84,NULL,1784389805093),
('zse2lp','ze2l0','zls2lg',91,NULL,1784389805093),
('zse2lz','ze2kv','zls2lq',92,NULL,1784389805093),
('zse2m0','ze2kx','zls2lq',64,NULL,1784389805093),
('zse2m1','ze2l0','zls2lq',72,NULL,1784389805093),
('zse2m2','ze2l2','zls2lq',93,'ممتازة',1784389805093),
('zse2n2','ze2mj','zls2mr',69,NULL,1784389805093),
('zse2n3','ze2mm','zls2mr',69,'ممتازة',1784389805093),
('zse2n4','ze2mn','zls2mr',89,NULL,1784389805093),
('zse2n5','ze2mp','zls2mr',77,'ممتازة',1784389805093),
('zse2nh','ze2mi','zls2n6',65,'ملتزمة',1784389805093),
('zse2ni','ze2mj','zls2n6',82,NULL,1784389805093),
('zse2nj','ze2ml','zls2n6',62,'ملتزمة',1784389805093),
('zse2nk','ze2mm','zls2n6',65,'تحتاج مراجعة',1784389805093),
('zse2nl','ze2mn','zls2n6',64,NULL,1784389805093),
('zse2nm','ze2mo','zls2n6',74,'ممتازة',1784389805093),
('zse2nn','ze2mp','zls2n6',70,'ملتزمة',1784389805093),
('zse2no','ze2mq','zls2n6',68,NULL,1784389805093),
('zse2oe','ze2ny','zls2o5',62,NULL,1784389805093),
('zse2of','ze2o0','zls2o5',81,NULL,1784389805093),
('zse2og','ze2o1','zls2o5',87,NULL,1784389805093),
('zse2oh','ze2o2','zls2o5',76,NULL,1784389805093),
('zse2oi','ze2o4','zls2o5',85,NULL,1784389805093),
('zse2os','ze2nx','zls2oj',80,NULL,1784389805093),
('zse2ot','ze2o0','zls2oj',62,'ملتزمة',1784389805093),
('zse2ou','ze2o2','zls2oj',99,NULL,1784389805093),
('zse2p4','ze2o0','zls2ov',78,'تحتاج مراجعة',1784389805093),
('zse2p5','ze2o1','zls2ov',77,NULL,1784389805093),
('zse2p6','ze2o2','zls2ov',61,'متقدّمة',1784389805093),
('zse2p7','ze2o4','zls2ov',82,NULL,1784389805093),
('zse2px','ze2pg','zls2po',69,'متقدّمة',1784389805093),
('zse2py','ze2pi','zls2po',64,NULL,1784389805093),
('zse2pz','ze2pj','zls2po',70,'ملتزمة',1784389805093),
('zse2q0','ze2pk','zls2po',67,NULL,1784389805093),
('zse2q1','ze2pm','zls2po',98,NULL,1784389805093);
INSERT OR IGNORE INTO student_evaluations (id,enrollment_id,lesson_session_id,score,note,created_at) VALUES
('zse2q2','ze2pn','zls2po',75,NULL,1784389805093),
('zse2qc','ze2pi','zls2q3',76,NULL,1784389805093),
('zse2qd','ze2pm','zls2q3',66,NULL,1784389805093),
('zse2qn','ze2ph','zls2qe',93,NULL,1784389805093),
('zse2qo','ze2pl','zls2qe',65,'ملتزمة',1784389805093),
('zse2qp','ze2pm','zls2qe',92,'تحتاج مراجعة',1784389805093),
('zse2rm','ze2r1','zls2rb',90,'ملتزمة',1784389805093),
('zse2rn','ze2r5','zls2rb',81,NULL,1784389805093),
('zse2ro','ze2r7','zls2rb',85,'ملتزمة',1784389805093),
('zse2rp','ze2r8','zls2rb',84,NULL,1784389805093),
('zse2rq','ze2r9','zls2rb',66,NULL,1784389805093),
('zse2s2','ze2r1','zls2rr',62,NULL,1784389805093),
('zse2s3','ze2r5','zls2rr',93,NULL,1784389805093),
('zse2s4','ze2r8','zls2rr',67,NULL,1784389805093),
('zse2s5','ze2r9','zls2rr',74,'متقدّمة',1784389805093),
('zse2s6','ze2ra','zls2rr',66,NULL,1784389805093),
('zse2si','ze2r1','zls2s7',67,NULL,1784389805093),
('zse2sj','ze2r3','zls2s7',96,NULL,1784389805093),
('zse2sk','ze2r4','zls2s7',95,NULL,1784389805093),
('zse2sl','ze2r6','zls2s7',60,NULL,1784389805093),
('zse2sm','ze2r8','zls2s7',96,NULL,1784389805093),
('zse2sn','ze2r9','zls2s7',99,NULL,1784389805093),
('zse2tj','ze2sy','zls2t7',62,NULL,1784389805093),
('zse2tk','ze2t1','zls2t7',78,'ممتازة',1784389805093),
('zse2tl','ze2t6','zls2t7',81,NULL,1784389805093),
('zse2ty','ze2sx','zls2tm',75,NULL,1784389805093),
('zse2tz','ze2sy','zls2tm',75,'ممتازة',1784389805093),
('zse2u0','ze2sz','zls2tm',88,'متقدّمة',1784389805093),
('zse2u1','ze2t0','zls2tm',96,NULL,1784389805093),
('zse2u2','ze2t1','zls2tm',94,NULL,1784389805093),
('zse2u3','ze2t2','zls2tm',70,'متقدّمة',1784389805093),
('zse2u4','ze2t5','zls2tm',72,'متقدّمة',1784389805093),
('zse2uh','ze2sx','zls2u5',63,NULL,1784389805093),
('zse2ui','ze2sz','zls2u5',82,NULL,1784389805093),
('zse2uj','ze2t0','zls2u5',89,'تحتاج مراجعة',1784389805093),
('zse2uk','ze2t1','zls2u5',71,'متقدّمة',1784389805093),
('zse2ul','ze2t4','zls2u5',87,'ممتازة',1784389805093),
('zse2uy','ze2sw','zls2um',85,NULL,1784389805093),
('zse2uz','ze2sx','zls2um',86,NULL,1784389805093),
('zse2v0','ze2sy','zls2um',99,'ممتازة',1784389805093),
('zse2v1','ze2t0','zls2um',62,NULL,1784389805093),
('zse2v2','ze2t1','zls2um',65,NULL,1784389805093),
('zse2v3','ze2t2','zls2um',83,NULL,1784389805093),
('zse2v4','ze2t4','zls2um',64,'ممتازة',1784389805093),
('zse2v5','ze2t5','zls2um',62,NULL,1784389805093),
('zse2w4','ze2ve','zls2vv',60,NULL,1784389805093),
('zse2w5','ze2vg','zls2vv',90,NULL,1784389805093),
('zse2w6','ze2vl','zls2vv',73,'ملتزمة',1784389805093),
('zse2wg','ze2ve','zls2w7',100,NULL,1784389805093),
('zse2wh','ze2vh','zls2w7',77,NULL,1784389805093),
('zse2wi','ze2vl','zls2w7',73,'ملتزمة',1784389805093),
('zse2ws','ze2vf','zls2wj',96,NULL,1784389805093),
('zse2wt','ze2vg','zls2wj',61,NULL,1784389805093),
('zse2wu','ze2vi','zls2wj',100,NULL,1784389805093),
('zse2wv','ze2vl','zls2wj',90,NULL,1784389805093),
('zse2xx','ze2x8','zls2xi',94,NULL,1784389805093),
('zse2xy','ze2xb','zls2xi',64,NULL,1784389805093),
('zse2xz','ze2xg','zls2xi',90,NULL,1784389805093),
('zse2yf','ze2x4','zls2y0',73,NULL,1784389805093),
('zse2yg','ze2x6','zls2y0',79,'تحتاج مراجعة',1784389805093);
INSERT OR IGNORE INTO student_evaluations (id,enrollment_id,lesson_session_id,score,note,created_at) VALUES
('zse2yh','ze2x7','zls2y0',77,NULL,1784389805093),
('zse2yi','ze2x8','zls2y0',61,'متقدّمة',1784389805093),
('zse2yj','ze2xh','zls2y0',97,NULL,1784389805093),
('zse2yz','ze2x4','zls2yk',82,NULL,1784389805093),
('zse2z0','ze2x5','zls2yk',65,'تحتاج مراجعة',1784389805093),
('zse2z1','ze2x7','zls2yk',75,NULL,1784389805093),
('zse2z2','ze2x9','zls2yk',77,'متقدّمة',1784389805093),
('zse2z3','ze2xa','zls2yk',75,NULL,1784389805093),
('zse2z4','ze2xd','zls2yk',67,NULL,1784389805093),
('zse2z5','ze2xf','zls2yk',76,NULL,1784389805093),
('zse2z6','ze2xg','zls2yk',97,NULL,1784389805093),
('zse2z7','ze2xh','zls2yk',82,'ملتزمة',1784389805093),
('zse2zn','ze2x4','zls2z8',87,NULL,1784389805093),
('zse2zo','ze2x6','zls2z8',96,NULL,1784389805093),
('zse2zp','ze2x7','zls2z8',83,NULL,1784389805093),
('zse2zq','ze2x8','zls2z8',96,NULL,1784389805093),
('zse2zr','ze2xh','zls2z8',60,'متقدّمة',1784389805093),
('zse30t','ze301','zls30e',76,NULL,1784389805093),
('zse30u','ze302','zls30e',98,'ممتازة',1784389805093),
('zse30v','ze304','zls30e',85,NULL,1784389805093),
('zse30w','ze305','zls30e',64,NULL,1784389805093),
('zse30x','ze306','zls30e',83,NULL,1784389805093),
('zse30y','ze307','zls30e',67,NULL,1784389805093),
('zse30z','ze309','zls30e',71,'ملتزمة',1784389805093),
('zse310','ze30c','zls30e',95,'ممتازة',1784389805093),
('zse311','ze30d','zls30e',69,'ملتزمة',1784389805093),
('zse31h','ze300','zls312',79,NULL,1784389805093),
('zse31i','ze301','zls312',78,'متقدّمة',1784389805093),
('zse31j','ze302','zls312',88,'ممتازة',1784389805093),
('zse31k','ze303','zls312',99,NULL,1784389805093),
('zse31l','ze304','zls312',75,'متقدّمة',1784389805093),
('zse31m','ze305','zls312',62,'متقدّمة',1784389805093),
('zse31n','ze306','zls312',83,'تحتاج مراجعة',1784389805093),
('zse323','ze300','zls31o',98,'متقدّمة',1784389805093),
('zse324','ze301','zls31o',75,NULL,1784389805093),
('zse325','ze302','zls31o',99,'متقدّمة',1784389805093),
('zse326','ze303','zls31o',74,'تحتاج مراجعة',1784389805093),
('zse327','ze305','zls31o',70,'ممتازة',1784389805093),
('zse328','ze307','zls31o',95,'تحتاج مراجعة',1784389805093),
('zse329','ze308','zls31o',64,NULL,1784389805093),
('zse32a','ze309','zls31o',76,'ملتزمة',1784389805093),
('zse32b','ze30a','zls31o',99,NULL,1784389805093),
('zse32c','ze30d','zls31o',82,NULL,1784389805093),
('zse34q','ze345','zls34f',79,NULL,1784389805093),
('zse34r','ze346','zls34f',82,NULL,1784389805093),
('zse34s','ze349','zls34f',92,NULL,1784389805093),
('zse34t','ze34a','zls34f',76,NULL,1784389805093),
('zse34u','ze34b','zls34f',89,NULL,1784389805093),
('zse356','ze349','zls34v',85,NULL,1784389805093),
('zse357','ze34a','zls34v',98,NULL,1784389805093),
('zse358','ze34c','zls34v',86,NULL,1784389805093),
('zse35r','ze35b','zls35i',78,NULL,1784389805093),
('zse361','ze35a','zls35s',76,NULL,1784389805093),
('zse362','ze35e','zls35s',80,NULL,1784389805093),
('zse363','ze35g','zls35s',80,NULL,1784389805093),
('zse364','ze35h','zls35s',70,NULL,1784389805093),
('zse36n','ze366','zls36e',72,NULL,1784389805093),
('zse36o','ze368','zls36e',68,NULL,1784389805093),
('zse36p','ze36c','zls36e',86,NULL,1784389805093),
('zse36q','ze36d','zls36e',76,NULL,1784389805093);
INSERT OR IGNORE INTO student_evaluations (id,enrollment_id,lesson_session_id,score,note,created_at) VALUES
('zse370','ze368','zls36r',78,NULL,1784389805093),
('zse371','ze36c','zls36r',92,NULL,1784389805093),
('zse37b','ze367','zls372',81,NULL,1784389805093),
('zse37c','ze36b','zls372',74,NULL,1784389805093),
('zse37d','ze36d','zls372',77,NULL,1784389805093),
('zse380','ze37f','zls37p',79,NULL,1784389805093),
('zse381','ze37i','zls37p',64,NULL,1784389805093),
('zse382','ze37j','zls37p',78,NULL,1784389805093),
('zse383','ze37k','zls37p',63,NULL,1784389805093),
('zse384','ze37m','zls37p',94,NULL,1784389805093),
('zse38g','ze37f','zls385',84,NULL,1784389805093),
('zse38h','ze37i','zls385',89,NULL,1784389805093),
('zse38i','ze37k','zls385',92,NULL,1784389805093),
('zse38j','ze37l','zls385',83,NULL,1784389805093),
('zse38k','ze37m','zls385',90,NULL,1784389805093),
('zse38l','ze37o','zls385',63,NULL,1784389805093),
('zse398','ze38p','zls38x',80,NULL,1784389805093),
('zse399','ze38r','zls38x',98,NULL,1784389805093),
('zse39l','ze38w','zls39a',79,NULL,1784389805093),
('zse3a6','ze39o','zls39w',99,NULL,1784389805093),
('zse3a7','ze39p','zls39w',93,NULL,1784389805093),
('zse3a8','ze39u','zls39w',85,NULL,1784389805093),
('zse3aj','ze39q','zls3a9',64,NULL,1784389805093),
('zse3ak','ze39r','zls3a9',89,NULL,1784389805093),
('zse3av','ze39n','zls3al',62,NULL,1784389805093),
('zse3aw','ze39q','zls3al',81,NULL,1784389805093),
('zse3ax','ze39t','zls3al',86,NULL,1784389805093),
('zse3ay','ze39u','zls3al',70,NULL,1784389805093),
('zse3az','ze39v','zls3al',69,NULL,1784389805093),
('zse3bk','ze3b1','zls3ba',82,NULL,1784389805093),
('zse3bl','ze3b3','zls3ba',89,NULL,1784389805093),
('zse3bm','ze3b5','zls3ba',66,NULL,1784389805093),
('zse3bn','ze3b7','zls3ba',79,NULL,1784389805093),
('zse3bo','ze3b9','zls3ba',78,NULL,1784389805093),
('zse3bz','ze3b2','zls3bp',87,NULL,1784389805093),
('zse3c0','ze3b3','zls3bp',81,NULL,1784389805093),
('zse3c1','ze3b5','zls3bp',90,NULL,1784389805093),
('zse3c2','ze3b8','zls3bp',92,NULL,1784389805093),
('zse3cn','ze3c4','zls3cd',82,NULL,1784389805093),
('zse3co','ze3ca','zls3cd',73,NULL,1784389805093),
('zse3cp','ze3cc','zls3cd',99,NULL,1784389805093),
('zse3d0','ze3c5','zls3cq',66,NULL,1784389805093),
('zse3d1','ze3c8','zls3cq',67,NULL,1784389805093),
('zse3d2','ze3c9','zls3cq',92,NULL,1784389805093),
('zse3d3','ze3ca','zls3cq',76,NULL,1784389805093),
('zse3d4','ze3cb','zls3cq',76,NULL,1784389805093),
('zse3df','ze3c4','zls3d5',90,NULL,1784389805093),
('zse3dg','ze3c7','zls3d5',97,NULL,1784389805093),
('zse3dh','ze3c8','zls3d5',81,NULL,1784389805093),
('zse3di','ze3ca','zls3d5',93,NULL,1784389805093),
('zse3dt','ze3c6','zls3dj',74,NULL,1784389805093),
('zse3du','ze3ca','zls3dj',84,NULL,1784389805093),
('zse3eb','ze3dw','zls3e3',97,NULL,1784389805093),
('zse3ec','ze3dx','zls3e3',87,NULL,1784389805093),
('zse3ed','ze3e0','zls3e3',90,NULL,1784389805093),
('zse3ee','ze3e1','zls3e3',92,NULL,1784389805093),
('zse3ef','ze3e2','zls3e3',74,NULL,1784389805093),
('zse3eo','ze3dy','zls3eg',84,NULL,1784389805093),
('zse3ex','ze3dw','zls3ep',80,NULL,1784389805093),
('zse3ey','ze3dy','zls3ep',69,NULL,1784389805093);
INSERT OR IGNORE INTO student_evaluations (id,enrollment_id,lesson_session_id,score,note,created_at) VALUES
('zse3fl','ze3f2','zls3fa',81,NULL,1784389805093),
('zse3fm','ze3f8','zls3fa',76,NULL,1784389805093),
('zse3fy','ze3f0','zls3fn',89,NULL,1784389805093),
('zse3fz','ze3f2','zls3fn',81,NULL,1784389805093),
('zse3g0','ze3f3','zls3fn',82,NULL,1784389805093),
('zse3g1','ze3f6','zls3fn',75,NULL,1784389805093),
('zse3g2','ze3f8','zls3fn',74,NULL,1784389805093),
('zse3g3','ze3f9','zls3fn',80,NULL,1784389805093),
('zse3go','ze3g7','zls3ge',63,NULL,1784389805093),
('zse3gp','ze3g9','zls3ge',88,NULL,1784389805093),
('zse3gq','ze3gd','zls3ge',81,NULL,1784389805093),
('zse3h1','ze3g8','zls3gr',68,NULL,1784389805093),
('zse3h2','ze3ga','zls3gr',66,NULL,1784389805093),
('zse3h3','ze3gb','zls3gr',93,NULL,1784389805093),
('zse3h4','ze3gc','zls3gr',96,NULL,1784389805093),
('zse3hf','ze3g5','zls3h5',95,NULL,1784389805093),
('zse3hg','ze3g7','zls3h5',85,NULL,1784389805093),
('zse3hh','ze3g8','zls3h5',90,NULL,1784389805093),
('zse3hi','ze3ga','zls3h5',83,NULL,1784389805093),
('zse3hj','ze3gb','zls3h5',99,NULL,1784389805093),
('zse3i0','ze3hn','zls3hs',85,NULL,1784389805093),
('zse3i1','ze3hp','zls3hs',81,NULL,1784389805093),
('zse3i2','ze3hr','zls3hs',89,NULL,1784389805093),
('zse3ib','ze3hm','zls3i3',98,NULL,1784389805093),
('zse3ic','ze3ho','zls3i3',71,NULL,1784389805093),
('zse3id','ze3hq','zls3i3',85,NULL,1784389805093),
('zse3im','ze3hn','zls3ie',82,NULL,1784389805093),
('zse3in','ze3ho','zls3ie',65,NULL,1784389805093),
('zse3io','ze3hq','zls3ie',87,NULL,1784389805093),
('zse3j7','ze3iq','zls3iy',94,NULL,1784389805093),
('zse3j8','ze3it','zls3iy',84,NULL,1784389805093),
('zse3j9','ze3ix','zls3iy',79,NULL,1784389805093),
('zse3ju','ze3jb','zls3jk',74,NULL,1784389805093),
('zse3jv','ze3jj','zls3jk',76,NULL,1784389805093),
('zse3k6','ze3jf','zls3jw',71,NULL,1784389805093),
('zse3k7','ze3ji','zls3jw',88,NULL,1784389805093),
('zse3ki','ze3jc','zls3k8',79,NULL,1784389805093),
('zse3kj','ze3je','zls3k8',60,NULL,1784389805093),
('zse3kk','ze3jh','zls3k8',75,NULL,1784389805093),
('zse3kl','ze3ji','zls3k8',88,NULL,1784389805093),
('zse3l6','ze3kp','zls3kw',66,NULL,1784389805093),
('zse3l7','ze3kq','zls3kw',82,NULL,1784389805093),
('zse3l8','ze3kr','zls3kw',96,NULL,1784389805093),
('zse3lj','ze3ko','zls3l9',63,NULL,1784389805093),
('zse3lk','ze3kp','zls3l9',98,NULL,1784389805093),
('zse3ll','ze3kr','zls3l9',87,NULL,1784389805093),
('zse3lm','ze3ks','zls3l9',80,NULL,1784389805093),
('zse3ln','ze3ku','zls3l9',76,NULL,1784389805093),
('zse3ly','ze3kn','zls3lo',81,NULL,1784389805093),
('zse3lz','ze3kr','zls3lo',84,NULL,1784389805093),
('zse3m0','ze3kv','zls3lo',91,NULL,1784389805093),
('zse3mh','ze3m2','zls3m9',82,NULL,1784389805093),
('zse3mi','ze3m4','zls3m9',90,NULL,1784389805093),
('zse3mr','ze3m2','zls3mj',92,NULL,1784389805093),
('zse3ms','ze3m3','zls3mj',76,NULL,1784389805093),
('zse3mt','ze3m4','zls3mj',63,NULL,1784389805093),
('zse3mu','ze3m5','zls3mj',65,NULL,1784389805093),
('zse3mv','ze3m6','zls3mj',78,NULL,1784389805093),
('zse3mw','ze3m7','zls3mj',79,NULL,1784389805093),
('zse3mx','ze3m8','zls3mj',88,NULL,1784389805093);
INSERT OR IGNORE INTO student_evaluations (id,enrollment_id,lesson_session_id,score,note,created_at) VALUES
('zse3nc','ze3mz','zls3n5',93,NULL,1784389805093),
('zse3nd','ze3n2','zls3n5',68,NULL,1784389805093),
('zse3ne','ze3n3','zls3n5',78,NULL,1784389805093),
('zse3nm','ze3mz','zls3nf',83,NULL,1784389805093),
('zse3nn','ze3n0','zls3nf',93,NULL,1784389805093),
('zse3no','ze3n1','zls3nf',81,NULL,1784389805093),
('zse3np','ze3n2','zls3nf',66,NULL,1784389805093),
('zse3nq','ze3n3','zls3nf',65,NULL,1784389805093),
('zse3ny','ze3mz','zls3nr',97,NULL,1784389805093),
('zse3nz','ze3n2','zls3nr',68,NULL,1784389805093),
('zse3o0','ze3n3','zls3nr',72,NULL,1784389805093),
('zse3o1','ze3n4','zls3nr',89,NULL,1784389805093),
('zse3oi','ze3o3','zls3oa',90,NULL,1784389805093),
('zse3oj','ze3o4','zls3oa',99,NULL,1784389805093),
('zse3ok','ze3o5','zls3oa',75,NULL,1784389805093),
('zse3ol','ze3o6','zls3oa',77,NULL,1784389805093),
('zse3om','ze3o9','zls3oa',88,NULL,1784389805093),
('zse3ov','ze3o3','zls3on',89,NULL,1784389805093),
('zse3ow','ze3o6','zls3on',62,NULL,1784389805093),
('zse3ox','ze3o7','zls3on',85,NULL,1784389805093),
('zse3oy','ze3o9','zls3on',63,NULL,1784389805093),
('zse3p7','ze3o4','zls3oz',62,NULL,1784389805093),
('zse3p8','ze3o6','zls3oz',78,NULL,1784389805093),
('zse3p9','ze3o9','zls3oz',73,NULL,1784389805093),
('zse3ps','ze3pc','zls3pj',65,NULL,1784389805093),
('zse3pt','ze3ph','zls3pj',64,NULL,1784389805093),
('zse3pu','ze3pi','zls3pj',60,NULL,1784389805093),
('zse3qd','ze3py','zls3q4',68,NULL,1784389805093),
('zse3qe','ze3q2','zls3q4',94,NULL,1784389805093),
('zse3qo','ze3px','zls3qf',65,NULL,1784389805093),
('zse3qp','ze3q3','zls3qf',63,NULL,1784389805093),
('zse3qz','ze3pw','zls3qq',84,NULL,1784389805093),
('zse3r0','ze3px','zls3qq',92,NULL,1784389805093),
('zse3r1','ze3q0','zls3qq',74,NULL,1784389805093),
('zse3r2','ze3q1','zls3qq',83,NULL,1784389805093),
('zse3rc','ze3q3','zls3r3',66,NULL,1784389805093),
('zse3rt','ze3rf','zls3rl',81,NULL,1784389805093),
('zse3ru','ze3ri','zls3rl',93,NULL,1784389805093),
('zse3rv','ze3rj','zls3rl',79,NULL,1784389805093),
('zse3rw','ze3rk','zls3rl',95,NULL,1784389805093),
('zse3sj','ze3s1','zls3s8',77,NULL,1784389805093),
('zse3sv','ze3s1','zls3sk',84,NULL,1784389805093),
('zse3sw','ze3s2','zls3sk',95,NULL,1784389805093),
('zse3sx','ze3s4','zls3sk',70,NULL,1784389805093),
('zse3tm','ze3sz','zls3ta',70,NULL,1784389805093),
('zse3tn','ze3t1','zls3ta',77,NULL,1784389805093),
('zse3to','ze3t5','zls3ta',62,NULL,1784389805093),
('zse3tp','ze3t6','zls3ta',77,NULL,1784389805093),
('zse3tq','ze3t8','zls3ta',95,NULL,1784389805093),
('zse3tr','ze3t9','zls3ta',85,NULL,1784389805093),
('zse3uc','ze3tw','zls3u2',88,NULL,1784389805093),
('zse3ud','ze3ty','zls3u2',100,NULL,1784389805093),
('zse3ue','ze3tz','zls3u2',94,NULL,1784389805093),
('zse3ux','ze3uh','zls3uo',100,NULL,1784389805093),
('zse3uy','ze3uj','zls3uo',62,NULL,1784389805093),
('zse3uz','ze3un','zls3uo',60,NULL,1784389805093),
('zse3v9','ze3ug','zls3v0',65,NULL,1784389805093),
('zse3va','ze3uk','zls3v0',67,NULL,1784389805093),
('zse3vb','ze3um','zls3v0',84,NULL,1784389805093),
('zse3vl','ze3ui','zls3vc',68,NULL,1784389805093);
INSERT OR IGNORE INTO student_evaluations (id,enrollment_id,lesson_session_id,score,note,created_at) VALUES
('zse3vm','ze3uj','zls3vc',80,NULL,1784389805093),
('zse3vn','ze3uk','zls3vc',69,NULL,1784389805093),
('zse3vx','ze3ug','zls3vo',82,NULL,1784389805093),
('zse3vy','ze3un','zls3vo',71,NULL,1784389805093),
('zse3wl','ze3w1','zls3wa',99,NULL,1784389805093),
('zse3wm','ze3w2','zls3wa',93,NULL,1784389805093),
('zse3wn','ze3w3','zls3wa',91,NULL,1784389805093),
('zse3wo','ze3w7','zls3wa',73,NULL,1784389805093),
('zse3wp','ze3w9','zls3wa',86,NULL,1784389805093),
('zse3x1','ze3w0','zls3wq',87,NULL,1784389805093),
('zse3x2','ze3w3','zls3wq',61,NULL,1784389805093),
('zse3x3','ze3w8','zls3wq',74,NULL,1784389805093),
('zse3xf','ze3w0','zls3x4',75,NULL,1784389805093),
('zse3xg','ze3w3','zls3x4',81,NULL,1784389805093),
('zse3xh','ze3w4','zls3x4',86,NULL,1784389805093),
('zse3xi','ze3w9','zls3x4',65,NULL,1784389805093),
('zse3y7','ze3xo','zls3xv',93,NULL,1784389805093),
('zse3y8','ze3xp','zls3xv',100,NULL,1784389805093),
('zse3y9','ze3xq','zls3xv',71,NULL,1784389805093),
('zse3ym','ze3xn','zls3ya',69,NULL,1784389805093),
('zse3yn','ze3xq','zls3ya',85,NULL,1784389805093),
('zse3yo','ze3xr','zls3ya',76,NULL,1784389805093),
('zse3yp','ze3xs','zls3ya',87,NULL,1784389805093),
('zse3yq','ze3xu','zls3ya',84,NULL,1784389805093),
('zse3z3','ze3xl','zls3yr',91,NULL,1784389805093),
('zse3z4','ze3xm','zls3yr',82,NULL,1784389805093),
('zse3z5','ze3xp','zls3yr',78,NULL,1784389805093),
('zse3z6','ze3xq','zls3yr',95,NULL,1784389805093),
('zse3zt','ze3za','zls3zi',92,NULL,1784389805093),
('zse3zu','ze3ze','zls3zi',96,NULL,1784389805093),
('zse406','ze3z8','zls3zv',71,NULL,1784389805093),
('zse407','ze3z9','zls3zv',62,NULL,1784389805093),
('zse408','ze3zc','zls3zv',60,NULL,1784389805093),
('zse409','ze3zd','zls3zv',94,NULL,1784389805093),
('zse40s','ze40b','zls40j',65,NULL,1784389805093),
('zse40t','ze40i','zls40j',66,NULL,1784389805093),
('zse413','ze40b','zls40u',61,NULL,1784389805093),
('zse414','ze40c','zls40u',92,NULL,1784389805093),
('zse415','ze40f','zls40u',60,NULL,1784389805093),
('zse416','ze40g','zls40u',96,NULL,1784389805093),
('zse417','ze40i','zls40u',90,NULL,1784389805093),
('zse41u','ze41d','zls41j',75,NULL,1784389805093),
('zse41v','ze41e','zls41j',86,NULL,1784389805093),
('zse41w','ze41f','zls41j',69,NULL,1784389805093),
('zse41x','ze41g','zls41j',66,NULL,1784389805093),
('zse429','ze41b','zls41y',82,NULL,1784389805093),
('zse42a','ze41f','zls41y',100,NULL,1784389805093),
('zse42b','ze41h','zls41y',77,NULL,1784389805093),
('zse42c','ze41i','zls41y',88,NULL,1784389805093),
('zse42o','ze41b','zls42d',70,NULL,1784389805093),
('zse42p','ze41e','zls42d',75,NULL,1784389805093),
('zse42q','ze41f','zls42d',78,NULL,1784389805093),
('zse42r','ze41g','zls42d',90,NULL,1784389805093),
('zse42s','ze41h','zls42d',96,NULL,1784389805093),
('zse43d','ze42u','zls433',98,NULL,1784389805093),
('zse43e','ze42v','zls433',72,NULL,1784389805093),
('zse43f','ze42x','zls433',96,NULL,1784389805093),
('zse43g','ze430','zls433',93,NULL,1784389805093),
('zse43h','ze431','zls433',70,NULL,1784389805093),
('zse43i','ze432','zls433',72,NULL,1784389805093);
INSERT OR IGNORE INTO student_evaluations (id,enrollment_id,lesson_session_id,score,note,created_at) VALUES
('zse447','ze43m','zls43v',65,NULL,1784389805093),
('zse448','ze43r','zls43v',67,NULL,1784389805093),
('zse44l','ze43k','zls449',76,NULL,1784389805093),
('zse44m','ze43m','zls449',65,NULL,1784389805093),
('zse44n','ze43n','zls449',66,NULL,1784389805093),
('zse44o','ze43r','zls449',72,NULL,1784389805093),
('zse44p','ze43s','zls449',67,NULL,1784389805093),
('zse44q','ze43t','zls449',66,NULL,1784389805093),
('zse45d','ze44s','zls452',60,NULL,1784389805093),
('zse45e','ze44v','zls452',78,NULL,1784389805093),
('zse45f','ze44w','zls452',100,NULL,1784389805093),
('zse45g','ze44z','zls452',62,NULL,1784389805093),
('zse45h','ze450','zls452',88,NULL,1784389805093),
('zse45t','ze44s','zls45i',60,NULL,1784389805093),
('zse45u','ze44t','zls45i',92,NULL,1784389805093),
('zse45v','ze44u','zls45i',84,NULL,1784389805093),
('zse45w','ze450','zls45i',94,NULL,1784389805093),
('zse468','ze44s','zls45x',77,NULL,1784389805093),
('zse469','ze44t','zls45x',80,NULL,1784389805093),
('zse46a','ze44v','zls45x',73,NULL,1784389805093),
('zse46b','ze44y','zls45x',82,NULL,1784389805093),
('zse46c','ze451','zls45x',73,NULL,1784389805093),
('zse46o','ze44u','zls46d',95,NULL,1784389805093),
('zse46p','ze44y','zls46d',98,NULL,1784389805093),
('zse46q','ze44z','zls46d',99,NULL,1784389805093),
('zse46r','ze450','zls46d',72,NULL,1784389805093),
('zse47i','ze46v','zls475',94,NULL,1784389805093),
('zse47j','ze46w','zls475',62,NULL,1784389805093),
('zse47k','ze46y','zls475',72,NULL,1784389805093),
('zse47l','ze46z','zls475',70,NULL,1784389805093),
('zse47m','ze470','zls475',97,NULL,1784389805093),
('zse47n','ze472','zls475',100,NULL,1784389805093),
('zse481','ze46t','zls47o',73,NULL,1784389805093),
('zse482','ze46u','zls47o',82,NULL,1784389805093),
('zse483','ze46v','zls47o',79,NULL,1784389805093),
('zse484','ze46w','zls47o',80,NULL,1784389805093),
('zse485','ze46y','zls47o',76,NULL,1784389805093),
('zse48j','ze46t','zls486',84,NULL,1784389805093),
('zse48k','ze46u','zls486',68,NULL,1784389805093),
('zse48l','ze46v','zls486',84,NULL,1784389805093),
('zse48m','ze46w','zls486',95,NULL,1784389805093),
('zse48n','ze46z','zls486',73,NULL,1784389805093),
('zse48o','ze470','zls486',79,NULL,1784389805093),
('zse48p','ze471','zls486',74,NULL,1784389805093),
('zse48q','ze474','zls486',72,NULL,1784389805093),
('zse49b','ze48t','zls491',70,NULL,1784389805093),
('zse49c','ze48x','zls491',99,NULL,1784389805093),
('zse49d','ze48z','zls491',69,NULL,1784389805093),
('zse49e','ze490','zls491',70,NULL,1784389805093),
('zse49p','ze48u','zls49f',75,NULL,1784389805093),
('zse49q','ze48v','zls49f',66,NULL,1784389805093),
('zse49r','ze48w','zls49f',76,NULL,1784389805093),
('zse49s','ze48z','zls49f',67,NULL,1784389805093),
('zse49t','ze490','zls49f',63,NULL,1784389805093),
('zse4a4','ze48t','zls49u',68,NULL,1784389805093),
('zse4a5','ze48u','zls49u',74,NULL,1784389805093),
('zse4a6','ze490','zls49u',87,NULL,1784389805093),
('zse4ah','ze48u','zls4a7',72,NULL,1784389805093),
('zse4ai','ze48v','zls4a7',96,NULL,1784389805093),
('zse4aj','ze48z','zls4a7',93,NULL,1784389805093);
INSERT OR IGNORE INTO student_evaluations (id,enrollment_id,lesson_session_id,score,note,created_at) VALUES
('zse4ak','ze490','zls4a7',94,NULL,1784389805093),
('zse4b1','ze4an','zls4at',72,NULL,1784389805093),
('zse4ba','ze4am','zls4b2',86,NULL,1784389805093),
('zse4bb','ze4ap','zls4b2',92,NULL,1784389805093),
('zse4bc','ze4aq','zls4b2',94,NULL,1784389805093),
('zse4bl','ze4am','zls4bd',83,NULL,1784389805093),
('zse4bm','ze4ao','zls4bd',61,NULL,1784389805093),
('zse4c1','ze4bq','zls4bu',69,NULL,1784389805093),
('zse4c9','ze4bq','zls4c2',99,NULL,1784389805093),
('zse4ca','ze4br','zls4c2',81,NULL,1784389805093),
('zse4cb','ze4bs','zls4c2',75,NULL,1784389805093),
('zse4cc','ze4bt','zls4c2',90,NULL,1784389805093),
('zse4ck','ze4bo','zls4cd',92,NULL,1784389805093),
('zse4cl','ze4br','zls4cd',83,NULL,1784389805093),
('zse4cm','ze4bt','zls4cd',95,NULL,1784389805093),
('zse4d3','ze4cp','zls4cv',100,NULL,1784389805093),
('zse4do','ze4d5','zls4de',87,NULL,1784389805093),
('zse4dp','ze4d7','zls4de',88,NULL,1784389805093),
('zse4dq','ze4d8','zls4de',80,NULL,1784389805093),
('zse4dr','ze4db','zls4de',67,NULL,1784389805093),
('zse4ds','ze4dc','zls4de',61,NULL,1784389805093),
('zse4dt','ze4dd','zls4de',100,NULL,1784389805093),
('zse4ea','ze4dy','zls4e2',77,NULL,1784389805093),
('zse4eb','ze4e0','zls4e2',68,NULL,1784389805093),
('zse4eu','ze4ee','zls4el',89,NULL,1784389805093),
('zse4ev','ze4ei','zls4el',68,NULL,1784389805093),
('zse4f5','ze4ed','zls4ew',99,NULL,1784389805093),
('zse4f6','ze4eh','zls4ew',96,NULL,1784389805093),
('zse4f7','ze4ej','zls4ew',77,NULL,1784389805093),
('zse4fo','ze4fa','zls4fg',69,NULL,1784389805093),
('zse4fp','ze4fb','zls4fg',80,NULL,1784389805093),
('zse4fq','ze4ff','zls4fg',62,NULL,1784389805093),
('zse4fz','ze4fb','zls4fr',80,NULL,1784389805093),
('zse4g0','ze4fe','zls4fr',64,NULL,1784389805093),
('zse4g9','ze4f9','zls4g1',70,NULL,1784389805093),
('zse4ga','ze4fa','zls4g1',99,NULL,1784389805093),
('zse4gb','ze4ff','zls4g1',90,NULL,1784389805093),
('zse4gy','ze4gd','zls4gn',65,NULL,1784389805093),
('zse4gz','ze4ge','zls4gn',62,NULL,1784389805093),
('zse4h0','ze4gh','zls4gn',79,NULL,1784389805093),
('zse4h1','ze4gm','zls4gn',63,NULL,1784389805093),
('zse4hd','ze4ge','zls4h2',62,NULL,1784389805093),
('zse4he','ze4gh','zls4h2',80,NULL,1784389805093),
('zse4hf','ze4gl','zls4h2',80,NULL,1784389805093),
('zse4hr','ze4gf','zls4hg',95,NULL,1784389805093),
('zse4hs','ze4gg','zls4hg',90,NULL,1784389805093),
('zse4ht','ze4gh','zls4hg',80,NULL,1784389805093),
('zse4hu','ze4gi','zls4hg',66,NULL,1784389805093),
('zse4hv','ze4gj','zls4hg',82,NULL,1784389805093),
('zse4i7','ze4gf','zls4hw',93,NULL,1784389805093),
('zse4i8','ze4gj','zls4hw',63,NULL,1784389805093),
('zse4i9','ze4gk','zls4hw',71,NULL,1784389805093),
('zse4ia','ze4gm','zls4hw',96,NULL,1784389805093),
('zse4it','ze4if','zls4ik',75,NULL,1784389805093),
('zse4iu','ze4ih','zls4ik',77,NULL,1784389805093),
('zse4iv','ze4ii','zls4ik',91,NULL,1784389805093),
('zse4j5','ze4id','zls4iw',70,NULL,1784389805093),
('zse4j6','ze4ie','zls4iw',65,NULL,1784389805093),
('zse4j7','ze4ih','zls4iw',85,NULL,1784389805093),
('zse4j8','ze4ij','zls4iw',64,NULL,1784389805093);
INSERT OR IGNORE INTO student_evaluations (id,enrollment_id,lesson_session_id,score,note,created_at) VALUES
('zse4jp','ze4jd','zls4jh',95,NULL,1784389805093),
('zse4jq','ze4je','zls4jh',83,NULL,1784389805093),
('zse4jr','ze4jf','zls4jh',63,NULL,1784389805093),
('zse4kc','ze4jv','zls4k2',68,NULL,1784389805093),
('zse4kd','ze4jw','zls4k2',64,NULL,1784389805093),
('zse4ke','ze4jy','zls4k2',86,NULL,1784389805093),
('zse4kf','ze4jz','zls4k2',81,NULL,1784389805093),
('zse4kg','ze4k1','zls4k2',66,NULL,1784389805093),
('zse4kr','ze4jt','zls4kh',92,NULL,1784389805093),
('zse4ks','ze4jy','zls4kh',95,NULL,1784389805093),
('zse4lf','ze4ku','zls4l4',64,NULL,1784389805093),
('zse4lg','ze4kw','zls4l4',86,NULL,1784389805093),
('zse4lh','ze4kx','zls4l4',98,NULL,1784389805093),
('zse4li','ze4ky','zls4l4',65,NULL,1784389805093),
('zse4m3','ze4ll','zls4lt',97,NULL,1784389805093),
('zse4m4','ze4lm','zls4lt',81,NULL,1784389805093),
('zse4m5','ze4lq','zls4lt',62,NULL,1784389805093),
('zse4m6','ze4lr','zls4lt',74,NULL,1784389805093),
('zse4mn','ze4m9','zls4mf',65,NULL,1784389805093),
('zse4mo','ze4ma','zls4mf',87,NULL,1784389805093),
('zse4mx','ze4m8','zls4mp',86,NULL,1784389805093),
('zse4my','ze4ma','zls4mp',75,NULL,1784389805093),
('zse4n7','ze4mb','zls4mz',80,NULL,1784389805093),
('zse4ng','ze4m8','zls4n8',61,NULL,1784389805093),
('zse4nh','ze4m9','zls4n8',89,NULL,1784389805093),
('zse4o0','ze4nj','zls4nr',90,NULL,1784389805093),
('zse4o1','ze4nk','zls4nr',84,NULL,1784389805093),
('zse4o2','ze4nl','zls4nr',87,NULL,1784389805093),
('zse4o3','ze4nm','zls4nr',62,NULL,1784389805093),
('zse4o4','ze4no','zls4nr',80,NULL,1784389805093),
('zse4or','ze4o6','zls4og',81,NULL,1784389805093),
('zse4os','ze4o9','zls4og',99,NULL,1784389805093),
('zse4ot','ze4oe','zls4og',92,NULL,1784389805093),
('zse4ou','ze4of','zls4og',78,NULL,1784389805093),
('zse4pd','ze4ox','zls4p4',76,NULL,1784389805093),
('zse4pe','ze4oy','zls4p4',88,NULL,1784389805093),
('zse4pf','ze4oz','zls4p4',81,NULL,1784389805093),
('zse4pg','ze4p0','zls4p4',69,NULL,1784389805093),
('zse4ph','ze4p2','zls4p4',100,NULL,1784389805093),
('zse4pr','ze4ox','zls4pi',98,NULL,1784389805093),
('zse4ps','ze4oy','zls4pi',91,NULL,1784389805093),
('zse4pt','ze4oz','zls4pi',63,NULL,1784389805093),
('zse4pu','ze4p1','zls4pi',60,NULL,1784389805093),
('zse4pv','ze4p2','zls4pi',88,NULL,1784389805093),
('zse4q5','ze4oy','zls4pw',74,NULL,1784389805093),
('zse4q6','ze4p0','zls4pw',61,NULL,1784389805093),
('zse4q7','ze4p1','zls4pw',97,NULL,1784389805093),
('zse4q8','ze4p2','zls4pw',62,NULL,1784389805093),
('zse4q9','ze4p3','zls4pw',100,NULL,1784389805093),
('zse4qy','ze4qe','zls4qm',85,NULL,1784389805093),
('zse4qz','ze4qh','zls4qm',97,NULL,1784389805093),
('zse4r0','ze4qi','zls4qm',69,NULL,1784389805093),
('zse4r1','ze4qj','zls4qm',87,NULL,1784389805093),
('zse4rm','ze4r4','zls4rc',86,NULL,1784389805093),
('zse4rn','ze4r8','zls4rc',87,NULL,1784389805093),
('zse4ro','ze4r9','zls4rc',68,NULL,1784389805093),
('zse4rz','ze4r3','zls4rp',94,NULL,1784389805093),
('zse4s0','ze4r7','zls4rp',100,NULL,1784389805093),
('zse4s1','ze4r8','zls4rp',83,NULL,1784389805093),
('zse4s2','ze4r9','zls4rp',82,NULL,1784389805093);
INSERT OR IGNORE INTO student_evaluations (id,enrollment_id,lesson_session_id,score,note,created_at) VALUES
('zse4sd','ze4r3','zls4s3',81,NULL,1784389805093),
('zse4se','ze4r6','zls4s3',100,NULL,1784389805093),
('zse4sf','ze4r9','zls4s3',81,NULL,1784389805093),
('zse4sg','ze4rb','zls4s3',95,NULL,1784389805093),
('zse4t3','ze4sj','zls4ss',65,NULL,1784389805093),
('zse4t4','ze4sk','zls4ss',99,NULL,1784389805093),
('zse4t5','ze4sl','zls4ss',90,NULL,1784389805093),
('zse4t6','ze4sm','zls4ss',89,NULL,1784389805093),
('zse4t7','ze4sn','zls4ss',90,NULL,1784389805093),
('zse4t8','ze4sq','zls4ss',82,NULL,1784389805093),
('zse4tk','ze4sm','zls4t9',71,NULL,1784389805093),
('zse4tl','ze4sp','zls4t9',67,NULL,1784389805093),
('zse4u8','ze4tn','zls4tx',79,NULL,1784389805093),
('zse4u9','ze4to','zls4tx',96,NULL,1784389805093),
('zse4ua','ze4tp','zls4tx',69,NULL,1784389805093),
('zse4ub','ze4tq','zls4tx',76,NULL,1784389805093),
('zse4uc','ze4ts','zls4tx',92,NULL,1784389805093),
('zse4ud','ze4tu','zls4tx',84,NULL,1784389805093),
('zse4up','ze4tp','zls4ue',60,NULL,1784389805093),
('zse4uq','ze4ts','zls4ue',60,NULL,1784389805093),
('zse4ur','ze4tw','zls4ue',79,NULL,1784389805093),
('zse4v3','ze4tn','zls4us',64,NULL,1784389805093),
('zse4v4','ze4tq','zls4us',73,NULL,1784389805093),
('zse4v5','ze4tr','zls4us',88,NULL,1784389805093),
('zse4v6','ze4ts','zls4us',79,NULL,1784389805093),
('zse4vi','ze4to','zls4v7',85,NULL,1784389805093),
('zse4vj','ze4tp','zls4v7',98,NULL,1784389805093),
('zse4vk','ze4tu','zls4v7',90,NULL,1784389805093),
('zse4vl','ze4tv','zls4v7',95,NULL,1784389805093),
('zse4w2','ze4vn','zls4vu',96,NULL,1784389805093),
('zse4w3','ze4vo','zls4vu',63,NULL,1784389805093),
('zse4w4','ze4vp','zls4vu',92,NULL,1784389805093),
('zse4w5','ze4vr','zls4vu',61,NULL,1784389805093),
('zse4w6','ze4vs','zls4vu',90,NULL,1784389805093),
('zse4w7','ze4vt','zls4vu',90,NULL,1784389805093),
('zse4wg','ze4vo','zls4w8',62,NULL,1784389805093),
('zse4wh','ze4vs','zls4w8',63,NULL,1784389805093),
('zse4wi','ze4vt','zls4w8',95,NULL,1784389805093),
('zse4wr','ze4vn','zls4wj',77,NULL,1784389805093),
('zse4ws','ze4vp','zls4wj',76,NULL,1784389805093),
('zse4xf','ze4wu','zls4x4',88,NULL,1784389805093),
('zse4xg','ze4wv','zls4x4',72,NULL,1784389805093),
('zse4xh','ze4ww','zls4x4',74,NULL,1784389805093),
('zse4xi','ze4wx','zls4x4',84,NULL,1784389805093),
('zse4xj','ze4wy','zls4x4',73,NULL,1784389805093),
('zse4xk','ze4x2','zls4x4',73,NULL,1784389805093),
('zse4xl','ze4x3','zls4x4',90,NULL,1784389805093),
('zse4xx','ze4wv','zls4xm',99,NULL,1784389805093),
('zse4xy','ze4x2','zls4xm',61,NULL,1784389805093),
('zse4xz','ze4x3','zls4xm',93,NULL,1784389805093),
('zse4yi','ze4y3','zls4y9',90,NULL,1784389805093),
('zse4yj','ze4y5','zls4y9',93,NULL,1784389805093),
('zse4yk','ze4y8','zls4y9',97,NULL,1784389805093),
('zse4yu','ze4y1','zls4yl',73,NULL,1784389805093),
('zse4yv','ze4y6','zls4yl',68,NULL,1784389805093),
('zse4yw','ze4y7','zls4yl',83,NULL,1784389805093),
('zse4zn','ze4z0','zls4za',63,NULL,1784389805093),
('zse4zo','ze4z1','zls4za',67,NULL,1784389805093),
('zse4zp','ze4z3','zls4za',99,NULL,1784389805093),
('zse4zq','ze4z6','zls4za',80,NULL,1784389805093);
INSERT OR IGNORE INTO student_evaluations (id,enrollment_id,lesson_session_id,score,note,created_at) VALUES
('zse50b','ze4zs','zls501',99,NULL,1784389805093),
('zse50c','ze4zt','zls501',88,NULL,1784389805093),
('zse50d','ze4zu','zls501',87,NULL,1784389805093),
('zse50e','ze4zx','zls501',74,NULL,1784389805093),
('zse50f','ze4zy','zls501',69,NULL,1784389805093),
('zse50q','ze4zx','zls50g',98,NULL,1784389805093),
('zse50r','ze4zy','zls50g',87,NULL,1784389805093),
('zse50s','ze4zz','zls50g',61,NULL,1784389805093),
('zse50t','ze500','zls50g',77,NULL,1784389805093),
('zse514','ze4zs','zls50u',77,NULL,1784389805093),
('zse515','ze4zu','zls50u',64,NULL,1784389805093),
('zse516','ze4zv','zls50u',68,NULL,1784389805093),
('zse517','ze4zw','zls50u',74,NULL,1784389805093),
('zse518','ze4zx','zls50u',84,NULL,1784389805093),
('zse521','ze51a','zls51n',88,NULL,1784389805093),
('zse522','ze51e','zls51n',99,NULL,1784389805093),
('zse523','ze51g','zls51n',67,NULL,1784389805093),
('zse524','ze51k','zls51n',96,NULL,1784389805093),
('zse52j','ze51b','zls525',80,NULL,1784389805093),
('zse52k','ze51c','zls525',71,NULL,1784389805093),
('zse52l','ze51g','zls525',89,NULL,1784389805093),
('zse52m','ze51l','zls525',96,NULL,1784389805093),
('zse531','ze51f','zls52n',63,NULL,1784389805093),
('zse53q','ze533','zls53e',64,NULL,1784389805093),
('zse53r','ze534','zls53e',78,NULL,1784389805093),
('zse53s','ze536','zls53e',96,NULL,1784389805093),
('zse53t','ze539','zls53e',60,NULL,1784389805093),
('zse53u','ze53a','zls53e',98,NULL,1784389805093),
('zse53v','ze53d','zls53e',91,NULL,1784389805093),
('zse548','ze533','zls53w',92,NULL,1784389805093),
('zse549','ze535','zls53w',79,NULL,1784389805093),
('zse54a','ze538','zls53w',93,NULL,1784389805093),
('zse54b','ze53c','zls53w',74,NULL,1784389805093),
('zse54w','ze54d','zls54m',72,NULL,1784389805093),
('zse54x','ze54e','zls54m',93,NULL,1784389805093),
('zse54y','ze54f','zls54m',77,NULL,1784389805093),
('zse54z','ze54g','zls54m',95,NULL,1784389805093),
('zse550','ze54i','zls54m',62,NULL,1784389805093),
('zse551','ze54j','zls54m',80,NULL,1784389805093),
('zse55c','ze54f','zls552',91,NULL,1784389805093),
('zse55d','ze54h','zls552',67,NULL,1784389805093),
('zse55e','ze54j','zls552',100,NULL,1784389805093),
('zse55f','ze54k','zls552',81,NULL,1784389805093),
('zse55q','ze54d','zls55g',77,NULL,1784389805093),
('zse55r','ze54e','zls55g',79,NULL,1784389805093),
('zse55s','ze54f','zls55g',95,NULL,1784389805093),
('zse55t','ze54i','zls55g',94,NULL,1784389805093),
('zse55u','ze54k','zls55g',85,NULL,1784389805093),
('zse56d','ze55w','zls564',99,NULL,1784389805093),
('zse578','ze56f','zls56t',92,NULL,1784389805093),
('zse579','ze56g','zls56t',75,NULL,1784389805093),
('zse57a','ze56l','zls56t',77,NULL,1784389805093),
('zse57b','ze56m','zls56t',81,NULL,1784389805093),
('zse57c','ze56n','zls56t',74,NULL,1784389805093),
('zse57d','ze56q','zls56t',83,NULL,1784389805093),
('zse57e','ze56r','zls56t',77,NULL,1784389805093),
('zse57u','ze56f','zls57f',100,NULL,1784389805093),
('zse57v','ze56h','zls57f',91,NULL,1784389805093),
('zse57w','ze56l','zls57f',79,NULL,1784389805093),
('zse57x','ze56m','zls57f',100,NULL,1784389805093);
INSERT OR IGNORE INTO student_evaluations (id,enrollment_id,lesson_session_id,score,note,created_at) VALUES
('zse57y','ze56o','zls57f',64,NULL,1784389805093),
('zse57z','ze56p','zls57f',100,NULL,1784389805093),
('zse580','ze56r','zls57f',93,NULL,1784389805093),
('zse581','ze56s','zls57f',83,NULL,1784389805093),
('zse58h','ze56i','zls582',99,NULL,1784389805093),
('zse58i','ze56j','zls582',72,NULL,1784389805093),
('zse58j','ze56l','zls582',87,NULL,1784389805093),
('zse58k','ze56m','zls582',91,NULL,1784389805093),
('zse58l','ze56r','zls582',60,NULL,1784389805093),
('zse594','ze58n','zls58v',75,NULL,1784389805093),
('zse595','ze58o','zls58v',80,NULL,1784389805093),
('zse596','ze58q','zls58v',91,NULL,1784389805093),
('zse597','ze58r','zls58v',98,NULL,1784389805093),
('zse598','ze58t','zls58v',73,NULL,1784389805093),
('zse59i','ze58n','zls599',66,NULL,1784389805093),
('zse59j','ze58r','zls599',93,NULL,1784389805093),
('zse59k','ze58s','zls599',63,NULL,1784389805093),
('zse5a5','ze59q','zls59v',88,NULL,1784389805093),
('zse5a6','ze59s','zls59v',86,NULL,1784389805093),
('zse5ah','ze59n','zls5a7',92,NULL,1784389805093),
('zse5ai','ze59p','zls5a7',73,NULL,1784389805093),
('zse5aj','ze59r','zls5a7',71,NULL,1784389805093),
('zse5ak','ze59u','zls5a7',77,NULL,1784389805093),
('zse5av','ze59m','zls5al',64,NULL,1784389805093),
('zse5aw','ze59o','zls5al',83,NULL,1784389805093),
('zse5ax','ze59r','zls5al',82,NULL,1784389805093),
('zse5ay','ze59u','zls5al',63,NULL,1784389805093),
('zse5bn','ze5b0','zls5bb',89,NULL,1784389805093),
('zse5bo','ze5b1','zls5bb',83,NULL,1784389805093),
('zse5bp','ze5b3','zls5bb',76,NULL,1784389805093),
('zse5bq','ze5b6','zls5bb',96,NULL,1784389805093),
('zse5br','ze5b7','zls5bb',76,NULL,1784389805093),
('zse5bs','ze5ba','zls5bb',88,NULL,1784389805093),
('zse5c5','ze5b0','zls5bt',95,NULL,1784389805093),
('zse5c6','ze5b4','zls5bt',80,NULL,1784389805093),
('zse5c7','ze5b5','zls5bt',88,NULL,1784389805093),
('zse5c8','ze5b7','zls5bt',90,NULL,1784389805093),
('zse5c9','ze5b8','zls5bt',69,NULL,1784389805093),
('zse5cq','ze5ce','zls5ci',85,NULL,1784389805093),
('zse5cr','ze5cg','zls5ci',70,NULL,1784389805093),
('zse5d0','ze5cb','zls5cs',72,NULL,1784389805093),
('zse5d1','ze5cg','zls5cs',64,NULL,1784389805093),
('zse5da','ze5cb','zls5d2',88,NULL,1784389805093),
('zse5db','ze5cf','zls5d2',95,NULL,1784389805093),
('zse5dy','ze5dd','zls5dn',77,NULL,1784389805093),
('zse5dz','ze5de','zls5dn',99,NULL,1784389805093),
('zse5e0','ze5dg','zls5dn',65,NULL,1784389805093),
('zse5e1','ze5dh','zls5dn',77,NULL,1784389805093),
('zse5e2','ze5di','zls5dn',93,NULL,1784389805093),
('zse5e3','ze5dk','zls5dn',89,NULL,1784389805093),
('zse5em','ze5e6','zls5ed',96,NULL,1784389805093),
('zse5en','ze5e9','zls5ed',65,NULL,1784389805093),
('zse5eo','ze5ea','zls5ed',100,NULL,1784389805093),
('zse5ey','ze5e6','zls5ep',64,NULL,1784389805093),
('zse5ez','ze5e7','zls5ep',63,NULL,1784389805093),
('zse5f0','ze5ea','zls5ep',83,NULL,1784389805093),
('zse5fr','ze5f3','zls5fe',80,NULL,1784389805093),
('zse5fs','ze5f4','zls5fe',81,NULL,1784389805093),
('zse5ft','ze5fa','zls5fe',79,NULL,1784389805093),
('zse5fu','ze5fb','zls5fe',90,NULL,1784389805093);
INSERT OR IGNORE INTO student_evaluations (id,enrollment_id,lesson_session_id,score,note,created_at) VALUES
('zse5fv','ze5fd','zls5fe',84,NULL,1784389805093),
('zse5g9','ze5f3','zls5fw',86,NULL,1784389805093),
('zse5ga','ze5f4','zls5fw',81,NULL,1784389805093),
('zse5gb','ze5f6','zls5fw',67,NULL,1784389805093),
('zse5gc','ze5f8','zls5fw',97,NULL,1784389805093),
('zse5gd','ze5fa','zls5fw',80,NULL,1784389805093),
('zse5gr','ze5f3','zls5ge',97,NULL,1784389805093),
('zse5gs','ze5f4','zls5ge',75,NULL,1784389805093),
('zse5gt','ze5f5','zls5ge',88,NULL,1784389805093),
('zse5gu','ze5fc','zls5ge',99,NULL,1784389805093),
('zse5hf','ze5gw','zls5h5',67,NULL,1784389805093),
('zse5hg','ze5gx','zls5h5',85,NULL,1784389805093),
('zse5hh','ze5gy','zls5h5',68,NULL,1784389805093),
('zse5hs','ze5gw','zls5hi',88,NULL,1784389805093),
('zse5ht','ze5h4','zls5hi',65,NULL,1784389805093),
('zse5i4','ze5gz','zls5hu',86,NULL,1784389805093),
('zse5i5','ze5h4','zls5hu',80,NULL,1784389805093),
('zse5im','ze5i9','zls5ie',78,NULL,1784389805093),
('zse5in','ze5ic','zls5ie',73,NULL,1784389805093),
('zse5io','ze5id','zls5ie',80,NULL,1784389805093),
('zse5ix','ze5ia','zls5ip',91,NULL,1784389805093),
('zse5j6','ze5i7','zls5iy',63,NULL,1784389805093),
('zse5j7','ze5ia','zls5iy',66,NULL,1784389805093),
('zse5j8','ze5ib','zls5iy',87,NULL,1784389805093),
('zse5jr','ze5jb','zls5ji',81,NULL,1784389805093),
('zse5js','ze5jc','zls5ji',69,NULL,1784389805093),
('zse5jt','ze5jf','zls5ji',90,NULL,1784389805093),
('zse5ju','ze5jh','zls5ji',75,NULL,1784389805093),
('zse5kh','ze5jx','zls5k6',79,NULL,1784389805093),
('zse5ki','ze5k0','zls5k6',71,NULL,1784389805093),
('zse5kj','ze5k4','zls5k6',92,NULL,1784389805093),
('zse5kv','ze5k2','zls5kk',86,NULL,1784389805093),
('zse5l7','ze5jw','zls5kw',76,NULL,1784389805093),
('zse5l8','ze5jz','zls5kw',97,NULL,1784389805093),
('zse5l9','ze5k2','zls5kw',62,NULL,1784389805093),
('zse5la','ze5k3','zls5kw',89,NULL,1784389805093),
('zse5lm','ze5jw','zls5lb',98,NULL,1784389805093),
('zse5ln','ze5jx','zls5lb',81,NULL,1784389805093),
('zse5lo','ze5jy','zls5lb',95,NULL,1784389805093),
('zse5lp','ze5jz','zls5lb',81,NULL,1784389805093),
('zse5lq','ze5k0','zls5lb',73,NULL,1784389805093),
('zse5m9','ze5ls','zls5m0',86,NULL,1784389805093),
('zse5ma','ze5lu','zls5m0',75,NULL,1784389805093),
('zse5mb','ze5lv','zls5m0',63,NULL,1784389805093),
('zse5mc','ze5lx','zls5m0',80,NULL,1784389805093),
('zse5mm','ze5lv','zls5md',68,NULL,1784389805093),
('zse5mn','ze5lw','zls5md',81,NULL,1784389805093),
('zse5mo','ze5ly','zls5md',99,NULL,1784389805093),
('zse5mp','ze5lz','zls5md',75,NULL,1784389805093),
('zse5nk','ze5mr','zls5n5',94,NULL,1784389805093),
('zse5nl','ze5mt','zls5n5',88,NULL,1784389805093),
('zse5nm','ze5mv','zls5n5',99,NULL,1784389805093),
('zse5nn','ze5mw','zls5n5',93,NULL,1784389805093),
('zse5no','ze5n4','zls5n5',96,NULL,1784389805093),
('zse5o4','ze5mt','zls5np',78,NULL,1784389805093),
('zse5o5','ze5mx','zls5np',68,NULL,1784389805093),
('zse5o6','ze5mz','zls5np',90,NULL,1784389805093),
('zse5o7','ze5n0','zls5np',90,NULL,1784389805093),
('zse5o8','ze5n2','zls5np',98,NULL,1784389805093),
('zse5o9','ze5n4','zls5np',69,NULL,1784389805093);
INSERT OR IGNORE INTO student_evaluations (id,enrollment_id,lesson_session_id,score,note,created_at) VALUES
('zse5ow','ze5ob','zls5ol',77,NULL,1784389805093),
('zse5ox','ze5oc','zls5ol',91,NULL,1784389805093),
('zse5oy','ze5od','zls5ol',73,NULL,1784389805093),
('zse5oz','ze5oe','zls5ol',95,NULL,1784389805093),
('zse5p0','ze5oi','zls5ol',75,NULL,1784389805093);
INSERT OR IGNORE INTO monthly_entitlements (id,person_id,month,gross_amount,currency,status,approved_by,created_at) VALUES
('zent5p1','zp28','1448-02',2.5,'USD','proposed',NULL,1784389805093),
('zent5p3','zp55','1448-02',10.36,'USD','proposed',NULL,1784389805093),
('zent5p5','zp61','1448-02',5.71,'USD','paid','u-admin',1784389805093),
('zent5p8','zpah','1448-02',0.71,'USD','proposed',NULL,1784389805093),
('zent5pa','zpf8','1448-02',10.89,'USD','paid','u-admin',1784389805093),
('zent5pd','zpg7','1448-02',12.14,'USD','paid','u-admin',1784389805093),
('zent5pg','zph2','1448-02',4.11,'USD','paid','u-admin',1784389805093),
('zent5pj','zphx','1448-02',2.86,'USD','proposed',NULL,1784389805093),
('zent5pl','zpkr','1448-02',13.21,'USD','proposed',NULL,1784389805093),
('zent5pn','zpmf','1448-02',3.21,'USD','approved','u-admin',1784389805093),
('zent5pp','zpo3','1448-02',5.89,'USD','proposed',NULL,1784389805093),
('zent5pr','zpqb','1448-02',10.36,'USD','paid','u-admin',1784389805093),
('zent5pu','zpua','1448-02',9.82,'USD','approved','u-admin',1784389805093),
('zent5pw','zpva','1448-02',3.04,'USD','proposed',NULL,1784389805093),
('zent5py','zpz9','1448-02',11.43,'USD','approved','u-admin',1784389805093),
('zent5q0','zp103','1448-02',13.04,'USD','proposed',NULL,1784389805093),
('zent5q2','zp14o','1448-02',12.14,'USD','paid','u-admin',1784389805093),
('zent5q5','zpn','1448-02',32,'USD','approved','u-admin',1784389805093),
('zent5q7','zp2g','1448-02',8,'USD','proposed',NULL,1784389805093),
('zent5q9','zp3e','1448-02',52,'USD','approved','u-admin',1784389805093),
('zent5qb','zp4d','1448-02',52,'USD','proposed',NULL,1784389805093),
('zent5qd','zp8a','1448-02',26,'USD','approved','u-admin',1784389805093),
('zent5qf','zp91','1448-02',46,'USD','paid','u-admin',1784389805093),
('zent5qh','zp99','1448-02',16,'USD','proposed',NULL,1784389805093),
('zent5qj','zpar','1448-02',26,'USD','paid','u-admin',1784389805093),
('zent5ql','zpat','1448-02',26,'USD','approved','u-admin',1784389805093),
('zent5qn','zpav','1448-02',32,'USD','proposed',NULL,1784389805093),
('zent5qp','zpdi','1448-02',38,'USD','approved','u-admin',1784389805093),
('zent5qr','zpdo','1448-02',52,'USD','proposed',NULL,1784389805093),
('zent5qt','zpfg','1448-02',42,'USD','paid','u-admin',1784389805093),
('zent5qv','zpfk','1448-02',38,'USD','proposed',NULL,1784389805093),
('zent5qx','zpfq','1448-02',46,'USD','approved','u-admin',1784389805093),
('zent5qz','zpgj','1448-02',50,'USD','approved','u-admin',1784389805093),
('zent5r1','zpj8','1448-02',22,'USD','paid','u-admin',1784389805093),
('zent5r3','zpk1','1448-02',36,'USD','paid','u-admin',1784389805093),
('zent5r5','zpk3','1448-02',40,'USD','approved','u-admin',1784389805093),
('zent5r7','zpkb','1448-02',18,'USD','approved','u-admin',1784389805093),
('zent5r9','zpm1','1448-02',48,'USD','proposed',NULL,1784389805093),
('zent5rb','zpm5','1448-02',58,'USD','approved','u-admin',1784389805093),
('zent5rd','zpm7','1448-02',48,'USD','proposed',NULL,1784389805093),
('zent5rf','zpmv','1448-02',10,'USD','paid','u-admin',1784389805093),
('zent5rh','zpod','1448-02',16,'USD','proposed',NULL,1784389805093),
('zent5rj','zppg','1448-02',54,'USD','proposed',NULL,1784389805093),
('zent5rl','zppm','1448-02',28,'USD','approved','u-admin',1784389805093),
('zent5rn','zpra','1448-02',30,'USD','approved','u-admin',1784389805093),
('zent5rp','zpsv','1448-02',30,'USD','paid','u-admin',1784389805093),
('zent5rr','zpsx','1448-02',50,'USD','proposed',NULL,1784389805093),
('zent5rt','zpsz','1448-02',34,'USD','proposed',NULL,1784389805093),
('zent5rv','zpth','1448-02',10,'USD','proposed',NULL,1784389805093),
('zent5rx','zptr','1448-02',10,'USD','paid','u-admin',1784389805093),
('zent5rz','zpvm','1448-02',50,'USD','approved','u-admin',1784389805093),
('zent5s1','zpxk','1448-02',12,'USD','paid','u-admin',1784389805093),
('zent5s3','zpyz','1448-02',40,'USD','paid','u-admin',1784389805093),
('zent5s5','zp10h','1448-02',60,'USD','proposed',NULL,1784389805093),
('zent5s7','zp10j','1448-02',28,'USD','paid','u-admin',1784389805093),
('zent5s9','zp10l','1448-02',54,'USD','proposed',NULL,1784389805093),
('zent5sb','zp11r','1448-02',44,'USD','proposed',NULL,1784389805093);
INSERT OR IGNORE INTO entitlement_tracks (id,entitlement_id,kind,basis,rate,amount,source_ref) VALUES
('zetk5p2','zent5p1','points',14,0.17857142857142858,2.5,'zm27'),
('zetk5p4','zent5p3','points',58,0.17857142857142858,10.36,'zm54'),
('zetk5p6','zent5p5','points',32,0.17857142857142858,5.71,'zm60'),
('zetk5p9','zent5p8','points',4,0.17857142857142858,0.71,'zmag'),
('zetk5pb','zent5pa','points',61,0.17857142857142858,10.89,'zmf7'),
('zetk5pe','zent5pd','points',68,0.17857142857142858,12.14,'zmg6'),
('zetk5ph','zent5pg','points',23,0.17857142857142858,4.11,'zmh1'),
('zetk5pk','zent5pj','points',16,0.17857142857142858,2.86,'zmhw'),
('zetk5pm','zent5pl','points',74,0.17857142857142858,13.21,'zmkq'),
('zetk5po','zent5pn','points',18,0.17857142857142858,3.21,'zmme'),
('zetk5pq','zent5pp','points',33,0.17857142857142858,5.89,'zmo2'),
('zetk5ps','zent5pr','points',58,0.17857142857142858,10.36,'zmqa'),
('zetk5pv','zent5pu','points',55,0.17857142857142858,9.82,'zmu9'),
('zetk5px','zent5pw','points',17,0.17857142857142858,3.04,'zmv9'),
('zetk5pz','zent5py','points',64,0.17857142857142858,11.43,'zmz8'),
('zetk5q1','zent5q0','points',73,0.17857142857142858,13.04,'zm102'),
('zetk5q3','zent5q2','points',68,0.17857142857142858,12.14,'zm14n'),
('zetk5q6','zent5q5','hours',16,2,32,'ala_baseera'),
('zetk5q8','zent5q7','hours',4,2,8,'ala_baseera'),
('zetk5qa','zent5q9','hours',26,2,52,'ala_baseera'),
('zetk5qc','zent5qb','hours',26,2,52,'ala_baseera'),
('zetk5qe','zent5qd','hours',13,2,26,'ala_baseera'),
('zetk5qg','zent5qf','hours',23,2,46,'ala_baseera'),
('zetk5qi','zent5qh','hours',8,2,16,'ala_baseera'),
('zetk5qk','zent5qj','hours',13,2,26,'ala_baseera'),
('zetk5qm','zent5ql','hours',13,2,26,'ala_baseera'),
('zetk5qo','zent5qn','hours',16,2,32,'ala_baseera'),
('zetk5qq','zent5qp','hours',19,2,38,'ala_baseera'),
('zetk5qs','zent5qr','hours',26,2,52,'ala_baseera'),
('zetk5qu','zent5qt','hours',21,2,42,'ala_baseera'),
('zetk5qw','zent5qv','hours',19,2,38,'ala_baseera'),
('zetk5qy','zent5qx','hours',23,2,46,'ala_baseera'),
('zetk5r0','zent5qz','hours',25,2,50,'ala_baseera'),
('zetk5r2','zent5r1','hours',11,2,22,'ala_baseera'),
('zetk5r4','zent5r3','hours',18,2,36,'ala_baseera'),
('zetk5r6','zent5r5','hours',20,2,40,'ala_baseera'),
('zetk5r8','zent5r7','hours',9,2,18,'ala_baseera'),
('zetk5ra','zent5r9','hours',24,2,48,'ala_baseera'),
('zetk5rc','zent5rb','hours',29,2,58,'ala_baseera'),
('zetk5re','zent5rd','hours',24,2,48,'ala_baseera'),
('zetk5rg','zent5rf','hours',5,2,10,'ala_baseera'),
('zetk5ri','zent5rh','hours',8,2,16,'ala_baseera'),
('zetk5rk','zent5rj','hours',27,2,54,'ala_baseera'),
('zetk5rm','zent5rl','hours',14,2,28,'ala_baseera'),
('zetk5ro','zent5rn','hours',15,2,30,'ala_baseera'),
('zetk5rq','zent5rp','hours',15,2,30,'ala_baseera'),
('zetk5rs','zent5rr','hours',25,2,50,'ala_baseera'),
('zetk5ru','zent5rt','hours',17,2,34,'ala_baseera'),
('zetk5rw','zent5rv','hours',5,2,10,'ala_baseera'),
('zetk5ry','zent5rx','hours',5,2,10,'ala_baseera'),
('zetk5s0','zent5rz','hours',25,2,50,'ala_baseera'),
('zetk5s2','zent5s1','hours',6,2,12,'ala_baseera'),
('zetk5s4','zent5s3','hours',20,2,40,'ala_baseera'),
('zetk5s6','zent5s5','hours',30,2,60,'ala_baseera'),
('zetk5s8','zent5s7','hours',14,2,28,'ala_baseera'),
('zetk5sa','zent5s9','hours',27,2,54,'ala_baseera'),
('zetk5sc','zent5sb','hours',22,2,44,'ala_baseera');
INSERT OR IGNORE INTO payouts (id,entitlement_id,net_amount,paid_amount,reference,recorded_by,paid_at) VALUES
('zpo5p7','zent5p5',5.71,5.71,'حوالة 2394','u-admin',1783785005093),
('zpo5pc','zent5pa',10.89,10.89,'حوالة 4330','u-admin',1783093805093),
('zpo5pf','zent5pd',12.14,12.14,'حوالة 4987','u-admin',1784044205093),
('zpo5pi','zent5pg',4.11,4.11,'حوالة 4326','u-admin',1783698605093),
('zpo5pt','zent5pr',10.36,10.36,'حوالة 4563','u-admin',1783007405093),
('zpo5q4','zent5q2',12.14,12.14,'حوالة 5013','u-admin',1784303405093);
INSERT OR IGNORE INTO competitions (id,name,start_month,end_month,qualification_month,prize_pool,status,created_at) VALUES
('zcomp5sd','مسابقة المسجد المؤثر 1447–1448','1447-07','1448-07','1448-06',25000,'active',1784389805093);
INSERT OR IGNORE INTO monthly_programs (id,competition_id,month_hijri,track,title,max_points) VALUES
('zmp5se','zcomp5sd','1447-10','knowledge','نشاط دعوي',100),
('zmp5sf','zcomp5sd','1447-11','worship','دورة علمية',150),
('zmp5sg','zcomp5sd','1447-12','activities','نشاط دعوي',100),
('zmp5sh','zcomp5sd','1448-01','worship','نشاط دعوي',50),
('zmp5si','zcomp5sd','1448-02','worship','حفظ جزء',150),
('zmp5sj','zcomp5sd','1448-03','knowledge','دورة علمية',50),
('zmp5sk','zcomp5sd','1448-04','worship','حفظ جزء',150),
('zmp5sl','zcomp5sd','1448-05','activities','ختمة تدبر',100);
INSERT OR IGNORE INTO participants (id,competition_id,person_id,mosque_id,age_at_registration,status,created_at) VALUES
('zpart5sm','zcomp5sd','zp2','zm60',33,'qualified',1784389805093),
('zpart5sq','zcomp5sd','zpe','zm12w',36,'active',1784389805093),
('zpart5sw','zcomp5sd','zph','zmkq',23,'active',1784389805093),
('zpart5t4','zcomp5sd','zpj','zmxq',15,'active',1784389805093),
('zpart5t7','zcomp5sd','zpl','zm12w',35,'active',1784389805093),
('zpart5td','zcomp5sd','zpn','zm6u',38,'withdrawn',1784389805093),
('zpart5ti','zcomp5sd','zpp','zmlo',21,'qualified',1784389805093),
('zpart5tm','zcomp5sd','zpr','zmme',18,'active',1784389805093),
('zpart5tr','zcomp5sd','zp19','zm13o',16,'active',1784389805093),
('zpart5tw','zcomp5sd','zp1b','zmrs',35,'active',1784389805093),
('zpart5u1','zcomp5sd','zp1d','zm13o',27,'qualified',1784389805093),
('zpart5u3','zcomp5sd','zp1j','zmv9',18,'withdrawn',1784389805093),
('zpart5u7','zcomp5sd','zp1n','zmx3',23,'withdrawn',1784389805093),
('zpart5uc','zcomp5sd','zp1p','zm118',18,'active',1784389805093),
('zpart5uh','zcomp5sd','zp1t','zm9n',21,'active',1784389805093),
('zpart5ul','zcomp5sd','zp28','zmh1',40,'active',1784389805093),
('zpart5uq','zcomp5sd','zp2c','zmw4',18,'active',1784389805093),
('zpart5uu','zcomp5sd','zp2e','zm60',29,'withdrawn',1784389805093),
('zpart5v0','zcomp5sd','zp2g','zmsm',19,'active',1784389805093),
('zpart5v4','zcomp5sd','zp2m','zmrs',36,'withdrawn',1784389805093),
('zpart5v8','zcomp5sd','zp2o','zmjq',30,'qualified',1784389805093),
('zpart5vb','zcomp5sd','zp2q','zmh1',39,'withdrawn',1784389805093),
('zpart5vf','zcomp5sd','zp38','zmsm',16,'withdrawn',1784389805093),
('zpart5vi','zcomp5sd','zp3c','zmd',26,'active',1784389805093),
('zpart5vm','zcomp5sd','zp3g','zmbd',15,'withdrawn',1784389805093),
('zpart5vs','zcomp5sd','zp3i','zm54',26,'active',1784389805093),
('zpart5vy','zcomp5sd','zp3k','zmqa',32,'active',1784389805093),
('zpart5w3','zcomp5sd','zp45','zm12w',35,'active',1784389805093),
('zpart5wb','zcomp5sd','zp49','zmme',26,'active',1784389805093),
('zpart5wd','zcomp5sd','zp4f','zmyk',28,'active',1784389805093),
('zpart5wj','zcomp5sd','zp4h','zmv9',34,'qualified',1784389805093),
('zpart5wq','zcomp5sd','zp4j','zmf7',15,'active',1784389805093),
('zpart5ww','zcomp5sd','zp55','zmv9',32,'withdrawn',1784389805093),
('zpart5x3','zcomp5sd','zp59','zmr1',19,'qualified',1784389805093),
('zpart5x6','zcomp5sd','zp5b','zmbd',17,'active',1784389805093),
('zpart5xa','zcomp5sd','zp5d','zm8q',15,'qualified',1784389805093),
('zpart5xg','zcomp5sd','zp5h','zmt8',33,'active',1784389805093),
('zpart5xl','zcomp5sd','zp5l','zmw4',15,'active',1784389805093),
('zpart5xo','zcomp5sd','zp63','zm33',26,'active',1784389805093),
('zpart5xr','zcomp5sd','zp67','zmec',18,'qualified',1784389805093),
('zpart5xv','zcomp5sd','zp6d','zmh1',27,'active',1784389805093),
('zpart5y1','zcomp5sd','zp6z','zmci',24,'qualified',1784389805093),
('zpart5y7','zcomp5sd','zp77','zmit',26,'active',1784389805093),
('zpart5yc','zcomp5sd','zp7d','zm33',31,'qualified',1784389805093),
('zpart5yh','zcomp5sd','zp7u','zm102',39,'withdrawn',1784389805093),
('zpart5yn','zcomp5sd','zp7y','zmag',39,'qualified',1784389805093),
('zpart5yu','zcomp5sd','zp80','zmz8',20,'active',1784389805093),
('zpart5yy','zcomp5sd','zp82','zm60',32,'active',1784389805093),
('zpart5z3','zcomp5sd','zp84','zmv9',29,'active',1784389805093),
('zpart5z9','zcomp5sd','zp88','zmo2',18,'active',1784389805093),
('zpart5zf','zcomp5sd','zp8r','zmdb',34,'active',1784389805093),
('zpart5zl','zcomp5sd','zp8v','zmn7',25,'withdrawn',1784389805093),
('zpart5zp','zcomp5sd','zp8x','zmf7',31,'withdrawn',1784389805093),
('zpart5zu','zcomp5sd','zp91','zmdb',39,'withdrawn',1784389805093),
('zpart5zz','zcomp5sd','zp93','zmag',22,'withdrawn',1784389805093),
('zpart605','zcomp5sd','zp99','zm60',22,'withdrawn',1784389805093),
('zpart60c','zcomp5sd','zp9o','zm60',22,'qualified',1784389805093),
('zpart60g','zcomp5sd','zp9s','zm54',20,'qualified',1784389805093),
('zpart60k','zcomp5sd','zp9w','zmx3',28,'withdrawn',1784389805093),
('zpart60q','zcomp5sd','zp9y','zmci',35,'active',1784389805093);
INSERT OR IGNORE INTO participants (id,competition_id,person_id,mosque_id,age_at_registration,status,created_at) VALUES
('zpart60t','zcomp5sd','zpa0','zm9n',19,'withdrawn',1784389805093),
('zpart60y','zcomp5sd','zpa4','zmci',27,'active',1784389805093),
('zpart614','zcomp5sd','zpaj','zmqa',30,'withdrawn',1784389805093),
('zpart616','zcomp5sd','zpal','zmv9',40,'withdrawn',1784389805093),
('zpart61a','zcomp5sd','zpan','zmsm',37,'active',1784389805093),
('zpart61f','zcomp5sd','zpap','zmjq',29,'active',1784389805093),
('zpart61g','zcomp5sd','zpat','zmyk',38,'withdrawn',1784389805093),
('zpart61l','zcomp5sd','zpav','zmr1',25,'qualified',1784389805093),
('zpart61o','zcomp5sd','zpax','zmrs',30,'active',1784389805093),
('zpart61p','zcomp5sd','zpaz','zmd',20,'qualified',1784389805093),
('zpart61r','zcomp5sd','zpbe','zmx3',40,'qualified',1784389805093),
('zpart61v','zcomp5sd','zpbk','zmbd',39,'active',1784389805093),
('zpart620','zcomp5sd','zpbo','zmrs',30,'active',1784389805093),
('zpart624','zcomp5sd','zpbq','zmlo',27,'withdrawn',1784389805093),
('zpart629','zcomp5sd','zpbs','zmdb',36,'qualified',1784389805093),
('zpart62e','zcomp5sd','zpbw','zm6u',20,'qualified',1784389805093),
('zpart62i','zcomp5sd','zpby','zmx3',39,'active',1784389805093),
('zpart62q','zcomp5sd','zpcj','zmr1',22,'active',1784389805093),
('zpart62w','zcomp5sd','zpcn','zmme',15,'qualified',1784389805093),
('zpart631','zcomp5sd','zpcr','zmrs',22,'active',1784389805093),
('zpart635','zcomp5sd','zpcv','zm27',16,'withdrawn',1784389805093),
('zpart63c','zcomp5sd','zpcx','zmo2',24,'withdrawn',1784389805093),
('zpart63k','zcomp5sd','zpdc','zmt8',40,'withdrawn',1784389805093),
('zpart63r','zcomp5sd','zpde','zmxq',19,'qualified',1784389805093),
('zpart63x','zcomp5sd','zpdi','zmjq',36,'qualified',1784389805093),
('zpart643','zcomp5sd','zpdm','zmx3',27,'active',1784389805093),
('zpart647','zcomp5sd','zpdq','zmit',24,'withdrawn',1784389805093),
('zpart64b','zcomp5sd','zpe7','zmit',21,'withdrawn',1784389805093),
('zpart64h','zcomp5sd','zped','zmci',38,'qualified',1784389805093),
('zpart64m','zcomp5sd','zpej','zmg6',22,'active',1784389805093),
('zpart64q','zcomp5sd','zpel','zmag',36,'withdrawn',1784389805093),
('zpart64v','zcomp5sd','zpep','zmlo',15,'qualified',1784389805093),
('zpart651','zcomp5sd','zper','zmo2',21,'active',1784389805093),
('zpart657','zcomp5sd','zpet','zmg6',26,'active',1784389805093),
('zpart65d','zcomp5sd','zpev','zm9n',18,'qualified',1784389805093),
('zpart65h','zcomp5sd','zpf8','zmlo',32,'withdrawn',1784389805093),
('zpart65o','zcomp5sd','zpfc','zmo2',35,'active',1784389805093),
('zpart65v','zcomp5sd','zpfe','zm33',23,'qualified',1784389805093),
('zpart65y','zcomp5sd','zpfi','zmhw',27,'active',1784389805093),
('zpart665','zcomp5sd','zpfm','zmhw',28,'active',1784389805093),
('zpart66d','zcomp5sd','zpfq','zmf7',25,'qualified',1784389805093),
('zpart66h','zcomp5sd','zpg7','zmp3',34,'withdrawn',1784389805093),
('zpart66m','zcomp5sd','zpgb','zmo2',31,'withdrawn',1784389805093),
('zpart66r','zcomp5sd','zpgd','zm14n',18,'qualified',1784389805093),
('zpart66w','zcomp5sd','zpgh','zmd',23,'active',1784389805093),
('zpart671','zcomp5sd','zph4','zm9n',28,'active',1784389805093),
('zpart676','zcomp5sd','zph8','zm14n',36,'withdrawn',1784389805093),
('zpart67a','zcomp5sd','zphc','zmlo',20,'qualified',1784389805093),
('zpart67c','zcomp5sd','zphx','zm9n',31,'active',1784389805093),
('zpart67f','zcomp5sd','zphz','zmg6',30,'withdrawn',1784389805093),
('zpart67m','zcomp5sd','zpi9','zmz8',37,'qualified',1784389805093),
('zpart67q','zcomp5sd','zpir','zmsm',28,'withdrawn',1784389805093),
('zpart67x','zcomp5sd','zpiu','zmyk',19,'qualified',1784389805093),
('zpart684','zcomp5sd','zpiy','zm60',23,'qualified',1784389805093),
('zpart689','zcomp5sd','zpj2','zm7t',31,'active',1784389805093),
('zpart68d','zcomp5sd','zpj4','zmit',24,'active',1784389805093),
('zpart68i','zcomp5sd','zpj8','zmec',16,'active',1784389805093),
('zpart68r','zcomp5sd','zpja','zmbd',35,'active',1784389805093),
('zpart68w','zcomp5sd','zpjr','zmv9',33,'withdrawn',1784389805093),
('zpart692','zcomp5sd','zpjt','zm12w',40,'withdrawn',1784389805093);
INSERT OR IGNORE INTO participants (id,competition_id,person_id,mosque_id,age_at_registration,status,created_at) VALUES
('zpart696','zcomp5sd','zpjv','zm7t',16,'withdrawn',1784389805093),
('zpart69d','zcomp5sd','zpjx','zmx3',22,'active',1784389805093),
('zpart69h','zcomp5sd','zpjz','zm8q',37,'withdrawn',1784389805093),
('zpart69n','zcomp5sd','zpk1','zmp3',35,'qualified',1784389805093),
('zpart69r','zcomp5sd','zpk5','zmrs',34,'qualified',1784389805093),
('zpart69w','zcomp5sd','zpk9','zmit',36,'active',1784389805093),
('zpart6a2','zcomp5sd','zpkv','zmrs',23,'active',1784389805093),
('zpart6a6','zcomp5sd','zpkx','zm14n',34,'active',1784389805093),
('zpart6a9','zcomp5sd','zpkz','zmf7',32,'active',1784389805093),
('zpart6ae','zcomp5sd','zpl1','zmme',39,'active',1784389805093),
('zpart6ak','zcomp5sd','zpl5','zmr1',31,'active',1784389805093),
('zpart6an','zcomp5sd','zpl7','zm18',33,'qualified',1784389805093),
('zpart6as','zcomp5sd','zplt','zm14n',27,'active',1784389805093),
('zpart6ax','zcomp5sd','zplv','zm33',19,'active',1784389805093),
('zpart6b3','zcomp5sd','zplx','zm7t',17,'qualified',1784389805093),
('zpart6b8','zcomp5sd','zplz','zmp3',17,'withdrawn',1784389805093),
('zpart6bd','zcomp5sd','zpm5','zmkq',26,'active',1784389805093),
('zpart6bh','zcomp5sd','zpm7','zm123',32,'withdrawn',1784389805093),
('zpart6bm','zcomp5sd','zpmj','zmkq',19,'withdrawn',1784389805093),
('zpart6bp','zcomp5sd','zpml','zm102',29,'active',1784389805093),
('zpart6bu','zcomp5sd','zpmn','zmhw',33,'active',1784389805093),
('zpart6c3','zcomp5sd','zpmt','zmag',22,'withdrawn',1784389805093),
('zpart6c9','zcomp5sd','zpmx','zm6u',19,'withdrawn',1784389805093),
('zpart6cd','zcomp5sd','zpn8','zm13o',36,'withdrawn',1784389805093),
('zpart6cf','zcomp5sd','zpng','zmw4',37,'withdrawn',1784389805093),
('zpart6cl','zcomp5sd','zpnk','zm12w',29,'active',1784389805093),
('zpart6cr','zcomp5sd','zpno','zmv9',30,'withdrawn',1784389805093),
('zpart6cv','zcomp5sd','zpnq','zm13o',17,'withdrawn',1784389805093),
('zpart6d1','zcomp5sd','zpns','zm102',23,'qualified',1784389805093),
('zpart6d5','zcomp5sd','zpo5','zm33',25,'withdrawn',1784389805093),
('zpart6da','zcomp5sd','zpo9','zm12w',26,'withdrawn',1784389805093),
('zpart6dg','zcomp5sd','zpod','zmh1',22,'qualified',1784389805093),
('zpart6dn','zcomp5sd','zpof','zmz8',30,'active',1784389805093),
('zpart6ds','zcomp5sd','zpp4','zmxq',22,'active',1784389805093),
('zpart6dw','zcomp5sd','zppa','zmr1',39,'active',1784389805093),
('zpart6e1','zcomp5sd','zppc','zmf7',36,'active',1784389805093),
('zpart6e8','zcomp5sd','zppi','zmu9',32,'qualified',1784389805093),
('zpart6ef','zcomp5sd','zppm','zmn7',23,'active',1784389805093),
('zpart6em','zcomp5sd','zppo','zm9n',28,'withdrawn',1784389805093),
('zpart6eq','zcomp5sd','zpq5','zm14n',17,'active',1784389805093),
('zpart6ew','zcomp5sd','zpq8','zm8q',18,'active',1784389805093),
('zpart6f1','zcomp5sd','zpqh','zmd',33,'qualified',1784389805093),
('zpart6f6','zcomp5sd','zpqj','zmx3',20,'active',1784389805093),
('zpart6f8','zcomp5sd','zpql','zmr1',18,'withdrawn',1784389805093),
('zpart6ff','zcomp5sd','zpqn','zmv9',18,'withdrawn',1784389805093),
('zpart6fn','zcomp5sd','zpr4','zmu9',27,'active',1784389805093),
('zpart6fs','zcomp5sd','zpr6','zmec',26,'active',1784389805093),
('zpart6fu','zcomp5sd','zpr8','zm54',37,'qualified',1784389805093),
('zpart6fy','zcomp5sd','zpra','zmr1',33,'qualified',1784389805093),
('zpart6g5','zcomp5sd','zprc','zmr1',15,'qualified',1784389805093),
('zpart6gb','zcomp5sd','zpre','zmyk',17,'withdrawn',1784389805093),
('zpart6gi','zcomp5sd','zprt','zm102',30,'active',1784389805093),
('zpart6go','zcomp5sd','zprz','zmsm',24,'withdrawn',1784389805093),
('zpart6gs','zcomp5sd','zps1','zm33',18,'active',1784389805093),
('zpart6gx','zcomp5sd','zps7','zmo2',25,'withdrawn',1784389805093),
('zpart6h5','zcomp5sd','zps9','zmd',19,'qualified',1784389805093),
('zpart6ha','zcomp5sd','zpsp','zm102',40,'withdrawn',1784389805093),
('zpart6hg','zcomp5sd','zpsr','zm9n',19,'active',1784389805093),
('zpart6ho','zcomp5sd','zpst','zmkq',39,'withdrawn',1784389805093),
('zpart6hr','zcomp5sd','zpsz','zmjq',18,'active',1784389805093);
INSERT OR IGNORE INTO participants (id,competition_id,person_id,mosque_id,age_at_registration,status,created_at) VALUES
('zpart6hw','zcomp5sd','zpt1','zmg6',20,'active',1784389805093),
('zpart6i0','zcomp5sd','zpt3','zmo2',32,'qualified',1784389805093),
('zpart6i4','zcomp5sd','zpt9','zm102',32,'qualified',1784389805093),
('zpart6ib','zcomp5sd','zptb','zmd',16,'active',1784389805093),
('zpart6ig','zcomp5sd','zptd','zm8q',17,'qualified',1784389805093),
('zpart6il','zcomp5sd','zptl','zmx3',38,'active',1784389805093),
('zpart6in','zcomp5sd','zptn','zmjq',20,'qualified',1784389805093),
('zpart6ir','zcomp5sd','zptt','zm13o',23,'qualified',1784389805093),
('zpart6ix','zcomp5sd','zpu7','zm14n',20,'active',1784389805093),
('zpart6j1','zcomp5sd','zpuc','zmu9',15,'withdrawn',1784389805093),
('zpart6j6','zcomp5sd','zpue','zm54',24,'qualified',1784389805093),
('zpart6ja','zcomp5sd','zpui','zmhw',36,'active',1784389805093),
('zpart6jf','zcomp5sd','zpuk','zm33',20,'qualified',1784389805093),
('zpart6jk','zcomp5sd','zpum','zmo2',29,'qualified',1784389805093),
('zpart6jo','zcomp5sd','zpuq','zm60',28,'active',1784389805093),
('zpart6jr','zcomp5sd','zpus','zm18',24,'withdrawn',1784389805093),
('zpart6jw','zcomp5sd','zpvc','zmz8',21,'active',1784389805093),
('zpart6jz','zcomp5sd','zpve','zmbd',21,'active',1784389805093),
('zpart6k6','zcomp5sd','zpvg','zmag',21,'active',1784389805093),
('zpart6ka','zcomp5sd','zpvm','zm9n',36,'withdrawn',1784389805093),
('zpart6kh','zcomp5sd','zpvs','zm118',15,'active',1784389805093),
('zpart6kn','zcomp5sd','zpw5','zm102',30,'active',1784389805093),
('zpart6ku','zcomp5sd','zpw9','zmyk',19,'active',1784389805093),
('zpart6kz','zcomp5sd','zpwb','zmr1',33,'active',1784389805093),
('zpart6l3','zcomp5sd','zpwd','zmt8',23,'active',1784389805093),
('zpart6lb','zcomp5sd','zpwh','zm14n',22,'withdrawn',1784389805093),
('zpart6lh','zcomp5sd','zpwj','zmz8',36,'qualified',1784389805093),
('zpart6ll','zcomp5sd','zpxa','zmec',30,'active',1784389805093),
('zpart6lp','zcomp5sd','zpxc','zmqa',36,'active',1784389805093),
('zpart6lw','zcomp5sd','zpxg','zmr1',31,'qualified',1784389805093),
('zpart6m2','zcomp5sd','zpxi','zm13o',40,'active',1784389805093),
('zpart6m6','zcomp5sd','zpxk','zmz8',35,'qualified',1784389805093),
('zpart6ma','zcomp5sd','zpxm','zm13o',32,'active',1784389805093),
('zpart6mh','zcomp5sd','zpxr','zmhw',17,'active',1784389805093),
('zpart6mm','zcomp5sd','zpxx','zmec',31,'active',1784389805093),
('zpart6mr','zcomp5sd','zpy3','zm12w',16,'active',1784389805093),
('zpart6mv','zcomp5sd','zpy5','zmn7',27,'active',1784389805093),
('zpart6mz','zcomp5sd','zpy7','zm7t',24,'qualified',1784389805093),
('zpart6n7','zcomp5sd','zpyn','zmg6',27,'active',1784389805093),
('zpart6nd','zcomp5sd','zpyr','zmf7',25,'active',1784389805093),
('zpart6ni','zcomp5sd','zpyt','zm123',16,'qualified',1784389805093),
('zpart6nl','zcomp5sd','zpyx','zmit',34,'qualified',1784389805093),
('zpart6ns','zcomp5sd','zpyz','zmrs',27,'withdrawn',1784389805093),
('zpart6nv','zcomp5sd','zpz1','zmjq',21,'active',1784389805093),
('zpart6o2','zcomp5sd','zpz9','zmd',24,'active',1784389805093),
('zpart6oa','zcomp5sd','zpzd','zm27',38,'active',1784389805093),
('zpart6oh','zcomp5sd','zpzh','zm14n',20,'qualified',1784389805093),
('zpart6on','zcomp5sd','zpzl','zm7t',38,'active',1784389805093),
('zpart6or','zcomp5sd','zpzn','zmhw',28,'withdrawn',1784389805093),
('zpart6oy','zcomp5sd','zpzp','zmh1',19,'withdrawn',1784389805093),
('zpart6p4','zcomp5sd','zpzr','zmsm',29,'active',1784389805093),
('zpart6pa','zcomp5sd','zp107','zm54',24,'active',1784389805093),
('zpart6pb','zcomp5sd','zp10b','zm33',31,'qualified',1784389805093),
('zpart6pj','zcomp5sd','zp10d','zmp3',30,'active',1784389805093),
('zpart6pp','zcomp5sd','zp10j','zm118',16,'qualified',1784389805093),
('zpart6pu','zcomp5sd','zp10l','zm6u',29,'active',1784389805093),
('zpart6q0','zcomp5sd','zp10n','zm8q',26,'qualified',1784389805093),
('zpart6q3','zcomp5sd','zp10p','zmkq',23,'withdrawn',1784389805093),
('zpart6q9','zcomp5sd','zp10r','zmw4',36,'active',1784389805093),
('zpart6qe','zcomp5sd','zp119','zmn7',34,'withdrawn',1784389805093);
INSERT OR IGNORE INTO participants (id,competition_id,person_id,mosque_id,age_at_registration,status,created_at) VALUES
('zpart6ql','zcomp5sd','zp11d','zm118',27,'qualified',1784389805093),
('zpart6qq','zcomp5sd','zp11f','zmz8',19,'active',1784389805093),
('zpart6qw','zcomp5sd','zp11h','zmd',26,'withdrawn',1784389805093),
('zpart6r0','zcomp5sd','zp11j','zm54',20,'active',1784389805093),
('zpart6r8','zcomp5sd','zp11l','zmdb',28,'active',1784389805093),
('zpart6rb','zcomp5sd','zp11n','zmt8',17,'withdrawn',1784389805093);
INSERT OR IGNORE INTO participant_scores (id,participant_id,program_id,points,excuse_status,recorded_by,created_at) VALUES
('zpsc5sn','zpart5sm','zmp5se',103,'none','u-admin',1784389805093),
('zpsc5so','zpart5sm','zmp5sg',1,'none','u-admin',1784389805093),
('zpsc5sp','zpart5sm','zmp5si',87,'none','u-admin',1784389805093),
('zpsc5sr','zpart5sq','zmp5sf',149,'none','u-admin',1784389805093),
('zpsc5ss','zpart5sq','zmp5sg',43,'excused','u-admin',1784389805093),
('zpsc5st','zpart5sq','zmp5sh',99,'none','u-admin',1784389805093),
('zpsc5su','zpart5sq','zmp5sj',89,'none','u-admin',1784389805093),
('zpsc5sv','zpart5sq','zmp5sl',39,'none','u-admin',1784389805093),
('zpsc5sx','zpart5sw','zmp5se',120,'none','u-admin',1784389805093),
('zpsc5sy','zpart5sw','zmp5sf',80,'none','u-admin',1784389805093),
('zpsc5sz','zpart5sw','zmp5sg',47,'none','u-admin',1784389805093),
('zpsc5t0','zpart5sw','zmp5sh',17,'excused','u-admin',1784389805093),
('zpsc5t1','zpart5sw','zmp5sj',33,'none','u-admin',1784389805093),
('zpsc5t2','zpart5sw','zmp5sk',74,'none','u-admin',1784389805093),
('zpsc5t3','zpart5sw','zmp5sl',73,'none','u-admin',1784389805093),
('zpsc5t5','zpart5t4','zmp5sg',64,'none','u-admin',1784389805093),
('zpsc5t6','zpart5t4','zmp5sh',131,'none','u-admin',1784389805093),
('zpsc5t8','zpart5t7','zmp5sf',128,'none','u-admin',1784389805093),
('zpsc5t9','zpart5t7','zmp5sg',144,'none','u-admin',1784389805093),
('zpsc5ta','zpart5t7','zmp5sh',28,'none','u-admin',1784389805093),
('zpsc5tb','zpart5t7','zmp5si',32,'none','u-admin',1784389805093),
('zpsc5tc','zpart5t7','zmp5sj',94,'none','u-admin',1784389805093),
('zpsc5te','zpart5td','zmp5se',57,'none','u-admin',1784389805093),
('zpsc5tf','zpart5td','zmp5si',141,'none','u-admin',1784389805093),
('zpsc5tg','zpart5td','zmp5sk',54,'none','u-admin',1784389805093),
('zpsc5th','zpart5td','zmp5sl',28,'none','u-admin',1784389805093),
('zpsc5tj','zpart5ti','zmp5sf',41,'none','u-admin',1784389805093),
('zpsc5tk','zpart5ti','zmp5sj',74,'none','u-admin',1784389805093),
('zpsc5tl','zpart5ti','zmp5sk',50,'none','u-admin',1784389805093),
('zpsc5tn','zpart5tm','zmp5sg',133,'none','u-admin',1784389805093),
('zpsc5to','zpart5tm','zmp5sh',33,'none','u-admin',1784389805093),
('zpsc5tp','zpart5tm','zmp5si',137,'none','u-admin',1784389805093),
('zpsc5tq','zpart5tm','zmp5sk',47,'none','u-admin',1784389805093),
('zpsc5ts','zpart5tr','zmp5se',23,'none','u-admin',1784389805093),
('zpsc5tt','zpart5tr','zmp5sg',124,'excused','u-admin',1784389805093),
('zpsc5tu','zpart5tr','zmp5sh',11,'excused','u-admin',1784389805093),
('zpsc5tv','zpart5tr','zmp5sl',31,'none','u-admin',1784389805093),
('zpsc5tx','zpart5tw','zmp5se',105,'none','u-admin',1784389805093),
('zpsc5ty','zpart5tw','zmp5sg',27,'none','u-admin',1784389805093),
('zpsc5tz','zpart5tw','zmp5si',57,'excused','u-admin',1784389805093),
('zpsc5u0','zpart5tw','zmp5sk',90,'none','u-admin',1784389805093),
('zpsc5u2','zpart5u1','zmp5sk',44,'none','u-admin',1784389805093),
('zpsc5u4','zpart5u3','zmp5sf',58,'none','u-admin',1784389805093),
('zpsc5u5','zpart5u3','zmp5sg',74,'none','u-admin',1784389805093),
('zpsc5u6','zpart5u3','zmp5sk',131,'none','u-admin',1784389805093),
('zpsc5u8','zpart5u7','zmp5sg',78,'none','u-admin',1784389805093),
('zpsc5u9','zpart5u7','zmp5si',3,'none','u-admin',1784389805093),
('zpsc5ua','zpart5u7','zmp5sj',116,'none','u-admin',1784389805093),
('zpsc5ub','zpart5u7','zmp5sl',68,'none','u-admin',1784389805093),
('zpsc5ud','zpart5uc','zmp5se',138,'none','u-admin',1784389805093),
('zpsc5ue','zpart5uc','zmp5si',85,'none','u-admin',1784389805093),
('zpsc5uf','zpart5uc','zmp5sk',84,'none','u-admin',1784389805093),
('zpsc5ug','zpart5uc','zmp5sl',137,'none','u-admin',1784389805093),
('zpsc5ui','zpart5uh','zmp5se',35,'none','u-admin',1784389805093),
('zpsc5uj','zpart5uh','zmp5sf',52,'none','u-admin',1784389805093),
('zpsc5uk','zpart5uh','zmp5sg',38,'none','u-admin',1784389805093),
('zpsc5um','zpart5ul','zmp5se',142,'none','u-admin',1784389805093),
('zpsc5un','zpart5ul','zmp5sh',118,'none','u-admin',1784389805093),
('zpsc5uo','zpart5ul','zmp5si',106,'none','u-admin',1784389805093),
('zpsc5up','zpart5ul','zmp5sl',14,'excused','u-admin',1784389805093);
INSERT OR IGNORE INTO participant_scores (id,participant_id,program_id,points,excuse_status,recorded_by,created_at) VALUES
('zpsc5ur','zpart5uq','zmp5sg',59,'none','u-admin',1784389805093),
('zpsc5us','zpart5uq','zmp5sk',77,'none','u-admin',1784389805093),
('zpsc5ut','zpart5uq','zmp5sl',60,'none','u-admin',1784389805093),
('zpsc5uv','zpart5uu','zmp5se',94,'none','u-admin',1784389805093),
('zpsc5uw','zpart5uu','zmp5sh',54,'excused','u-admin',1784389805093),
('zpsc5ux','zpart5uu','zmp5si',82,'none','u-admin',1784389805093),
('zpsc5uy','zpart5uu','zmp5sj',54,'none','u-admin',1784389805093),
('zpsc5uz','zpart5uu','zmp5sl',69,'none','u-admin',1784389805093),
('zpsc5v1','zpart5v0','zmp5se',61,'none','u-admin',1784389805093),
('zpsc5v2','zpart5v0','zmp5sh',123,'none','u-admin',1784389805093),
('zpsc5v3','zpart5v0','zmp5sk',63,'none','u-admin',1784389805093),
('zpsc5v5','zpart5v4','zmp5sf',2,'none','u-admin',1784389805093),
('zpsc5v6','zpart5v4','zmp5sh',24,'excused','u-admin',1784389805093),
('zpsc5v7','zpart5v4','zmp5sl',118,'none','u-admin',1784389805093),
('zpsc5v9','zpart5v8','zmp5sg',42,'none','u-admin',1784389805093),
('zpsc5va','zpart5v8','zmp5sl',31,'excused','u-admin',1784389805093),
('zpsc5vc','zpart5vb','zmp5se',54,'none','u-admin',1784389805093),
('zpsc5vd','zpart5vb','zmp5sf',96,'none','u-admin',1784389805093),
('zpsc5ve','zpart5vb','zmp5sl',145,'none','u-admin',1784389805093),
('zpsc5vg','zpart5vf','zmp5sf',23,'none','u-admin',1784389805093),
('zpsc5vh','zpart5vf','zmp5sh',34,'none','u-admin',1784389805093),
('zpsc5vj','zpart5vi','zmp5se',106,'none','u-admin',1784389805093),
('zpsc5vk','zpart5vi','zmp5sh',119,'none','u-admin',1784389805093),
('zpsc5vl','zpart5vi','zmp5si',118,'none','u-admin',1784389805093),
('zpsc5vn','zpart5vm','zmp5se',144,'none','u-admin',1784389805093),
('zpsc5vo','zpart5vm','zmp5sf',58,'none','u-admin',1784389805093),
('zpsc5vp','zpart5vm','zmp5sg',36,'excused','u-admin',1784389805093),
('zpsc5vq','zpart5vm','zmp5sj',60,'excused','u-admin',1784389805093),
('zpsc5vr','zpart5vm','zmp5sk',60,'none','u-admin',1784389805093),
('zpsc5vt','zpart5vs','zmp5se',22,'none','u-admin',1784389805093),
('zpsc5vu','zpart5vs','zmp5sg',144,'none','u-admin',1784389805093),
('zpsc5vv','zpart5vs','zmp5sh',89,'none','u-admin',1784389805093),
('zpsc5vw','zpart5vs','zmp5sj',125,'none','u-admin',1784389805093),
('zpsc5vx','zpart5vs','zmp5sl',55,'none','u-admin',1784389805093),
('zpsc5vz','zpart5vy','zmp5se',76,'none','u-admin',1784389805093),
('zpsc5w0','zpart5vy','zmp5sj',77,'none','u-admin',1784389805093),
('zpsc5w1','zpart5vy','zmp5sk',31,'none','u-admin',1784389805093),
('zpsc5w2','zpart5vy','zmp5sl',80,'none','u-admin',1784389805093),
('zpsc5w4','zpart5w3','zmp5sf',22,'none','u-admin',1784389805093),
('zpsc5w5','zpart5w3','zmp5sg',102,'none','u-admin',1784389805093),
('zpsc5w6','zpart5w3','zmp5sh',140,'none','u-admin',1784389805093),
('zpsc5w7','zpart5w3','zmp5si',101,'excused','u-admin',1784389805093),
('zpsc5w8','zpart5w3','zmp5sj',102,'none','u-admin',1784389805093),
('zpsc5w9','zpart5w3','zmp5sk',2,'none','u-admin',1784389805093),
('zpsc5wa','zpart5w3','zmp5sl',146,'none','u-admin',1784389805093),
('zpsc5wc','zpart5wb','zmp5sj',114,'none','u-admin',1784389805093),
('zpsc5we','zpart5wd','zmp5se',97,'none','u-admin',1784389805093),
('zpsc5wf','zpart5wd','zmp5sg',136,'none','u-admin',1784389805093),
('zpsc5wg','zpart5wd','zmp5si',9,'excused','u-admin',1784389805093),
('zpsc5wh','zpart5wd','zmp5sj',94,'none','u-admin',1784389805093),
('zpsc5wi','zpart5wd','zmp5sl',124,'none','u-admin',1784389805093),
('zpsc5wk','zpart5wj','zmp5se',59,'none','u-admin',1784389805093),
('zpsc5wl','zpart5wj','zmp5sf',69,'none','u-admin',1784389805093),
('zpsc5wm','zpart5wj','zmp5si',70,'none','u-admin',1784389805093),
('zpsc5wn','zpart5wj','zmp5sj',68,'none','u-admin',1784389805093),
('zpsc5wo','zpart5wj','zmp5sk',57,'none','u-admin',1784389805093),
('zpsc5wp','zpart5wj','zmp5sl',62,'none','u-admin',1784389805093),
('zpsc5wr','zpart5wq','zmp5se',83,'none','u-admin',1784389805093),
('zpsc5ws','zpart5wq','zmp5sh',61,'none','u-admin',1784389805093),
('zpsc5wt','zpart5wq','zmp5si',76,'none','u-admin',1784389805093);
INSERT OR IGNORE INTO participant_scores (id,participant_id,program_id,points,excuse_status,recorded_by,created_at) VALUES
('zpsc5wu','zpart5wq','zmp5sk',48,'none','u-admin',1784389805093),
('zpsc5wv','zpart5wq','zmp5sl',150,'none','u-admin',1784389805093),
('zpsc5wx','zpart5ww','zmp5sf',149,'excused','u-admin',1784389805093),
('zpsc5wy','zpart5ww','zmp5sg',51,'none','u-admin',1784389805093),
('zpsc5wz','zpart5ww','zmp5sh',66,'excused','u-admin',1784389805093),
('zpsc5x0','zpart5ww','zmp5si',38,'none','u-admin',1784389805093),
('zpsc5x1','zpart5ww','zmp5sk',89,'excused','u-admin',1784389805093),
('zpsc5x2','zpart5ww','zmp5sl',136,'none','u-admin',1784389805093),
('zpsc5x4','zpart5x3','zmp5sh',53,'none','u-admin',1784389805093),
('zpsc5x5','zpart5x3','zmp5si',62,'none','u-admin',1784389805093),
('zpsc5x7','zpart5x6','zmp5sg',148,'none','u-admin',1784389805093),
('zpsc5x8','zpart5x6','zmp5sj',144,'excused','u-admin',1784389805093),
('zpsc5x9','zpart5x6','zmp5sk',147,'none','u-admin',1784389805093),
('zpsc5xb','zpart5xa','zmp5se',48,'none','u-admin',1784389805093),
('zpsc5xc','zpart5xa','zmp5sf',115,'none','u-admin',1784389805093),
('zpsc5xd','zpart5xa','zmp5sh',129,'none','u-admin',1784389805093),
('zpsc5xe','zpart5xa','zmp5si',24,'none','u-admin',1784389805093),
('zpsc5xf','zpart5xa','zmp5sk',145,'none','u-admin',1784389805093),
('zpsc5xh','zpart5xg','zmp5se',74,'none','u-admin',1784389805093),
('zpsc5xi','zpart5xg','zmp5sh',124,'none','u-admin',1784389805093),
('zpsc5xj','zpart5xg','zmp5sj',41,'none','u-admin',1784389805093),
('zpsc5xk','zpart5xg','zmp5sk',145,'none','u-admin',1784389805093),
('zpsc5xm','zpart5xl','zmp5sf',31,'excused','u-admin',1784389805093),
('zpsc5xn','zpart5xl','zmp5sk',89,'none','u-admin',1784389805093),
('zpsc5xp','zpart5xo','zmp5sh',32,'none','u-admin',1784389805093),
('zpsc5xq','zpart5xo','zmp5sj',105,'excused','u-admin',1784389805093),
('zpsc5xs','zpart5xr','zmp5sg',36,'none','u-admin',1784389805093),
('zpsc5xt','zpart5xr','zmp5sk',29,'none','u-admin',1784389805093),
('zpsc5xu','zpart5xr','zmp5sl',138,'none','u-admin',1784389805093),
('zpsc5xw','zpart5xv','zmp5sf',130,'none','u-admin',1784389805093),
('zpsc5xx','zpart5xv','zmp5sg',109,'none','u-admin',1784389805093),
('zpsc5xy','zpart5xv','zmp5si',6,'none','u-admin',1784389805093),
('zpsc5xz','zpart5xv','zmp5sk',106,'none','u-admin',1784389805093),
('zpsc5y0','zpart5xv','zmp5sl',74,'none','u-admin',1784389805093),
('zpsc5y2','zpart5y1','zmp5sf',58,'none','u-admin',1784389805093),
('zpsc5y3','zpart5y1','zmp5sg',87,'none','u-admin',1784389805093),
('zpsc5y4','zpart5y1','zmp5sh',66,'none','u-admin',1784389805093),
('zpsc5y5','zpart5y1','zmp5si',14,'none','u-admin',1784389805093),
('zpsc5y6','zpart5y1','zmp5sk',68,'none','u-admin',1784389805093),
('zpsc5y8','zpart5y7','zmp5sf',73,'none','u-admin',1784389805093),
('zpsc5y9','zpart5y7','zmp5sh',5,'none','u-admin',1784389805093),
('zpsc5ya','zpart5y7','zmp5sk',130,'none','u-admin',1784389805093),
('zpsc5yb','zpart5y7','zmp5sl',135,'none','u-admin',1784389805093),
('zpsc5yd','zpart5yc','zmp5sg',122,'none','u-admin',1784389805093),
('zpsc5ye','zpart5yc','zmp5sj',6,'none','u-admin',1784389805093),
('zpsc5yf','zpart5yc','zmp5sk',4,'none','u-admin',1784389805093),
('zpsc5yg','zpart5yc','zmp5sl',114,'none','u-admin',1784389805093),
('zpsc5yi','zpart5yh','zmp5se',53,'none','u-admin',1784389805093),
('zpsc5yj','zpart5yh','zmp5sf',105,'excused','u-admin',1784389805093),
('zpsc5yk','zpart5yh','zmp5si',51,'none','u-admin',1784389805093),
('zpsc5yl','zpart5yh','zmp5sj',33,'none','u-admin',1784389805093),
('zpsc5ym','zpart5yh','zmp5sk',74,'none','u-admin',1784389805093),
('zpsc5yo','zpart5yn','zmp5se',128,'excused','u-admin',1784389805093),
('zpsc5yp','zpart5yn','zmp5sf',79,'excused','u-admin',1784389805093),
('zpsc5yq','zpart5yn','zmp5sh',118,'none','u-admin',1784389805093),
('zpsc5yr','zpart5yn','zmp5si',50,'none','u-admin',1784389805093),
('zpsc5ys','zpart5yn','zmp5sj',111,'none','u-admin',1784389805093),
('zpsc5yt','zpart5yn','zmp5sk',81,'none','u-admin',1784389805093),
('zpsc5yv','zpart5yu','zmp5sj',88,'excused','u-admin',1784389805093),
('zpsc5yw','zpart5yu','zmp5sk',49,'none','u-admin',1784389805093);
INSERT OR IGNORE INTO participant_scores (id,participant_id,program_id,points,excuse_status,recorded_by,created_at) VALUES
('zpsc5yx','zpart5yu','zmp5sl',91,'none','u-admin',1784389805093),
('zpsc5yz','zpart5yy','zmp5se',113,'none','u-admin',1784389805093),
('zpsc5z0','zpart5yy','zmp5si',31,'none','u-admin',1784389805093),
('zpsc5z1','zpart5yy','zmp5sj',100,'none','u-admin',1784389805093),
('zpsc5z2','zpart5yy','zmp5sk',149,'none','u-admin',1784389805093),
('zpsc5z4','zpart5z3','zmp5sf',123,'none','u-admin',1784389805093),
('zpsc5z5','zpart5z3','zmp5sh',138,'none','u-admin',1784389805093),
('zpsc5z6','zpart5z3','zmp5si',13,'none','u-admin',1784389805093),
('zpsc5z7','zpart5z3','zmp5sj',51,'none','u-admin',1784389805093),
('zpsc5z8','zpart5z3','zmp5sk',88,'none','u-admin',1784389805093),
('zpsc5za','zpart5z9','zmp5sg',44,'none','u-admin',1784389805093),
('zpsc5zb','zpart5z9','zmp5sh',150,'none','u-admin',1784389805093),
('zpsc5zc','zpart5z9','zmp5si',57,'none','u-admin',1784389805093),
('zpsc5zd','zpart5z9','zmp5sj',95,'none','u-admin',1784389805093),
('zpsc5ze','zpart5z9','zmp5sk',147,'none','u-admin',1784389805093),
('zpsc5zg','zpart5zf','zmp5se',120,'excused','u-admin',1784389805093),
('zpsc5zh','zpart5zf','zmp5sg',103,'none','u-admin',1784389805093),
('zpsc5zi','zpart5zf','zmp5si',38,'none','u-admin',1784389805093),
('zpsc5zj','zpart5zf','zmp5sj',14,'none','u-admin',1784389805093),
('zpsc5zk','zpart5zf','zmp5sl',64,'none','u-admin',1784389805093),
('zpsc5zm','zpart5zl','zmp5se',38,'excused','u-admin',1784389805093),
('zpsc5zn','zpart5zl','zmp5sf',80,'none','u-admin',1784389805093),
('zpsc5zo','zpart5zl','zmp5sg',85,'none','u-admin',1784389805093),
('zpsc5zq','zpart5zp','zmp5sf',138,'none','u-admin',1784389805093),
('zpsc5zr','zpart5zp','zmp5sj',125,'none','u-admin',1784389805093),
('zpsc5zs','zpart5zp','zmp5sk',43,'none','u-admin',1784389805093),
('zpsc5zt','zpart5zp','zmp5sl',72,'none','u-admin',1784389805093),
('zpsc5zv','zpart5zu','zmp5se',129,'none','u-admin',1784389805093),
('zpsc5zw','zpart5zu','zmp5sg',55,'none','u-admin',1784389805093),
('zpsc5zx','zpart5zu','zmp5sj',6,'none','u-admin',1784389805093),
('zpsc5zy','zpart5zu','zmp5sk',5,'excused','u-admin',1784389805093),
('zpsc600','zpart5zz','zmp5se',140,'excused','u-admin',1784389805093),
('zpsc601','zpart5zz','zmp5sg',41,'none','u-admin',1784389805093),
('zpsc602','zpart5zz','zmp5sh',130,'none','u-admin',1784389805093),
('zpsc603','zpart5zz','zmp5sk',141,'none','u-admin',1784389805093),
('zpsc604','zpart5zz','zmp5sl',31,'none','u-admin',1784389805093),
('zpsc606','zpart605','zmp5se',105,'none','u-admin',1784389805093),
('zpsc607','zpart605','zmp5sf',138,'none','u-admin',1784389805093),
('zpsc608','zpart605','zmp5sg',75,'none','u-admin',1784389805093),
('zpsc609','zpart605','zmp5sh',20,'none','u-admin',1784389805093),
('zpsc60a','zpart605','zmp5sj',2,'excused','u-admin',1784389805093),
('zpsc60b','zpart605','zmp5sl',122,'none','u-admin',1784389805093),
('zpsc60d','zpart60c','zmp5se',59,'none','u-admin',1784389805093),
('zpsc60e','zpart60c','zmp5sj',66,'none','u-admin',1784389805093),
('zpsc60f','zpart60c','zmp5sl',116,'none','u-admin',1784389805093),
('zpsc60h','zpart60g','zmp5se',109,'none','u-admin',1784389805093),
('zpsc60i','zpart60g','zmp5sh',8,'excused','u-admin',1784389805093),
('zpsc60j','zpart60g','zmp5sk',3,'none','u-admin',1784389805093),
('zpsc60l','zpart60k','zmp5se',28,'excused','u-admin',1784389805093),
('zpsc60m','zpart60k','zmp5sf',72,'none','u-admin',1784389805093),
('zpsc60n','zpart60k','zmp5sh',16,'none','u-admin',1784389805093),
('zpsc60o','zpart60k','zmp5si',43,'none','u-admin',1784389805093),
('zpsc60p','zpart60k','zmp5sj',84,'none','u-admin',1784389805093),
('zpsc60r','zpart60q','zmp5sj',21,'none','u-admin',1784389805093),
('zpsc60s','zpart60q','zmp5sl',110,'none','u-admin',1784389805093),
('zpsc60u','zpart60t','zmp5sg',149,'none','u-admin',1784389805093),
('zpsc60v','zpart60t','zmp5sj',89,'excused','u-admin',1784389805093),
('zpsc60w','zpart60t','zmp5sk',0,'excused','u-admin',1784389805093),
('zpsc60x','zpart60t','zmp5sl',53,'none','u-admin',1784389805093),
('zpsc60z','zpart60y','zmp5sg',59,'none','u-admin',1784389805093);
INSERT OR IGNORE INTO participant_scores (id,participant_id,program_id,points,excuse_status,recorded_by,created_at) VALUES
('zpsc610','zpart60y','zmp5sh',44,'none','u-admin',1784389805093),
('zpsc611','zpart60y','zmp5si',21,'none','u-admin',1784389805093),
('zpsc612','zpart60y','zmp5sj',8,'none','u-admin',1784389805093),
('zpsc613','zpart60y','zmp5sl',27,'excused','u-admin',1784389805093),
('zpsc615','zpart614','zmp5sh',88,'none','u-admin',1784389805093),
('zpsc617','zpart616','zmp5sg',31,'none','u-admin',1784389805093),
('zpsc618','zpart616','zmp5sh',113,'none','u-admin',1784389805093),
('zpsc619','zpart616','zmp5si',96,'none','u-admin',1784389805093),
('zpsc61b','zpart61a','zmp5se',24,'none','u-admin',1784389805093),
('zpsc61c','zpart61a','zmp5sg',9,'none','u-admin',1784389805093),
('zpsc61d','zpart61a','zmp5si',95,'none','u-admin',1784389805093),
('zpsc61e','zpart61a','zmp5sj',134,'excused','u-admin',1784389805093),
('zpsc61h','zpart61g','zmp5sf',136,'excused','u-admin',1784389805093),
('zpsc61i','zpart61g','zmp5sh',52,'none','u-admin',1784389805093),
('zpsc61j','zpart61g','zmp5sj',81,'excused','u-admin',1784389805093),
('zpsc61k','zpart61g','zmp5sl',9,'none','u-admin',1784389805093),
('zpsc61m','zpart61l','zmp5si',3,'none','u-admin',1784389805093),
('zpsc61n','zpart61l','zmp5sj',86,'none','u-admin',1784389805093),
('zpsc61q','zpart61p','zmp5sk',1,'excused','u-admin',1784389805093),
('zpsc61s','zpart61r','zmp5sh',17,'none','u-admin',1784389805093),
('zpsc61t','zpart61r','zmp5si',65,'none','u-admin',1784389805093),
('zpsc61u','zpart61r','zmp5sj',86,'none','u-admin',1784389805093),
('zpsc61w','zpart61v','zmp5sf',84,'none','u-admin',1784389805093),
('zpsc61x','zpart61v','zmp5sg',143,'none','u-admin',1784389805093),
('zpsc61y','zpart61v','zmp5sj',40,'none','u-admin',1784389805093),
('zpsc61z','zpart61v','zmp5sk',148,'none','u-admin',1784389805093),
('zpsc621','zpart620','zmp5se',89,'none','u-admin',1784389805093),
('zpsc622','zpart620','zmp5sj',89,'none','u-admin',1784389805093),
('zpsc623','zpart620','zmp5sk',139,'none','u-admin',1784389805093),
('zpsc625','zpart624','zmp5se',30,'excused','u-admin',1784389805093),
('zpsc626','zpart624','zmp5sh',37,'none','u-admin',1784389805093),
('zpsc627','zpart624','zmp5sk',42,'none','u-admin',1784389805093),
('zpsc628','zpart624','zmp5sl',120,'none','u-admin',1784389805093),
('zpsc62a','zpart629','zmp5sh',5,'none','u-admin',1784389805093),
('zpsc62b','zpart629','zmp5si',136,'none','u-admin',1784389805093),
('zpsc62c','zpart629','zmp5sk',57,'none','u-admin',1784389805093),
('zpsc62d','zpart629','zmp5sl',52,'excused','u-admin',1784389805093),
('zpsc62f','zpart62e','zmp5sf',65,'none','u-admin',1784389805093),
('zpsc62g','zpart62e','zmp5sh',116,'none','u-admin',1784389805093),
('zpsc62h','zpart62e','zmp5sk',104,'none','u-admin',1784389805093),
('zpsc62j','zpart62i','zmp5se',129,'none','u-admin',1784389805093),
('zpsc62k','zpart62i','zmp5sf',124,'none','u-admin',1784389805093),
('zpsc62l','zpart62i','zmp5sg',63,'none','u-admin',1784389805093),
('zpsc62m','zpart62i','zmp5sh',128,'none','u-admin',1784389805093),
('zpsc62n','zpart62i','zmp5si',31,'none','u-admin',1784389805093),
('zpsc62o','zpart62i','zmp5sj',47,'none','u-admin',1784389805093),
('zpsc62p','zpart62i','zmp5sk',112,'none','u-admin',1784389805093),
('zpsc62r','zpart62q','zmp5se',102,'none','u-admin',1784389805093),
('zpsc62s','zpart62q','zmp5sf',94,'none','u-admin',1784389805093),
('zpsc62t','zpart62q','zmp5sg',140,'none','u-admin',1784389805093),
('zpsc62u','zpart62q','zmp5sh',83,'none','u-admin',1784389805093),
('zpsc62v','zpart62q','zmp5sk',91,'none','u-admin',1784389805093),
('zpsc62x','zpart62w','zmp5sh',45,'none','u-admin',1784389805093),
('zpsc62y','zpart62w','zmp5sj',87,'none','u-admin',1784389805093),
('zpsc62z','zpart62w','zmp5sk',97,'none','u-admin',1784389805093),
('zpsc630','zpart62w','zmp5sl',55,'none','u-admin',1784389805093),
('zpsc632','zpart631','zmp5se',7,'none','u-admin',1784389805093),
('zpsc633','zpart631','zmp5sh',109,'none','u-admin',1784389805093),
('zpsc634','zpart631','zmp5sk',121,'excused','u-admin',1784389805093),
('zpsc636','zpart635','zmp5se',128,'none','u-admin',1784389805093);
INSERT OR IGNORE INTO participant_scores (id,participant_id,program_id,points,excuse_status,recorded_by,created_at) VALUES
('zpsc637','zpart635','zmp5sf',19,'none','u-admin',1784389805093),
('zpsc638','zpart635','zmp5sg',111,'none','u-admin',1784389805093),
('zpsc639','zpart635','zmp5sh',47,'none','u-admin',1784389805093),
('zpsc63a','zpart635','zmp5sk',34,'none','u-admin',1784389805093),
('zpsc63b','zpart635','zmp5sl',8,'excused','u-admin',1784389805093),
('zpsc63d','zpart63c','zmp5se',137,'none','u-admin',1784389805093),
('zpsc63e','zpart63c','zmp5sf',62,'none','u-admin',1784389805093),
('zpsc63f','zpart63c','zmp5sg',0,'none','u-admin',1784389805093),
('zpsc63g','zpart63c','zmp5si',149,'none','u-admin',1784389805093),
('zpsc63h','zpart63c','zmp5sj',24,'excused','u-admin',1784389805093),
('zpsc63i','zpart63c','zmp5sk',73,'excused','u-admin',1784389805093),
('zpsc63j','zpart63c','zmp5sl',109,'none','u-admin',1784389805093),
('zpsc63l','zpart63k','zmp5se',136,'none','u-admin',1784389805093),
('zpsc63m','zpart63k','zmp5sf',142,'none','u-admin',1784389805093),
('zpsc63n','zpart63k','zmp5sg',139,'none','u-admin',1784389805093),
('zpsc63o','zpart63k','zmp5sh',83,'none','u-admin',1784389805093),
('zpsc63p','zpart63k','zmp5sj',83,'none','u-admin',1784389805093),
('zpsc63q','zpart63k','zmp5sl',91,'none','u-admin',1784389805093),
('zpsc63s','zpart63r','zmp5sf',38,'none','u-admin',1784389805093),
('zpsc63t','zpart63r','zmp5sh',114,'excused','u-admin',1784389805093),
('zpsc63u','zpart63r','zmp5sj',33,'none','u-admin',1784389805093),
('zpsc63v','zpart63r','zmp5sk',38,'none','u-admin',1784389805093),
('zpsc63w','zpart63r','zmp5sl',70,'none','u-admin',1784389805093),
('zpsc63y','zpart63x','zmp5sf',42,'none','u-admin',1784389805093),
('zpsc63z','zpart63x','zmp5si',28,'excused','u-admin',1784389805093),
('zpsc640','zpart63x','zmp5sj',73,'none','u-admin',1784389805093),
('zpsc641','zpart63x','zmp5sk',17,'none','u-admin',1784389805093),
('zpsc642','zpart63x','zmp5sl',112,'none','u-admin',1784389805093),
('zpsc644','zpart643','zmp5se',130,'none','u-admin',1784389805093),
('zpsc645','zpart643','zmp5sg',80,'none','u-admin',1784389805093),
('zpsc646','zpart643','zmp5si',8,'none','u-admin',1784389805093),
('zpsc648','zpart647','zmp5sh',47,'none','u-admin',1784389805093),
('zpsc649','zpart647','zmp5si',5,'none','u-admin',1784389805093),
('zpsc64a','zpart647','zmp5sk',40,'none','u-admin',1784389805093),
('zpsc64c','zpart64b','zmp5sg',148,'none','u-admin',1784389805093),
('zpsc64d','zpart64b','zmp5si',51,'none','u-admin',1784389805093),
('zpsc64e','zpart64b','zmp5sj',142,'none','u-admin',1784389805093),
('zpsc64f','zpart64b','zmp5sk',36,'none','u-admin',1784389805093),
('zpsc64g','zpart64b','zmp5sl',101,'none','u-admin',1784389805093),
('zpsc64i','zpart64h','zmp5se',139,'none','u-admin',1784389805093),
('zpsc64j','zpart64h','zmp5sh',60,'none','u-admin',1784389805093),
('zpsc64k','zpart64h','zmp5si',38,'none','u-admin',1784389805093),
('zpsc64l','zpart64h','zmp5sl',142,'none','u-admin',1784389805093),
('zpsc64n','zpart64m','zmp5se',11,'excused','u-admin',1784389805093),
('zpsc64o','zpart64m','zmp5si',60,'excused','u-admin',1784389805093),
('zpsc64p','zpart64m','zmp5sj',141,'none','u-admin',1784389805093),
('zpsc64r','zpart64q','zmp5se',72,'none','u-admin',1784389805093),
('zpsc64s','zpart64q','zmp5sg',62,'none','u-admin',1784389805093),
('zpsc64t','zpart64q','zmp5sh',41,'none','u-admin',1784389805093),
('zpsc64u','zpart64q','zmp5si',129,'none','u-admin',1784389805093),
('zpsc64w','zpart64v','zmp5se',111,'none','u-admin',1784389805093),
('zpsc64x','zpart64v','zmp5sf',142,'none','u-admin',1784389805093),
('zpsc64y','zpart64v','zmp5si',52,'none','u-admin',1784389805093),
('zpsc64z','zpart64v','zmp5sj',36,'none','u-admin',1784389805093),
('zpsc650','zpart64v','zmp5sk',39,'none','u-admin',1784389805093),
('zpsc652','zpart651','zmp5sg',70,'none','u-admin',1784389805093),
('zpsc653','zpart651','zmp5sh',137,'none','u-admin',1784389805093),
('zpsc654','zpart651','zmp5si',75,'none','u-admin',1784389805093),
('zpsc655','zpart651','zmp5sk',51,'excused','u-admin',1784389805093),
('zpsc656','zpart651','zmp5sl',20,'none','u-admin',1784389805093);
INSERT OR IGNORE INTO participant_scores (id,participant_id,program_id,points,excuse_status,recorded_by,created_at) VALUES
('zpsc658','zpart657','zmp5sh',20,'excused','u-admin',1784389805093),
('zpsc659','zpart657','zmp5si',33,'none','u-admin',1784389805093),
('zpsc65a','zpart657','zmp5sj',10,'none','u-admin',1784389805093),
('zpsc65b','zpart657','zmp5sk',85,'excused','u-admin',1784389805093),
('zpsc65c','zpart657','zmp5sl',123,'none','u-admin',1784389805093),
('zpsc65e','zpart65d','zmp5sf',146,'excused','u-admin',1784389805093),
('zpsc65f','zpart65d','zmp5si',127,'none','u-admin',1784389805093),
('zpsc65g','zpart65d','zmp5sj',139,'none','u-admin',1784389805093),
('zpsc65i','zpart65h','zmp5se',34,'none','u-admin',1784389805093),
('zpsc65j','zpart65h','zmp5sf',32,'none','u-admin',1784389805093),
('zpsc65k','zpart65h','zmp5sg',11,'none','u-admin',1784389805093),
('zpsc65l','zpart65h','zmp5sj',44,'none','u-admin',1784389805093),
('zpsc65m','zpart65h','zmp5sk',24,'none','u-admin',1784389805093),
('zpsc65n','zpart65h','zmp5sl',93,'none','u-admin',1784389805093),
('zpsc65p','zpart65o','zmp5sf',16,'none','u-admin',1784389805093),
('zpsc65q','zpart65o','zmp5sg',89,'none','u-admin',1784389805093),
('zpsc65r','zpart65o','zmp5si',11,'none','u-admin',1784389805093),
('zpsc65s','zpart65o','zmp5sj',52,'none','u-admin',1784389805093),
('zpsc65t','zpart65o','zmp5sk',100,'none','u-admin',1784389805093),
('zpsc65u','zpart65o','zmp5sl',6,'none','u-admin',1784389805093),
('zpsc65w','zpart65v','zmp5sg',125,'none','u-admin',1784389805093),
('zpsc65x','zpart65v','zmp5sl',56,'none','u-admin',1784389805093),
('zpsc65z','zpart65y','zmp5se',107,'none','u-admin',1784389805093),
('zpsc660','zpart65y','zmp5sf',108,'none','u-admin',1784389805093),
('zpsc661','zpart65y','zmp5sg',44,'none','u-admin',1784389805093),
('zpsc662','zpart65y','zmp5sh',58,'none','u-admin',1784389805093),
('zpsc663','zpart65y','zmp5si',20,'excused','u-admin',1784389805093),
('zpsc664','zpart65y','zmp5sl',88,'none','u-admin',1784389805093),
('zpsc666','zpart665','zmp5se',149,'none','u-admin',1784389805093),
('zpsc667','zpart665','zmp5sg',45,'none','u-admin',1784389805093),
('zpsc668','zpart665','zmp5sh',83,'none','u-admin',1784389805093),
('zpsc669','zpart665','zmp5si',40,'none','u-admin',1784389805093),
('zpsc66a','zpart665','zmp5sj',139,'none','u-admin',1784389805093),
('zpsc66b','zpart665','zmp5sk',30,'none','u-admin',1784389805093),
('zpsc66c','zpart665','zmp5sl',148,'none','u-admin',1784389805093),
('zpsc66e','zpart66d','zmp5se',139,'none','u-admin',1784389805093),
('zpsc66f','zpart66d','zmp5sg',87,'none','u-admin',1784389805093),
('zpsc66g','zpart66d','zmp5sk',105,'none','u-admin',1784389805093),
('zpsc66i','zpart66h','zmp5sg',147,'none','u-admin',1784389805093),
('zpsc66j','zpart66h','zmp5sh',63,'none','u-admin',1784389805093),
('zpsc66k','zpart66h','zmp5si',141,'none','u-admin',1784389805093),
('zpsc66l','zpart66h','zmp5sk',138,'none','u-admin',1784389805093),
('zpsc66n','zpart66m','zmp5se',66,'none','u-admin',1784389805093),
('zpsc66o','zpart66m','zmp5sf',147,'none','u-admin',1784389805093),
('zpsc66p','zpart66m','zmp5sj',132,'excused','u-admin',1784389805093),
('zpsc66q','zpart66m','zmp5sk',122,'none','u-admin',1784389805093),
('zpsc66s','zpart66r','zmp5se',3,'none','u-admin',1784389805093),
('zpsc66t','zpart66r','zmp5sg',27,'excused','u-admin',1784389805093),
('zpsc66u','zpart66r','zmp5sj',45,'none','u-admin',1784389805093),
('zpsc66v','zpart66r','zmp5sk',84,'none','u-admin',1784389805093),
('zpsc66x','zpart66w','zmp5se',83,'none','u-admin',1784389805093),
('zpsc66y','zpart66w','zmp5sg',45,'none','u-admin',1784389805093),
('zpsc66z','zpart66w','zmp5si',71,'none','u-admin',1784389805093),
('zpsc670','zpart66w','zmp5sj',123,'none','u-admin',1784389805093),
('zpsc672','zpart671','zmp5sf',93,'none','u-admin',1784389805093),
('zpsc673','zpart671','zmp5si',41,'none','u-admin',1784389805093),
('zpsc674','zpart671','zmp5sk',51,'none','u-admin',1784389805093),
('zpsc675','zpart671','zmp5sl',45,'none','u-admin',1784389805093),
('zpsc677','zpart676','zmp5sg',64,'none','u-admin',1784389805093),
('zpsc678','zpart676','zmp5sj',88,'none','u-admin',1784389805093);
INSERT OR IGNORE INTO participant_scores (id,participant_id,program_id,points,excuse_status,recorded_by,created_at) VALUES
('zpsc679','zpart676','zmp5sk',94,'none','u-admin',1784389805093),
('zpsc67b','zpart67a','zmp5se',50,'none','u-admin',1784389805093),
('zpsc67d','zpart67c','zmp5si',139,'none','u-admin',1784389805093),
('zpsc67e','zpart67c','zmp5sj',48,'none','u-admin',1784389805093),
('zpsc67g','zpart67f','zmp5se',17,'none','u-admin',1784389805093),
('zpsc67h','zpart67f','zmp5sf',27,'none','u-admin',1784389805093),
('zpsc67i','zpart67f','zmp5sg',45,'none','u-admin',1784389805093),
('zpsc67j','zpart67f','zmp5sj',48,'none','u-admin',1784389805093),
('zpsc67k','zpart67f','zmp5sk',139,'none','u-admin',1784389805093),
('zpsc67l','zpart67f','zmp5sl',13,'excused','u-admin',1784389805093),
('zpsc67n','zpart67m','zmp5si',41,'none','u-admin',1784389805093),
('zpsc67o','zpart67m','zmp5sk',95,'none','u-admin',1784389805093),
('zpsc67p','zpart67m','zmp5sl',63,'none','u-admin',1784389805093),
('zpsc67r','zpart67q','zmp5se',49,'none','u-admin',1784389805093),
('zpsc67s','zpart67q','zmp5sh',71,'none','u-admin',1784389805093),
('zpsc67t','zpart67q','zmp5si',50,'excused','u-admin',1784389805093),
('zpsc67u','zpart67q','zmp5sj',38,'none','u-admin',1784389805093),
('zpsc67v','zpart67q','zmp5sk',71,'none','u-admin',1784389805093),
('zpsc67w','zpart67q','zmp5sl',142,'none','u-admin',1784389805093),
('zpsc67y','zpart67x','zmp5se',123,'none','u-admin',1784389805093),
('zpsc67z','zpart67x','zmp5sh',116,'excused','u-admin',1784389805093),
('zpsc680','zpart67x','zmp5si',0,'none','u-admin',1784389805093),
('zpsc681','zpart67x','zmp5sj',102,'none','u-admin',1784389805093),
('zpsc682','zpart67x','zmp5sk',52,'excused','u-admin',1784389805093),
('zpsc683','zpart67x','zmp5sl',70,'none','u-admin',1784389805093),
('zpsc685','zpart684','zmp5se',100,'excused','u-admin',1784389805093),
('zpsc686','zpart684','zmp5sg',36,'none','u-admin',1784389805093),
('zpsc687','zpart684','zmp5sj',78,'none','u-admin',1784389805093),
('zpsc688','zpart684','zmp5sl',120,'none','u-admin',1784389805093),
('zpsc68a','zpart689','zmp5se',60,'excused','u-admin',1784389805093),
('zpsc68b','zpart689','zmp5sf',35,'none','u-admin',1784389805093),
('zpsc68c','zpart689','zmp5sh',2,'none','u-admin',1784389805093),
('zpsc68e','zpart68d','zmp5se',55,'none','u-admin',1784389805093),
('zpsc68f','zpart68d','zmp5sh',9,'none','u-admin',1784389805093),
('zpsc68g','zpart68d','zmp5sk',24,'excused','u-admin',1784389805093),
('zpsc68h','zpart68d','zmp5sl',54,'none','u-admin',1784389805093),
('zpsc68j','zpart68i','zmp5se',21,'none','u-admin',1784389805093),
('zpsc68k','zpart68i','zmp5sf',133,'none','u-admin',1784389805093),
('zpsc68l','zpart68i','zmp5sg',145,'none','u-admin',1784389805093),
('zpsc68m','zpart68i','zmp5sh',13,'none','u-admin',1784389805093),
('zpsc68n','zpart68i','zmp5si',35,'none','u-admin',1784389805093),
('zpsc68o','zpart68i','zmp5sj',99,'none','u-admin',1784389805093),
('zpsc68p','zpart68i','zmp5sk',146,'none','u-admin',1784389805093),
('zpsc68q','zpart68i','zmp5sl',21,'excused','u-admin',1784389805093),
('zpsc68s','zpart68r','zmp5se',69,'none','u-admin',1784389805093),
('zpsc68t','zpart68r','zmp5sf',111,'none','u-admin',1784389805093),
('zpsc68u','zpart68r','zmp5si',35,'excused','u-admin',1784389805093),
('zpsc68v','zpart68r','zmp5sk',94,'none','u-admin',1784389805093),
('zpsc68x','zpart68w','zmp5sf',21,'excused','u-admin',1784389805093),
('zpsc68y','zpart68w','zmp5sg',31,'none','u-admin',1784389805093),
('zpsc68z','zpart68w','zmp5sh',121,'none','u-admin',1784389805093),
('zpsc690','zpart68w','zmp5si',47,'none','u-admin',1784389805093),
('zpsc691','zpart68w','zmp5sk',43,'none','u-admin',1784389805093),
('zpsc693','zpart692','zmp5se',140,'none','u-admin',1784389805093),
('zpsc694','zpart692','zmp5sg',40,'none','u-admin',1784389805093),
('zpsc695','zpart692','zmp5sh',123,'none','u-admin',1784389805093),
('zpsc697','zpart696','zmp5sf',85,'none','u-admin',1784389805093),
('zpsc698','zpart696','zmp5sg',122,'none','u-admin',1784389805093),
('zpsc699','zpart696','zmp5si',123,'excused','u-admin',1784389805093),
('zpsc69a','zpart696','zmp5sj',130,'excused','u-admin',1784389805093);
INSERT OR IGNORE INTO participant_scores (id,participant_id,program_id,points,excuse_status,recorded_by,created_at) VALUES
('zpsc69b','zpart696','zmp5sk',145,'none','u-admin',1784389805093),
('zpsc69c','zpart696','zmp5sl',146,'none','u-admin',1784389805093),
('zpsc69e','zpart69d','zmp5se',58,'none','u-admin',1784389805093),
('zpsc69f','zpart69d','zmp5sh',146,'none','u-admin',1784389805093),
('zpsc69g','zpart69d','zmp5sj',12,'none','u-admin',1784389805093),
('zpsc69i','zpart69h','zmp5sg',112,'none','u-admin',1784389805093),
('zpsc69j','zpart69h','zmp5si',83,'none','u-admin',1784389805093),
('zpsc69k','zpart69h','zmp5sj',53,'none','u-admin',1784389805093),
('zpsc69l','zpart69h','zmp5sk',87,'none','u-admin',1784389805093),
('zpsc69m','zpart69h','zmp5sl',125,'none','u-admin',1784389805093),
('zpsc69o','zpart69n','zmp5se',18,'excused','u-admin',1784389805093),
('zpsc69p','zpart69n','zmp5sh',42,'none','u-admin',1784389805093),
('zpsc69q','zpart69n','zmp5sk',130,'none','u-admin',1784389805093),
('zpsc69s','zpart69r','zmp5se',146,'excused','u-admin',1784389805093),
('zpsc69t','zpart69r','zmp5sg',141,'none','u-admin',1784389805093),
('zpsc69u','zpart69r','zmp5sj',135,'none','u-admin',1784389805093),
('zpsc69v','zpart69r','zmp5sk',114,'none','u-admin',1784389805093),
('zpsc69x','zpart69w','zmp5se',44,'none','u-admin',1784389805093),
('zpsc69y','zpart69w','zmp5sf',42,'none','u-admin',1784389805093),
('zpsc69z','zpart69w','zmp5sg',14,'none','u-admin',1784389805093),
('zpsc6a0','zpart69w','zmp5sh',104,'excused','u-admin',1784389805093),
('zpsc6a1','zpart69w','zmp5sj',49,'excused','u-admin',1784389805093),
('zpsc6a3','zpart6a2','zmp5se',99,'none','u-admin',1784389805093),
('zpsc6a4','zpart6a2','zmp5sf',118,'none','u-admin',1784389805093),
('zpsc6a5','zpart6a2','zmp5sh',68,'none','u-admin',1784389805093),
('zpsc6a7','zpart6a6','zmp5sj',102,'none','u-admin',1784389805093),
('zpsc6a8','zpart6a6','zmp5sl',115,'none','u-admin',1784389805093),
('zpsc6aa','zpart6a9','zmp5se',129,'excused','u-admin',1784389805093),
('zpsc6ab','zpart6a9','zmp5sh',69,'none','u-admin',1784389805093),
('zpsc6ac','zpart6a9','zmp5si',48,'none','u-admin',1784389805093),
('zpsc6ad','zpart6a9','zmp5sj',80,'none','u-admin',1784389805093),
('zpsc6af','zpart6ae','zmp5sf',145,'none','u-admin',1784389805093),
('zpsc6ag','zpart6ae','zmp5sg',103,'none','u-admin',1784389805093),
('zpsc6ah','zpart6ae','zmp5sh',44,'none','u-admin',1784389805093),
('zpsc6ai','zpart6ae','zmp5si',39,'none','u-admin',1784389805093),
('zpsc6aj','zpart6ae','zmp5sk',94,'none','u-admin',1784389805093),
('zpsc6al','zpart6ak','zmp5sh',51,'none','u-admin',1784389805093),
('zpsc6am','zpart6ak','zmp5sl',54,'none','u-admin',1784389805093),
('zpsc6ao','zpart6an','zmp5sf',58,'none','u-admin',1784389805093),
('zpsc6ap','zpart6an','zmp5sg',136,'none','u-admin',1784389805093),
('zpsc6aq','zpart6an','zmp5sj',101,'none','u-admin',1784389805093),
('zpsc6ar','zpart6an','zmp5sl',69,'none','u-admin',1784389805093),
('zpsc6at','zpart6as','zmp5se',59,'excused','u-admin',1784389805093),
('zpsc6au','zpart6as','zmp5sf',15,'none','u-admin',1784389805093),
('zpsc6av','zpart6as','zmp5sg',10,'excused','u-admin',1784389805093),
('zpsc6aw','zpart6as','zmp5si',83,'none','u-admin',1784389805093),
('zpsc6ay','zpart6ax','zmp5se',138,'none','u-admin',1784389805093),
('zpsc6az','zpart6ax','zmp5sf',0,'none','u-admin',1784389805093),
('zpsc6b0','zpart6ax','zmp5sg',80,'none','u-admin',1784389805093),
('zpsc6b1','zpart6ax','zmp5sk',22,'excused','u-admin',1784389805093),
('zpsc6b2','zpart6ax','zmp5sl',83,'excused','u-admin',1784389805093),
('zpsc6b4','zpart6b3','zmp5sf',4,'none','u-admin',1784389805093),
('zpsc6b5','zpart6b3','zmp5sg',26,'none','u-admin',1784389805093),
('zpsc6b6','zpart6b3','zmp5si',145,'none','u-admin',1784389805093),
('zpsc6b7','zpart6b3','zmp5sk',122,'none','u-admin',1784389805093),
('zpsc6b9','zpart6b8','zmp5se',41,'none','u-admin',1784389805093),
('zpsc6ba','zpart6b8','zmp5sg',118,'none','u-admin',1784389805093),
('zpsc6bb','zpart6b8','zmp5sh',145,'none','u-admin',1784389805093),
('zpsc6bc','zpart6b8','zmp5sj',8,'none','u-admin',1784389805093),
('zpsc6be','zpart6bd','zmp5se',6,'none','u-admin',1784389805093);
INSERT OR IGNORE INTO participant_scores (id,participant_id,program_id,points,excuse_status,recorded_by,created_at) VALUES
('zpsc6bf','zpart6bd','zmp5sh',56,'none','u-admin',1784389805093),
('zpsc6bg','zpart6bd','zmp5sj',129,'none','u-admin',1784389805093),
('zpsc6bi','zpart6bh','zmp5se',42,'none','u-admin',1784389805093),
('zpsc6bj','zpart6bh','zmp5sf',102,'excused','u-admin',1784389805093),
('zpsc6bk','zpart6bh','zmp5sh',108,'none','u-admin',1784389805093),
('zpsc6bl','zpart6bh','zmp5sj',117,'none','u-admin',1784389805093),
('zpsc6bn','zpart6bm','zmp5se',113,'none','u-admin',1784389805093),
('zpsc6bo','zpart6bm','zmp5sf',76,'none','u-admin',1784389805093),
('zpsc6bq','zpart6bp','zmp5se',77,'none','u-admin',1784389805093),
('zpsc6br','zpart6bp','zmp5sg',115,'excused','u-admin',1784389805093),
('zpsc6bs','zpart6bp','zmp5sh',37,'none','u-admin',1784389805093),
('zpsc6bt','zpart6bp','zmp5si',135,'none','u-admin',1784389805093),
('zpsc6bv','zpart6bu','zmp5se',113,'none','u-admin',1784389805093),
('zpsc6bw','zpart6bu','zmp5sf',2,'excused','u-admin',1784389805093),
('zpsc6bx','zpart6bu','zmp5sg',87,'none','u-admin',1784389805093),
('zpsc6by','zpart6bu','zmp5sh',25,'none','u-admin',1784389805093),
('zpsc6bz','zpart6bu','zmp5si',60,'none','u-admin',1784389805093),
('zpsc6c0','zpart6bu','zmp5sj',13,'none','u-admin',1784389805093),
('zpsc6c1','zpart6bu','zmp5sk',77,'none','u-admin',1784389805093),
('zpsc6c2','zpart6bu','zmp5sl',47,'none','u-admin',1784389805093),
('zpsc6c4','zpart6c3','zmp5sg',23,'none','u-admin',1784389805093),
('zpsc6c5','zpart6c3','zmp5sh',11,'none','u-admin',1784389805093),
('zpsc6c6','zpart6c3','zmp5si',25,'none','u-admin',1784389805093),
('zpsc6c7','zpart6c3','zmp5sj',136,'none','u-admin',1784389805093),
('zpsc6c8','zpart6c3','zmp5sk',129,'none','u-admin',1784389805093),
('zpsc6ca','zpart6c9','zmp5sf',69,'none','u-admin',1784389805093),
('zpsc6cb','zpart6c9','zmp5sh',50,'none','u-admin',1784389805093),
('zpsc6cc','zpart6c9','zmp5sl',138,'none','u-admin',1784389805093),
('zpsc6ce','zpart6cd','zmp5se',53,'none','u-admin',1784389805093),
('zpsc6cg','zpart6cf','zmp5se',99,'none','u-admin',1784389805093),
('zpsc6ch','zpart6cf','zmp5sf',26,'none','u-admin',1784389805093),
('zpsc6ci','zpart6cf','zmp5sj',143,'none','u-admin',1784389805093),
('zpsc6cj','zpart6cf','zmp5sk',142,'none','u-admin',1784389805093),
('zpsc6ck','zpart6cf','zmp5sl',54,'none','u-admin',1784389805093),
('zpsc6cm','zpart6cl','zmp5se',33,'none','u-admin',1784389805093),
('zpsc6cn','zpart6cl','zmp5sf',124,'none','u-admin',1784389805093),
('zpsc6co','zpart6cl','zmp5sh',80,'none','u-admin',1784389805093),
('zpsc6cp','zpart6cl','zmp5sj',118,'none','u-admin',1784389805093),
('zpsc6cq','zpart6cl','zmp5sl',12,'none','u-admin',1784389805093),
('zpsc6cs','zpart6cr','zmp5sf',3,'none','u-admin',1784389805093),
('zpsc6ct','zpart6cr','zmp5sh',42,'none','u-admin',1784389805093),
('zpsc6cu','zpart6cr','zmp5sl',2,'none','u-admin',1784389805093),
('zpsc6cw','zpart6cv','zmp5sf',67,'none','u-admin',1784389805093),
('zpsc6cx','zpart6cv','zmp5sg',138,'excused','u-admin',1784389805093),
('zpsc6cy','zpart6cv','zmp5sh',122,'none','u-admin',1784389805093),
('zpsc6cz','zpart6cv','zmp5si',124,'none','u-admin',1784389805093),
('zpsc6d0','zpart6cv','zmp5sk',7,'none','u-admin',1784389805093),
('zpsc6d2','zpart6d1','zmp5se',22,'none','u-admin',1784389805093),
('zpsc6d3','zpart6d1','zmp5sf',92,'none','u-admin',1784389805093),
('zpsc6d4','zpart6d1','zmp5sh',48,'none','u-admin',1784389805093),
('zpsc6d6','zpart6d5','zmp5se',111,'none','u-admin',1784389805093),
('zpsc6d7','zpart6d5','zmp5si',50,'none','u-admin',1784389805093),
('zpsc6d8','zpart6d5','zmp5sk',122,'none','u-admin',1784389805093),
('zpsc6d9','zpart6d5','zmp5sl',39,'none','u-admin',1784389805093),
('zpsc6db','zpart6da','zmp5se',43,'none','u-admin',1784389805093),
('zpsc6dc','zpart6da','zmp5sg',61,'excused','u-admin',1784389805093),
('zpsc6dd','zpart6da','zmp5sj',61,'excused','u-admin',1784389805093),
('zpsc6de','zpart6da','zmp5sk',97,'none','u-admin',1784389805093),
('zpsc6df','zpart6da','zmp5sl',101,'none','u-admin',1784389805093),
('zpsc6dh','zpart6dg','zmp5sf',98,'none','u-admin',1784389805093);
INSERT OR IGNORE INTO participant_scores (id,participant_id,program_id,points,excuse_status,recorded_by,created_at) VALUES
('zpsc6di','zpart6dg','zmp5sg',39,'none','u-admin',1784389805093),
('zpsc6dj','zpart6dg','zmp5sh',138,'none','u-admin',1784389805093),
('zpsc6dk','zpart6dg','zmp5si',120,'none','u-admin',1784389805093),
('zpsc6dl','zpart6dg','zmp5sk',68,'none','u-admin',1784389805093),
('zpsc6dm','zpart6dg','zmp5sl',139,'excused','u-admin',1784389805093),
('zpsc6do','zpart6dn','zmp5sg',109,'none','u-admin',1784389805093),
('zpsc6dp','zpart6dn','zmp5sh',133,'none','u-admin',1784389805093),
('zpsc6dq','zpart6dn','zmp5sj',53,'excused','u-admin',1784389805093),
('zpsc6dr','zpart6dn','zmp5sk',82,'none','u-admin',1784389805093),
('zpsc6dt','zpart6ds','zmp5se',84,'none','u-admin',1784389805093),
('zpsc6du','zpart6ds','zmp5sh',122,'none','u-admin',1784389805093),
('zpsc6dv','zpart6ds','zmp5sj',120,'none','u-admin',1784389805093),
('zpsc6dx','zpart6dw','zmp5sf',3,'none','u-admin',1784389805093),
('zpsc6dy','zpart6dw','zmp5sg',58,'none','u-admin',1784389805093),
('zpsc6dz','zpart6dw','zmp5sk',41,'none','u-admin',1784389805093),
('zpsc6e0','zpart6dw','zmp5sl',58,'none','u-admin',1784389805093),
('zpsc6e2','zpart6e1','zmp5se',140,'none','u-admin',1784389805093),
('zpsc6e3','zpart6e1','zmp5sf',29,'none','u-admin',1784389805093),
('zpsc6e4','zpart6e1','zmp5sg',44,'none','u-admin',1784389805093),
('zpsc6e5','zpart6e1','zmp5sj',2,'excused','u-admin',1784389805093),
('zpsc6e6','zpart6e1','zmp5sk',33,'none','u-admin',1784389805093),
('zpsc6e7','zpart6e1','zmp5sl',33,'none','u-admin',1784389805093),
('zpsc6e9','zpart6e8','zmp5se',68,'none','u-admin',1784389805093),
('zpsc6ea','zpart6e8','zmp5sf',147,'none','u-admin',1784389805093),
('zpsc6eb','zpart6e8','zmp5sg',109,'none','u-admin',1784389805093),
('zpsc6ec','zpart6e8','zmp5sh',26,'excused','u-admin',1784389805093),
('zpsc6ed','zpart6e8','zmp5sj',133,'excused','u-admin',1784389805093),
('zpsc6ee','zpart6e8','zmp5sl',28,'none','u-admin',1784389805093),
('zpsc6eg','zpart6ef','zmp5se',10,'none','u-admin',1784389805093),
('zpsc6eh','zpart6ef','zmp5sf',63,'none','u-admin',1784389805093),
('zpsc6ei','zpart6ef','zmp5sg',36,'none','u-admin',1784389805093),
('zpsc6ej','zpart6ef','zmp5sj',45,'none','u-admin',1784389805093),
('zpsc6ek','zpart6ef','zmp5sk',80,'excused','u-admin',1784389805093),
('zpsc6el','zpart6ef','zmp5sl',24,'excused','u-admin',1784389805093),
('zpsc6en','zpart6em','zmp5sf',120,'none','u-admin',1784389805093),
('zpsc6eo','zpart6em','zmp5sh',104,'none','u-admin',1784389805093),
('zpsc6ep','zpart6em','zmp5sj',140,'none','u-admin',1784389805093),
('zpsc6er','zpart6eq','zmp5sf',77,'none','u-admin',1784389805093),
('zpsc6es','zpart6eq','zmp5sh',70,'none','u-admin',1784389805093),
('zpsc6et','zpart6eq','zmp5si',95,'none','u-admin',1784389805093),
('zpsc6eu','zpart6eq','zmp5sj',106,'none','u-admin',1784389805093),
('zpsc6ev','zpart6eq','zmp5sl',22,'none','u-admin',1784389805093),
('zpsc6ex','zpart6ew','zmp5se',95,'none','u-admin',1784389805093),
('zpsc6ey','zpart6ew','zmp5sh',12,'none','u-admin',1784389805093),
('zpsc6ez','zpart6ew','zmp5si',4,'none','u-admin',1784389805093),
('zpsc6f0','zpart6ew','zmp5sk',44,'none','u-admin',1784389805093),
('zpsc6f2','zpart6f1','zmp5se',78,'none','u-admin',1784389805093),
('zpsc6f3','zpart6f1','zmp5si',49,'none','u-admin',1784389805093),
('zpsc6f4','zpart6f1','zmp5sj',31,'none','u-admin',1784389805093),
('zpsc6f5','zpart6f1','zmp5sk',132,'none','u-admin',1784389805093),
('zpsc6f7','zpart6f6','zmp5sk',131,'none','u-admin',1784389805093),
('zpsc6f9','zpart6f8','zmp5se',54,'none','u-admin',1784389805093),
('zpsc6fa','zpart6f8','zmp5sf',124,'none','u-admin',1784389805093),
('zpsc6fb','zpart6f8','zmp5si',145,'none','u-admin',1784389805093),
('zpsc6fc','zpart6f8','zmp5sj',23,'none','u-admin',1784389805093),
('zpsc6fd','zpart6f8','zmp5sk',71,'excused','u-admin',1784389805093),
('zpsc6fe','zpart6f8','zmp5sl',43,'none','u-admin',1784389805093),
('zpsc6fg','zpart6ff','zmp5se',10,'none','u-admin',1784389805093),
('zpsc6fh','zpart6ff','zmp5sf',133,'none','u-admin',1784389805093),
('zpsc6fi','zpart6ff','zmp5sg',105,'excused','u-admin',1784389805093);
INSERT OR IGNORE INTO participant_scores (id,participant_id,program_id,points,excuse_status,recorded_by,created_at) VALUES
('zpsc6fj','zpart6ff','zmp5si',81,'none','u-admin',1784389805093),
('zpsc6fk','zpart6ff','zmp5sj',27,'excused','u-admin',1784389805093),
('zpsc6fl','zpart6ff','zmp5sk',6,'none','u-admin',1784389805093),
('zpsc6fm','zpart6ff','zmp5sl',131,'none','u-admin',1784389805093),
('zpsc6fo','zpart6fn','zmp5se',126,'none','u-admin',1784389805093),
('zpsc6fp','zpart6fn','zmp5sf',117,'none','u-admin',1784389805093),
('zpsc6fq','zpart6fn','zmp5sg',3,'none','u-admin',1784389805093),
('zpsc6fr','zpart6fn','zmp5sj',68,'none','u-admin',1784389805093),
('zpsc6ft','zpart6fs','zmp5se',117,'excused','u-admin',1784389805093),
('zpsc6fv','zpart6fu','zmp5sg',83,'none','u-admin',1784389805093),
('zpsc6fw','zpart6fu','zmp5sk',84,'none','u-admin',1784389805093),
('zpsc6fx','zpart6fu','zmp5sl',93,'none','u-admin',1784389805093),
('zpsc6fz','zpart6fy','zmp5se',145,'none','u-admin',1784389805093),
('zpsc6g0','zpart6fy','zmp5sf',40,'none','u-admin',1784389805093),
('zpsc6g1','zpart6fy','zmp5sh',80,'none','u-admin',1784389805093),
('zpsc6g2','zpart6fy','zmp5si',81,'none','u-admin',1784389805093),
('zpsc6g3','zpart6fy','zmp5sk',99,'none','u-admin',1784389805093),
('zpsc6g4','zpart6fy','zmp5sl',36,'none','u-admin',1784389805093),
('zpsc6g6','zpart6g5','zmp5se',85,'none','u-admin',1784389805093),
('zpsc6g7','zpart6g5','zmp5sg',145,'excused','u-admin',1784389805093),
('zpsc6g8','zpart6g5','zmp5sh',134,'none','u-admin',1784389805093),
('zpsc6g9','zpart6g5','zmp5sk',24,'none','u-admin',1784389805093),
('zpsc6ga','zpart6g5','zmp5sl',82,'none','u-admin',1784389805093),
('zpsc6gc','zpart6gb','zmp5se',3,'none','u-admin',1784389805093),
('zpsc6gd','zpart6gb','zmp5sf',150,'none','u-admin',1784389805093),
('zpsc6ge','zpart6gb','zmp5sg',86,'none','u-admin',1784389805093),
('zpsc6gf','zpart6gb','zmp5si',4,'none','u-admin',1784389805093),
('zpsc6gg','zpart6gb','zmp5sk',140,'none','u-admin',1784389805093),
('zpsc6gh','zpart6gb','zmp5sl',5,'none','u-admin',1784389805093),
('zpsc6gj','zpart6gi','zmp5sf',28,'none','u-admin',1784389805093),
('zpsc6gk','zpart6gi','zmp5sg',20,'excused','u-admin',1784389805093),
('zpsc6gl','zpart6gi','zmp5sh',117,'none','u-admin',1784389805093),
('zpsc6gm','zpart6gi','zmp5sj',95,'none','u-admin',1784389805093),
('zpsc6gn','zpart6gi','zmp5sl',140,'none','u-admin',1784389805093),
('zpsc6gp','zpart6go','zmp5se',4,'none','u-admin',1784389805093),
('zpsc6gq','zpart6go','zmp5sj',3,'none','u-admin',1784389805093),
('zpsc6gr','zpart6go','zmp5sl',141,'excused','u-admin',1784389805093),
('zpsc6gt','zpart6gs','zmp5se',121,'none','u-admin',1784389805093),
('zpsc6gu','zpart6gs','zmp5sf',113,'none','u-admin',1784389805093),
('zpsc6gv','zpart6gs','zmp5sj',98,'none','u-admin',1784389805093),
('zpsc6gw','zpart6gs','zmp5sl',2,'none','u-admin',1784389805093),
('zpsc6gy','zpart6gx','zmp5se',29,'none','u-admin',1784389805093),
('zpsc6gz','zpart6gx','zmp5sf',138,'none','u-admin',1784389805093),
('zpsc6h0','zpart6gx','zmp5sg',136,'excused','u-admin',1784389805093),
('zpsc6h1','zpart6gx','zmp5sh',59,'none','u-admin',1784389805093),
('zpsc6h2','zpart6gx','zmp5si',38,'none','u-admin',1784389805093),
('zpsc6h3','zpart6gx','zmp5sk',2,'none','u-admin',1784389805093),
('zpsc6h4','zpart6gx','zmp5sl',97,'none','u-admin',1784389805093),
('zpsc6h6','zpart6h5','zmp5sf',130,'none','u-admin',1784389805093),
('zpsc6h7','zpart6h5','zmp5sh',51,'none','u-admin',1784389805093),
('zpsc6h8','zpart6h5','zmp5si',145,'none','u-admin',1784389805093),
('zpsc6h9','zpart6h5','zmp5sk',23,'none','u-admin',1784389805093),
('zpsc6hb','zpart6ha','zmp5se',11,'none','u-admin',1784389805093),
('zpsc6hc','zpart6ha','zmp5sf',60,'none','u-admin',1784389805093),
('zpsc6hd','zpart6ha','zmp5sh',91,'none','u-admin',1784389805093),
('zpsc6he','zpart6ha','zmp5sj',139,'none','u-admin',1784389805093),
('zpsc6hf','zpart6ha','zmp5sl',135,'none','u-admin',1784389805093),
('zpsc6hh','zpart6hg','zmp5se',75,'none','u-admin',1784389805093),
('zpsc6hi','zpart6hg','zmp5sf',46,'none','u-admin',1784389805093),
('zpsc6hj','zpart6hg','zmp5sh',117,'none','u-admin',1784389805093);
INSERT OR IGNORE INTO participant_scores (id,participant_id,program_id,points,excuse_status,recorded_by,created_at) VALUES
('zpsc6hk','zpart6hg','zmp5si',105,'none','u-admin',1784389805093),
('zpsc6hl','zpart6hg','zmp5sj',60,'none','u-admin',1784389805093),
('zpsc6hm','zpart6hg','zmp5sk',69,'none','u-admin',1784389805093),
('zpsc6hn','zpart6hg','zmp5sl',131,'none','u-admin',1784389805093),
('zpsc6hp','zpart6ho','zmp5se',47,'none','u-admin',1784389805093),
('zpsc6hq','zpart6ho','zmp5si',111,'none','u-admin',1784389805093),
('zpsc6hs','zpart6hr','zmp5sf',26,'none','u-admin',1784389805093),
('zpsc6ht','zpart6hr','zmp5si',37,'none','u-admin',1784389805093),
('zpsc6hu','zpart6hr','zmp5sj',24,'none','u-admin',1784389805093),
('zpsc6hv','zpart6hr','zmp5sk',129,'excused','u-admin',1784389805093),
('zpsc6hx','zpart6hw','zmp5sg',16,'none','u-admin',1784389805093),
('zpsc6hy','zpart6hw','zmp5sh',105,'excused','u-admin',1784389805093),
('zpsc6hz','zpart6hw','zmp5si',53,'none','u-admin',1784389805093),
('zpsc6i1','zpart6i0','zmp5sf',54,'none','u-admin',1784389805093),
('zpsc6i2','zpart6i0','zmp5sg',133,'none','u-admin',1784389805093),
('zpsc6i3','zpart6i0','zmp5si',22,'none','u-admin',1784389805093),
('zpsc6i5','zpart6i4','zmp5se',8,'none','u-admin',1784389805093),
('zpsc6i6','zpart6i4','zmp5sf',46,'excused','u-admin',1784389805093),
('zpsc6i7','zpart6i4','zmp5sg',98,'none','u-admin',1784389805093),
('zpsc6i8','zpart6i4','zmp5sh',17,'none','u-admin',1784389805093),
('zpsc6i9','zpart6i4','zmp5si',14,'none','u-admin',1784389805093),
('zpsc6ia','zpart6i4','zmp5sl',149,'none','u-admin',1784389805093),
('zpsc6ic','zpart6ib','zmp5se',103,'none','u-admin',1784389805093),
('zpsc6id','zpart6ib','zmp5sf',145,'none','u-admin',1784389805093),
('zpsc6ie','zpart6ib','zmp5sg',16,'none','u-admin',1784389805093),
('zpsc6if','zpart6ib','zmp5sl',146,'none','u-admin',1784389805093),
('zpsc6ih','zpart6ig','zmp5se',103,'excused','u-admin',1784389805093),
('zpsc6ii','zpart6ig','zmp5sg',7,'none','u-admin',1784389805093),
('zpsc6ij','zpart6ig','zmp5sh',87,'none','u-admin',1784389805093),
('zpsc6ik','zpart6ig','zmp5sl',46,'none','u-admin',1784389805093),
('zpsc6im','zpart6il','zmp5sh',74,'none','u-admin',1784389805093),
('zpsc6io','zpart6in','zmp5sf',102,'none','u-admin',1784389805093),
('zpsc6ip','zpart6in','zmp5sg',4,'none','u-admin',1784389805093),
('zpsc6iq','zpart6in','zmp5sk',46,'none','u-admin',1784389805093),
('zpsc6is','zpart6ir','zmp5se',50,'excused','u-admin',1784389805093),
('zpsc6it','zpart6ir','zmp5si',71,'excused','u-admin',1784389805093),
('zpsc6iu','zpart6ir','zmp5sj',100,'none','u-admin',1784389805093),
('zpsc6iv','zpart6ir','zmp5sk',127,'none','u-admin',1784389805093),
('zpsc6iw','zpart6ir','zmp5sl',121,'none','u-admin',1784389805093),
('zpsc6iy','zpart6ix','zmp5se',41,'none','u-admin',1784389805093),
('zpsc6iz','zpart6ix','zmp5si',150,'none','u-admin',1784389805093),
('zpsc6j0','zpart6ix','zmp5sk',89,'none','u-admin',1784389805093),
('zpsc6j2','zpart6j1','zmp5se',82,'none','u-admin',1784389805093),
('zpsc6j3','zpart6j1','zmp5sf',5,'none','u-admin',1784389805093),
('zpsc6j4','zpart6j1','zmp5sk',67,'none','u-admin',1784389805093),
('zpsc6j5','zpart6j1','zmp5sl',37,'none','u-admin',1784389805093),
('zpsc6j7','zpart6j6','zmp5se',55,'none','u-admin',1784389805093),
('zpsc6j8','zpart6j6','zmp5sh',41,'none','u-admin',1784389805093),
('zpsc6j9','zpart6j6','zmp5sj',63,'none','u-admin',1784389805093),
('zpsc6jb','zpart6ja','zmp5sg',42,'none','u-admin',1784389805093),
('zpsc6jc','zpart6ja','zmp5sh',85,'none','u-admin',1784389805093),
('zpsc6jd','zpart6ja','zmp5si',83,'none','u-admin',1784389805093),
('zpsc6je','zpart6ja','zmp5sj',84,'none','u-admin',1784389805093),
('zpsc6jg','zpart6jf','zmp5sf',114,'none','u-admin',1784389805093),
('zpsc6jh','zpart6jf','zmp5sh',92,'none','u-admin',1784389805093),
('zpsc6ji','zpart6jf','zmp5si',18,'excused','u-admin',1784389805093),
('zpsc6jj','zpart6jf','zmp5sk',98,'excused','u-admin',1784389805093),
('zpsc6jl','zpart6jk','zmp5sg',142,'none','u-admin',1784389805093),
('zpsc6jm','zpart6jk','zmp5sh',142,'none','u-admin',1784389805093),
('zpsc6jn','zpart6jk','zmp5sl',0,'none','u-admin',1784389805093);
INSERT OR IGNORE INTO participant_scores (id,participant_id,program_id,points,excuse_status,recorded_by,created_at) VALUES
('zpsc6jp','zpart6jo','zmp5se',24,'none','u-admin',1784389805093),
('zpsc6jq','zpart6jo','zmp5sl',1,'none','u-admin',1784389805093),
('zpsc6js','zpart6jr','zmp5se',1,'none','u-admin',1784389805093),
('zpsc6jt','zpart6jr','zmp5sg',75,'none','u-admin',1784389805093),
('zpsc6ju','zpart6jr','zmp5sh',60,'none','u-admin',1784389805093),
('zpsc6jv','zpart6jr','zmp5sk',146,'none','u-admin',1784389805093),
('zpsc6jx','zpart6jw','zmp5sg',16,'none','u-admin',1784389805093),
('zpsc6jy','zpart6jw','zmp5sj',18,'none','u-admin',1784389805093),
('zpsc6k0','zpart6jz','zmp5sf',24,'none','u-admin',1784389805093),
('zpsc6k1','zpart6jz','zmp5sg',91,'none','u-admin',1784389805093),
('zpsc6k2','zpart6jz','zmp5sh',22,'none','u-admin',1784389805093),
('zpsc6k3','zpart6jz','zmp5si',69,'excused','u-admin',1784389805093),
('zpsc6k4','zpart6jz','zmp5sj',22,'excused','u-admin',1784389805093),
('zpsc6k5','zpart6jz','zmp5sk',96,'none','u-admin',1784389805093),
('zpsc6k7','zpart6k6','zmp5sg',70,'none','u-admin',1784389805093),
('zpsc6k8','zpart6k6','zmp5si',79,'none','u-admin',1784389805093),
('zpsc6k9','zpart6k6','zmp5sl',54,'none','u-admin',1784389805093),
('zpsc6kb','zpart6ka','zmp5se',133,'none','u-admin',1784389805093),
('zpsc6kc','zpart6ka','zmp5sg',21,'none','u-admin',1784389805093),
('zpsc6kd','zpart6ka','zmp5sh',138,'none','u-admin',1784389805093),
('zpsc6ke','zpart6ka','zmp5si',149,'none','u-admin',1784389805093),
('zpsc6kf','zpart6ka','zmp5sk',118,'excused','u-admin',1784389805093),
('zpsc6kg','zpart6ka','zmp5sl',137,'none','u-admin',1784389805093),
('zpsc6ki','zpart6kh','zmp5sf',75,'none','u-admin',1784389805093),
('zpsc6kj','zpart6kh','zmp5si',0,'none','u-admin',1784389805093),
('zpsc6kk','zpart6kh','zmp5sj',12,'none','u-admin',1784389805093),
('zpsc6kl','zpart6kh','zmp5sk',49,'none','u-admin',1784389805093),
('zpsc6km','zpart6kh','zmp5sl',37,'none','u-admin',1784389805093),
('zpsc6ko','zpart6kn','zmp5sf',24,'excused','u-admin',1784389805093),
('zpsc6kp','zpart6kn','zmp5sh',126,'none','u-admin',1784389805093),
('zpsc6kq','zpart6kn','zmp5si',0,'none','u-admin',1784389805093),
('zpsc6kr','zpart6kn','zmp5sj',66,'excused','u-admin',1784389805093),
('zpsc6ks','zpart6kn','zmp5sk',148,'none','u-admin',1784389805093),
('zpsc6kt','zpart6kn','zmp5sl',25,'none','u-admin',1784389805093),
('zpsc6kv','zpart6ku','zmp5sh',5,'none','u-admin',1784389805093),
('zpsc6kw','zpart6ku','zmp5si',41,'excused','u-admin',1784389805093),
('zpsc6kx','zpart6ku','zmp5sk',42,'none','u-admin',1784389805093),
('zpsc6ky','zpart6ku','zmp5sl',127,'none','u-admin',1784389805093),
('zpsc6l0','zpart6kz','zmp5sh',33,'none','u-admin',1784389805093),
('zpsc6l1','zpart6kz','zmp5si',51,'excused','u-admin',1784389805093),
('zpsc6l2','zpart6kz','zmp5sj',141,'none','u-admin',1784389805093),
('zpsc6l4','zpart6l3','zmp5se',59,'none','u-admin',1784389805093),
('zpsc6l5','zpart6l3','zmp5sf',4,'none','u-admin',1784389805093),
('zpsc6l6','zpart6l3','zmp5sh',65,'excused','u-admin',1784389805093),
('zpsc6l7','zpart6l3','zmp5si',50,'none','u-admin',1784389805093),
('zpsc6l8','zpart6l3','zmp5sj',55,'none','u-admin',1784389805093),
('zpsc6l9','zpart6l3','zmp5sk',98,'none','u-admin',1784389805093),
('zpsc6la','zpart6l3','zmp5sl',124,'none','u-admin',1784389805093),
('zpsc6lc','zpart6lb','zmp5se',22,'none','u-admin',1784389805093),
('zpsc6ld','zpart6lb','zmp5sf',59,'excused','u-admin',1784389805093),
('zpsc6le','zpart6lb','zmp5sg',136,'none','u-admin',1784389805093),
('zpsc6lf','zpart6lb','zmp5sj',146,'none','u-admin',1784389805093),
('zpsc6lg','zpart6lb','zmp5sk',0,'none','u-admin',1784389805093),
('zpsc6li','zpart6lh','zmp5sf',75,'none','u-admin',1784389805093),
('zpsc6lj','zpart6lh','zmp5sh',68,'none','u-admin',1784389805093),
('zpsc6lk','zpart6lh','zmp5sk',32,'none','u-admin',1784389805093),
('zpsc6lm','zpart6ll','zmp5sf',39,'none','u-admin',1784389805093),
('zpsc6ln','zpart6ll','zmp5sh',99,'none','u-admin',1784389805093),
('zpsc6lo','zpart6ll','zmp5si',109,'none','u-admin',1784389805093),
('zpsc6lq','zpart6lp','zmp5se',13,'none','u-admin',1784389805093);
INSERT OR IGNORE INTO participant_scores (id,participant_id,program_id,points,excuse_status,recorded_by,created_at) VALUES
('zpsc6lr','zpart6lp','zmp5sg',132,'none','u-admin',1784389805093),
('zpsc6ls','zpart6lp','zmp5sh',127,'excused','u-admin',1784389805093),
('zpsc6lt','zpart6lp','zmp5sj',63,'excused','u-admin',1784389805093),
('zpsc6lu','zpart6lp','zmp5sk',92,'none','u-admin',1784389805093),
('zpsc6lv','zpart6lp','zmp5sl',46,'excused','u-admin',1784389805093),
('zpsc6lx','zpart6lw','zmp5se',104,'none','u-admin',1784389805093),
('zpsc6ly','zpart6lw','zmp5sf',14,'excused','u-admin',1784389805093),
('zpsc6lz','zpart6lw','zmp5sg',6,'none','u-admin',1784389805093),
('zpsc6m0','zpart6lw','zmp5si',2,'none','u-admin',1784389805093),
('zpsc6m1','zpart6lw','zmp5sk',38,'none','u-admin',1784389805093),
('zpsc6m3','zpart6m2','zmp5sh',65,'none','u-admin',1784389805093),
('zpsc6m4','zpart6m2','zmp5si',5,'none','u-admin',1784389805093),
('zpsc6m5','zpart6m2','zmp5sj',141,'none','u-admin',1784389805093),
('zpsc6m7','zpart6m6','zmp5sg',116,'excused','u-admin',1784389805093),
('zpsc6m8','zpart6m6','zmp5sh',26,'none','u-admin',1784389805093),
('zpsc6m9','zpart6m6','zmp5sk',146,'none','u-admin',1784389805093),
('zpsc6mb','zpart6ma','zmp5se',139,'none','u-admin',1784389805093),
('zpsc6mc','zpart6ma','zmp5sf',120,'none','u-admin',1784389805093),
('zpsc6md','zpart6ma','zmp5sg',6,'none','u-admin',1784389805093),
('zpsc6me','zpart6ma','zmp5sh',121,'none','u-admin',1784389805093),
('zpsc6mf','zpart6ma','zmp5sk',122,'excused','u-admin',1784389805093),
('zpsc6mg','zpart6ma','zmp5sl',70,'none','u-admin',1784389805093),
('zpsc6mi','zpart6mh','zmp5se',37,'none','u-admin',1784389805093),
('zpsc6mj','zpart6mh','zmp5sg',104,'none','u-admin',1784389805093),
('zpsc6mk','zpart6mh','zmp5si',18,'none','u-admin',1784389805093),
('zpsc6ml','zpart6mh','zmp5sl',98,'none','u-admin',1784389805093),
('zpsc6mn','zpart6mm','zmp5sg',77,'excused','u-admin',1784389805093),
('zpsc6mo','zpart6mm','zmp5si',124,'none','u-admin',1784389805093),
('zpsc6mp','zpart6mm','zmp5sk',17,'none','u-admin',1784389805093),
('zpsc6mq','zpart6mm','zmp5sl',31,'none','u-admin',1784389805093),
('zpsc6ms','zpart6mr','zmp5sg',111,'none','u-admin',1784389805093),
('zpsc6mt','zpart6mr','zmp5si',150,'none','u-admin',1784389805093),
('zpsc6mu','zpart6mr','zmp5sk',56,'none','u-admin',1784389805093),
('zpsc6mw','zpart6mv','zmp5sf',118,'none','u-admin',1784389805093),
('zpsc6mx','zpart6mv','zmp5sg',4,'none','u-admin',1784389805093),
('zpsc6my','zpart6mv','zmp5sh',133,'none','u-admin',1784389805093),
('zpsc6n0','zpart6mz','zmp5se',77,'none','u-admin',1784389805093),
('zpsc6n1','zpart6mz','zmp5sf',51,'none','u-admin',1784389805093),
('zpsc6n2','zpart6mz','zmp5sg',87,'none','u-admin',1784389805093),
('zpsc6n3','zpart6mz','zmp5sh',85,'none','u-admin',1784389805093),
('zpsc6n4','zpart6mz','zmp5si',51,'none','u-admin',1784389805093),
('zpsc6n5','zpart6mz','zmp5sj',112,'none','u-admin',1784389805093),
('zpsc6n6','zpart6mz','zmp5sk',113,'none','u-admin',1784389805093),
('zpsc6n8','zpart6n7','zmp5sf',106,'none','u-admin',1784389805093),
('zpsc6n9','zpart6n7','zmp5sg',20,'none','u-admin',1784389805093),
('zpsc6na','zpart6n7','zmp5sh',117,'none','u-admin',1784389805093),
('zpsc6nb','zpart6n7','zmp5si',53,'none','u-admin',1784389805093),
('zpsc6nc','zpart6n7','zmp5sk',136,'none','u-admin',1784389805093),
('zpsc6ne','zpart6nd','zmp5se',138,'none','u-admin',1784389805093),
('zpsc6nf','zpart6nd','zmp5sf',96,'none','u-admin',1784389805093),
('zpsc6ng','zpart6nd','zmp5sg',118,'excused','u-admin',1784389805093),
('zpsc6nh','zpart6nd','zmp5sl',118,'none','u-admin',1784389805093),
('zpsc6nj','zpart6ni','zmp5se',52,'excused','u-admin',1784389805093),
('zpsc6nk','zpart6ni','zmp5sk',41,'none','u-admin',1784389805093),
('zpsc6nm','zpart6nl','zmp5sf',44,'none','u-admin',1784389805093),
('zpsc6nn','zpart6nl','zmp5sh',43,'none','u-admin',1784389805093),
('zpsc6no','zpart6nl','zmp5si',64,'none','u-admin',1784389805093),
('zpsc6np','zpart6nl','zmp5sj',37,'none','u-admin',1784389805093),
('zpsc6nq','zpart6nl','zmp5sk',119,'none','u-admin',1784389805093),
('zpsc6nr','zpart6nl','zmp5sl',141,'none','u-admin',1784389805093);
INSERT OR IGNORE INTO participant_scores (id,participant_id,program_id,points,excuse_status,recorded_by,created_at) VALUES
('zpsc6nt','zpart6ns','zmp5sf',23,'none','u-admin',1784389805093),
('zpsc6nu','zpart6ns','zmp5sl',6,'excused','u-admin',1784389805093),
('zpsc6nw','zpart6nv','zmp5se',76,'excused','u-admin',1784389805093),
('zpsc6nx','zpart6nv','zmp5sg',29,'none','u-admin',1784389805093),
('zpsc6ny','zpart6nv','zmp5si',36,'none','u-admin',1784389805093),
('zpsc6nz','zpart6nv','zmp5sj',99,'excused','u-admin',1784389805093),
('zpsc6o0','zpart6nv','zmp5sk',34,'none','u-admin',1784389805093),
('zpsc6o1','zpart6nv','zmp5sl',102,'none','u-admin',1784389805093),
('zpsc6o3','zpart6o2','zmp5se',47,'none','u-admin',1784389805093),
('zpsc6o4','zpart6o2','zmp5sg',108,'none','u-admin',1784389805093),
('zpsc6o5','zpart6o2','zmp5sh',5,'none','u-admin',1784389805093),
('zpsc6o6','zpart6o2','zmp5si',110,'none','u-admin',1784389805093),
('zpsc6o7','zpart6o2','zmp5sj',45,'none','u-admin',1784389805093),
('zpsc6o8','zpart6o2','zmp5sk',90,'none','u-admin',1784389805093),
('zpsc6o9','zpart6o2','zmp5sl',47,'none','u-admin',1784389805093),
('zpsc6ob','zpart6oa','zmp5sf',60,'none','u-admin',1784389805093),
('zpsc6oc','zpart6oa','zmp5sg',20,'none','u-admin',1784389805093),
('zpsc6od','zpart6oa','zmp5sh',7,'none','u-admin',1784389805093),
('zpsc6oe','zpart6oa','zmp5si',79,'none','u-admin',1784389805093),
('zpsc6of','zpart6oa','zmp5sj',111,'none','u-admin',1784389805093),
('zpsc6og','zpart6oa','zmp5sl',3,'none','u-admin',1784389805093),
('zpsc6oi','zpart6oh','zmp5se',11,'none','u-admin',1784389805093),
('zpsc6oj','zpart6oh','zmp5sh',48,'none','u-admin',1784389805093),
('zpsc6ok','zpart6oh','zmp5si',73,'excused','u-admin',1784389805093),
('zpsc6ol','zpart6oh','zmp5sj',66,'excused','u-admin',1784389805093),
('zpsc6om','zpart6oh','zmp5sk',104,'none','u-admin',1784389805093),
('zpsc6oo','zpart6on','zmp5se',120,'none','u-admin',1784389805093),
('zpsc6op','zpart6on','zmp5sf',21,'excused','u-admin',1784389805093),
('zpsc6oq','zpart6on','zmp5sl',134,'none','u-admin',1784389805093),
('zpsc6os','zpart6or','zmp5sf',18,'none','u-admin',1784389805093),
('zpsc6ot','zpart6or','zmp5sg',14,'none','u-admin',1784389805093),
('zpsc6ou','zpart6or','zmp5si',120,'none','u-admin',1784389805093),
('zpsc6ov','zpart6or','zmp5sj',10,'excused','u-admin',1784389805093),
('zpsc6ow','zpart6or','zmp5sk',21,'none','u-admin',1784389805093),
('zpsc6ox','zpart6or','zmp5sl',1,'none','u-admin',1784389805093),
('zpsc6oz','zpart6oy','zmp5sf',105,'none','u-admin',1784389805093),
('zpsc6p0','zpart6oy','zmp5si',148,'none','u-admin',1784389805093),
('zpsc6p1','zpart6oy','zmp5sj',128,'none','u-admin',1784389805093),
('zpsc6p2','zpart6oy','zmp5sk',137,'none','u-admin',1784389805093),
('zpsc6p3','zpart6oy','zmp5sl',110,'none','u-admin',1784389805093),
('zpsc6p5','zpart6p4','zmp5sf',35,'none','u-admin',1784389805093),
('zpsc6p6','zpart6p4','zmp5sh',52,'none','u-admin',1784389805093),
('zpsc6p7','zpart6p4','zmp5si',23,'excused','u-admin',1784389805093),
('zpsc6p8','zpart6p4','zmp5sk',92,'none','u-admin',1784389805093),
('zpsc6p9','zpart6p4','zmp5sl',141,'none','u-admin',1784389805093),
('zpsc6pc','zpart6pb','zmp5se',27,'none','u-admin',1784389805093),
('zpsc6pd','zpart6pb','zmp5sf',43,'none','u-admin',1784389805093),
('zpsc6pe','zpart6pb','zmp5sg',40,'none','u-admin',1784389805093),
('zpsc6pf','zpart6pb','zmp5sh',119,'none','u-admin',1784389805093),
('zpsc6pg','zpart6pb','zmp5si',84,'none','u-admin',1784389805093),
('zpsc6ph','zpart6pb','zmp5sj',95,'none','u-admin',1784389805093),
('zpsc6pi','zpart6pb','zmp5sk',123,'none','u-admin',1784389805093),
('zpsc6pk','zpart6pj','zmp5se',6,'none','u-admin',1784389805093),
('zpsc6pl','zpart6pj','zmp5sf',26,'none','u-admin',1784389805093),
('zpsc6pm','zpart6pj','zmp5sh',83,'none','u-admin',1784389805093),
('zpsc6pn','zpart6pj','zmp5sj',68,'none','u-admin',1784389805093),
('zpsc6po','zpart6pj','zmp5sl',43,'none','u-admin',1784389805093),
('zpsc6pq','zpart6pp','zmp5sh',19,'excused','u-admin',1784389805093),
('zpsc6pr','zpart6pp','zmp5si',94,'none','u-admin',1784389805093),
('zpsc6ps','zpart6pp','zmp5sj',148,'none','u-admin',1784389805093);
INSERT OR IGNORE INTO participant_scores (id,participant_id,program_id,points,excuse_status,recorded_by,created_at) VALUES
('zpsc6pt','zpart6pp','zmp5sk',121,'excused','u-admin',1784389805093),
('zpsc6pv','zpart6pu','zmp5se',76,'none','u-admin',1784389805093),
('zpsc6pw','zpart6pu','zmp5sh',26,'none','u-admin',1784389805093),
('zpsc6px','zpart6pu','zmp5si',111,'none','u-admin',1784389805093),
('zpsc6py','zpart6pu','zmp5sj',108,'none','u-admin',1784389805093),
('zpsc6pz','zpart6pu','zmp5sl',100,'none','u-admin',1784389805093),
('zpsc6q1','zpart6q0','zmp5sg',73,'none','u-admin',1784389805093),
('zpsc6q2','zpart6q0','zmp5sh',63,'none','u-admin',1784389805093),
('zpsc6q4','zpart6q3','zmp5se',116,'none','u-admin',1784389805093),
('zpsc6q5','zpart6q3','zmp5sf',80,'none','u-admin',1784389805093),
('zpsc6q6','zpart6q3','zmp5sh',24,'none','u-admin',1784389805093),
('zpsc6q7','zpart6q3','zmp5sj',134,'excused','u-admin',1784389805093),
('zpsc6q8','zpart6q3','zmp5sl',11,'none','u-admin',1784389805093),
('zpsc6qa','zpart6q9','zmp5sf',14,'none','u-admin',1784389805093),
('zpsc6qb','zpart6q9','zmp5sh',103,'none','u-admin',1784389805093),
('zpsc6qc','zpart6q9','zmp5si',4,'excused','u-admin',1784389805093),
('zpsc6qd','zpart6q9','zmp5sk',146,'none','u-admin',1784389805093),
('zpsc6qf','zpart6qe','zmp5se',80,'none','u-admin',1784389805093),
('zpsc6qg','zpart6qe','zmp5sg',119,'none','u-admin',1784389805093),
('zpsc6qh','zpart6qe','zmp5si',59,'none','u-admin',1784389805093),
('zpsc6qi','zpart6qe','zmp5sj',67,'excused','u-admin',1784389805093),
('zpsc6qj','zpart6qe','zmp5sk',139,'none','u-admin',1784389805093),
('zpsc6qk','zpart6qe','zmp5sl',56,'none','u-admin',1784389805093),
('zpsc6qm','zpart6ql','zmp5se',79,'none','u-admin',1784389805093),
('zpsc6qn','zpart6ql','zmp5si',99,'none','u-admin',1784389805093),
('zpsc6qo','zpart6ql','zmp5sk',15,'none','u-admin',1784389805093),
('zpsc6qp','zpart6ql','zmp5sl',31,'none','u-admin',1784389805093),
('zpsc6qr','zpart6qq','zmp5se',142,'none','u-admin',1784389805093),
('zpsc6qs','zpart6qq','zmp5sh',132,'none','u-admin',1784389805093),
('zpsc6qt','zpart6qq','zmp5si',101,'excused','u-admin',1784389805093),
('zpsc6qu','zpart6qq','zmp5sj',24,'none','u-admin',1784389805093),
('zpsc6qv','zpart6qq','zmp5sk',90,'none','u-admin',1784389805093),
('zpsc6qx','zpart6qw','zmp5sf',29,'none','u-admin',1784389805093),
('zpsc6qy','zpart6qw','zmp5sg',134,'none','u-admin',1784389805093),
('zpsc6qz','zpart6qw','zmp5sk',38,'none','u-admin',1784389805093),
('zpsc6r1','zpart6r0','zmp5sf',116,'none','u-admin',1784389805093),
('zpsc6r2','zpart6r0','zmp5sg',86,'excused','u-admin',1784389805093),
('zpsc6r3','zpart6r0','zmp5sh',101,'none','u-admin',1784389805093),
('zpsc6r4','zpart6r0','zmp5si',106,'none','u-admin',1784389805093),
('zpsc6r5','zpart6r0','zmp5sj',120,'none','u-admin',1784389805093),
('zpsc6r6','zpart6r0','zmp5sk',8,'none','u-admin',1784389805093),
('zpsc6r7','zpart6r0','zmp5sl',113,'excused','u-admin',1784389805093),
('zpsc6r9','zpart6r8','zmp5sf',25,'none','u-admin',1784389805093),
('zpsc6ra','zpart6r8','zmp5sj',125,'excused','u-admin',1784389805093),
('zpsc6rc','zpart6rb','zmp5sf',25,'none','u-admin',1784389805093);
INSERT OR IGNORE INTO tahfeez_circles (id,mosque_id,name,teacher_person_id,created_at) VALUES
('ztc6rd','zm18','حلقة الصغار','zp1wx',1784389805093),
('ztc6s0','zm54','حلقة الصغار','zpwh',1784389805093),
('ztc6su','zm8q','حلقة الفجر','zped',1784389805093),
('ztc6t6','zmf7','حلقة الفجر','zphe',1784389805093),
('ztc6tp','zmhw','حلقة الصغار','zpdi',1784389805093),
('ztc6u0','zmit','حلقة الصغار','zp8c',1784389805093),
('ztc6us','zmn7','حلقة الإتقان','zp1ic',1784389805093),
('ztc6vj','zmw4','حلقة الإتقان','zphz',1784389805093),
('ztc6w0','zmxq','حلقة الإتقان','zpzd',1784389805093),
('ztc6wb','zm102','حلقة الفجر','zpzr',1784389805093),
('ztc6wr','zm118','حلقة الإتقان','zpfe',1784389805093);
INSERT OR IGNORE INTO tahfeez_students (id,circle_id,person_id,status,created_at) VALUES
('zts6re','ztc6rd','zppe','active',1784389805093),
('zts6rg','ztc6rd','zp2k','active',1784389805093),
('zts6rj','ztc6rd','zpbe','active',1784389805093),
('zts6rm','ztc6rd','zprg','active',1784389805093),
('zts6ro','ztc6rd','zp8e','active',1784389805093),
('zts6rr','ztc6rd','zp6h','active',1784389805093),
('zts6s1','ztc6s0','zpxt','active',1784389805093),
('zts6s4','ztc6s0','zpxg','active',1784389805093),
('zts6s7','ztc6s0','zp1b','active',1784389805093),
('zts6sa','ztc6s0','zpcv','active',1784389805093),
('zts6sd','ztc6s0','zpvc','active',1784389805093),
('zts6sg','ztc6s0','zpah','active',1784389805093),
('zts6si','ztc6s0','zp59','active',1784389805093),
('zts6sv','ztc6su','zp45','active',1784389805093),
('zts6sx','ztc6su','zpm1','active',1784389805093),
('zts6sz','ztc6su','zpyn','active',1784389805093),
('zts6t7','ztc6t6','zpf8','active',1784389805093),
('zts6ta','ztc6t6','zpbq','active',1784389805093),
('zts6td','ztc6t6','zpfe','active',1784389805093),
('zts6tf','ztc6t6','zp49','active',1784389805093),
('zts6th','ztc6t6','zp1d','active',1784389805093),
('zts6tq','ztc6tp','zpkx','active',1784389805093),
('zts6tt','ztc6tp','zp9s','active',1784389805093),
('zts6tv','ztc6tp','zpt9','active',1784389805093),
('zts6ty','ztc6tp','zpnm','active',1784389805093),
('zts6u1','ztc6u0','zp103','active',1784389805093),
('zts6u3','ztc6u0','zpxr','active',1784389805093),
('zts6u6','ztc6u0','zplz','active',1784389805093),
('zts6u8','ztc6u0','zpm5','active',1784389805093),
('zts6ua','ztc6u0','zprx','active',1784389805093),
('zts6uc','ztc6u0','zp3m','active',1784389805093),
('zts6ut','ztc6us','zph2','active',1784389805093),
('zts6uv','ztc6us','zpz6','active',1784389805093),
('zts6ux','ztc6us','zp59','active',1784389805093),
('zts6v0','ztc6us','zpx8','active',1784389805093),
('zts6v2','ztc6us','zpnc','active',1784389805093),
('zts6v4','ztc6us','zp6b','active',1784389805093),
('zts6vk','ztc6vj','zpkr','active',1784389805093),
('zts6vm','ztc6vj','zpmx','active',1784389805093),
('zts6vo','ztc6vj','zps3','active',1784389805093),
('zts6vr','ztc6vj','zpvi','active',1784389805093),
('zts6vt','ztc6vj','zpp4','active',1784389805093),
('zts6w1','ztc6w0','zpra','active',1784389805093),
('zts6w3','ztc6w0','zpt3','active',1784389805093),
('zts6w6','ztc6w0','zph4','active',1784389805093),
('zts6w9','ztc6w0','zpl','active',1784389805093),
('zts6wc','ztc6wb','zpl1','active',1784389805093),
('zts6wf','ztc6wb','zpxi','active',1784389805093),
('zts6wi','ztc6wb','zpi9','active',1784389805093),
('zts6wl','ztc6wb','zpgb','active',1784389805093),
('zts6wo','ztc6wb','zpql','active',1784389805093),
('zts6ws','ztc6wr','zp73','active',1784389805093),
('zts6wu','ztc6wr','zpu7','active',1784389805093),
('zts6ww','ztc6wr','zpej','active',1784389805093),
('zts6wy','ztc6wr','zper','active',1784389805093),
('zts6x0','ztc6wr','zp8z','active',1784389805093),
('zts6x2','ztc6wr','zpjt','active',1784389805093);
INSERT OR IGNORE INTO tahfeez_progress (id,student_id,scope,from_ayah,to_ayah,rating,date_hijri,created_at) VALUES
('ztp6rf','zts6re','سورة الكهف',1,47,4,'1448-01-18',1784389805093),
('ztp6rh','zts6rg','سورة البقرة',1,38,5,'1448-01-28',1784389805093),
('ztp6ri','zts6rg','سورة الكهف',1,11,3,'1448-02-02',1784389805093),
('ztp6rk','zts6rj','جزء عمّ',1,12,5,'1448-01-23',1784389805093),
('ztp6rl','zts6rj','جزء عمّ',1,13,3,'1448-02-03',1784389805093),
('ztp6rn','zts6rm','جزء عمّ',1,19,5,'1448-01-24',1784389805093),
('ztp6rp','zts6ro','جزء عمّ',1,24,5,'1448-01-26',1784389805093),
('ztp6rq','zts6ro','سورة الكهف',1,35,5,'1448-01-25',1784389805093),
('ztp6rs','zts6rr','سورة البقرة',1,29,3,'1448-01-20',1784389805093),
('ztp6rt','zts6rr','سورة البقرة',1,34,5,'1448-01-19',1784389805093),
('ztp6s2','zts6s1','جزء عمّ',1,38,3,'1448-01-29',1784389805093),
('ztp6s3','zts6s1','سورة الكهف',1,40,3,'1448-01-22',1784389805093),
('ztp6s5','zts6s4','سورة الكهف',1,44,3,'1448-01-20',1784389805093),
('ztp6s6','zts6s4','جزء عمّ',1,49,5,'1448-02-01',1784389805093),
('ztp6s8','zts6s7','سورة البقرة',1,49,5,'1448-01-24',1784389805093),
('ztp6s9','zts6s7','سورة البقرة',1,45,3,'1448-01-25',1784389805093),
('ztp6sb','zts6sa','سورة البقرة',1,16,5,'1448-02-02',1784389805093),
('ztp6sc','zts6sa','سورة البقرة',1,39,4,'1448-01-23',1784389805093),
('ztp6se','zts6sd','سورة الكهف',1,39,5,'1448-01-19',1784389805093),
('ztp6sf','zts6sd','جزء عمّ',1,26,4,'1448-01-29',1784389805093),
('ztp6sh','zts6sg','سورة الكهف',1,33,4,'1448-02-01',1784389805093),
('ztp6sj','zts6si','سورة الكهف',1,15,3,'1448-01-27',1784389805093),
('ztp6sw','zts6sv','سورة الكهف',1,42,3,'1448-01-27',1784389805093),
('ztp6sy','zts6sx','سورة الكهف',1,26,4,'1448-02-03',1784389805093),
('ztp6t0','zts6sz','سورة البقرة',1,33,3,'1448-02-01',1784389805093),
('ztp6t8','zts6t7','سورة الكهف',1,18,5,'1448-02-03',1784389805093),
('ztp6t9','zts6t7','سورة الكهف',1,33,3,'1448-01-22',1784389805093),
('ztp6tb','zts6ta','سورة البقرة',1,42,4,'1448-02-01',1784389805093),
('ztp6tc','zts6ta','سورة الكهف',1,44,4,'1448-01-28',1784389805093),
('ztp6te','zts6td','سورة البقرة',1,24,3,'1448-01-18',1784389805093),
('ztp6tg','zts6tf','جزء عمّ',1,34,5,'1448-01-24',1784389805093),
('ztp6ti','zts6th','سورة الكهف',1,35,5,'1448-02-02',1784389805093),
('ztp6tj','zts6th','سورة الكهف',1,37,3,'1448-01-20',1784389805093),
('ztp6tr','zts6tq','سورة البقرة',1,32,3,'1448-01-18',1784389805093),
('ztp6ts','zts6tq','سورة البقرة',1,46,3,'1448-01-18',1784389805093),
('ztp6tu','zts6tt','جزء عمّ',1,14,4,'1448-01-26',1784389805093),
('ztp6tw','zts6tv','سورة الكهف',1,43,5,'1448-01-28',1784389805093),
('ztp6tx','zts6tv','سورة الكهف',1,21,5,'1448-01-25',1784389805093),
('ztp6tz','zts6ty','جزء عمّ',1,10,3,'1448-01-28',1784389805093),
('ztp6u2','zts6u1','سورة الكهف',1,42,4,'1448-01-27',1784389805093),
('ztp6u4','zts6u3','جزء عمّ',1,50,3,'1448-01-19',1784389805093),
('ztp6u5','zts6u3','جزء عمّ',1,33,3,'1448-01-29',1784389805093),
('ztp6u7','zts6u6','جزء عمّ',1,18,5,'1448-01-23',1784389805093),
('ztp6u9','zts6u8','جزء عمّ',1,40,5,'1448-02-03',1784389805093),
('ztp6ub','zts6ua','سورة البقرة',1,32,5,'1448-01-24',1784389805093),
('ztp6ud','zts6uc','سورة الكهف',1,35,3,'1448-01-21',1784389805093),
('ztp6uu','zts6ut','سورة البقرة',1,13,3,'1448-01-25',1784389805093),
('ztp6uw','zts6uv','جزء عمّ',1,34,3,'1448-01-19',1784389805093),
('ztp6uy','zts6ux','جزء عمّ',1,36,3,'1448-02-03',1784389805093),
('ztp6uz','zts6ux','سورة الكهف',1,37,4,'1448-01-25',1784389805093),
('ztp6v1','zts6v0','سورة الكهف',1,42,4,'1448-01-18',1784389805093),
('ztp6v3','zts6v2','سورة الكهف',1,10,5,'1448-01-20',1784389805093),
('ztp6v5','zts6v4','سورة الكهف',1,42,4,'1448-01-20',1784389805093),
('ztp6v6','zts6v4','سورة البقرة',1,38,3,'1448-02-01',1784389805093),
('ztp6vl','zts6vk','سورة البقرة',1,15,3,'1448-01-28',1784389805093),
('ztp6vn','zts6vm','سورة الكهف',1,46,3,'1448-01-29',1784389805093),
('ztp6vp','zts6vo','سورة البقرة',1,24,4,'1448-01-19',1784389805093),
('ztp6vq','zts6vo','جزء عمّ',1,29,3,'1448-01-27',1784389805093),
('ztp6vs','zts6vr','سورة الكهف',1,26,5,'1448-01-19',1784389805093),
('ztp6vu','zts6vt','سورة البقرة',1,49,4,'1448-01-25',1784389805093);
INSERT OR IGNORE INTO tahfeez_progress (id,student_id,scope,from_ayah,to_ayah,rating,date_hijri,created_at) VALUES
('ztp6vv','zts6vt','سورة البقرة',1,16,4,'1448-01-23',1784389805093),
('ztp6w2','zts6w1','جزء عمّ',1,30,4,'1448-01-21',1784389805093),
('ztp6w4','zts6w3','سورة الكهف',1,11,3,'1448-01-23',1784389805093),
('ztp6w5','zts6w3','جزء عمّ',1,32,3,'1448-01-25',1784389805093),
('ztp6w7','zts6w6','سورة الكهف',1,32,5,'1448-01-27',1784389805093),
('ztp6w8','zts6w6','جزء عمّ',1,39,3,'1448-01-23',1784389805093),
('ztp6wa','zts6w9','سورة الكهف',1,41,4,'1448-02-01',1784389805093),
('ztp6wd','zts6wc','سورة البقرة',1,12,5,'1448-01-26',1784389805093),
('ztp6we','zts6wc','جزء عمّ',1,43,4,'1448-01-23',1784389805093),
('ztp6wg','zts6wf','سورة البقرة',1,34,5,'1448-01-26',1784389805093),
('ztp6wh','zts6wf','جزء عمّ',1,49,5,'1448-02-01',1784389805093),
('ztp6wj','zts6wi','جزء عمّ',1,11,4,'1448-01-26',1784389805093),
('ztp6wk','zts6wi','سورة البقرة',1,35,5,'1448-01-24',1784389805093),
('ztp6wm','zts6wl','جزء عمّ',1,22,4,'1448-02-03',1784389805093),
('ztp6wn','zts6wl','سورة الكهف',1,43,3,'1448-01-20',1784389805093),
('ztp6wp','zts6wo','سورة البقرة',1,30,4,'1448-02-01',1784389805093),
('ztp6wq','zts6wo','سورة البقرة',1,11,3,'1448-01-19',1784389805093),
('ztp6wt','zts6ws','سورة البقرة',1,36,5,'1448-01-23',1784389805093),
('ztp6wv','zts6wu','سورة البقرة',1,37,5,'1448-01-19',1784389805093),
('ztp6wx','zts6ww','سورة الكهف',1,44,3,'1448-01-29',1784389805093),
('ztp6wz','zts6wy','سورة البقرة',1,11,4,'1448-01-25',1784389805093),
('ztp6x1','zts6x0','سورة الكهف',1,33,5,'1448-01-26',1784389805093),
('ztp6x3','zts6x2','سورة البقرة',1,22,3,'1448-01-23',1784389805093);
INSERT OR IGNORE INTO donations (id,mosque_id,donor_name,amount,collected_by,approved_by_amir,note,at) VALUES
('zdon6ru','zm33',NULL,200,'u-admin',1,NULL,1783007405093),
('zdon6rv','zm33','عبدالله العمر',50,'u-admin',1,NULL,1783525805093),
('zdon6rx','zm54','سعيد المحمد',50,'u-admin',1,NULL,1783439405093),
('zdon6sk','zm60','طارق العمر',200,'u-admin',1,NULL,1779119405093),
('zdon6sl','zm60',NULL,100,'u-admin',1,NULL,1777218605093),
('zdon6sn','zm7t',NULL,50,'u-admin',1,NULL,1777650605093),
('zdon6so','zm7t',NULL,50,'u-admin',1,NULL,1776873005093),
('zdon6sr','zm8q','إبراهيم الحموي',50,'u-admin',1,NULL,1781020205093),
('zdon6t1','zm9n','إبراهيم الديب',200,'u-admin',1,NULL,1776959405093),
('zdon6t3','zmdb',NULL,50,'u-admin',1,NULL,1783785005093),
('zdon6tk','zmg6','سلمان الحموي',200,'u-admin',1,NULL,1779724205093),
('zdon6tl','zmg6','بلال الأحمد',50,'u-admin',1,NULL,1783871405093),
('zdon6tm','zmg6','أيمن النعسان',50,'u-admin',1,NULL,1778169005093),
('zdon6ue','zmjq','حسين الجاسم',500,'u-admin',1,NULL,1782834605093),
('zdon6ug','zmlo','عبدالرحمن السالم',100,'u-admin',1,NULL,1781365805093),
('zdon6uh','zmlo','حسن البكري',500,'u-admin',1,NULL,1782143405093),
('zdon6uj','zmme',NULL,100,'u-admin',1,NULL,1781365805093),
('zdon6uk','zmme','خالد القاسم',200,'u-admin',1,NULL,1778514605093),
('zdon6un','zmn7','أسامة الديب',200,'u-admin',1,NULL,1783093805093),
('zdon6uo','zmn7','أنس السالم',50,'u-admin',1,NULL,1782143405093),
('zdon6up','zmn7','عبدالرحمن الرفاعي',50,'u-admin',1,NULL,1780933805093),
('zdon6v7','zmp3','بلال الحلبي',200,'u-admin',1,NULL,1779551405093),
('zdon6v9','zmr1',NULL,100,'u-admin',1,NULL,1781193005093),
('zdon6vb','zmsm','بلال القاسم',500,'u-admin',1,NULL,1777477805093),
('zdon6ve','zmt8','أحمد الحريري',50,'u-admin',1,NULL,1781365805093),
('zdon6vh','zmw4','أسامة النعسان',500,'u-admin',1,NULL,1782316205093),
('zdon6vw','zmxq',NULL,100,'u-admin',1,NULL,1779810605093),
('zdon6vx','zmxq','سلمان الديب',500,'u-admin',1,NULL,1777996205093),
('zdon6vy','zmxq','أنس الديب',100,'u-admin',1,NULL,1778687405093),
('zdon6x4','zm12w','أنس الكردي',100,'u-admin',1,NULL,1783180205093),
('zdon6x5','zm12w','محمد الكردي',200,'u-admin',1,NULL,1777823405093),
('zdon6x8','zm13o','أسامة الحسن',500,'u-admin',1,NULL,1779465005093),
('zdon6xb','zm14n','مصطفى المحمد',50,'u-admin',1,NULL,1781625005093);
INSERT OR IGNORE INTO expenses (id,mosque_id,category,amount,spent_by,note,at) VALUES
('zexp6rw','zm33','ماء',250,'u-admin',NULL,1783266605093),
('zexp6ry','zm54','تدفئة',30,'u-admin',NULL,1777045805093),
('zexp6rz','zm54','تدفئة',120,'u-admin',NULL,1777909805093),
('zexp6sm','zm60','ماء',30,'u-admin',NULL,1781970605093),
('zexp6sp','zm7t','ماء',60,'u-admin',NULL,1777650605093),
('zexp6sq','zm7t','صيانة',30,'u-admin',NULL,1779724205093),
('zexp6ss','zm8q','تدفئة',30,'u-admin',NULL,1780069805093),
('zexp6st','zm8q','صيانة',60,'u-admin',NULL,1781625005093),
('zexp6t2','zm9n','كهرباء',30,'u-admin',NULL,1776700205093),
('zexp6t4','zmdb','صيانة',120,'u-admin',NULL,1780933805093),
('zexp6t5','zmdb','كهرباء',250,'u-admin',NULL,1780761005093),
('zexp6tn','zmg6','تدفئة',30,'u-admin',NULL,1781365805093),
('zexp6to','zmg6','كهرباء',30,'u-admin',NULL,1777996205093),
('zexp6uf','zmjq','ماء',250,'u-admin',NULL,1780329005093),
('zexp6ui','zmlo','ماء',250,'u-admin',NULL,1779810605093),
('zexp6ul','zmme','صيانة',30,'u-admin',NULL,1777391405093),
('zexp6um','zmme','صيانة',250,'u-admin',NULL,1778341805093),
('zexp6uq','zmn7','ماء',60,'u-admin',NULL,1776873005093),
('zexp6ur','zmn7','كهرباء',60,'u-admin',NULL,1779637805093),
('zexp6v8','zmp3','ماء',60,'u-admin',NULL,1777823405093),
('zexp6va','zmr1','كهرباء',30,'u-admin',NULL,1782748205093),
('zexp6vc','zmsm','صيانة',30,'u-admin',NULL,1778255405093),
('zexp6vd','zmsm','كهرباء',60,'u-admin',NULL,1778428205093),
('zexp6vf','zmt8','صيانة',30,'u-admin',NULL,1780501805093),
('zexp6vg','zmt8','ماء',30,'u-admin',NULL,1780501805093),
('zexp6vi','zmw4','ماء',250,'u-admin',NULL,1778687405093),
('zexp6vz','zmxq','صيانة',120,'u-admin',NULL,1778255405093),
('zexp6x6','zm12w','صيانة',60,'u-admin',NULL,1779465005093),
('zexp6x7','zm12w','كهرباء',30,'u-admin',NULL,1776613805093),
('zexp6x9','zm13o','ماء',120,'u-admin',NULL,1779897005093),
('zexp6xa','zm13o','كهرباء',250,'u-admin',NULL,1776959405093),
('zexp6xc','zm14n','كهرباء',60,'u-admin',NULL,1777218605093);
INSERT OR IGNORE INTO person_contacts (person_id,phone,telegram,guardian_phone) VALUES
('zp2','0941317110','@userp2','0947875685'),
('zpa','0916276319',NULL,NULL),
('zph','0952674569','@userph','0971390272'),
('zpl','0942688760','@userpl',NULL),
('zpp','0992062473',NULL,NULL),
('zpt','0949045775',NULL,NULL),
('zpv','0917945915','@userpv',NULL),
('zp19','0959997756','@userp19','0976795601'),
('zp1b','0945337553','@userp1b','0915176479'),
('zp1j','0946921435',NULL,NULL),
('zp1n','0991785423',NULL,NULL),
('zp1r','0976051816','@userp1r','0961011795'),
('zp2c','0949162117',NULL,NULL),
('zp2e','0911482259','@userp2e','0982275719'),
('zp2g','0995721011',NULL,NULL),
('zp2m','0922361987',NULL,NULL),
('zp2o','0921662152',NULL,NULL),
('zp3c','0932576072',NULL,NULL),
('zp3e','0951054377',NULL,NULL),
('zp3g','0977140343',NULL,NULL),
('zp3i','0952038596','@userp3i',NULL),
('zp3k','0949361060',NULL,NULL),
('zp3m','0956886866','@userp3m',NULL),
('zp49','0962327070','@userp49',NULL),
('zp4b','0999913067','@userp4b',NULL),
('zp4l','0947820585',NULL,NULL),
('zp55','0916230588',NULL,'0948288191'),
('zp59','0924421488','@userp59',NULL),
('zp5f','0921412900',NULL,NULL),
('zp5h','0921457427',NULL,NULL),
('zp5j','0943492660',NULL,NULL),
('zp63','0936283143','@userp63',NULL),
('zp69','0913489015',NULL,NULL),
('zp6b','0959905520',NULL,NULL),
('zp6h','0976294630','@userp6h',NULL),
('zp6x','0912983485','@userp6x',NULL),
('zp6z','0946010862',NULL,NULL),
('zp71','0910870070',NULL,NULL),
('zp77','0944400824',NULL,NULL),
('zp79','0934110032',NULL,NULL),
('zp7d','0966504262','@userp7d',NULL),
('zp7u','0972821711',NULL,NULL),
('zp82','0958095098','@userp82',NULL),
('zp86','0971878767','@userp86',NULL),
('zp8a','0994038527','@userp8a',NULL),
('zp8r','0960758995',NULL,NULL),
('zp8v','0922091404',NULL,'0960115238'),
('zp8x','0950632368',NULL,NULL),
('zp8z','0937268504','@userp8z',NULL),
('zp91','0957803407',NULL,NULL),
('zp93','0919394227',NULL,NULL),
('zp95','0949528039',NULL,NULL),
('zp9u','0930851761',NULL,NULL),
('zp9w','0969428265','@userp9w',NULL),
('zp9y','0940561893',NULL,NULL),
('zpa0','0956544620','@userpa0',NULL),
('zpa4','0911066617','@userpa4','0990448242'),
('zpaj','0968275096',NULL,NULL),
('zpal','0944705518',NULL,NULL),
('zpan','0999220625',NULL,NULL);
INSERT OR IGNORE INTO person_contacts (person_id,phone,telegram,guardian_phone) VALUES
('zpap','0962327652',NULL,NULL),
('zpav','0929658739','@userpav',NULL),
('zpbi','0916951377',NULL,NULL),
('zpbk','0972879131',NULL,NULL),
('zpbm','0941938704',NULL,NULL),
('zpbo','0919325295','@userpbo',NULL),
('zpbq','0990460894','@userpbq',NULL),
('zpcj','0950829247',NULL,NULL),
('zpcp','0994781770','@userpcp',NULL),
('zpcr','0997157270','@userpcr',NULL),
('zpcv','0939304963',NULL,NULL),
('zpcx','0989493898','@userpcx',NULL),
('zpdg','0930826032','@userpdg',NULL),
('zpdi','0913315755','@userpdi',NULL),
('zpdk','0958708926','@userpdk',NULL),
('zpdm','0924890808',NULL,NULL),
('zpdq','0936287080',NULL,NULL),
('zpea','0979301530',NULL,'0923094448'),
('zpeh','0922035410',NULL,'0951392396'),
('zpej','0983776057',NULL,NULL),
('zpel','0985188167',NULL,NULL),
('zper','0980632045',NULL,NULL),
('zpev','0928883195',NULL,NULL),
('zpf8','0918588319',NULL,'0928189657'),
('zpfa','0952114854',NULL,'0977354387'),
('zpfc','0956346610','@userpfc',NULL),
('zpfe','0934403023',NULL,NULL),
('zpfi','0986809056','@userpfi',NULL),
('zpg7','0952148510','@userpg7',NULL),
('zpgb','0930941480','@userpgb',NULL),
('zpgf','0985980216',NULL,NULL),
('zpgh','0978004986','@userpgh',NULL),
('zpgl','0976976157','@userpgl',NULL),
('zph2','0945316836','@userph2',NULL),
('zph6','0939530290',NULL,NULL),
('zpha','0955156095',NULL,NULL),
('zphx','0948401922',NULL,NULL),
('zpi1','0923157984','@userpi1',NULL),
('zpi3','0956551170','@userpi3',NULL),
('zpi5','0993245216','@userpi5',NULL),
('zpi7','0963443327',NULL,NULL),
('zpi9','0954646549','@userpi9','0914482590'),
('zpib','0950535039',NULL,NULL),
('zpiu','0948682579',NULL,NULL),
('zpiy','0986831807',NULL,NULL),
('zpj0','0985571226',NULL,NULL),
('zpj2','0949490234',NULL,NULL),
('zpj4','0982974816','@userpj4',NULL),
('zpj6','0968195506','@userpj6',NULL),
('zpja','0970289027',NULL,NULL),
('zpjr','0969354766','@userpjr',NULL),
('zpjx','0910291585','@userpjx',NULL),
('zpjz','0917544232',NULL,NULL),
('zpk9','0920667237','@userpk9',NULL),
('zpkv','0924652486','@userpkv',NULL),
('zpkx','0984729235','@userpkx',NULL),
('zpl3','0943019699','@userpl3',NULL),
('zpl5','0972821486',NULL,NULL),
('zplt','0914238289',NULL,'0942613713'),
('zplv','0930443254','@userplv','0973205401');
INSERT OR IGNORE INTO person_contacts (person_id,phone,telegram,guardian_phone) VALUES
('zpm3','0942259568',NULL,NULL),
('zpm7','0985664653','@userpm7',NULL),
('zpm9','0927474116',NULL,NULL),
('zpmp','0984730572',NULL,'0932477332'),
('zpmr','0942676559',NULL,NULL),
('zpmt','0965120135','@userpmt','0967886965'),
('zpmv','0985495719',NULL,NULL),
('zpng','0942644312','@userpng','0964785279'),
('zpnk','0912692572','@userpnk','0982201470'),
('zpno','0977909861','@userpno',NULL),
('zpnq','0951356518','@userpnq',NULL),
('zpns','0934890638','@userpns',NULL),
('zpo3','0925183603',NULL,NULL),
('zpo9','0959201607',NULL,NULL),
('zpob','0912887093','@userpob',NULL),
('zpoh','0984863280',NULL,NULL),
('zpp4','0962235483',NULL,NULL),
('zppc','0949483805',NULL,'0980754844'),
('zppe','0980960881','@userppe',NULL),
('zppg','0951014189','@userppg','0930560603'),
('zppk','0910950951',NULL,NULL),
('zppm','0982269870','@userppm',NULL),
('zppo','0958380860',NULL,NULL),
('zpq5','0939395356',NULL,NULL),
('zpq8','0981213032',NULL,NULL),
('zpqh','0928092140','@userpqh',NULL),
('zpqj','0964270269',NULL,'0975368180'),
('zpqn','0918057660',NULL,NULL),
('zpr2','0985250943','@userpr2',NULL),
('zpr6','0939932731','@userpr6',NULL),
('zpr8','0948938376',NULL,NULL),
('zpra','0983781887',NULL,NULL),
('zpre','0955913573','@userpre',NULL),
('zprg','0979259808','@userprg',NULL),
('zprt','0992911499',NULL,NULL),
('zprv','0955845149',NULL,NULL),
('zprx','0911044374',NULL,NULL),
('zps1','0965981391',NULL,NULL),
('zps3','0936894486',NULL,'0935220712'),
('zps9','0924605159','@userps9',NULL),
('zpsv','0957694862',NULL,NULL),
('zpsx','0957995719',NULL,NULL),
('zpsz','0969373295','@userpsz',NULL),
('zpt9','0975051459','@userpt9','0920977749'),
('zptb','0977839138',NULL,'0912593933'),
('zptf','0974771219','@userptf',NULL),
('zptl','0925606217',NULL,NULL),
('zptn','0934421993','@userptn',NULL),
('zptp','0960424961',NULL,NULL),
('zptr','0962552352',NULL,NULL),
('zptt','0972631147',NULL,NULL),
('zpua','0938018346',NULL,NULL),
('zpuc','0957538807','@userpuc',NULL),
('zpue','0935085719',NULL,NULL),
('zpuk','0998950046',NULL,NULL),
('zpum','0912520981',NULL,'0973860895'),
('zpuo','0934315887',NULL,NULL),
('zpuq','0919162122','@userpuq',NULL),
('zpus','0935380231','@userpus',NULL),
('zpva','0922238554',NULL,NULL);
INSERT OR IGNORE INTO person_contacts (person_id,phone,telegram,guardian_phone) VALUES
('zpvc','0961482873',NULL,'0988197360'),
('zpve','0986287625','@userpve',NULL),
('zpvg','0968435646',NULL,NULL),
('zpvi','0955200366',NULL,NULL),
('zpvq','0932273229',NULL,'0917416203'),
('zpvs','0969022872',NULL,NULL),
('zpwd','0966632526','@userpwd',NULL),
('zpwh','0945608061',NULL,'0928943971'),
('zpwn','0955610548','@userpwn','0921546525'),
('zpx4','0972227391',NULL,NULL),
('zpx8','0996570141','@userpx8','0933310123'),
('zpxc','0966172433',NULL,'0970929503'),
('zpxe','0998160043',NULL,NULL),
('zpxg','0947529539','@userpxg',NULL),
('zpxi','0994555874',NULL,NULL),
('zpxm','0966420477','@userpxm',NULL),
('zpxt','0924922332',NULL,NULL),
('zpxv','0949538608',NULL,NULL),
('zpxx','0954613927',NULL,NULL),
('zpxz','0950890485',NULL,NULL),
('zpyl','0974956978','@userpyl','0974295010'),
('zpyn','0913109605',NULL,NULL),
('zpyr','0968561073',NULL,NULL),
('zpyt','0942498413',NULL,'0924291491'),
('zpyv','0944602093',NULL,NULL),
('zpyx','0935753141',NULL,NULL),
('zpz1','0928045355','@userpz1',NULL),
('zpzf','0917475845',NULL,NULL),
('zpzh','0974321055',NULL,NULL),
('zpzn','0940836318','@userpzn',NULL),
('zpzp','0933470442',NULL,NULL),
('zp10d','0915044492','@userp10d',NULL),
('zp10l','0981045668',NULL,'0991790685'),
('zp119','0921661953','@userp119','0910664829'),
('zp11d','0940622178','@userp11d','0935972834'),
('zp11f','0968467488','@userp11f','0992866833'),
('zp11j','0968364474','@userp11j',NULL),
('zp11r','0975663389',NULL,NULL),
('zp124','0921708694',NULL,NULL),
('zp128','0938266681',NULL,'0940344757'),
('zp12a','0943266638','@userp12a',NULL),
('zp12k','0972874455','@userp12k',NULL),
('zp12x','0964570002',NULL,NULL),
('zp12z','0961182066',NULL,NULL),
('zp133','0960268023',NULL,NULL),
('zp135','0949319180',NULL,NULL),
('zp137','0939257633',NULL,NULL),
('zp13t','0912703070','@userp13t','0995871862'),
('zp13v','0913143290','@userp13v','0952148190'),
('zp13x','0956537010',NULL,NULL),
('zp13z','0963804689',NULL,NULL),
('zp143','0933118452',NULL,NULL),
('zp14o','0966950496',NULL,'0964160961'),
('zp14s','0927956170',NULL,NULL),
('zp14y','0958605647',NULL,NULL),
('zp15x','0946262012',NULL,NULL),
('zp1b3','0971369671','@userp1b3',NULL),
('zp1b5','0945677433','@userp1b5',NULL),
('zp1f7','0964094124',NULL,'0998113148'),
('zp1ic','0997609909',NULL,NULL);
INSERT OR IGNORE INTO person_contacts (person_id,phone,telegram,guardian_phone) VALUES
('zp1if','0944988679',NULL,NULL),
('zp1ih','0927033348','@userp1ih',NULL),
('zp1lz','0941578387','@userp1lz','0973848975'),
('zp1o2','0917125275','@userp1o2',NULL),
('zp1r4','0954687769','@userp1r4',NULL),
('zp1sh','0940384186','@userp1sh',NULL),
('zp1sn','0973090357','@userp1sn',NULL),
('zp1sp','0971285047','@userp1sp',NULL),
('zp1wz','0989496853','@userp1wz',NULL),
('zp1yq','0977542434',NULL,'0933611244'),
('zp21g','0995356178',NULL,NULL),
('zp27a','0946062130',NULL,NULL),
('zp2b1','0915043987',NULL,NULL),
('zp2cg','0938005032','@userp2cg',NULL),
('zp2dw','0912573802',NULL,NULL),
('zp2dy','0924535169',NULL,NULL),
('zp2fs','0933304795','@userp2fs',NULL),
('zp2j9','0999007202',NULL,NULL),
('zp2m4','0938932199',NULL,NULL),
('zp2mc','0979675037',NULL,'0917878255'),
('zp2nq','0990926511',NULL,NULL),
('zp2ns','0921222298','@userp2ns',NULL),
('zp2p9','0958817887',NULL,NULL),
('zp2pb','0913758506',NULL,NULL),
('zp2qr','0976576686',NULL,NULL),
('zp2qu','0915604279',NULL,NULL),
('zp2qw','0933754897',NULL,NULL),
('zp2sp','0962070347',NULL,'0911570029'),
('zp2v9','0993547036',NULL,NULL),
('zp2wx','0971494746',NULL,NULL),
('zp7wt','0955123456','@finance_officer',NULL),
('zp7wu','0955987654','@media_officer',NULL);
INSERT OR IGNORE INTO circle_students (id,circle_id,name,notes,status,created_at) VALUES
('zcs6xd','zcx','حسن السالم','منتظم','active',1784389805093),
('zcs6xe','zcx','محمد السالم','منتظم','left',1784389805093),
('zcs6xf','zcx','خالد الصالح',NULL,'active',1784389805093),
('zcs6xg','zcx','أسامة السالم',NULL,'active',1784389805093),
('zcs6xh','zcx','خالد المحمد',NULL,'active',1784389805093),
('zcs6xi','zcx','علي الصالح',NULL,'active',1784389805093),
('zcs6xj','zcx','مصطفى الإدلبي',NULL,'active',1784389805093),
('zcs6xk','zcy','علي السالم',NULL,'active',1784389805093),
('zcs6xl','zcy','حسين الحلبي',NULL,'active',1784389805093),
('zcs6xm','zcy','أيمن السالم',NULL,'active',1784389805093),
('zcs6xn','zcy','محمد الصالح','منتظم','active',1784389805093),
('zcs6xo','zc1v','طارق الصالح',NULL,'active',1784389805093),
('zcs6xp','zc1v','ياسر الشامي',NULL,'active',1784389805093),
('zcs6xq','zc1v','معاذ القاسم',NULL,'active',1784389805093),
('zcs6xr','zc1v','حسين الديب',NULL,'active',1784389805093),
('zcs6xs','zc1w','خالد الجاسم',NULL,'left',1784389805093),
('zcs6xt','zc1w','مصطفى الأحمد',NULL,'active',1784389805093),
('zcs6xu','zc1w','سعيد الكردي',NULL,'active',1784389805093),
('zcs6xv','zc1w','أحمد الحريري',NULL,'active',1784389805093),
('zcs6xw','zc1w','معاذ الحسن',NULL,'active',1784389805093),
('zcs6xx','zc1w','حسين الخطيب',NULL,'active',1784389805093),
('zcs6xy','zc1w','حسين الرفاعي',NULL,'active',1784389805093),
('zcs6xz','zc1w','بلال الحموي',NULL,'active',1784389805093),
('zcs6y0','zc1x','عبدالرحمن الزعبي',NULL,'active',1784389805093),
('zcs6y1','zc1x','ياسر الكردي',NULL,'left',1784389805093),
('zcs6y2','zc1x','سعيد العمر',NULL,'active',1784389805093),
('zcs6y3','zc1x','عبدالرحمن الحسن',NULL,'active',1784389805093),
('zcs6y4','zc1x','أنس الصالح','منتظم','active',1784389805093),
('zcs6y5','zc2t','إبراهيم الرفاعي',NULL,'active',1784389805093),
('zcs6y6','zc2t','عثمان القاسم','منتظم','active',1784389805093),
('zcs6y7','zc2t','حسين الكردي',NULL,'active',1784389805093),
('zcs6y8','zc2t','سلمان الأحمد',NULL,'active',1784389805093),
('zcs6y9','zc2t','ياسر الجاسم',NULL,'active',1784389805093),
('zcs6ya','zc3s','علي الحلبي',NULL,'left',1784389805093),
('zcs6yb','zc3s','عبدالرحمن الشامي',NULL,'active',1784389805093),
('zcs6yc','zc3s','معاذ النعسان',NULL,'active',1784389805093),
('zcs6yd','zc3s','عمر الحلبي',NULL,'active',1784389805093),
('zcs6ye','zc3s','زيد البكري',NULL,'active',1784389805093),
('zcs6yf','zc3s','مصطفى الحلبي',NULL,'active',1784389805093),
('zcs6yg','zc3s','زيد الخطيب','منتظم','active',1784389805093),
('zcs6yh','zc4o','معاذ النعسان','منتظم','active',1784389805093),
('zcs6yi','zc4o','أحمد الخطيب',NULL,'active',1784389805093),
('zcs6yj','zc4o','علي الحموي',NULL,'active',1784389805093),
('zcs6yk','zc4o','حسن الزعبي',NULL,'active',1784389805093),
('zcs6yl','zc4o','سعيد الشامي','منتظم','active',1784389805093),
('zcs6ym','zc4o','عمر الديب',NULL,'active',1784389805093),
('zcs6yn','zc4o','ياسر الشامي',NULL,'active',1784389805093),
('zcs6yo','zc4o','أسامة الحريري',NULL,'left',1784389805093),
('zcs6yp','zc5n','عبدالرحمن الديب',NULL,'active',1784389805093),
('zcs6yq','zc5n','عبدالرحمن النعسان',NULL,'left',1784389805093),
('zcs6yr','zc5n','عمر الجاسم',NULL,'active',1784389805093),
('zcs6ys','zc5n','طارق الإدلبي','منتظم','active',1784389805093),
('zcs6yt','zc5n','حسن الرفاعي',NULL,'active',1784389805093),
('zcs6yu','zc5o','حسين الحسن',NULL,'active',1784389805093),
('zcs6yv','zc5o','عبدالرحمن الحسن',NULL,'active',1784389805093),
('zcs6yw','zc5o','علي الجاسم',NULL,'active',1784389805093),
('zcs6yx','zc5o','معاذ الخطيب',NULL,'active',1784389805093),
('zcs6yy','zc5o','بلال الزعبي',NULL,'active',1784389805093),
('zcs6yz','zc5o','عبدالرحمن الجاسم',NULL,'active',1784389805093),
('zcs6z0','zc6k','سلمان الجاسم',NULL,'active',1784389805093);
INSERT OR IGNORE INTO circle_students (id,circle_id,name,notes,status,created_at) VALUES
('zcs6z1','zc6k','سلمان الشامي','منتظم','active',1784389805093),
('zcs6z2','zc6k','سعيد الجاسم','منتظم','left',1784389805093),
('zcs6z3','zc6k','حسن الحسن',NULL,'active',1784389805093),
('zcs6z4','zc6k','خالد القاسم','منتظم','active',1784389805093),
('zcs6z5','zc6k','حسن الزعبي',NULL,'active',1784389805093),
('zcs6z6','zc7g','ياسر الزعبي',NULL,'active',1784389805093),
('zcs6z7','zc7g','معاذ الحريري',NULL,'active',1784389805093),
('zcs6z8','zc7g','بلال الكردي',NULL,'active',1784389805093),
('zcs6z9','zc7g','محمد الزعبي','منتظم','left',1784389805093),
('zcs6za','zc7g','معاذ الشامي',NULL,'active',1784389805093),
('zcs6zb','zc7g','معاذ القاسم',NULL,'active',1784389805093),
('zcs6zc','zc8i','أحمد الأحمد','منتظم','active',1784389805093),
('zcs6zd','zc8i','عثمان النعسان','منتظم','active',1784389805093),
('zcs6ze','zc8i','سعيد الديب','منتظم','active',1784389805093),
('zcs6zf','zc8i','سلمان الحريري',NULL,'active',1784389805093),
('zcs6zg','zc8i','إبراهيم الصالح',NULL,'active',1784389805093),
('zcs6zh','zc8i','عبدالله الحريري','منتظم','active',1784389805093),
('zcs6zi','zc9b','صهيب الخطيب',NULL,'active',1784389805093),
('zcs6zj','zc9b','سعيد الحلبي',NULL,'active',1784389805093),
('zcs6zk','zc9b','عمر القاسم','منتظم','active',1784389805093),
('zcs6zl','zc9b','ياسر المحمد',NULL,'active',1784389805093),
('zcs6zm','zc9b','يوسف الحلبي',NULL,'left',1784389805093),
('zcs6zn','zc9b','أنس النعسان',NULL,'active',1784389805093),
('zcs6zo','zc9b','سعيد القاسم',NULL,'active',1784389805093),
('zcs6zp','zc9b','أسامة الجاسم',NULL,'active',1784389805093),
('zcs6zq','zc9b','يوسف الجاسم',NULL,'active',1784389805093),
('zcs6zr','zc9b','أحمد الحلبي',NULL,'active',1784389805093),
('zcs6zs','zca6','إبراهيم الزعبي',NULL,'active',1784389805093),
('zcs6zt','zca6','طارق الزعبي',NULL,'active',1784389805093),
('zcs6zu','zca6','محمد النعسان',NULL,'active',1784389805093),
('zcs6zv','zca6','أنس الصالح',NULL,'active',1784389805093),
('zcs6zw','zca6','زيد الإدلبي',NULL,'active',1784389805093),
('zcs6zx','zca6','محمد الإدلبي',NULL,'active',1784389805093),
('zcs6zy','zca6','سعيد الكردي',NULL,'active',1784389805093),
('zcs6zz','zca6','صهيب البكري',NULL,'active',1784389805093),
('zcs700','zcb2','أيمن العمر',NULL,'active',1784389805093),
('zcs701','zcb2','عبدالله الرفاعي',NULL,'active',1784389805093),
('zcs702','zcb2','ياسر الحلبي',NULL,'active',1784389805093),
('zcs703','zcb2','صهيب الأحمد',NULL,'active',1784389805093),
('zcs704','zcb2','طارق الرفاعي',NULL,'active',1784389805093),
('zcs705','zcb2','عثمان الحريري','منتظم','left',1784389805093),
('zcs706','zcb3','عثمان القاسم',NULL,'active',1784389805093),
('zcs707','zcb3','أيمن الحريري',NULL,'left',1784389805093),
('zcs708','zcb3','طارق المحمد',NULL,'active',1784389805093),
('zcs709','zcb3','علي الرفاعي',NULL,'active',1784389805093),
('zcs70a','zcb3','أسامة الحلبي',NULL,'active',1784389805093),
('zcs70b','zcb3','أنس الخطيب',NULL,'active',1784389805093),
('zcs70c','zcb3','عبدالرحمن البكري','منتظم','active',1784389805093),
('zcs70d','zcb3','محمد الزعبي',NULL,'active',1784389805093),
('zcs70e','zcb3','مصطفى الخطيب',NULL,'active',1784389805093),
('zcs70f','zcc1','معاذ الحريري',NULL,'active',1784389805093),
('zcs70g','zcc1','صهيب الصالح','منتظم','active',1784389805093),
('zcs70h','zcc1','زيد الحموي',NULL,'active',1784389805093),
('zcs70i','zcc1','عبدالرحمن المحمد',NULL,'active',1784389805093),
('zcs70j','zcc1','عمر الرفاعي','منتظم','active',1784389805093),
('zcs70k','zcc1','عمر الجاسم',NULL,'active',1784389805093),
('zcs70l','zccz','علي الشامي',NULL,'left',1784389805093),
('zcs70m','zccz','حسين الجاسم',NULL,'active',1784389805093),
('zcs70n','zccz','مصطفى الرفاعي','منتظم','active',1784389805093),
('zcs70o','zccz','محمد الخطيب',NULL,'left',1784389805093);
INSERT OR IGNORE INTO circle_students (id,circle_id,name,notes,status,created_at) VALUES
('zcs70p','zcds','أسامة الشامي','منتظم','active',1784389805093),
('zcs70q','zcds','سلمان القاسم',NULL,'active',1784389805093),
('zcs70r','zcds','أحمد الجاسم',NULL,'left',1784389805093),
('zcs70s','zcds','زيد الحلبي','منتظم','left',1784389805093),
('zcs70t','zcds','بلال الجاسم','منتظم','active',1784389805093),
('zcs70u','zcds','عبدالله الزعبي',NULL,'active',1784389805093),
('zcs70v','zcdt','حسن المحمد',NULL,'active',1784389805093),
('zcs70w','zcdt','يوسف الأحمد',NULL,'active',1784389805093),
('zcs70x','zcdt','إبراهيم الإدلبي','منتظم','active',1784389805093),
('zcs70y','zcdt','صهيب الزعبي','منتظم','left',1784389805093),
('zcs70z','zcdu','أحمد الكردي',NULL,'active',1784389805093),
('zcs710','zcdu','معاذ الحريري',NULL,'active',1784389805093),
('zcs711','zcdu','عبدالله الجاسم',NULL,'active',1784389805093),
('zcs712','zcdu','إبراهيم الخطيب','منتظم','active',1784389805093),
('zcs713','zcdu','حمزة الأحمد','منتظم','left',1784389805093),
('zcs714','zcdu','أنس الرفاعي',NULL,'active',1784389805093),
('zcs715','zcdu','سلمان الحريري','منتظم','active',1784389805093),
('zcs716','zcex','حسن العمر',NULL,'active',1784389805093),
('zcs717','zcex','إبراهيم الجاسم','منتظم','left',1784389805093),
('zcs718','zcex','أيمن الإدلبي',NULL,'active',1784389805093),
('zcs719','zcex','طارق الحموي',NULL,'active',1784389805093),
('zcs71a','zcex','معاذ الحموي',NULL,'active',1784389805093),
('zcs71b','zcex','عثمان الكردي',NULL,'active',1784389805093),
('zcs71c','zcex','صهيب الديب',NULL,'active',1784389805093),
('zcs71d','zcex','بلال الصالح',NULL,'active',1784389805093),
('zcs71e','zcfs','حمزة الحريري','منتظم','active',1784389805093),
('zcs71f','zcfs','سلمان القاسم',NULL,'active',1784389805093),
('zcs71g','zcfs','يوسف العمر',NULL,'active',1784389805093),
('zcs71h','zcfs','ياسر الجاسم',NULL,'active',1784389805093),
('zcs71i','zcfs','خالد القاسم',NULL,'active',1784389805093),
('zcs71j','zchi','ياسر الإدلبي',NULL,'active',1784389805093),
('zcs71k','zchi','أسامة الزعبي',NULL,'active',1784389805093),
('zcs71l','zchi','طارق العمر',NULL,'left',1784389805093),
('zcs71m','zchi','صهيب الديب',NULL,'active',1784389805093),
('zcs71n','zchi','طارق الإدلبي',NULL,'active',1784389805093),
('zcs71o','zchj','عبدالرحمن الأحمد',NULL,'active',1784389805093),
('zcs71p','zchj','محمد الحلبي',NULL,'active',1784389805093),
('zcs71q','zchj','أحمد العمر',NULL,'active',1784389805093),
('zcs71r','zchj','حسين الزعبي',NULL,'active',1784389805093),
('zcs71s','zchj','علي الحلبي','منتظم','active',1784389805093),
('zcs71t','zchk','حسن الحموي',NULL,'left',1784389805093),
('zcs71u','zchk','بلال الجاسم',NULL,'active',1784389805093),
('zcs71v','zchk','حمزة القاسم',NULL,'active',1784389805093),
('zcs71w','zchk','صهيب الصالح',NULL,'active',1784389805093),
('zcs71x','zchk','معاذ الحموي',NULL,'active',1784389805093),
('zcs71y','zcie','أنس العمر',NULL,'active',1784389805093),
('zcs71z','zcie','أيمن الجاسم','منتظم','active',1784389805093),
('zcs720','zcie','خالد النعسان',NULL,'active',1784389805093),
('zcs721','zcie','عبدالرحمن البكري','منتظم','active',1784389805093),
('zcs722','zcie','يوسف الحريري',NULL,'active',1784389805093),
('zcs723','zcie','معاذ البكري',NULL,'active',1784389805093),
('zcs724','zcie','أحمد الخطيب',NULL,'active',1784389805093),
('zcs725','zcie','محمد الخطيب',NULL,'left',1784389805093),
('zcs726','zcjc','يوسف الحسن',NULL,'active',1784389805093),
('zcs727','zcjc','يوسف الحسن',NULL,'active',1784389805093),
('zcs728','zcjc','علي البكري',NULL,'active',1784389805093),
('zcs729','zcjc','حمزة الحلبي',NULL,'active',1784389805093),
('zcs72a','zcjc','أنس المحمد',NULL,'active',1784389805093),
('zcs72b','zcjc','حسين الإدلبي','منتظم','active',1784389805093),
('zcs72c','zcjc','عثمان الكردي',NULL,'active',1784389805093);
INSERT OR IGNORE INTO circle_students (id,circle_id,name,notes,status,created_at) VALUES
('zcs72d','zckd','حسين البكري',NULL,'active',1784389805093),
('zcs72e','zckd','محمد العمر','منتظم','active',1784389805093),
('zcs72f','zckd','عبدالرحمن الكردي',NULL,'active',1784389805093),
('zcs72g','zckd','سلمان القاسم',NULL,'active',1784389805093),
('zcs72h','zckd','يوسف العمر','منتظم','active',1784389805093),
('zcs72i','zckd','سلمان البكري','منتظم','active',1784389805093),
('zcs72j','zcke','محمد السالم',NULL,'active',1784389805093),
('zcs72k','zcke','عمر الصالح',NULL,'active',1784389805093),
('zcs72l','zcke','محمد العمر',NULL,'active',1784389805093),
('zcs72m','zcke','أحمد الإدلبي','منتظم','active',1784389805093),
('zcs72n','zcke','زيد الشامي',NULL,'active',1784389805093),
('zcs72o','zcke','صهيب الشامي',NULL,'active',1784389805093),
('zcs72p','zcke','إبراهيم الشامي',NULL,'active',1784389805093),
('zcs72q','zcke','خالد الديب','منتظم','active',1784389805093),
('zcs72r','zcke','سلمان الحموي',NULL,'left',1784389805093),
('zcs72s','zcke','مصطفى النعسان',NULL,'active',1784389805093),
('zcs72t','zcke','أحمد الأحمد',NULL,'active',1784389805093),
('zcs72u','zcla','طارق المحمد',NULL,'active',1784389805093),
('zcs72v','zcla','عبدالرحمن الحريري',NULL,'active',1784389805093),
('zcs72w','zcla','عمر الحسن','منتظم','active',1784389805093),
('zcs72x','zcla','عمر الأحمد',NULL,'active',1784389805093),
('zcs72y','zcla','عبدالله الرفاعي','منتظم','left',1784389805093),
('zcs72z','zcla','مصطفى الشامي',NULL,'active',1784389805093),
('zcs730','zcla','عثمان الحلبي',NULL,'active',1784389805093),
('zcs731','zcmc','عثمان الزعبي',NULL,'active',1784389805093),
('zcs732','zcmc','حسين الجاسم',NULL,'active',1784389805093),
('zcs733','zcmc','خالد الحريري',NULL,'active',1784389805093),
('zcs734','zcmc','معاذ الحموي',NULL,'active',1784389805093),
('zcs735','zcmc','خالد الصالح',NULL,'active',1784389805093),
('zcs736','zcmc','معاذ الخطيب',NULL,'active',1784389805093),
('zcs737','zcmc','حسين الحلبي',NULL,'active',1784389805093),
('zcs738','zcmc','إبراهيم النعسان',NULL,'active',1784389805093),
('zcs739','zcmd','سعيد الجاسم','منتظم','active',1784389805093),
('zcs73a','zcmd','عبدالله الحموي',NULL,'active',1784389805093),
('zcs73b','zcmd','معاذ العمر',NULL,'active',1784389805093),
('zcs73c','zcmd','علي الزعبي',NULL,'left',1784389805093),
('zcs73d','zcmd','أنس العمر',NULL,'active',1784389805093),
('zcs73e','zcmd','محمد الجاسم',NULL,'active',1784389805093),
('zcs73f','zcnu','زيد الإدلبي',NULL,'active',1784389805093),
('zcs73g','zcnu','حمزة الحلبي',NULL,'active',1784389805093),
('zcs73h','zcnu','إبراهيم السالم',NULL,'left',1784389805093),
('zcs73i','zcnu','يوسف المحمد',NULL,'active',1784389805093),
('zcs73j','zcom','صهيب الخطيب',NULL,'left',1784389805093),
('zcs73k','zcom','معاذ البكري','منتظم','active',1784389805093),
('zcs73l','zcom','صهيب الحريري','منتظم','active',1784389805093),
('zcs73m','zcom','مصطفى السالم',NULL,'active',1784389805093),
('zcs73n','zcom','أحمد الزعبي',NULL,'active',1784389805093),
('zcs73o','zcom','مصطفى الرفاعي','منتظم','left',1784389805093),
('zcs73p','zcom','عبدالرحمن الحموي',NULL,'active',1784389805093),
('zcs73q','zcom','طارق الزعبي',NULL,'active',1784389805093),
('zcs73r','zcon','عبدالرحمن الحسن',NULL,'active',1784389805093),
('zcs73s','zcon','صهيب البكري',NULL,'active',1784389805093),
('zcs73t','zcon','زيد الديب',NULL,'active',1784389805093),
('zcs73u','zcon','خالد الصالح',NULL,'active',1784389805093),
('zcs73v','zcon','عبدالرحمن المحمد',NULL,'active',1784389805093),
('zcs73w','zcon','صهيب الخطيب',NULL,'active',1784389805093),
('zcs73x','zcon','أنس الزعبي',NULL,'active',1784389805093),
('zcs73y','zcpq','عبدالرحمن العمر','منتظم','active',1784389805093),
('zcs73z','zcpq','أيمن الشامي',NULL,'active',1784389805093),
('zcs740','zcpq','طارق الزعبي',NULL,'active',1784389805093);
INSERT OR IGNORE INTO circle_students (id,circle_id,name,notes,status,created_at) VALUES
('zcs741','zcpq','أنس الزعبي',NULL,'active',1784389805093),
('zcs742','zcpq','حسين الشامي',NULL,'active',1784389805093),
('zcs743','zcpq','سعيد العمر','منتظم','active',1784389805093),
('zcs744','zcpq','أحمد المحمد',NULL,'active',1784389805093),
('zcs745','zcpr','طارق الأحمد',NULL,'active',1784389805093),
('zcs746','zcpr','زيد العمر',NULL,'active',1784389805093),
('zcs747','zcpr','إبراهيم الصالح',NULL,'active',1784389805093),
('zcs748','zcpr','حمزة الشامي',NULL,'active',1784389805093),
('zcs749','zcpr','زيد الصالح',NULL,'left',1784389805093),
('zcs74a','zcpr','علي الحموي',NULL,'active',1784389805093),
('zcs74b','zcpr','زيد البكري',NULL,'active',1784389805093),
('zcs74c','zcsb','سلمان الإدلبي',NULL,'active',1784389805093),
('zcs74d','zcsb','حسن النعسان',NULL,'left',1784389805093),
('zcs74e','zcsb','بلال الزعبي',NULL,'active',1784389805093),
('zcs74f','zcsb','سلمان الكردي',NULL,'active',1784389805093),
('zcs74g','zcsb','زيد السالم',NULL,'left',1784389805093),
('zcs74h','zcsb','عمر النعسان',NULL,'active',1784389805093),
('zcs74i','zcsb','معاذ الرفاعي',NULL,'active',1784389805093),
('zcs74j','zcsb','يوسف الزعبي',NULL,'active',1784389805093),
('zcs74k','zcsb','يوسف الحلبي',NULL,'active',1784389805093),
('zcs74l','zct5','عمر الحريري',NULL,'active',1784389805093),
('zcs74m','zct5','خالد الأحمد','منتظم','active',1784389805093),
('zcs74n','zct5','سعيد المحمد',NULL,'active',1784389805093),
('zcs74o','zct5','زيد الزعبي',NULL,'active',1784389805093),
('zcs74p','zct7','معاذ الحلبي','منتظم','left',1784389805093),
('zcs74q','zct7','أسامة القاسم','منتظم','active',1784389805093),
('zcs74r','zct7','أيمن الإدلبي',NULL,'active',1784389805093),
('zcs74s','zct7','خالد الإدلبي',NULL,'active',1784389805093),
('zcs74t','zct7','حسن الرفاعي','منتظم','active',1784389805093),
('zcs74u','zct7','عبدالله الصالح','منتظم','active',1784389805093),
('zcs74v','zct7','زيد الإدلبي',NULL,'active',1784389805093),
('zcs74w','zct7','بلال البكري',NULL,'active',1784389805093),
('zcs74x','zct7','بلال الأحمد',NULL,'active',1784389805093),
('zcs74y','zctv','حمزة الشامي',NULL,'active',1784389805093),
('zcs74z','zctv','مصطفى السالم',NULL,'active',1784389805093),
('zcs750','zctv','صهيب القاسم',NULL,'active',1784389805093),
('zcs751','zctv','خالد الخطيب',NULL,'active',1784389805093),
('zcs752','zctv','زيد الديب','منتظم','active',1784389805093),
('zcs753','zctv','حمزة الحلبي',NULL,'active',1784389805093),
('zcs754','zctv','إبراهيم الحسن',NULL,'active',1784389805093),
('zcs755','zctv','مصطفى الجاسم',NULL,'active',1784389805093),
('zcs756','zctv','أيمن الخطيب',NULL,'active',1784389805093),
('zcs757','zctw','ياسر السالم','منتظم','active',1784389805093),
('zcs758','zctw','يوسف النعسان','منتظم','active',1784389805093),
('zcs759','zctw','عبدالرحمن الأحمد',NULL,'active',1784389805093),
('zcs75a','zctw','عمر الصالح',NULL,'active',1784389805093),
('zcs75b','zctw','حمزة الحموي','منتظم','active',1784389805093),
('zcs75c','zctw','إبراهيم الحسن',NULL,'active',1784389805093),
('zcs75d','zctw','أنس العمر',NULL,'active',1784389805093),
('zcs75e','zcuu','عبدالرحمن الكردي',NULL,'active',1784389805093),
('zcs75f','zcuu','بلال الشامي',NULL,'active',1784389805093),
('zcs75g','zcuu','عبدالله المحمد','منتظم','active',1784389805093),
('zcs75h','zcuu','عثمان الصالح',NULL,'active',1784389805093),
('zcs75i','zcvu','محمد المحمد','منتظم','active',1784389805093),
('zcs75j','zcvu','حمزة الحموي',NULL,'active',1784389805093),
('zcs75k','zcvu','محمد السالم',NULL,'active',1784389805093),
('zcs75l','zcvu','سلمان الإدلبي',NULL,'active',1784389805093),
('zcs75m','zcvu','حمزة العمر','منتظم','left',1784389805093),
('zcs75n','zcvu','أيمن الأحمد',NULL,'active',1784389805093),
('zcs75o','zcwr','حسين الصالح','منتظم','active',1784389805093);
INSERT OR IGNORE INTO circle_students (id,circle_id,name,notes,status,created_at) VALUES
('zcs75p','zcwr','عبدالرحمن الشامي','منتظم','active',1784389805093),
('zcs75q','zcwr','أسامة الزعبي',NULL,'active',1784389805093),
('zcs75r','zcwr','أنس القاسم','منتظم','active',1784389805093),
('zcs75s','zcwr','عمر الإدلبي','منتظم','active',1784389805093),
('zcs75t','zcws','صهيب الحسن',NULL,'active',1784389805093),
('zcs75u','zcws','طارق الخطيب',NULL,'active',1784389805093),
('zcs75v','zcws','بلال الصالح',NULL,'active',1784389805093),
('zcs75w','zcws','أحمد الحسن',NULL,'left',1784389805093),
('zcs75x','zcws','خالد الصالح',NULL,'left',1784389805093),
('zcs75y','zcwt','زيد الحريري',NULL,'active',1784389805093),
('zcs75z','zcwt','حسن الرفاعي',NULL,'active',1784389805093),
('zcs760','zcwt','مصطفى الصالح',NULL,'left',1784389805093),
('zcs761','zcwt','بلال المحمد',NULL,'active',1784389805093),
('zcs762','zcxp','أنس المحمد',NULL,'active',1784389805093),
('zcs763','zcxp','حسين القاسم',NULL,'active',1784389805093),
('zcs764','zcxp','سلمان الرفاعي',NULL,'active',1784389805093),
('zcs765','zcxp','أنس القاسم',NULL,'active',1784389805093),
('zcs766','zcy9','عبدالرحمن العمر',NULL,'active',1784389805093),
('zcs767','zcy9','أحمد الخطيب',NULL,'active',1784389805093),
('zcs768','zcy9','عبدالله الشامي','منتظم','active',1784389805093),
('zcs769','zcy9','خالد الديب',NULL,'active',1784389805093),
('zcs76a','zcy9','سعيد الصالح','منتظم','active',1784389805093),
('zcs76b','zcy9','سعيد السالم',NULL,'active',1784389805093),
('zcs76c','zcy9','عثمان البكري',NULL,'active',1784389805093),
('zcs76d','zcya','مصطفى النعسان',NULL,'active',1784389805093),
('zcs76e','zcya','طارق الرفاعي',NULL,'active',1784389805093),
('zcs76f','zcya','حسن الحريري',NULL,'active',1784389805093),
('zcs76g','zcya','عبدالله الجاسم','منتظم','active',1784389805093),
('zcs76h','zcya','عبدالله الحسن',NULL,'active',1784389805093),
('zcs76i','zcya','أحمد الخطيب',NULL,'active',1784389805093),
('zcs76j','zcz3','عبدالرحمن الخطيب',NULL,'left',1784389805093),
('zcs76k','zcz3','حمزة الجاسم',NULL,'active',1784389805093),
('zcs76l','zcz3','أسامة القاسم',NULL,'left',1784389805093),
('zcs76m','zcz3','أنس القاسم',NULL,'active',1784389805093),
('zcs76n','zcz3','خالد الزعبي',NULL,'left',1784389805093),
('zcs76o','zcz3','ياسر المحمد',NULL,'left',1784389805093),
('zcs76p','zcz4','مصطفى القاسم',NULL,'active',1784389805093),
('zcs76q','zcz4','أنس المحمد',NULL,'active',1784389805093),
('zcs76r','zcz4','طارق السالم',NULL,'active',1784389805093),
('zcs76s','zcz4','أحمد الديب','منتظم','active',1784389805093),
('zcs76t','zcz4','معاذ الحسن',NULL,'active',1784389805093),
('zcs76u','zcz4','أيمن الزعبي',NULL,'active',1784389805093),
('zcs76v','zcz4','مصطفى الزعبي',NULL,'active',1784389805093),
('zcs76w','zczu','أنس النعسان',NULL,'active',1784389805093),
('zcs76x','zczu','أنس الإدلبي','منتظم','left',1784389805093),
('zcs76y','zczu','صهيب الحموي','منتظم','active',1784389805093),
('zcs76z','zczu','سلمان الحموي',NULL,'active',1784389805093),
('zcs770','zczu','عبدالرحمن المحمد',NULL,'active',1784389805093),
('zcs771','zczu','علي الشامي',NULL,'active',1784389805093),
('zcs772','zc10t','مصطفى الكردي','منتظم','active',1784389805093),
('zcs773','zc10t','عبدالله السالم',NULL,'active',1784389805093),
('zcs774','zc10t','حمزة القاسم','منتظم','active',1784389805093),
('zcs775','zc10t','زيد الحلبي','منتظم','active',1784389805093),
('zcs776','zc10t','حمزة السالم','منتظم','active',1784389805093),
('zcs777','zc10t','أسامة الديب',NULL,'left',1784389805093),
('zcs778','zc10u','إبراهيم الكردي',NULL,'active',1784389805093),
('zcs779','zc10u','أحمد البكري',NULL,'active',1784389805093),
('zcs77a','zc10u','أسامة الخطيب',NULL,'active',1784389805093),
('zcs77b','zc10u','عبدالرحمن البكري','منتظم','active',1784389805093),
('zcs77c','zc10u','حسن المحمد',NULL,'active',1784389805093);
INSERT OR IGNORE INTO circle_students (id,circle_id,name,notes,status,created_at) VALUES
('zcs77d','zc10u','سعيد القاسم',NULL,'active',1784389805093),
('zcs77e','zc10u','خالد البكري',NULL,'active',1784389805093),
('zcs77f','zc10u','حسن الرفاعي',NULL,'active',1784389805093),
('zcs77g','zc11t','أنس الحموي',NULL,'active',1784389805093),
('zcs77h','zc11t','أحمد الحريري',NULL,'active',1784389805093),
('zcs77i','zc11t','سعيد الديب',NULL,'active',1784389805093),
('zcs77j','zc11t','حمزة الحموي',NULL,'active',1784389805093),
('zcs77k','zc11t','أنس الزعبي','منتظم','active',1784389805093),
('zcs77l','zc11t','أنس العمر',NULL,'active',1784389805093),
('zcs77m','zc13f','حسين البكري',NULL,'active',1784389805093),
('zcs77n','zc13f','ياسر الحريري',NULL,'active',1784389805093),
('zcs77o','zc13f','طارق الصالح',NULL,'active',1784389805093),
('zcs77p','zc13f','صهيب المحمد',NULL,'active',1784389805093),
('zcs77q','zc13f','أيمن الأحمد',NULL,'active',1784389805093),
('zcs77r','zc13f','علي الحلبي','منتظم','active',1784389805093),
('zcs77s','zc13g','بلال الأحمد',NULL,'active',1784389805093),
('zcs77t','zc13g','حسين الكردي',NULL,'active',1784389805093),
('zcs77u','zc13g','عمر الأحمد',NULL,'active',1784389805093),
('zcs77v','zc13g','ياسر الديب',NULL,'active',1784389805093),
('zcs77w','zc13g','حمزة المحمد',NULL,'active',1784389805093),
('zcs77x','zc13g','محمد النعسان','منتظم','active',1784389805093),
('zcs77y','zc156','أسامة الشامي',NULL,'active',1784389805093),
('zcs77z','zc156','عمر الجاسم','منتظم','active',1784389805093),
('zcs780','zc156','عثمان الإدلبي',NULL,'active',1784389805093),
('zcs781','zc156','صهيب الشامي',NULL,'active',1784389805093),
('zcs782','zc156','أنس البكري',NULL,'active',1784389805093),
('zcs783','zc156','خالد البكري',NULL,'active',1784389805093),
('zcs784','zc156','زيد الكردي',NULL,'active',1784389805093),
('zcs785','zc156','إبراهيم الحموي',NULL,'active',1784389805093),
('zcs786','zc156','عبدالرحمن السالم',NULL,'active',1784389805093);
INSERT OR IGNORE INTO incentives (id,person_id,recipient_name,month,reason,amount,created_by,created_at) VALUES
('zinc787','zp75','عبدالله البكري','1448-02','دعم دورة',200,'u-admin',1784389805093),
('zinc788','zpyr','معاذ النعسان','1448-02','مكافأة تميّز',200,'u-admin',1784389805093),
('zinc789','zp3i','أسامة الأحمد','1448-02','دعم دورة',200,'u-admin',1784389805093),
('zinc78a','zpyx','ياسر الديب','1448-02','مكافأة تميّز',150,'u-admin',1784389805093),
('zinc78b','zpno','حسين القاسم','1448-02','صيانة طارئة',200,'u-admin',1784389805093),
('zinc78c','zpp','حسن الرفاعي','1448-02','تجهيز مراوح',100,'u-admin',1784389805093),
('zinc78d','zp12a','أنس الحسن','1448-02','تجهيز مراوح',50,'u-admin',1784389805093),
('zinc78e','zpsv','علي الصالح','1448-02','مكافأة تميّز',200,'u-admin',1784389805093),
('zinc78f','zpr6','طارق الحريري','1448-02','مكافأة تميّز',100,'u-admin',1784389805093),
('zinc78g','zpaz','معاذ الديب','1448-02','دعم دورة',150,'u-admin',1784389805093),
('zinc78h','zp8v','يوسف الحسن','1448-02','صيانة طارئة',150,'u-admin',1784389805093),
('zinc78i','zpyr','محمد البكري','1448-02','صيانة طارئة',200,'u-admin',1784389805093),
('zinc78j','zpml','أنس الصالح','1448-02','صيانة طارئة',100,'u-admin',1784389805093),
('zinc78k','zp2v7','أيمن المحمد','1448-02','مكافأة تميّز',100,'u-admin',1784389805093),
('zinc78l','zp2i','محمد السالم','1448-02','صيانة طارئة',150,'u-admin',1784389805093);
INSERT OR IGNORE INTO central_exams (id,competition_id,title,date_hijri,max_score,created_at) VALUES
('zce78m','zcomp5sd','الاختبار المركزي 1','1447-09-15',100,1784389805093),
('zce7by','zcomp5sd','الاختبار المركزي 2','1447-11-15',100,1784389805093),
('zce7f8','zcomp5sd','الاختبار المركزي 3','1447-13-15',100,1784389805093);
INSERT OR IGNORE INTO exam_results (id,exam_id,participant_id,score,created_at) VALUES
('zer78n','zce78m','zpart5sm',76,1784389805093),
('zer78o','zce78m','zpart5sq',81,1784389805093),
('zer78p','zce78m','zpart5ti',45,1784389805093),
('zer78q','zce78m','zpart5tm',85,1784389805093),
('zer78r','zce78m','zpart5tr',67,1784389805093),
('zer78s','zce78m','zpart5uc',50,1784389805093),
('zer78t','zce78m','zpart5uh',96,1784389805093),
('zer78u','zce78m','zpart5ul',84,1784389805093),
('zer78v','zce78m','zpart5vi',54,1784389805093),
('zer78w','zce78m','zpart5vm',82,1784389805093),
('zer78x','zce78m','zpart5vs',94,1784389805093),
('zer78y','zce78m','zpart5wj',99,1784389805093),
('zer78z','zce78m','zpart5wq',58,1784389805093),
('zer790','zce78m','zpart5x3',97,1784389805093),
('zer791','zce78m','zpart5yc',55,1784389805093),
('zer792','zce78m','zpart5yh',47,1784389805093),
('zer793','zce78m','zpart5yu',55,1784389805093),
('zer794','zce78m','zpart5yy',72,1784389805093),
('zer795','zce78m','zpart5z3',51,1784389805093),
('zer796','zce78m','zpart5z9',50,1784389805093),
('zer797','zce78m','zpart5zf',47,1784389805093),
('zer798','zce78m','zpart5zp',98,1784389805093),
('zer799','zce78m','zpart5zu',62,1784389805093),
('zer79a','zce78m','zpart5zz',55,1784389805093),
('zer79b','zce78m','zpart60g',64,1784389805093),
('zer79c','zce78m','zpart60q',59,1784389805093),
('zer79d','zce78m','zpart60t',62,1784389805093),
('zer79e','zce78m','zpart61a',58,1784389805093),
('zer79f','zce78m','zpart61f',100,1784389805093),
('zer79g','zce78m','zpart61g',91,1784389805093),
('zer79h','zce78m','zpart61l',63,1784389805093),
('zer79i','zce78m','zpart61p',63,1784389805093),
('zer79j','zce78m','zpart61v',48,1784389805093),
('zer79k','zce78m','zpart620',92,1784389805093),
('zer79l','zce78m','zpart624',44,1784389805093),
('zer79m','zce78m','zpart629',70,1784389805093),
('zer79n','zce78m','zpart63c',57,1784389805093),
('zer79o','zce78m','zpart63k',86,1784389805093),
('zer79p','zce78m','zpart647',45,1784389805093),
('zer79q','zce78m','zpart64b',46,1784389805093),
('zer79r','zce78m','zpart64h',49,1784389805093),
('zer79s','zce78m','zpart64m',91,1784389805093),
('zer79t','zce78m','zpart64v',78,1784389805093),
('zer79u','zce78m','zpart657',49,1784389805093),
('zer79v','zce78m','zpart65h',69,1784389805093),
('zer79w','zce78m','zpart65v',69,1784389805093),
('zer79x','zce78m','zpart65y',82,1784389805093),
('zer79y','zce78m','zpart665',79,1784389805093),
('zer79z','zce78m','zpart66d',41,1784389805093),
('zer7a0','zce78m','zpart66h',71,1784389805093),
('zer7a1','zce78m','zpart671',94,1784389805093),
('zer7a2','zce78m','zpart67q',76,1784389805093),
('zer7a3','zce78m','zpart684',71,1784389805093),
('zer7a4','zce78m','zpart68d',84,1784389805093),
('zer7a5','zce78m','zpart68i',45,1784389805093),
('zer7a6','zce78m','zpart68w',55,1784389805093),
('zer7a7','zce78m','zpart692',67,1784389805093),
('zer7a8','zce78m','zpart696',100,1784389805093),
('zer7a9','zce78m','zpart69n',46,1784389805093),
('zer7aa','zce78m','zpart69w',75,1784389805093);
INSERT OR IGNORE INTO exam_results (id,exam_id,participant_id,score,created_at) VALUES
('zer7ab','zce78m','zpart6a6',48,1784389805093),
('zer7ac','zce78m','zpart6as',100,1784389805093),
('zer7ad','zce78m','zpart6ax',42,1784389805093),
('zer7ae','zce78m','zpart6b3',62,1784389805093),
('zer7af','zce78m','zpart6b8',72,1784389805093),
('zer7ag','zce78m','zpart6c3',53,1784389805093),
('zer7ah','zce78m','zpart6c9',99,1784389805093),
('zer7ai','zce78m','zpart6cd',88,1784389805093),
('zer7aj','zce78m','zpart6cf',50,1784389805093),
('zer7ak','zce78m','zpart6cr',71,1784389805093),
('zer7al','zce78m','zpart6cv',74,1784389805093),
('zer7am','zce78m','zpart6dg',42,1784389805093),
('zer7an','zce78m','zpart6dw',48,1784389805093),
('zer7ao','zce78m','zpart6e1',40,1784389805093),
('zer7ap','zce78m','zpart6e8',59,1784389805093),
('zer7aq','zce78m','zpart6ef',54,1784389805093),
('zer7ar','zce78m','zpart6em',52,1784389805093),
('zer7as','zce78m','zpart6eq',49,1784389805093),
('zer7at','zce78m','zpart6f1',56,1784389805093),
('zer7au','zce78m','zpart6fn',95,1784389805093),
('zer7av','zce78m','zpart6fs',88,1784389805093),
('zer7aw','zce78m','zpart6fu',69,1784389805093),
('zer7ax','zce78m','zpart6fy',40,1784389805093),
('zer7ay','zce78m','zpart6g5',98,1784389805093),
('zer7az','zce78m','zpart6go',77,1784389805093),
('zer7b0','zce78m','zpart6gx',60,1784389805093),
('zer7b1','zce78m','zpart6ho',92,1784389805093),
('zer7b2','zce78m','zpart6i0',46,1784389805093),
('zer7b3','zce78m','zpart6i4',89,1784389805093),
('zer7b4','zce78m','zpart6ib',97,1784389805093),
('zer7b5','zce78m','zpart6ig',89,1784389805093),
('zer7b6','zce78m','zpart6ir',80,1784389805093),
('zer7b7','zce78m','zpart6ix',96,1784389805093),
('zer7b8','zce78m','zpart6ja',90,1784389805093),
('zer7b9','zce78m','zpart6jf',81,1784389805093),
('zer7ba','zce78m','zpart6jk',46,1784389805093),
('zer7bb','zce78m','zpart6jr',68,1784389805093),
('zer7bc','zce78m','zpart6jw',46,1784389805093),
('zer7bd','zce78m','zpart6kn',94,1784389805093),
('zer7be','zce78m','zpart6ku',77,1784389805093),
('zer7bf','zce78m','zpart6kz',45,1784389805093),
('zer7bg','zce78m','zpart6lh',60,1784389805093),
('zer7bh','zce78m','zpart6lp',66,1784389805093),
('zer7bi','zce78m','zpart6m2',64,1784389805093),
('zer7bj','zce78m','zpart6ma',82,1784389805093),
('zer7bk','zce78m','zpart6mh',45,1784389805093),
('zer7bl','zce78m','zpart6ni',44,1784389805093),
('zer7bm','zce78m','zpart6ns',54,1784389805093),
('zer7bn','zce78m','zpart6o2',66,1784389805093),
('zer7bo','zce78m','zpart6oa',45,1784389805093),
('zer7bp','zce78m','zpart6on',99,1784389805093),
('zer7bq','zce78m','zpart6oy',99,1784389805093),
('zer7br','zce78m','zpart6pb',56,1784389805093),
('zer7bs','zce78m','zpart6pu',87,1784389805093),
('zer7bt','zce78m','zpart6q0',43,1784389805093),
('zer7bu','zce78m','zpart6q3',94,1784389805093),
('zer7bv','zce78m','zpart6r0',100,1784389805093),
('zer7bw','zce78m','zpart6r8',90,1784389805093),
('zer7bx','zce78m','zpart6rb',68,1784389805093),
('zer7bz','zce7by','zpart5sm',73,1784389805093);
INSERT OR IGNORE INTO exam_results (id,exam_id,participant_id,score,created_at) VALUES
('zer7c0','zce7by','zpart5t4',88,1784389805093),
('zer7c1','zce7by','zpart5t7',49,1784389805093),
('zer7c2','zce7by','zpart5td',99,1784389805093),
('zer7c3','zce7by','zpart5ti',44,1784389805093),
('zer7c4','zce7by','zpart5tm',82,1784389805093),
('zer7c5','zce7by','zpart5u3',77,1784389805093),
('zer7c6','zce7by','zpart5uh',97,1784389805093),
('zer7c7','zce7by','zpart5ul',80,1784389805093),
('zer7c8','zce7by','zpart5uq',42,1784389805093),
('zer7c9','zce7by','zpart5uu',78,1784389805093),
('zer7ca','zce7by','zpart5vb',57,1784389805093),
('zer7cb','zce7by','zpart5vm',43,1784389805093),
('zer7cc','zce7by','zpart5wb',93,1784389805093),
('zer7cd','zce7by','zpart5ww',83,1784389805093),
('zer7ce','zce7by','zpart5x3',89,1784389805093),
('zer7cf','zce7by','zpart5xg',100,1784389805093),
('zer7cg','zce7by','zpart5xr',94,1784389805093),
('zer7ch','zce7by','zpart5xv',63,1784389805093),
('zer7ci','zce7by','zpart5y1',51,1784389805093),
('zer7cj','zce7by','zpart5y7',56,1784389805093),
('zer7ck','zce7by','zpart5yh',47,1784389805093),
('zer7cl','zce7by','zpart5yn',56,1784389805093),
('zer7cm','zce7by','zpart5yy',95,1784389805093),
('zer7cn','zce7by','zpart5z9',69,1784389805093),
('zer7co','zce7by','zpart5zf',56,1784389805093),
('zer7cp','zce7by','zpart5zp',52,1784389805093),
('zer7cq','zce7by','zpart5zz',89,1784389805093),
('zer7cr','zce7by','zpart605',93,1784389805093),
('zer7cs','zce7by','zpart60c',49,1784389805093),
('zer7ct','zce7by','zpart60y',65,1784389805093),
('zer7cu','zce7by','zpart61a',99,1784389805093),
('zer7cv','zce7by','zpart61l',64,1784389805093),
('zer7cw','zce7by','zpart61o',84,1784389805093),
('zer7cx','zce7by','zpart61p',86,1784389805093),
('zer7cy','zce7by','zpart61r',40,1784389805093),
('zer7cz','zce7by','zpart62e',81,1784389805093),
('zer7d0','zce7by','zpart62i',80,1784389805093),
('zer7d1','zce7by','zpart62q',78,1784389805093),
('zer7d2','zce7by','zpart631',81,1784389805093),
('zer7d3','zce7by','zpart635',62,1784389805093),
('zer7d4','zce7by','zpart63c',100,1784389805093),
('zer7d5','zce7by','zpart63k',84,1784389805093),
('zer7d6','zce7by','zpart63x',69,1784389805093),
('zer7d7','zce7by','zpart643',41,1784389805093),
('zer7d8','zce7by','zpart647',92,1784389805093),
('zer7d9','zce7by','zpart64b',66,1784389805093),
('zer7da','zce7by','zpart64h',82,1784389805093),
('zer7db','zce7by','zpart64m',86,1784389805093),
('zer7dc','zce7by','zpart64q',88,1784389805093),
('zer7dd','zce7by','zpart65d',69,1784389805093),
('zer7de','zce7by','zpart65h',67,1784389805093),
('zer7df','zce7by','zpart65o',68,1784389805093),
('zer7dg','zce7by','zpart65v',53,1784389805093),
('zer7dh','zce7by','zpart65y',63,1784389805093),
('zer7di','zce7by','zpart66d',42,1784389805093),
('zer7dj','zce7by','zpart66m',41,1784389805093),
('zer7dk','zce7by','zpart66r',55,1784389805093),
('zer7dl','zce7by','zpart671',55,1784389805093),
('zer7dm','zce7by','zpart676',78,1784389805093),
('zer7dn','zce7by','zpart67a',75,1784389805093);
INSERT OR IGNORE INTO exam_results (id,exam_id,participant_id,score,created_at) VALUES
('zer7do','zce7by','zpart67c',86,1784389805093),
('zer7dp','zce7by','zpart68d',68,1784389805093),
('zer7dq','zce7by','zpart68r',60,1784389805093),
('zer7dr','zce7by','zpart69d',49,1784389805093),
('zer7ds','zce7by','zpart69r',79,1784389805093),
('zer7dt','zce7by','zpart69w',87,1784389805093),
('zer7du','zce7by','zpart6ak',52,1784389805093),
('zer7dv','zce7by','zpart6b8',98,1784389805093),
('zer7dw','zce7by','zpart6bm',78,1784389805093),
('zer7dx','zce7by','zpart6bu',44,1784389805093),
('zer7dy','zce7by','zpart6c3',64,1784389805093),
('zer7dz','zce7by','zpart6c9',62,1784389805093),
('zer7e0','zce7by','zpart6cd',54,1784389805093),
('zer7e1','zce7by','zpart6cl',65,1784389805093),
('zer7e2','zce7by','zpart6cr',55,1784389805093),
('zer7e3','zce7by','zpart6cv',74,1784389805093),
('zer7e4','zce7by','zpart6d1',94,1784389805093),
('zer7e5','zce7by','zpart6d5',82,1784389805093),
('zer7e6','zce7by','zpart6dg',72,1784389805093),
('zer7e7','zce7by','zpart6dn',45,1784389805093),
('zer7e8','zce7by','zpart6e1',72,1784389805093),
('zer7e9','zce7by','zpart6ew',41,1784389805093),
('zer7ea','zce7by','zpart6f1',67,1784389805093),
('zer7eb','zce7by','zpart6f6',66,1784389805093),
('zer7ec','zce7by','zpart6f8',71,1784389805093),
('zer7ed','zce7by','zpart6fn',84,1784389805093),
('zer7ee','zce7by','zpart6fs',59,1784389805093),
('zer7ef','zce7by','zpart6fy',50,1784389805093),
('zer7eg','zce7by','zpart6g5',46,1784389805093),
('zer7eh','zce7by','zpart6gs',71,1784389805093),
('zer7ei','zce7by','zpart6ha',94,1784389805093),
('zer7ej','zce7by','zpart6ho',85,1784389805093),
('zer7ek','zce7by','zpart6i0',77,1784389805093),
('zer7el','zce7by','zpart6ib',92,1784389805093),
('zer7em','zce7by','zpart6in',81,1784389805093),
('zer7en','zce7by','zpart6ja',44,1784389805093),
('zer7eo','zce7by','zpart6jf',49,1784389805093),
('zer7ep','zce7by','zpart6jr',79,1784389805093),
('zer7eq','zce7by','zpart6k6',74,1784389805093),
('zer7er','zce7by','zpart6kh',51,1784389805093),
('zer7es','zce7by','zpart6kn',93,1784389805093),
('zer7et','zce7by','zpart6l3',50,1784389805093),
('zer7eu','zce7by','zpart6lb',55,1784389805093),
('zer7ev','zce7by','zpart6lh',78,1784389805093),
('zer7ew','zce7by','zpart6ll',87,1784389805093),
('zer7ex','zce7by','zpart6m6',50,1784389805093),
('zer7ey','zce7by','zpart6ma',97,1784389805093),
('zer7ez','zce7by','zpart6n7',71,1784389805093),
('zer7f0','zce7by','zpart6ni',55,1784389805093),
('zer7f1','zce7by','zpart6nl',70,1784389805093),
('zer7f2','zce7by','zpart6p4',45,1784389805093),
('zer7f3','zce7by','zpart6q0',65,1784389805093),
('zer7f4','zce7by','zpart6q3',98,1784389805093),
('zer7f5','zce7by','zpart6qe',60,1784389805093),
('zer7f6','zce7by','zpart6qq',99,1784389805093),
('zer7f7','zce7by','zpart6r0',51,1784389805093),
('zer7f9','zce7f8','zpart5t4',93,1784389805093),
('zer7fa','zce7f8','zpart5td',78,1784389805093),
('zer7fb','zce7f8','zpart5ti',54,1784389805093),
('zer7fc','zce7f8','zpart5tm',78,1784389805093);
INSERT OR IGNORE INTO exam_results (id,exam_id,participant_id,score,created_at) VALUES
('zer7fd','zce7f8','zpart5u1',90,1784389805093),
('zer7fe','zce7f8','zpart5u3',95,1784389805093),
('zer7ff','zce7f8','zpart5u7',56,1784389805093),
('zer7fg','zce7f8','zpart5uc',64,1784389805093),
('zer7fh','zce7f8','zpart5uu',72,1784389805093),
('zer7fi','zce7f8','zpart5v4',87,1784389805093),
('zer7fj','zce7f8','zpart5v8',45,1784389805093),
('zer7fk','zce7f8','zpart5vb',41,1784389805093),
('zer7fl','zce7f8','zpart5vf',100,1784389805093),
('zer7fm','zce7f8','zpart5vi',75,1784389805093),
('zer7fn','zce7f8','zpart5vy',93,1784389805093),
('zer7fo','zce7f8','zpart5wd',91,1784389805093),
('zer7fp','zce7f8','zpart5wq',48,1784389805093),
('zer7fq','zce7f8','zpart5ww',100,1784389805093),
('zer7fr','zce7f8','zpart5x6',56,1784389805093),
('zer7fs','zce7f8','zpart5xa',82,1784389805093),
('zer7ft','zce7f8','zpart5xr',40,1784389805093),
('zer7fu','zce7f8','zpart5y1',92,1784389805093),
('zer7fv','zce7f8','zpart5y7',58,1784389805093),
('zer7fw','zce7f8','zpart5yc',41,1784389805093),
('zer7fx','zce7f8','zpart5yu',40,1784389805093),
('zer7fy','zce7f8','zpart5z3',83,1784389805093),
('zer7fz','zce7f8','zpart5z9',44,1784389805093),
('zer7g0','zce7f8','zpart5zf',46,1784389805093),
('zer7g1','zce7f8','zpart605',55,1784389805093),
('zer7g2','zce7f8','zpart60g',98,1784389805093),
('zer7g3','zce7f8','zpart60q',51,1784389805093),
('zer7g4','zce7f8','zpart61f',46,1784389805093),
('zer7g5','zce7f8','zpart61l',77,1784389805093),
('zer7g6','zce7f8','zpart61r',95,1784389805093),
('zer7g7','zce7f8','zpart620',42,1784389805093),
('zer7g8','zce7f8','zpart624',77,1784389805093),
('zer7g9','zce7f8','zpart62e',93,1784389805093),
('zer7ga','zce7f8','zpart62i',78,1784389805093),
('zer7gb','zce7f8','zpart63k',50,1784389805093),
('zer7gc','zce7f8','zpart63r',93,1784389805093),
('zer7gd','zce7f8','zpart63x',80,1784389805093),
('zer7ge','zce7f8','zpart647',58,1784389805093),
('zer7gf','zce7f8','zpart64q',100,1784389805093),
('zer7gg','zce7f8','zpart651',79,1784389805093),
('zer7gh','zce7f8','zpart657',75,1784389805093),
('zer7gi','zce7f8','zpart65d',49,1784389805093),
('zer7gj','zce7f8','zpart65h',42,1784389805093),
('zer7gk','zce7f8','zpart65v',87,1784389805093),
('zer7gl','zce7f8','zpart66d',58,1784389805093),
('zer7gm','zce7f8','zpart66h',67,1784389805093),
('zer7gn','zce7f8','zpart66m',60,1784389805093),
('zer7go','zce7f8','zpart671',78,1784389805093),
('zer7gp','zce7f8','zpart676',74,1784389805093),
('zer7gq','zce7f8','zpart67m',83,1784389805093),
('zer7gr','zce7f8','zpart67q',43,1784389805093),
('zer7gs','zce7f8','zpart67x',61,1784389805093),
('zer7gt','zce7f8','zpart692',99,1784389805093),
('zer7gu','zce7f8','zpart69n',99,1784389805093),
('zer7gv','zce7f8','zpart6ae',76,1784389805093),
('zer7gw','zce7f8','zpart6ak',75,1784389805093),
('zer7gx','zce7f8','zpart6ax',96,1784389805093),
('zer7gy','zce7f8','zpart6b3',42,1784389805093),
('zer7gz','zce7f8','zpart6b8',86,1784389805093),
('zer7h0','zce7f8','zpart6bm',61,1784389805093);
INSERT OR IGNORE INTO exam_results (id,exam_id,participant_id,score,created_at) VALUES
('zer7h1','zce7f8','zpart6bu',82,1784389805093),
('zer7h2','zce7f8','zpart6c9',67,1784389805093),
('zer7h3','zce7f8','zpart6cf',97,1784389805093),
('zer7h4','zce7f8','zpart6cl',74,1784389805093),
('zer7h5','zce7f8','zpart6cr',67,1784389805093),
('zer7h6','zce7f8','zpart6d5',68,1784389805093),
('zer7h7','zce7f8','zpart6da',77,1784389805093),
('zer7h8','zce7f8','zpart6dg',87,1784389805093),
('zer7h9','zce7f8','zpart6e1',46,1784389805093),
('zer7ha','zce7f8','zpart6e8',78,1784389805093),
('zer7hb','zce7f8','zpart6eq',94,1784389805093),
('zer7hc','zce7f8','zpart6f6',57,1784389805093),
('zer7hd','zce7f8','zpart6ff',72,1784389805093),
('zer7he','zce7f8','zpart6fn',88,1784389805093),
('zer7hf','zce7f8','zpart6fs',81,1784389805093),
('zer7hg','zce7f8','zpart6fy',46,1784389805093),
('zer7hh','zce7f8','zpart6gs',54,1784389805093),
('zer7hi','zce7f8','zpart6h5',44,1784389805093),
('zer7hj','zce7f8','zpart6hg',93,1784389805093),
('zer7hk','zce7f8','zpart6hw',71,1784389805093),
('zer7hl','zce7f8','zpart6ib',72,1784389805093),
('zer7hm','zce7f8','zpart6ig',91,1784389805093),
('zer7hn','zce7f8','zpart6in',99,1784389805093),
('zer7ho','zce7f8','zpart6ir',71,1784389805093),
('zer7hp','zce7f8','zpart6ix',72,1784389805093),
('zer7hq','zce7f8','zpart6jo',69,1784389805093),
('zer7hr','zce7f8','zpart6jr',61,1784389805093),
('zer7hs','zce7f8','zpart6kh',71,1784389805093),
('zer7ht','zce7f8','zpart6kn',44,1784389805093),
('zer7hu','zce7f8','zpart6kz',45,1784389805093),
('zer7hv','zce7f8','zpart6lb',46,1784389805093),
('zer7hw','zce7f8','zpart6lw',64,1784389805093),
('zer7hx','zce7f8','zpart6m2',80,1784389805093),
('zer7hy','zce7f8','zpart6m6',45,1784389805093),
('zer7hz','zce7f8','zpart6mm',70,1784389805093),
('zer7i0','zce7f8','zpart6nd',69,1784389805093),
('zer7i1','zce7f8','zpart6ni',64,1784389805093),
('zer7i2','zce7f8','zpart6nl',66,1784389805093),
('zer7i3','zce7f8','zpart6nv',78,1784389805093),
('zer7i4','zce7f8','zpart6oh',76,1784389805093),
('zer7i5','zce7f8','zpart6on',72,1784389805093),
('zer7i6','zce7f8','zpart6oy',74,1784389805093),
('zer7i7','zce7f8','zpart6pb',75,1784389805093),
('zer7i8','zce7f8','zpart6pj',82,1784389805093),
('zer7i9','zce7f8','zpart6pu',59,1784389805093),
('zer7ia','zce7f8','zpart6qe',97,1784389805093),
('zer7ib','zce7f8','zpart6qq',63,1784389805093),
('zer7ic','zce7f8','zpart6r8',83,1784389805093),
('zer7id','zce7f8','zpart6rb',71,1784389805093);
INSERT OR IGNORE INTO meetings (id,mosque_id,type,called_by,scheduled_at,member_count,minutes,created_at) VALUES
('zmt7ie','zm27','periodic','u-admin',1780156205093,5,'نوقشت خطة اللجان واعتُمدت الموازنة الشهرية.',1784389805093),
('zmt7im','zm60','periodic','u-admin',1783180205093,6,'نوقشت خطة اللجان واعتُمدت الموازنة الشهرية.',1784389805093),
('zmt7iv','zmbd','extraordinary','u-admin',1782748205093,6,'نوقشت خطة اللجان واعتُمدت الموازنة الشهرية.',1784389805093),
('zmt7j3','zmci','periodic','u-admin',1783785005093,6,'نوقشت خطة اللجان واعتُمدت الموازنة الشهرية.',1784389805093),
('zmt7jb','zmec','periodic','u-admin',1782748205093,5,NULL,1784389805093),
('zmt7ji','zmh1','periodic','u-admin',1779551405093,7,NULL,1784389805093),
('zmt7jt','zmit','periodic','u-admin',1783007405093,5,'نوقشت خطة اللجان واعتُمدت الموازنة الشهرية.',1784389805093),
('zmt7k2','zmlo','extraordinary','u-admin',1782575405093,6,'نوقشت خطة اللجان واعتُمدت الموازنة الشهرية.',1784389805093),
('zmt7ka','zmn7','periodic','u-admin',1781884205093,7,'نوقشت خطة اللجان واعتُمدت الموازنة الشهرية.',1784389805093),
('zmt7kk','zmp3','periodic','u-admin',1779292205093,8,NULL,1784389805093),
('zmt7ku','zmqa','periodic','u-admin',1782489005093,9,NULL,1784389805093),
('zmt7l6','zmt8','periodic','u-admin',1783180205093,5,'نوقشت خطة اللجان واعتُمدت الموازنة الشهرية.',1784389805093),
('zmt7ld','zmxq','periodic','u-admin',1782661805093,8,'نوقشت خطة اللجان واعتُمدت الموازنة الشهرية.',1784389805093),
('zmt7ln','zmz8','periodic','u-admin',1783525805093,5,NULL,1784389805093),
('zmt7lu','zm14n','periodic','u-admin',1782748205093,6,NULL,1784389805093);
INSERT OR IGNORE INTO meeting_attendance (id,meeting_id,person_id,present) VALUES
('zma7if','zmt7ie','zpql',1),
('zma7ig','zmt7ie','zpvq',1),
('zma7ih','zmt7ie','zpaj',1),
('zma7ii','zmt7ie','zp3e',0),
('zma7ij','zmt7ie','zpwp',0),
('zma7in','zmt7im','zp2cg',1),
('zma7io','zmt7im','zpen',1),
('zma7ip','zmt7im','zph4',1),
('zma7iq','zmt7im','zpq8',0),
('zma7ir','zmt7im','zpsp',0),
('zma7is','zmt7im','zpcx',0),
('zma7iw','zmt7iv','zph4',1),
('zma7ix','zmt7iv','zpi5',1),
('zma7iy','zmt7iv','zp2wz',1),
('zma7iz','zmt7iv','zpm7',1),
('zma7j0','zmt7iv','zpt1',1),
('zma7j1','zmt7iv','zprt',0),
('zma7j4','zmt7j3','zp1ka',1),
('zma7j5','zmt7j3','zppo',1),
('zma7j6','zmt7j3','zp7b',1),
('zma7j7','zmt7j3','zp55',1),
('zma7j8','zmt7j3','zp11n',0),
('zma7j9','zmt7j3','zppk',0),
('zma7jc','zmt7jb','zp99',1),
('zma7jd','zmt7jb','zpml',1),
('zma7je','zmt7jb','zp1d',1),
('zma7jf','zmt7jb','zp154',1),
('zma7jg','zmt7jb','zp1f5',1),
('zma7jj','zmt7ji','zp2g',1),
('zma7jk','zmt7ji','zp11r',1),
('zma7jl','zmt7ji','zpne',1),
('zma7jm','zmt7ji','zp6',1),
('zma7jn','zmt7ji','zpt',1),
('zma7jo','zmt7ji','zpja',1),
('zma7jp','zmt7ji','zpl3',0),
('zma7ju','zmt7jt','zppm',1),
('zma7jv','zmt7jt','zpgn',1),
('zma7jw','zmt7jt','zpr',1),
('zma7jx','zmt7jt','zpxi',1),
('zma7jy','zmt7jt','zp18h',1),
('zma7k3','zmt7k2','zpve',1),
('zma7k4','zmt7k2','zp2qr',1),
('zma7k5','zmt7k2','zppk',1),
('zma7k6','zmt7k2','zpml',1),
('zma7k7','zmt7k2','zpfq',1),
('zma7k8','zmt7k2','zpah',0),
('zma7kb','zmt7ka','zp143',1),
('zma7kc','zmt7ka','zp14q',1),
('zma7kd','zmt7ka','zp3a',1),
('zma7ke','zmt7ka','zp2zv',1),
('zma7kf','zmt7ka','zphe',1),
('zma7kg','zmt7ka','zpy5',1),
('zma7kh','zmt7ka','zptt',1),
('zma7kl','zmt7kk','zpyv',1),
('zma7km','zmt7kk','zp7y',1),
('zma7kn','zmt7kk','zp9w',1),
('zma7ko','zmt7kk','zpe7',1),
('zma7kp','zmt7kk','zpsv',1),
('zma7kq','zmt7kk','zpxr',0),
('zma7kr','zmt7kk','zp4b',0);
INSERT OR IGNORE INTO meeting_attendance (id,meeting_id,person_id,present) VALUES
('zma7ks','zmt7kk','zp24z',0),
('zma7kv','zmt7ku','zplz',1),
('zma7kw','zmt7ku','zpej',1),
('zma7kx','zmt7ku','zpyv',1),
('zma7ky','zmt7ku','zp2m',1),
('zma7kz','zmt7ku','zp7r',1),
('zma7l0','zmt7ku','zp12g',1),
('zma7l1','zmt7ku','zp86',1),
('zma7l2','zmt7ku','zpq8',0),
('zma7l3','zmt7ku','zp251',0),
('zma7l7','zmt7l6','zpz1',1),
('zma7l8','zmt7l6','zp1h',1),
('zma7l9','zmt7l6','zped',1),
('zma7la','zmt7l6','zpuk',1),
('zma7lb','zmt7l6','zpn8',0),
('zma7le','zmt7ld','zp12g',1),
('zma7lf','zmt7ld','zp2mc',1),
('zma7lg','zmt7ld','zp3e',1),
('zma7lh','zmt7ld','zpz9',1),
('zma7li','zmt7ld','zppi',1),
('zma7lj','zmt7ld','zp3c',1),
('zma7lk','zmt7ld','zp18h',0),
('zma7ll','zmt7ld','zpbq',0),
('zma7lo','zmt7ln','zpth',1),
('zma7lp','zmt7ln','zpr2',1),
('zma7lq','zmt7ln','zp7b',1),
('zma7lr','zmt7ln','zpfa',0),
('zma7ls','zmt7ln','zp15x',0),
('zma7lv','zmt7lu','zp4j',1),
('zma7lw','zmt7lu','zpjr',1),
('zma7lx','zmt7lu','zpah',1),
('zma7ly','zmt7lu','zpqn',0),
('zma7lz','zmt7lu','zphx',0),
('zma7m0','zmt7lu','zpev',0);
INSERT OR IGNORE INTO decisions (id,meeting_id,title,kind,votes_for,votes_against,total_voters,amir_vote_for,result,note) VALUES
('zdc7ik','zmt7ie','تكليف عضو جديد','advisory',2,1,3,1,'passed',NULL),
('zdc7il','zmt7ie','تنظيم نشاط دعوي','advisory',3,0,3,1,'passed',NULL),
('zdc7it','zmt7im','تنظيم نشاط دعوي','advisory',3,0,3,1,'passed',NULL),
('zdc7iu','zmt7im','إقرار خطة اللجنة','advisory',2,1,3,1,'passed',NULL),
('zdc7j2','zmt7iv','اعتماد الموازنة','advisory',5,0,5,1,'passed',NULL),
('zdc7ja','zmt7j3','تنظيم نشاط دعوي','binding',4,0,4,1,'passed',NULL),
('zdc7jh','zmt7jb','تنظيم نشاط دعوي','advisory',5,0,5,1,'passed',NULL),
('zdc7jq','zmt7ji','تنظيم نشاط دعوي','binding',4,2,6,1,'passed',NULL),
('zdc7jr','zmt7ji','تنظيم نشاط دعوي','binding',6,0,6,1,'passed',NULL),
('zdc7js','zmt7ji','تنظيم نشاط دعوي','advisory',5,1,6,1,'passed',NULL),
('zdc7jz','zmt7jt','تكليف عضو جديد','advisory',3,2,5,1,'passed',NULL),
('zdc7k0','zmt7jt','تكليف عضو جديد','advisory',4,1,5,1,'passed',NULL),
('zdc7k1','zmt7jt','تنظيم نشاط دعوي','advisory',4,1,5,1,'passed',NULL),
('zdc7k9','zmt7k2','تنظيم نشاط دعوي','binding',4,1,5,1,'passed',NULL),
('zdc7ki','zmt7ka','إقرار خطة اللجنة','binding',5,2,7,1,'passed',NULL),
('zdc7kj','zmt7ka','تكليف عضو جديد','binding',7,0,7,1,'passed',NULL),
('zdc7kt','zmt7kk','تنظيم نشاط دعوي','binding',3,2,5,1,'passed',NULL),
('zdc7l4','zmt7ku','اعتماد الموازنة','advisory',5,2,7,1,'passed',NULL),
('zdc7l5','zmt7ku','اعتماد الموازنة','advisory',6,1,7,1,'passed',NULL),
('zdc7lc','zmt7l6','تنظيم نشاط دعوي','binding',4,0,4,1,'passed',NULL),
('zdc7lm','zmt7ld','تنظيم نشاط دعوي','binding',6,0,6,1,'passed',NULL),
('zdc7lt','zmt7ln','تكليف عضو جديد','binding',3,0,3,1,'passed',NULL),
('zdc7m1','zmt7lu','تنظيم نشاط دعوي','binding',3,0,3,1,'passed',NULL);
INSERT OR IGNORE INTO committees (id,mosque_id,name,type,head_person_id,head_name,status,created_at) VALUES
('zcm7m2','zm27','الصيانة والنظافة','sub','zp1ka','خالد الحريري','active',1784389805093),
('zcm7m5','zm33','الدعوة والتربية الشرعية','main','zp3m','محمد الجاسم','active',1784389805093),
('zcm7m7','zm33','العلاقات العامة','main','zpk3','زيد الرفاعي','active',1784389805093),
('zcm7mb','zm33','الإغاثة','main','zps7','عبدالله الحسن','active',1784389805093),
('zcm7mf','zm33','الإعلام والنشر','sub','zp28','أنس الحريري','active',1784389805093),
('zcm7mh','zm54','الدعوة والتربية الشرعية','main','zp24z','علي الإدلبي','active',1784389805093),
('zcm7mm','zm54','العلاقات العامة','main','zpm9','بلال القاسم','active',1784389805093),
('zcm7mp','zm54','الإعلام والنشر','sub','zp67','بلال السالم','active',1784389805093),
('zcm7mr','zm54','الصيانة والنظافة','sub','zph6','محمد الأحمد','active',1784389805093),
('zcm7mt','zm7t','الإعلام والنشر','sub','zpxm','ياسر الحلبي','active',1784389805093),
('zcm7mx','zmci','الدعوة والتربية الشرعية','main','zpzp','محمد الديب','active',1784389805093),
('zcm7mz','zmci','العلاقات العامة','main','zpv','بلال الشامي','active',1784389805093),
('zcm7n2','zmci','الإغاثة','main','zpct','أحمد القاسم','active',1784389805093),
('zcm7n5','zmci','الصيانة والنظافة','sub','zpj6','أسامة الكردي','active',1784389805093),
('zcm7n7','zmg6','الدعوة والتربية الشرعية','main','zpwl','بلال الرفاعي','active',1784389805093),
('zcm7n9','zmg6','العلاقات العامة','main','zp3m','محمد الحموي','active',1784389805093),
('zcm7nd','zmg6','الإعلام والنشر','sub','zpzh','حسن البكري','active',1784389805093),
('zcm7nf','zmlo','الإغاثة','main','zpbi','إبراهيم السالم','active',1784389805093),
('zcm7ni','zmlo','الإعلام والنشر','sub','zpah','أنس السالم','active',1784389805093),
('zcm7nl','zmlo','الصيانة والنظافة','sub','zpyr','زيد الحسن','active',1784389805093),
('zcm7nn','zmp3','الدعوة والتربية الشرعية','main','zp2b1','أنس الحريري','active',1784389805093),
('zcm7ns','zmp3','العلاقات العامة','main','zp2ns','إبراهيم الزعبي','active',1784389805093),
('zcm7nu','zmp3','الإغاثة','main','zpr6','علي السالم','active',1784389805093),
('zcm7nw','zmp3','الصيانة والنظافة','sub','zpsx','محمد النعسان','active',1784389805093),
('zcm7o1','zmr1','الإغاثة','main','zpvo','عبدالله الجاسم','active',1784389805093),
('zcm7o5','zmr1','الإعلام والنشر','sub','zp1t','ياسر الديب','active',1784389805093),
('zcm7o9','zmrs','الدعوة والتربية الشرعية','main','zp13z','عثمان الحسن','active',1784389805093),
('zcm7od','zmrs','الإعلام والنشر','sub','zp69','محمد الأحمد','active',1784389805093),
('zcm7of','zmv9','الدعوة والتربية الشرعية','main','zp13b','طارق القاسم','active',1784389805093),
('zcm7oj','zmv9','العلاقات العامة','main','zp1kc','مصطفى الجاسم','active',1784389805093),
('zcm7om','zmv9','الصيانة والنظافة','sub','zpa0','بلال الإدلبي','active',1784389805093),
('zcm7oq','zmx3','الدعوة والتربية الشرعية','main','zpev','مصطفى الرفاعي','active',1784389805093),
('zcm7ot','zmx3','العلاقات العامة','main','zptj','معاذ القاسم','active',1784389805093),
('zcm7ow','zmx3','الإغاثة','main','zpfi','ياسر الحسن','active',1784389805093),
('zcm7oy','zmx3','الإعلام والنشر','sub','zpp','مصطفى الأحمد','active',1784389805093),
('zcm7p1','zmx3','الصيانة والنظافة','sub','zp2ma','مصطفى الإدلبي','active',1784389805093),
('zcm7p3','zm102','الصيانة والنظافة','sub','zpsp','صهيب الحريري','active',1784389805093),
('zcm7p6','zm12w','الإغاثة','main','zp1t','زيد المحمد','active',1784389805093),
('zcm7p9','zm14n','الدعوة والتربية الشرعية','main','zpjv','محمد السالم','active',1784389805093),
('zcm7pd','zm14n','الإغاثة','main','zppk','حسن الزعبي','active',1784389805093),
('zcm7pi','zm14n','الإعلام والنشر','sub','zpm5','ياسر الشامي','active',1784389805093),
('zcm7pn','zm14n','الصيانة والنظافة','sub','zpxk','عثمان الأحمد','active',1784389805093);
INSERT OR IGNORE INTO committee_plans (id,committee_id,title,period,recurring,month_hijri,status,created_at) VALUES
('zcp7m3','zcm7m2','دورة شرعية',NULL,0,'1447-10','done',1784389805093),
('zcp7m4','zcm7m2','نشاط طلابي',NULL,0,'1447-06','cancelled',1784389805093),
('zcp7m6','zcm7m5','نشرة إعلامية',NULL,0,'1447-08','done',1784389805093),
('zcp7m8','zcm7m7','نشاط طلابي',NULL,0,'1447-08','cancelled',1784389805093),
('zcp7m9','zcm7m7','دورة شرعية',NULL,1,'1447-11','cancelled',1784389805093),
('zcp7ma','zcm7m7','حملة إغاثية',NULL,0,NULL,'cancelled',1784389805093),
('zcp7mc','zcm7mb','نشاط طلابي',NULL,1,NULL,'cancelled',1784389805093),
('zcp7md','zcm7mb','دورة شرعية',NULL,0,'1447-10','done',1784389805093),
('zcp7me','zcm7mb','دورة شرعية',NULL,1,NULL,'done',1784389805093),
('zcp7mg','zcm7mf','نشرة إعلامية',NULL,1,NULL,'done',1784389805093),
('zcp7mi','zcm7mh','نشاط طلابي',NULL,0,NULL,'cancelled',1784389805093),
('zcp7mj','zcm7mh','دورة شرعية',NULL,1,'1447-12','planned',1784389805093),
('zcp7mk','zcm7mh','حملة إغاثية',NULL,0,NULL,'planned',1784389805093),
('zcp7ml','zcm7mh','دورة شرعية',NULL,0,'1447-10','planned',1784389805093),
('zcp7mn','zcm7mm','حملة إغاثية',NULL,1,'1447-08','planned',1784389805093),
('zcp7mo','zcm7mm','حملة إغاثية',NULL,1,'1447-06','cancelled',1784389805093),
('zcp7mq','zcm7mp','دورة شرعية',NULL,1,'1447-12','cancelled',1784389805093),
('zcp7ms','zcm7mr','حملة إغاثية',NULL,0,NULL,'planned',1784389805093),
('zcp7mu','zcm7mt','دورة شرعية',NULL,1,NULL,'done',1784389805093),
('zcp7mv','zcm7mt','نشرة إعلامية',NULL,1,NULL,'planned',1784389805093),
('zcp7mw','zcm7mt','دورة شرعية',NULL,0,'1447-06','done',1784389805093),
('zcp7my','zcm7mx','نشرة إعلامية',NULL,0,NULL,'planned',1784389805093),
('zcp7n0','zcm7mz','نشرة إعلامية',NULL,0,'1447-11','cancelled',1784389805093),
('zcp7n1','zcm7mz','نشرة إعلامية',NULL,0,'1447-08','cancelled',1784389805093),
('zcp7n3','zcm7n2','نشرة إعلامية',NULL,0,'1447-07','cancelled',1784389805093),
('zcp7n4','zcm7n2','دورة شرعية',NULL,0,'1447-09','cancelled',1784389805093),
('zcp7n6','zcm7n5','نشاط طلابي',NULL,0,'1447-10','done',1784389805093),
('zcp7n8','zcm7n7','نشاط طلابي',NULL,0,'1447-12','cancelled',1784389805093),
('zcp7na','zcm7n9','نشرة إعلامية',NULL,0,NULL,'cancelled',1784389805093),
('zcp7nb','zcm7n9','دورة شرعية',NULL,0,NULL,'done',1784389805093),
('zcp7nc','zcm7n9','نشاط طلابي',NULL,0,'1447-08','done',1784389805093),
('zcp7ne','zcm7nd','دورة شرعية',NULL,1,'1447-08','cancelled',1784389805093),
('zcp7ng','zcm7nf','دورة شرعية',NULL,0,'1447-11','cancelled',1784389805093),
('zcp7nh','zcm7nf','دورة شرعية',NULL,1,'1447-12','cancelled',1784389805093),
('zcp7nj','zcm7ni','نشاط طلابي',NULL,1,'1447-09','planned',1784389805093),
('zcp7nk','zcm7ni','حملة إغاثية',NULL,1,'1447-10','done',1784389805093),
('zcp7nm','zcm7nl','نشاط طلابي',NULL,0,'1447-09','done',1784389805093),
('zcp7no','zcm7nn','نشاط طلابي',NULL,0,NULL,'cancelled',1784389805093),
('zcp7np','zcm7nn','حملة إغاثية',NULL,0,NULL,'cancelled',1784389805093),
('zcp7nq','zcm7nn','حملة إغاثية',NULL,1,'1447-08','planned',1784389805093),
('zcp7nr','zcm7nn','دورة شرعية',NULL,0,'1447-12','planned',1784389805093),
('zcp7nt','zcm7ns','نشاط طلابي',NULL,1,'1447-11','planned',1784389805093),
('zcp7nv','zcm7nu','نشاط طلابي',NULL,0,'1447-12','cancelled',1784389805093),
('zcp7nx','zcm7nw','دورة شرعية',NULL,0,'1447-06','cancelled',1784389805093),
('zcp7ny','zcm7nw','نشاط طلابي',NULL,0,'1447-06','planned',1784389805093),
('zcp7nz','zcm7nw','دورة شرعية',NULL,1,'1447-06','cancelled',1784389805093),
('zcp7o0','zcm7nw','دورة شرعية',NULL,1,'1447-07','cancelled',1784389805093),
('zcp7o2','zcm7o1','نشرة إعلامية',NULL,0,NULL,'planned',1784389805093),
('zcp7o3','zcm7o1','نشاط طلابي',NULL,1,'1447-07','cancelled',1784389805093),
('zcp7o4','zcm7o1','حملة إغاثية',NULL,0,'1447-09','cancelled',1784389805093),
('zcp7o6','zcm7o5','حملة إغاثية',NULL,0,NULL,'done',1784389805093),
('zcp7o7','zcm7o5','حملة إغاثية',NULL,0,NULL,'done',1784389805093),
('zcp7o8','zcm7o5','نشاط طلابي',NULL,0,'1447-06','planned',1784389805093),
('zcp7oa','zcm7o9','نشاط طلابي',NULL,0,'1447-09','cancelled',1784389805093),
('zcp7ob','zcm7o9','دورة شرعية',NULL,1,'1447-11','cancelled',1784389805093),
('zcp7oc','zcm7o9','دورة شرعية',NULL,1,'1447-06','done',1784389805093),
('zcp7oe','zcm7od','نشرة إعلامية',NULL,0,'1447-07','planned',1784389805093),
('zcp7og','zcm7of','حملة إغاثية',NULL,0,'1447-11','done',1784389805093),
('zcp7oh','zcm7of','حملة إغاثية',NULL,1,'1447-10','cancelled',1784389805093),
('zcp7oi','zcm7of','دورة شرعية',NULL,1,'1447-07','planned',1784389805093);
INSERT OR IGNORE INTO committee_plans (id,committee_id,title,period,recurring,month_hijri,status,created_at) VALUES
('zcp7ok','zcm7oj','نشاط طلابي',NULL,0,NULL,'planned',1784389805093),
('zcp7ol','zcm7oj','نشاط طلابي',NULL,1,'1447-10','done',1784389805093),
('zcp7on','zcm7om','نشاط طلابي',NULL,0,'1447-12','done',1784389805093),
('zcp7oo','zcm7om','نشاط طلابي',NULL,0,'1447-07','done',1784389805093),
('zcp7op','zcm7om','حملة إغاثية',NULL,0,NULL,'planned',1784389805093),
('zcp7or','zcm7oq','نشاط طلابي',NULL,0,'1447-11','done',1784389805093),
('zcp7os','zcm7oq','دورة شرعية',NULL,0,'1447-12','done',1784389805093),
('zcp7ou','zcm7ot','نشرة إعلامية',NULL,0,NULL,'done',1784389805093),
('zcp7ov','zcm7ot','نشاط طلابي',NULL,1,'1447-10','cancelled',1784389805093),
('zcp7ox','zcm7ow','نشاط طلابي',NULL,0,NULL,'done',1784389805093),
('zcp7oz','zcm7oy','نشرة إعلامية',NULL,1,'1447-07','done',1784389805093),
('zcp7p0','zcm7oy','نشرة إعلامية',NULL,0,'1447-11','planned',1784389805093),
('zcp7p2','zcm7p1','حملة إغاثية',NULL,0,NULL,'cancelled',1784389805093),
('zcp7p4','zcm7p3','حملة إغاثية',NULL,1,NULL,'cancelled',1784389805093),
('zcp7p5','zcm7p3','دورة شرعية',NULL,0,'1447-06','done',1784389805093),
('zcp7p7','zcm7p6','نشاط طلابي',NULL,0,NULL,'done',1784389805093),
('zcp7p8','zcm7p6','حملة إغاثية',NULL,0,'1447-06','planned',1784389805093),
('zcp7pa','zcm7p9','دورة شرعية',NULL,0,'1447-08','cancelled',1784389805093),
('zcp7pb','zcm7p9','نشاط طلابي',NULL,1,NULL,'done',1784389805093),
('zcp7pc','zcm7p9','نشرة إعلامية',NULL,0,NULL,'planned',1784389805093),
('zcp7pe','zcm7pd','نشرة إعلامية',NULL,0,NULL,'cancelled',1784389805093),
('zcp7pf','zcm7pd','دورة شرعية',NULL,0,'1447-09','cancelled',1784389805093),
('zcp7pg','zcm7pd','دورة شرعية',NULL,0,'1447-12','cancelled',1784389805093),
('zcp7ph','zcm7pd','نشرة إعلامية',NULL,0,'1447-08','cancelled',1784389805093),
('zcp7pj','zcm7pi','نشاط طلابي',NULL,1,'1447-06','done',1784389805093),
('zcp7pk','zcm7pi','نشاط طلابي',NULL,0,'1447-11','cancelled',1784389805093),
('zcp7pl','zcm7pi','حملة إغاثية',NULL,0,'1447-09','done',1784389805093),
('zcp7pm','zcm7pi','نشرة إعلامية',NULL,1,'1447-07','cancelled',1784389805093),
('zcp7po','zcm7pn','دورة شرعية',NULL,0,'1447-12','cancelled',1784389805093),
('zcp7pp','zcm7pn','حملة إغاثية',NULL,0,'1447-10','cancelled',1784389805093),
('zcp7pq','zcm7pn','دورة شرعية',NULL,1,'1447-11','done',1784389805093);
INSERT OR IGNORE INTO weekly_halaqa_records (id,halaqa_id,week_start,supervisor_notes,admin_notes,created_at) VALUES
('zwh7pr','zhl18l','2025-12-06',NULL,'تُشكر الحلقة على نشاطها.',1784389805093),
('zwh7pv','zhl1x3','2025-12-06',NULL,NULL,1784389805093),
('zwh7px','zhl1yu','2025-12-06',NULL,'تُشكر الحلقة على نشاطها.',1784389805093),
('zwh7q1','zhl255','2025-12-06',NULL,'تُشكر الحلقة على نشاطها.',1784389805093),
('zwh7q3','zhl2ck','2025-12-06',NULL,'تُشكر الحلقة على نشاطها.',1784389805093),
('zwh7q5','zhl2e2','2025-12-06','أداء المعلّم/ة ممتاز والالتزام جيّد.','تُشكر الحلقة على نشاطها.',1784389805093),
('zwh7q8','zhl2jd','2025-12-06','أداء المعلّم/ة ممتاز والالتزام جيّد.',NULL,1784389805093),
('zwh7qa','zhl2mg','2025-12-06','أداء المعلّم/ة ممتاز والالتزام جيّد.','تُشكر الحلقة على نشاطها.',1784389805093),
('zwh7qd','zhl2nw','2025-12-06','أداء المعلّم/ة ممتاز والالتزام جيّد.','تُشكر الحلقة على نشاطها.',1784389805093),
('zwh7qh','zhl2pf','2025-12-06','أداء المعلّم/ة ممتاز والالتزام جيّد.',NULL,1784389805093),
('zwh7qj','zhl2r0','2025-12-06','أداء المعلّم/ة ممتاز والالتزام جيّد.','تُشكر الحلقة على نشاطها.',1784389805093),
('zwh7qn','zhl2sv','2025-12-06','أداء المعلّم/ة ممتاز والالتزام جيّد.',NULL,1784389805093),
('zwh7qs','zhl2zz','2025-12-06',NULL,NULL,1784389805093),
('zwh7qu','zhl359','2025-12-06','أداء المعلّم/ة ممتاز والالتزام جيّد.','تُشكر الحلقة على نشاطها.',1784389805093),
('zwh7qy','zhl37e','2025-12-06','أداء المعلّم/ة ممتاز والالتزام جيّد.',NULL,1784389805093),
('zwh7r0','zhl3dv','2025-12-06','أداء المعلّم/ة ممتاز والالتزام جيّد.',NULL,1784389805093),
('zwh7r3','zhl3ja','2025-12-06',NULL,NULL,1784389805093),
('zwh7r5','zhl3km','2025-12-06','أداء المعلّم/ة ممتاز والالتزام جيّد.',NULL,1784389805093),
('zwh7r8','zhl3m1','2025-12-06','أداء المعلّم/ة ممتاز والالتزام جيّد.',NULL,1784389805093),
('zwh7rd','zhl3o2','2025-12-06',NULL,'تُشكر الحلقة على نشاطها.',1784389805093),
('zwh7rg','zhl3pa','2025-12-06',NULL,NULL,1784389805093),
('zwh7rk','zhl3rx','2025-12-06',NULL,NULL,1784389805093),
('zwh7rm','zhl3sy','2025-12-06',NULL,'تُشكر الحلقة على نشاطها.',1784389805093),
('zwh7rp','zhl3uf','2025-12-06',NULL,NULL,1784389805093),
('zwh7rr','zhl3xj','2025-12-06','أداء المعلّم/ة ممتاز والالتزام جيّد.',NULL,1784389805093),
('zwh7rt','zhl3z7','2025-12-06',NULL,NULL,1784389805093),
('zwh7ry','zhl40a','2025-12-06',NULL,NULL,1784389805093),
('zwh7s2','zhl42t','2025-12-06',NULL,NULL,1784389805093),
('zwh7s5','zhl4bn','2025-12-06','أداء المعلّم/ة ممتاز والالتزام جيّد.',NULL,1784389805093),
('zwh7s8','zhl4f8','2025-12-06','أداء المعلّم/ة ممتاز والالتزام جيّد.',NULL,1784389805093),
('zwh7sb','zhl4lj','2025-12-06','أداء المعلّم/ة ممتاز والالتزام جيّد.','تُشكر الحلقة على نشاطها.',1784389805093),
('zwh7sf','zhl4ov','2025-12-06','أداء المعلّم/ة ممتاز والالتزام جيّد.',NULL,1784389805093),
('zwh7si','zhl4qa','2025-12-06','أداء المعلّم/ة ممتاز والالتزام جيّد.','تُشكر الحلقة على نشاطها.',1784389805093),
('zwh7sl','zhl4tm','2025-12-06','أداء المعلّم/ة ممتاز والالتزام جيّد.',NULL,1784389805093),
('zwh7so','zhl4vm','2025-12-06','أداء المعلّم/ة ممتاز والالتزام جيّد.','تُشكر الحلقة على نشاطها.',1784389805093),
('zwh7sr','zhl4wt','2025-12-06',NULL,NULL,1784389805093),
('zwh7su','zhl4zr','2025-12-06','أداء المعلّم/ة ممتاز والالتزام جيّد.','تُشكر الحلقة على نشاطها.',1784389805093),
('zwh7sw','zhl55v','2025-12-06','أداء المعلّم/ة ممتاز والالتزام جيّد.',NULL,1784389805093),
('zwh7t0','zhl58m','2025-12-06','أداء المعلّم/ة ممتاز والالتزام جيّد.',NULL,1784389805093),
('zwh7t5','zhl5jv','2025-12-06','أداء المعلّم/ة ممتاز والالتزام جيّد.',NULL,1784389805093),
('zwh7t8','zhl5lr','2025-12-06','أداء المعلّم/ة ممتاز والالتزام جيّد.','تُشكر الحلقة على نشاطها.',1784389805093);
INSERT OR IGNORE INTO halaqa_group_activities (id,halaqa_id,week_start,seq,description,date_hijri,created_at) VALUES
('zga7ps','zhl18l','2025-12-06',1,'درس عام لشيخ ضيف','1447-06-05',1784389805093),
('zga7pt','zhl18l','2025-12-06',2,'زيارة مريض','1447-06-17',1784389805093),
('zga7pu','zhl18l','2025-12-06',3,'جولة دعوية وتوزيع مطويات','1447-06-02',1784389805093),
('zga7pw','zhl1x3','2025-12-06',1,'جولة دعوية وتوزيع مطويات','1447-06-20',1784389805093),
('zga7py','zhl1yu','2025-12-06',1,'جولة دعوية وتوزيع مطويات','1447-06-04',1784389805093),
('zga7pz','zhl1yu','2025-12-06',2,'زيارة مريض','1447-06-10',1784389805093),
('zga7q0','zhl1yu','2025-12-06',3,'ملتقى طلابي','1447-06-24',1784389805093),
('zga7q2','zhl255','2025-12-06',1,'درس عام لشيخ ضيف','1447-06-05',1784389805093),
('zga7q4','zhl2ck','2025-12-06',1,'نشاط رياضي/ترفيهي','1447-06-22',1784389805093),
('zga7q6','zhl2e2','2025-12-06',1,'جولة دعوية وتوزيع مطويات','1447-06-04',1784389805093),
('zga7q7','zhl2e2','2025-12-06',2,'نشاط رياضي/ترفيهي','1447-06-04',1784389805093),
('zga7q9','zhl2jd','2025-12-06',1,'ملتقى طلابي','1447-06-06',1784389805093),
('zga7qb','zhl2mg','2025-12-06',1,'جولة دعوية وتوزيع مطويات','1447-06-19',1784389805093),
('zga7qc','zhl2mg','2025-12-06',2,'زيارة مريض','1447-06-03',1784389805093),
('zga7qe','zhl2nw','2025-12-06',1,'نشاط رياضي/ترفيهي','1447-06-03',1784389805093),
('zga7qf','zhl2nw','2025-12-06',2,'جولة دعوية وتوزيع مطويات','1447-06-05',1784389805093),
('zga7qg','zhl2nw','2025-12-06',3,'تنظيف المكان','1447-06-02',1784389805093),
('zga7qi','zhl2pf','2025-12-06',1,'زيارة مريض','1447-06-10',1784389805093),
('zga7qk','zhl2r0','2025-12-06',1,'درس عام لشيخ ضيف','1447-06-05',1784389805093),
('zga7ql','zhl2r0','2025-12-06',2,'ملتقى طلابي','1447-06-05',1784389805093),
('zga7qm','zhl2r0','2025-12-06',3,'زيارة مريض','1447-06-05',1784389805093),
('zga7qo','zhl2sv','2025-12-06',1,'نشاط رياضي/ترفيهي','1447-06-05',1784389805093),
('zga7qp','zhl2sv','2025-12-06',2,'زيارة مريض','1447-06-15',1784389805093),
('zga7qq','zhl2sv','2025-12-06',3,'ملتقى طلابي','1447-06-25',1784389805093),
('zga7qr','zhl2sv','2025-12-06',4,'زيارة مريض','1447-06-10',1784389805093),
('zga7qt','zhl2zz','2025-12-06',1,'تنظيف المكان','1447-06-08',1784389805093),
('zga7qv','zhl359','2025-12-06',1,'جولة دعوية وتوزيع مطويات','1447-06-23',1784389805093),
('zga7qw','zhl359','2025-12-06',2,'نشاط رياضي/ترفيهي','1447-06-15',1784389805093),
('zga7qx','zhl359','2025-12-06',3,'تنظيف المكان','1447-06-03',1784389805093),
('zga7qz','zhl37e','2025-12-06',1,'جولة دعوية وتوزيع مطويات','1447-06-27',1784389805093),
('zga7r1','zhl3dv','2025-12-06',1,'درس عام لشيخ ضيف','1447-06-22',1784389805093),
('zga7r2','zhl3dv','2025-12-06',2,'درس عام لشيخ ضيف','1447-06-22',1784389805093),
('zga7r4','zhl3ja','2025-12-06',1,'جولة دعوية وتوزيع مطويات','1447-06-21',1784389805093),
('zga7r6','zhl3km','2025-12-06',1,'زيارة مريض','1447-06-08',1784389805093),
('zga7r7','zhl3km','2025-12-06',2,'زيارة مريض','1447-06-28',1784389805093),
('zga7r9','zhl3m1','2025-12-06',1,'درس عام لشيخ ضيف','1447-06-06',1784389805093),
('zga7ra','zhl3m1','2025-12-06',2,'ملتقى طلابي','1447-06-03',1784389805093),
('zga7rb','zhl3m1','2025-12-06',3,'تنظيف المكان','1447-06-08',1784389805093),
('zga7rc','zhl3m1','2025-12-06',4,'ملتقى طلابي','1447-06-02',1784389805093),
('zga7re','zhl3o2','2025-12-06',1,'زيارة مريض','1447-06-17',1784389805093),
('zga7rf','zhl3o2','2025-12-06',2,'ملتقى طلابي','1447-06-11',1784389805093),
('zga7rh','zhl3pa','2025-12-06',1,'ملتقى طلابي','1447-06-19',1784389805093),
('zga7ri','zhl3pa','2025-12-06',2,'ملتقى طلابي','1447-06-02',1784389805093),
('zga7rj','zhl3pa','2025-12-06',3,'زيارة مريض','1447-06-11',1784389805093),
('zga7rl','zhl3rx','2025-12-06',1,'درس عام لشيخ ضيف','1447-06-17',1784389805093),
('zga7rn','zhl3sy','2025-12-06',1,'ملتقى طلابي','1447-06-17',1784389805093),
('zga7ro','zhl3sy','2025-12-06',2,'ملتقى طلابي','1447-06-04',1784389805093),
('zga7rq','zhl3uf','2025-12-06',1,'درس عام لشيخ ضيف','1447-06-14',1784389805093),
('zga7rs','zhl3xj','2025-12-06',1,'زيارة مريض','1447-06-23',1784389805093),
('zga7ru','zhl3z7','2025-12-06',1,'درس عام لشيخ ضيف','1447-06-22',1784389805093),
('zga7rv','zhl3z7','2025-12-06',2,'تنظيف المكان','1447-06-06',1784389805093),
('zga7rw','zhl3z7','2025-12-06',3,'درس عام لشيخ ضيف','1447-06-28',1784389805093),
('zga7rx','zhl3z7','2025-12-06',4,'زيارة مريض','1447-06-19',1784389805093),
('zga7rz','zhl40a','2025-12-06',1,'درس عام لشيخ ضيف','1447-06-18',1784389805093),
('zga7s0','zhl40a','2025-12-06',2,'درس عام لشيخ ضيف','1447-06-22',1784389805093),
('zga7s1','zhl40a','2025-12-06',3,'درس عام لشيخ ضيف','1447-06-19',1784389805093),
('zga7s3','zhl42t','2025-12-06',1,'زيارة مريض','1447-06-11',1784389805093),
('zga7s4','zhl42t','2025-12-06',2,'جولة دعوية وتوزيع مطويات','1447-06-10',1784389805093),
('zga7s6','zhl4bn','2025-12-06',1,'جولة دعوية وتوزيع مطويات','1447-06-16',1784389805093),
('zga7s7','zhl4bn','2025-12-06',2,'زيارة مريض','1447-06-22',1784389805093);
INSERT OR IGNORE INTO halaqa_group_activities (id,halaqa_id,week_start,seq,description,date_hijri,created_at) VALUES
('zga7s9','zhl4f8','2025-12-06',1,'ملتقى طلابي','1447-06-23',1784389805093),
('zga7sa','zhl4f8','2025-12-06',2,'جولة دعوية وتوزيع مطويات','1447-06-16',1784389805093),
('zga7sc','zhl4lj','2025-12-06',1,'زيارة مريض','1447-06-01',1784389805093),
('zga7sd','zhl4lj','2025-12-06',2,'ملتقى طلابي','1447-06-16',1784389805093),
('zga7se','zhl4lj','2025-12-06',3,'نشاط رياضي/ترفيهي','1447-06-04',1784389805093),
('zga7sg','zhl4ov','2025-12-06',1,'تنظيف المكان','1447-06-25',1784389805093),
('zga7sh','zhl4ov','2025-12-06',2,'نشاط رياضي/ترفيهي','1447-06-21',1784389805093),
('zga7sj','zhl4qa','2025-12-06',1,'تنظيف المكان','1447-06-27',1784389805093),
('zga7sk','zhl4qa','2025-12-06',2,'ملتقى طلابي','1447-06-19',1784389805093),
('zga7sm','zhl4tm','2025-12-06',1,'ملتقى طلابي','1447-06-23',1784389805093),
('zga7sn','zhl4tm','2025-12-06',2,'زيارة مريض','1447-06-24',1784389805093),
('zga7sp','zhl4vm','2025-12-06',1,'درس عام لشيخ ضيف','1447-06-16',1784389805093),
('zga7sq','zhl4vm','2025-12-06',2,'جولة دعوية وتوزيع مطويات','1447-06-01',1784389805093),
('zga7ss','zhl4wt','2025-12-06',1,'درس عام لشيخ ضيف','1447-06-02',1784389805093),
('zga7st','zhl4wt','2025-12-06',2,'نشاط رياضي/ترفيهي','1447-06-25',1784389805093),
('zga7sv','zhl4zr','2025-12-06',1,'تنظيف المكان','1447-06-17',1784389805093),
('zga7sx','zhl55v','2025-12-06',1,'تنظيف المكان','1447-06-18',1784389805093),
('zga7sy','zhl55v','2025-12-06',2,'تنظيف المكان','1447-06-09',1784389805093),
('zga7sz','zhl55v','2025-12-06',3,'زيارة مريض','1447-06-24',1784389805093),
('zga7t1','zhl58m','2025-12-06',1,'ملتقى طلابي','1447-06-21',1784389805093),
('zga7t2','zhl58m','2025-12-06',2,'زيارة مريض','1447-06-24',1784389805093),
('zga7t3','zhl58m','2025-12-06',3,'نشاط رياضي/ترفيهي','1447-06-27',1784389805093),
('zga7t4','zhl58m','2025-12-06',4,'ملتقى طلابي','1447-06-23',1784389805093),
('zga7t6','zhl5jv','2025-12-06',1,'درس عام لشيخ ضيف','1447-06-14',1784389805093),
('zga7t7','zhl5jv','2025-12-06',2,'جولة دعوية وتوزيع مطويات','1447-06-02',1784389805093),
('zga7t9','zhl5lr','2025-12-06',1,'درس عام لشيخ ضيف','1447-06-20',1784389805093),
('zga7ta','zhl5lr','2025-12-06',2,'جولة دعوية وتوزيع مطويات','1447-06-09',1784389805093);
INSERT OR IGNORE INTO resignations (id,role_assignment_id,person_id,reason,requested_at,decision_deadline,status,decided_by,decided_at) VALUES
('zrs7tb','zra11q','zp11p','انشغال دراسي',1781279405093,1785513005093,'pending','u-admin',NULL),
('zrs7tc','zraxu','zpxt','انشغال دراسي',1781711405093,1786549805093,'rejected',NULL,NULL),
('zrs7td','zra1g','zp1f','انشغال دراسي',1783871405093,1785253805093,'rejected','u-admin',NULL),
('zrs7te','zrao6','zpo5','انتقال سكن',1783439405093,1786204205093,'rejected','u-admin',NULL),
('zrs7tf','zraxj','zpxi','انشغال دراسي',1783439405093,1784476205093,'accepted','u-admin',NULL),
('zrs7tg','zraiv','zpiu','انتقال سكن',1781625005093,1786031405093,'rejected','u-admin',1783957805093);
INSERT OR IGNORE INTO app_settings (key,value,updated_at) VALUES
('point_rate_note','المعدّل 50$/280 نقطة — قابل للتعديل بأثر قادم',1784389805093),
('hourly_rate_note','سعر الساعة 2$ — قابل للتعديل',1784389805093),
('weekly_target','70',1784389805093);
INSERT OR IGNORE INTO notifications (id,person_id,channel,kind,payload,status,created_at,sent_at,read_at) VALUES
('zn7th','zp7b','inapp','term_ending',NULL,'sent',1783180205093,NULL,1783698605093),
('zn7ti','zp11r','inapp','entry_reminder',NULL,'sent',1782661805093,NULL,NULL),
('zn7tj','zp152','inapp','term_ending',NULL,'sent',1782748205093,1782229805093,1784044205093),
('zn7tk','zp128','telegram','layer_approval_needed',NULL,'sent',1783093805093,1783266605093,NULL),
('zn7tl','zpan','telegram','term_ending',NULL,'sent',1783871405093,1784303405093,NULL),
('zn7tm','zpbi','inapp','entry_reminder',NULL,'queued',1782489005093,NULL,NULL),
('zn7tn','zpfm','inapp','layer_approval_needed',NULL,'sent',1782834605093,NULL,1783871405093),
('zn7to','zpmv','inapp','week_rejected',NULL,'sent',1783266605093,1783180205093,NULL),
('zn7tp','zpt3','inapp','layer_approval_needed',NULL,'sent',1782489005093,NULL,NULL),
('zn7tq','zpno','telegram','term_ending',NULL,'sent',1781884205093,1784303405093,NULL),
('zn7tr','zpuc','telegram','term_ending',NULL,'queued',1782143405093,NULL,1784389805093),
('zn7ts','zp2j9','inapp','term_ending',NULL,'sent',1783612205093,NULL,1783871405093),
('zn7tt','zplp','inapp','term_ending',NULL,'sent',1784130605093,NULL,NULL),
('zn7tu','zp1if','inapp','layer_approval_needed',NULL,'sent',1781797805093,1783612205093,1783612205093),
('zn7tv','zpcr','telegram','term_ending',NULL,'queued',1784303405093,NULL,NULL),
('zn7tw','zpbs','inapp','week_rejected',NULL,'queued',1782489005093,NULL,NULL),
('zn7tx','zpx8','telegram','layer_approval_needed',NULL,'sent',1782748205093,1781797805093,NULL),
('zn7ty','zp6x','inapp','week_approved',NULL,'sent',1783612205093,NULL,NULL),
('zn7tz','zpst','inapp','week_approved',NULL,'queued',1783439405093,1783698605093,NULL),
('zn7u0','zp2ns','inapp','week_approved',NULL,'sent',1784130605093,1781970605093,NULL),
('zn7u1','zpcv','inapp','week_approved',NULL,'queued',1783266605093,1783439405093,NULL),
('zn7u2','zpxt','telegram','term_ending',NULL,'queued',1784389805093,1782748205093,NULL),
('zn7u3','zpsz','inapp','layer_approval_needed',NULL,'sent',1781797805093,1783439405093,NULL),
('zn7u4','zpq5','inapp','entry_reminder',NULL,'queued',1782229805093,1782575405093,NULL),
('zn7u5','zps5','inapp','term_ending',NULL,'queued',1782834605093,1783957805093,NULL),
('zn7u6','zplz','inapp','layer_approval_needed',NULL,'sent',1782489005093,1782661805093,1784217005093),
('zn7u7','zp14y','inapp','week_rejected',NULL,'sent',1782229805093,NULL,NULL),
('zn7u8','zp3k','telegram','week_rejected',NULL,'sent',1782575405093,NULL,1783785005093),
('zn7u9','zp73','telegram','term_ending',NULL,'queued',1784389805093,NULL,NULL),
('zn7ua','zpyx','telegram','week_approved',NULL,'sent',1783957805093,1782316205093,NULL),
('zn7ub','zpfk','telegram','entry_reminder',NULL,'queued',1784303405093,1782489005093,1784389805093),
('zn7uc','zplv','inapp','week_rejected',NULL,'queued',1782575405093,NULL,NULL),
('zn7ud','zpxc','inapp','layer_approval_needed',NULL,'queued',1784217005093,1781797805093,1784130605093),
('zn7ue','zp1yq','inapp','entry_reminder',NULL,'queued',1782316205093,NULL,1783525805093),
('zn7uf','zpg7','telegram','term_ending',NULL,'sent',1782143405093,NULL,1783871405093),
('zn7ug','zppm','inapp','entry_reminder',NULL,'sent',1782489005093,NULL,NULL),
('zn7uh','zp2fp','inapp','term_ending',NULL,'queued',1781884205093,NULL,NULL),
('zn7ui','zped','telegram','term_ending',NULL,'queued',1781970605093,1784389805093,1784130605093),
('zn7uj','zpz1','inapp','week_approved',NULL,'sent',1783180205093,1784389805093,NULL),
('zn7uk','zp12i','inapp','week_approved',NULL,'sent',1783957805093,1783007405093,1783525805093),
('zn7ul','zpt9','telegram','entry_reminder',NULL,'sent',1783957805093,1783871405093,NULL),
('zn7um','zppo','inapp','week_approved',NULL,'sent',1783957805093,1783439405093,NULL),
('zn7un','zp8e','inapp','week_approved',NULL,'queued',1783353005093,NULL,1783957805093),
('zn7uo','zpqn','telegram','week_approved',NULL,'sent',1783180205093,1783093805093,NULL),
('zn7up','zp5j','inapp','week_rejected',NULL,'sent',1783698605093,1782143405093,NULL),
('zn7uq','zp82','inapp','entry_reminder',NULL,'sent',1784044205093,NULL,NULL),
('zn7ur','zpo7','telegram','week_rejected',NULL,'sent',1783093805093,NULL,1784044205093),
('zn7us','zp2ns','telegram','week_rejected',NULL,'sent',1782834605093,1783698605093,1784217005093),
('zn7ut','zpxm','inapp','entry_reminder',NULL,'sent',1783007405093,NULL,1784303405093),
('zn7uu','zp49','inapp','layer_approval_needed',NULL,'sent',1783957805093,1783698605093,NULL),
('zn7uv','zpyx','telegram','term_ending',NULL,'queued',1783612205093,NULL,1784130605093),
('zn7uw','zp2m4','inapp','term_ending',NULL,'queued',1782575405093,1782921005093,1784389805093),
('zn7ux','zp7u','telegram','week_rejected',NULL,'sent',1783007405093,1783525805093,NULL),
('zn7uy','zpm7','inapp','term_ending',NULL,'queued',1783785005093,1782057005093,NULL),
('zn7uz','zp9u','inapp','layer_approval_needed',NULL,'sent',1782402605093,1783785005093,1784389805093),
('zn7v0','zp15i','inapp','entry_reminder',NULL,'queued',1784044205093,NULL,NULL),
('zn7v1','zp3k','inapp','entry_reminder',NULL,'sent',1781884205093,NULL,1783785005093),
('zn7v2','zp1sh','telegram','week_approved',NULL,'queued',1782057005093,1783612205093,NULL),
('zn7v3','zppk','inapp','week_approved',NULL,'queued',1782229805093,1783525805093,NULL),
('zn7v4','zp10b','inapp','week_approved',NULL,'sent',1782661805093,1782575405093,NULL);
INSERT OR IGNORE INTO notifications (id,person_id,channel,kind,payload,status,created_at,sent_at,read_at) VALUES
('zn7v5','zpm1','inapp','week_rejected',NULL,'sent',1784303405093,1782229805093,1783525805093),
('zn7v6','zp1t','telegram','week_approved',NULL,'sent',1784217005093,1782229805093,NULL),
('zn7v7','zp21g','inapp','week_approved',NULL,'sent',1783525805093,1783180205093,1783957805093),
('zn7v8','zp1wx','telegram','term_ending',NULL,'sent',1784303405093,1784130605093,1784303405093),
('zn7v9','zpwh','telegram','week_rejected',NULL,'queued',1783871405093,1782834605093,NULL),
('zn7va','zpyn','telegram','week_approved',NULL,'sent',1782748205093,1782229805093,1784217005093),
('zn7vb','zp6h','telegram','layer_approval_needed',NULL,'queued',1784389805093,1783612205093,1784303405093),
('zn7vc','zp2cg','telegram','entry_reminder',NULL,'sent',1783007405093,1783007405093,1783525805093),
('zn7vd','zp3a','telegram','week_approved',NULL,'sent',1784217005093,NULL,NULL),
('zn7ve','zpbe','telegram','layer_approval_needed',NULL,'queued',1783698605093,NULL,1783612205093),
('zn7vf','zpxg','inapp','entry_reminder',NULL,'sent',1782402605093,1784217005093,NULL),
('zn7vg','zp150','telegram','entry_reminder',NULL,'sent',1784389805093,1784303405093,1784130605093),
('zn7vh','zpve','inapp','week_approved',NULL,'queued',1783266605093,1782921005093,NULL),
('zn7vi','zp2v9','telegram','week_rejected',NULL,'queued',1784217005093,NULL,NULL),
('zn7vj','zpl','inapp','term_ending',NULL,'queued',1782229805093,1781970605093,NULL),
('zn7vk','zpy7','inapp','layer_approval_needed',NULL,'sent',1783266605093,NULL,1784217005093),
('zn7vl','zps5','inapp','layer_approval_needed',NULL,'sent',1782143405093,NULL,NULL),
('zn7vm','zp24w','inapp','week_approved',NULL,'queued',1783871405093,1784303405093,1783871405093),
('zn7vn','zpmt','telegram','week_approved',NULL,'sent',1783439405093,NULL,NULL),
('zn7vo','zp1f7','inapp','week_approved',NULL,'sent',1784044205093,1783093805093,NULL),
('zn7vp','zpqb','inapp','week_rejected',NULL,'sent',1784044205093,NULL,1784389805093),
('zn7vq','zp2v9','inapp','week_rejected',NULL,'sent',1783266605093,1784303405093,NULL),
('zn7vr','zp13p','telegram','entry_reminder',NULL,'queued',1782748205093,1784389805093,1784389805093),
('zn7vs','zpaj','inapp','term_ending',NULL,'queued',1781884205093,NULL,1783785005093),
('zn7vt','zpqb','inapp','term_ending',NULL,'sent',1784130605093,1782575405093,NULL),
('zn7vu','zpr2','inapp','week_approved',NULL,'sent',1781797805093,1782057005093,NULL),
('zn7vv','zp4l','inapp','week_rejected',NULL,'sent',1784217005093,NULL,NULL),
('zn7vw','zp4f','inapp','term_ending',NULL,'sent',1782316205093,1782834605093,1783785005093),
('zn7vx','zpuo','telegram','term_ending',NULL,'sent',1783785005093,1783871405093,1783525805093),
('zn7vy','zp4h','inapp','week_rejected',NULL,'queued',1784130605093,1784217005093,1784130605093),
('zn7vz','zp1r2','inapp','week_rejected',NULL,'sent',1781970605093,NULL,NULL),
('zn7w0','zpvm','telegram','week_approved',NULL,'queued',1782143405093,NULL,1784389805093),
('zn7w1','zpgj','inapp','entry_reminder',NULL,'sent',1784044205093,1781884205093,NULL),
('zn7w2','zpt','telegram','week_approved',NULL,'queued',1782229805093,1782143405093,NULL),
('zn7w3','zp19','inapp','term_ending',NULL,'queued',1783698605093,1781970605093,NULL),
('zn7w4','zp2nq','inapp','week_approved',NULL,'sent',1782489005093,NULL,1784303405093),
('zn7w5','zp10p','telegram','layer_approval_needed',NULL,'sent',1783007405093,NULL,NULL),
('zn7w6','zp5b','telegram','layer_approval_needed',NULL,'sent',1783698605093,NULL,1783785005093),
('zn7w7','zp14y','inapp','layer_approval_needed',NULL,'queued',1782229805093,1782661805093,NULL),
('zn7w8','zptn','inapp','layer_approval_needed',NULL,'sent',1784130605093,1782748205093,NULL),
('zn7w9','zp2v7','inapp','week_rejected',NULL,'sent',1783525805093,NULL,NULL),
('zn7wa','zp2fu','inapp','term_ending',NULL,'sent',1784217005093,1784389805093,1783785005093),
('zn7wb','zppc','inapp','week_approved',NULL,'sent',1783525805093,NULL,1783612205093),
('zn7wc','zp2kq','telegram','week_rejected',NULL,'sent',1783871405093,1783957805093,1784217005093),
('zn7wd','zp1l','inapp','layer_approval_needed',NULL,'sent',1781970605093,1783612205093,NULL),
('zn7we','zps9','inapp','term_ending',NULL,'queued',1784303405093,1784130605093,1783698605093),
('zn7wf','zp7b','telegram','layer_approval_needed',NULL,'sent',1782575405093,1781797805093,1784130605093),
('zn7wg','zp2g','inapp','week_approved',NULL,'queued',1783353005093,1783525805093,NULL),
('zn7wh','zp1o0','telegram','week_rejected',NULL,'sent',1783957805093,NULL,1783871405093),
('zn7wi','zp8c','telegram','entry_reminder',NULL,'sent',1782921005093,1783093805093,1783785005093),
('zn7wj','zp27c','inapp','layer_approval_needed',NULL,'sent',1783007405093,1784044205093,NULL),
('zn7wk','zpaj','telegram','term_ending',NULL,'sent',1782402605093,NULL,1784130605093),
('zn7wl','zphx','inapp','week_approved',NULL,'sent',1782661805093,1783612205093,1783957805093),
('zn7wm','zpmf','inapp','layer_approval_needed',NULL,'queued',1782575405093,1783093805093,1784217005093),
('zn7wn','zp9w','inapp','week_approved',NULL,'queued',1783698605093,1784303405093,NULL),
('zn7wo','zp99','telegram','layer_approval_needed',NULL,'sent',1782489005093,1782229805093,1783612205093),
('zn7wp','zpns','inapp','layer_approval_needed',NULL,'sent',1782748205093,NULL,1783525805093),
('zn7wq','zpng','inapp','layer_approval_needed',NULL,'queued',1782834605093,1784217005093,1784389805093),
('zn7wr','zpdo','inapp','week_rejected',NULL,'sent',1783525805093,1783093805093,NULL),
('zn7ws','zp11j','inapp','week_approved',NULL,'queued',1784130605093,NULL,1783785005093);
INSERT OR IGNORE INTO notifications (id,person_id,channel,kind,payload,status,created_at,sent_at,read_at) VALUES
('zn28cw','zp1','inapp','finance_proposal','{"summary":"ضبطُ موازنة مشاريع بـ$1,500","amountUsd":0}','queued',1784044205093,NULL,NULL),
('zn28cx','zp1','inapp','finance_proposal','{"summary":"تحديثُ سعر صرف ₺","amountUsd":0}','queued',1784217005093,NULL,NULL),
('zn28cy','zp1','inapp','finance_proposal','{"summary":"مصروفُ «صيانة مكيّفات» $180 من صندوق general","amountUsd":180}','queued',1784130605093,NULL,NULL),
('zn28cz','zp7wt','inapp','finance_decision','{"outcome":"rejected","summary":"مصروفُ «أثاث فاخر» $2,000","reason":"يتجاوز حاجةَ الشهر — قدِّم بندًا أدنى"}','sent',1783785005093,1783785005093,NULL),
('zn28d0','zp7wt','inapp','finance_decision','{"outcome":"approved","summary":"تبرّعٌ $300 لصندوق general"}','sent',1783439405093,1783439405093,1783525805093);
INSERT OR IGNORE INTO assets (id,kind,name,details,org_unit_id,org_path,holder_person_id,holder_name,status,created_by,created_at,updated_at) VALUES
('zas-cam','equipment','كاميرا التغطيات','Canon — مع حقيبة وحامل','men','/men/','zp7wu','مسؤول الإعلام','active','u-admin',1775749805093,1775749805093),
('zas8lg','personal_custody','حاسوب محمول',NULL,'zmz8','/men/zrq4/zqz5/zmz8/','zpkr','عثمان الإدلبي','active','u-admin',1775058605093,1783871405093),
('zas8lh','equipment','طاولات','بحالةٍ جيّدة','zm7t','/men/zr5/zq7q/zm7t/','zptt','حسن الإدلبي','active','u-admin',1771602605093,1782921005093),
('zas8li','vehicle','حافلة صغيرة',NULL,'zmhw','/men/zre6/zqe9/zmhw/','zpyr','خالد الديب','active','u-admin',1772466605093,1782402605093),
('zas8lj','personal_custody','حاسوب محمول',NULL,'zmn7','/men/zre6/zqiq/zmn7/','zpgl','سلمان البكري','active','u-admin',1780674605093,1783353005093),
('zas8lk','equipment','كراسي',NULL,'zm9n','/men/zr5/zq7q/zm9n/','zpfi','خالد الشامي','returned','u-admin',1768665005093,1781797805093),
('zas8ll','vehicle','دراجة ناريّة','بحالةٍ جيّدة','zmrs','/men/zrq4/zqq7/zmrs/','zpiu','أحمد الحسن','active','u-admin',1779551405093,1783180205093),
('zas8lm','vehicle','دراجة ناريّة',NULL,'zm8q','/men/zr5/zq7q/zm8q/','zpa0','أنس الزعبي','active','u-admin',1777045805093,1783439405093),
('zas8ln','personal_custody','حاسوب محمول',NULL,'zmx3','/men/zrq4/zqu6/zmx3/','zp5d','حسين الإدلبي','active','u-admin',1776700205093,1784303405093),
('zas8lo','vehicle','دراجة ناريّة',NULL,'zmt8','/men/zrq4/zqq7/zmt8/','zpy5','عثمان الخطيب','returned','u-admin',1778341805093,1783180205093),
('zas8lp','equipment','كراسي',NULL,'zmp3','/men/zre6/zqiq/zmp3/','zp10r','عثمان الخطيب','active','u-admin',1767109805093,1782661805093),
('zas8lq','vehicle','دراجة ناريّة',NULL,'zmw4','/men/zrq4/zqu6/zmw4/','zp2i','حسن النعسان','active','u-admin',1776613805093,1782057005093),
('zas8lr','personal_custody','كاميرا','بحالةٍ جيّدة','zmdb','/men/zr5/zq7q/zmdb/','zpgd','بلال البكري','returned','u-admin',1780588205093,1783353005093),
('zas8ls','vehicle','سيّارة نقل',NULL,'zm13o','/men/zrq4/zqz5/zm13o/','zpzn','مصطفى البكري','active','u-admin',1779983405093,1781797805093),
('zas8lt','vehicle','دراجة ناريّة','بحالةٍ جيّدة','zm8q','/men/zr5/zq7q/zm8q/','zph4','إبراهيم الرفاعي','returned','u-admin',1777477805093,1783698605093),
('zas8lu','vehicle','حافلة صغيرة','بحالةٍ جيّدة','zm27','/men/zr5/zq9/zm27/','zp145','حسين الزعبي','active','u-admin',1775145005093,1782575405093);
INSERT OR IGNORE INTO journal_entries (id,entry_date,date_hijri,memo,source,source_ref,reversal_of,created_by,created_at) VALUES
('zje7wv',1769701805093,'1448-02','رصيدٌ افتتاحيّ (نقد)','opening','1110:general',NULL,'u-admin',1784389805093),
('zje7wy',1769701805093,'1448-02','رصيدٌ افتتاحيّ (نقد)','opening','1110:zakat',NULL,'u-admin',1784389805093),
('zje7x1',1769701805093,'1448-02','رصيدٌ افتتاحيّ (نقد)','opening','1110:sadaqah',NULL,'u-admin',1784389805093),
('zje7x4',1769701805093,'1448-02','رصيدٌ افتتاحيّ (نقد)','opening','1110:waqf',NULL,'u-admin',1784389805093),
('zje7x7',1769701805093,'1448-02','رصيدٌ افتتاحيّ (نقد)','opening','1110:projects',NULL,'u-admin',1784389805093),
('zje7xa',1769701805093,'1448-02','رصيدٌ افتتاحيّ (بنك)','opening','1120:general',NULL,'u-admin',1784389805093),
('zje7xd',1769701805093,'1448-02','رصيدٌ افتتاحيّ (بنك)','opening','1120:zakat',NULL,'u-admin',1784389805093),
('zje7xg',1769701805093,'1448-02','رصيدٌ افتتاحيّ (بنك)','opening','1120:sadaqah',NULL,'u-admin',1784389805093),
('zje7xj',1769701805093,'1448-02','رصيدٌ افتتاحيّ (بنك)','opening','1120:waqf',NULL,'u-admin',1784389805093),
('zje7xm',1769701805093,'1448-02','رصيدٌ افتتاحيّ (بنك)','opening','1120:projects',NULL,'u-admin',1784389805093),
('zje7xp',1769701805093,'1448-02','رصيدٌ افتتاحيّ (ل.س)','opening','1115:general',NULL,'u-admin',1784389805093),
('zje7xt',1782834605093,'1447-05-28','تبرّعٌ لصندوق projects','donation','dref7xs',NULL,'u-admin',1784389805093),
('zje7xx',1770997805093,'1447-04-05','تبرّعٌ لصندوق general','donation','dref7xw',NULL,'u-admin',1784389805093),
('zje7y1',1775836205093,'1447-04-06','تبرّعٌ لصندوق waqf','donation','dref7y0',NULL,'u-admin',1784389805093),
('zje7y5',1770479405093,'1447-05-03','تبرّعٌ لصندوق projects','donation','dref7y4',NULL,'u-admin',1784389805093),
('zje7y9',1771084205093,'1447-06-19','تبرّعٌ لصندوق general','donation','dref7y8',NULL,'u-admin',1784389805093),
('zje7yd',1778428205093,'1447-04-22','تبرّعٌ لصندوق general','donation','dref7yc',NULL,'u-admin',1784389805093),
('zje7yh',1773589805093,'1447-06-17','تبرّعٌ لصندوق general','donation','dref7yg',NULL,'u-admin',1784389805093),
('zje7yl',1780847405093,'1447-05-06','تبرّعٌ لصندوق waqf','donation','dref7yk',NULL,'u-admin',1784389805093),
('zje7yp',1773157805093,'1447-05-17','تبرّعٌ لصندوق zakat','donation','dref7yo',NULL,'u-admin',1784389805093),
('zje7yt',1776095405093,'1447-06-21','تبرّعٌ لصندوق general','donation','dref7ys',NULL,'u-admin',1784389805093),
('zje7yx',1780156205093,'1447-06-19','تبرّعٌ لصندوق sadaqah','donation','dref7yw',NULL,'u-admin',1784389805093),
('zje7z1',1781797805093,'1447-05-23','تبرّعٌ لصندوق waqf','donation','dref7z0',NULL,'u-admin',1784389805093),
('zje7z5',1783266605093,'1447-05-14','تبرّعٌ لصندوق zakat','donation','dref7z4',NULL,'u-admin',1784389805093),
('zje7z9',1776441005093,'1447-04-26','تبرّعٌ لصندوق waqf','donation','dref7z8',NULL,'u-admin',1784389805093),
('zje7zd',1783439405093,'1447-04-06','تبرّعٌ لصندوق projects','donation','dref7zc',NULL,'u-admin',1784389805093),
('zje7zh',1771343405093,'1447-06-16','تبرّعٌ لصندوق zakat','donation','dref7zg',NULL,'u-admin',1784389805093),
('zje7zl',1770133805093,'1447-05-18','تبرّعٌ لصندوق general','donation','dref7zk',NULL,'u-admin',1784389805093),
('zje7zp',1776786605093,'1447-06-02','تبرّعٌ لصندوق general','donation','dref7zo',NULL,'u-admin',1784389805093),
('zje7zt',1774367405093,'1447-06-11','تبرّعٌ لصندوق sadaqah','donation','dref7zs',NULL,'u-admin',1784389805093),
('zje7zx',1771257005093,'1447-06-25','تبرّعٌ لصندوق sadaqah','donation','dref7zw',NULL,'u-admin',1784389805093),
('zje801',1774885805093,'1447-05-06','تبرّعٌ لصندوق general','donation','dref800',NULL,'u-admin',1784389805093),
('zje805',1776959405093,'1447-06-11','تبرّعٌ لصندوق waqf','donation','dref804',NULL,'u-admin',1784389805093),
('zje809',1774885805093,'1447-05-25','تبرّعٌ لصندوق sadaqah','donation','dref808',NULL,'u-admin',1784389805093),
('zje80d',1774281005093,'1447-05-10','تبرّعٌ لصندوق sadaqah','donation','dref80c',NULL,'u-admin',1784389805093),
('zje80h',1778514605093,'1447-06-08','تبرّعٌ لصندوق waqf','donation','dref80g',NULL,'u-admin',1784389805093),
('zje80l',1782143405093,'1447-04-16','تبرّعٌ لصندوق general','donation','dref80k',NULL,'u-admin',1784389805093),
('zje80p',1775145005093,'1447-06-06','تبرّعٌ لصندوق zakat','donation','dref80o',NULL,'u-admin',1784389805093),
('zje80t',1778169005093,'1447-06-09','تبرّعٌ لصندوق projects','donation','dref80s',NULL,'u-admin',1784389805093),
('zje80x',1773244205093,'1447-04-05','تبرّعٌ لصندوق sadaqah','donation','dref80w',NULL,'u-admin',1784389805093),
('zje811',1775490605093,'1447-06-01','تبرّعٌ لصندوق waqf','donation','dref810',NULL,'u-admin',1784389805093),
('zje815',1777564205093,'1447-06-17','تبرّعٌ لصندوق waqf','donation','dref814',NULL,'u-admin',1784389805093),
('zje819',1774194605093,'1447-05-24','تبرّعٌ لصندوق waqf','donation','dref818',NULL,'u-admin',1784389805093),
('zje81d',1781452205093,'1447-05-11','تبرّعٌ لصندوق general','donation','dref81c',NULL,'u-admin',1784389805093),
('zje81h',1776527405093,'1447-04-09','تبرّعٌ لصندوق waqf','donation','dref81g',NULL,'u-admin',1784389805093),
('zje81l',1783612205093,'1447-04-15','تبرّعٌ لصندوق general','donation','dref81k',NULL,'u-admin',1784389805093),
('zje81p',1778601005093,'1447-05-19','تبرّعٌ لصندوق sadaqah','donation','dref81o',NULL,'u-admin',1784389805093),
('zje81t',1778428205093,'1447-05-22','تبرّعٌ لصندوق general','donation','dref81s',NULL,'u-admin',1784389805093),
('zje81x',1772034605093,'1447-06-16','تبرّعٌ لصندوق waqf','donation','dref81w',NULL,'u-admin',1784389805093),
('zje821',1783525805093,'1447-04-11','تبرّعٌ لصندوق waqf','donation','dref820',NULL,'u-admin',1784389805093),
('zje825',1771429805093,'1447-06-06','تبرّعٌ لصندوق general','donation','dref824',NULL,'u-admin',1784389805093),
('zje829',1770393005093,'1447-04-09','كهرباء وماء','expense','eref828',NULL,'u-admin',1784389805093),
('zje82d',1779119405093,'1447-06-05','تدفئة','expense','eref82c',NULL,'u-admin',1784389805093),
('zje82h',1775663405093,'1447-04-27','صيانة','expense','eref82g',NULL,'u-admin',1784389805093),
('zje82l',1774972205093,'1447-05-11','صيانة','expense','eref82k',NULL,'u-admin',1784389805093),
('zje82p',1773330605093,'1447-06-22','قرطاسية','expense','eref82o',NULL,'u-admin',1784389805093),
('zje82t',1778169005093,'1447-04-17','صيانة','expense','eref82s',NULL,'u-admin',1784389805093),
('zje82x',1779292205093,'1447-05-08','صيانة','expense','eref82w',NULL,'u-admin',1784389805093),
('zje831',1777650605093,'1447-06-26','قرطاسية','expense','eref830',NULL,'u-admin',1784389805093),
('zje835',1772639405093,'1447-06-11','تدفئة','expense','eref834',NULL,'u-admin',1784389805093);
INSERT OR IGNORE INTO journal_entries (id,entry_date,date_hijri,memo,source,source_ref,reversal_of,created_by,created_at) VALUES
('zje839',1783007405093,'1447-04-09','محروقات مولّد','expense','eref838',NULL,'u-admin',1784389805093),
('zje83d',1774021805093,'1447-04-12','كهرباء وماء','expense','eref83c',NULL,'u-admin',1784389805093),
('zje83h',1781884205093,'1447-04-08','محروقات مولّد','expense','eref83g',NULL,'u-admin',1784389805093),
('zje83l',1772380205093,'1447-04-25','صيانة','expense','eref83k',NULL,'u-admin',1784389805093),
('zje83p',1778082605093,'1447-04-11','محروقات مولّد','expense','eref83o',NULL,'u-admin',1784389805093),
('zje83t',1773589805093,'1447-05-22','كهرباء وماء','expense','eref83s',NULL,'u-admin',1784389805093),
('zje83x',1772466605093,'1447-06-21','كهرباء وماء','expense','eref83w',NULL,'u-admin',1784389805093),
('zje841',1776009005093,'1447-05-02','تدفئة','expense','eref840',NULL,'u-admin',1784389805093),
('zje845',1779724205093,'1447-04-09','صيانة','expense','eref844',NULL,'u-admin',1784389805093),
('zje849',1779810605093,'1447-04-13','محروقات مولّد','expense','eref848',NULL,'u-admin',1784389805093),
('zje84d',1778601005093,'1447-04-03','صيانة','expense','eref84c',NULL,'u-admin',1784389805093),
('zje84h',1779551405093,'1447-05-07','محروقات مولّد','expense','eref84g',NULL,'u-admin',1784389805093),
('zje84l',1774540205093,'1447-06-02','صيانة','expense','eref84k',NULL,'u-admin',1784389805093),
('zje84p',1770565805093,'1447-06-08','صيانة','expense','eref84o',NULL,'u-admin',1784389805093),
('zje84t',1780847405093,'1447-04-01','تدفئة','expense','eref84s',NULL,'u-admin',1784389805093),
('zje84x',1779119405093,'1447-04-24','قرطاسية','expense','eref84w',NULL,'u-admin',1784389805093),
('zje851',1780847405093,'1447-05-24','تدفئة','expense','eref850',NULL,'u-admin',1784389805093),
('zje855',1780933805093,'1447-06-21','كهرباء وماء','expense','eref854',NULL,'u-admin',1784389805093),
('zje859',1770825005093,'1447-05-14','محروقات مولّد','expense','eref858',NULL,'u-admin',1784389805093),
('zje85d',1783093805093,'1447-06-03','تدفئة','expense','eref85c',NULL,'u-admin',1784389805093),
('zje85h',1770306605093,'1447-06-05','كهرباء وماء','expense','eref85g',NULL,'u-admin',1784389805093),
('zje85l',1772898605093,'1448-02','راتبٌ/مكافأةٌ مصروفة','payout','pref85k',NULL,'u-admin',1784389805093),
('zje85p',1772985005093,'1448-02','راتبٌ/مكافأةٌ مصروفة','payout','pref85o',NULL,'u-admin',1784389805093),
('zje85t',1773503405093,'1448-02','راتبٌ/مكافأةٌ مصروفة','payout','pref85s',NULL,'u-admin',1784389805093),
('zje85x',1778341805093,'1448-02','راتبٌ/مكافأةٌ مصروفة','payout','pref85w',NULL,'u-admin',1784389805093),
('zje861',1772725805093,'1448-02','راتبٌ/مكافأةٌ مصروفة','payout','pref860',NULL,'u-admin',1784389805093),
('zje865',1776873005093,'1448-02','راتبٌ/مكافأةٌ مصروفة','payout','pref864',NULL,'u-admin',1784389805093),
('zje869',1775922605093,'1448-02','راتبٌ/مكافأةٌ مصروفة','payout','pref868',NULL,'u-admin',1784389805093),
('zje86d',1780242605093,'1448-02','راتبٌ/مكافأةٌ مصروفة','payout','pref86c',NULL,'u-admin',1784389805093),
('zje86h',1771516205093,'1448-02','راتبٌ/مكافأةٌ مصروفة','payout','pref86g',NULL,'u-admin',1784389805093),
('zje86l',1769874605093,'1448-02','راتبٌ/مكافأةٌ مصروفة','payout','pref86k',NULL,'u-admin',1784389805093),
('zje86p',1774626605093,'1448-02','راتبٌ/مكافأةٌ مصروفة','payout','pref86o',NULL,'u-admin',1784389805093),
('zje86t',1775058605093,'1448-02','راتبٌ/مكافأةٌ مصروفة','payout','pref86s',NULL,'u-admin',1784389805093);
INSERT OR IGNORE INTO journal_lines (id,entry_id,account_id,fund_id,debit_cents,credit_cents,currency,amount_orig) VALUES
('zjl7ww','zje7wv','1110','general',720000,0,NULL,NULL),
('zjl7wx','zje7wv','3100','general',0,720000,NULL,NULL),
('zjl7wz','zje7wy','1110','zakat',480000,0,NULL,NULL),
('zjl7x0','zje7wy','3100','zakat',0,480000,NULL,NULL),
('zjl7x2','zje7x1','1110','sadaqah',240000,0,NULL,NULL),
('zjl7x3','zje7x1','3100','sadaqah',0,240000,NULL,NULL),
('zjl7x5','zje7x4','1110','waqf',360000,0,NULL,NULL),
('zjl7x6','zje7x4','3100','waqf',0,360000,NULL,NULL),
('zjl7x8','zje7x7','1110','projects',180000,0,NULL,NULL),
('zjl7x9','zje7x7','3100','projects',0,180000,NULL,NULL),
('zjl7xb','zje7xa','1120','general',480000,0,NULL,NULL),
('zjl7xc','zje7xa','3100','general',0,480000,NULL,NULL),
('zjl7xe','zje7xd','1120','zakat',320000,0,NULL,NULL),
('zjl7xf','zje7xd','3100','zakat',0,320000,NULL,NULL),
('zjl7xh','zje7xg','1120','sadaqah',160000,0,NULL,NULL),
('zjl7xi','zje7xg','3100','sadaqah',0,160000,NULL,NULL),
('zjl7xk','zje7xj','1120','waqf',240000,0,NULL,NULL),
('zjl7xl','zje7xj','3100','waqf',0,240000,NULL,NULL),
('zjl7xn','zje7xm','1120','projects',120000,0,NULL,NULL),
('zjl7xo','zje7xm','3100','projects',0,120000,NULL,NULL),
('zjl7xq','zje7xp','1115','general',50000,0,'SYP',6500000),
('zjl7xr','zje7xp','3100','general',0,50000,NULL,NULL),
('zjl7xu','zje7xt','1110','projects',20000,0,NULL,NULL),
('zjl7xv','zje7xt','4100','projects',0,20000,NULL,NULL),
('zjl7xy','zje7xx','1110','general',30000,0,NULL,NULL),
('zjl7xz','zje7xx','4100','general',0,30000,NULL,NULL),
('zjl7y2','zje7y1','1110','waqf',75000,0,NULL,NULL),
('zjl7y3','zje7y1','4100','waqf',0,75000,NULL,NULL),
('zjl7y6','zje7y5','1110','projects',30000,0,NULL,NULL),
('zjl7y7','zje7y5','4100','projects',0,30000,NULL,NULL),
('zjl7ya','zje7y9','1120','general',30000,0,NULL,NULL),
('zjl7yb','zje7y9','4100','general',0,30000,NULL,NULL),
('zjl7ye','zje7yd','1110','general',50000,0,NULL,NULL),
('zjl7yf','zje7yd','4100','general',0,50000,NULL,NULL),
('zjl7yi','zje7yh','1120','general',75000,0,NULL,NULL),
('zjl7yj','zje7yh','4100','general',0,75000,NULL,NULL),
('zjl7ym','zje7yl','1110','waqf',30000,0,NULL,NULL),
('zjl7yn','zje7yl','4100','waqf',0,30000,NULL,NULL),
('zjl7yq','zje7yp','1110','zakat',50000,0,NULL,NULL),
('zjl7yr','zje7yp','4100','zakat',0,50000,NULL,NULL),
('zjl7yu','zje7yt','1110','general',30000,0,NULL,NULL),
('zjl7yv','zje7yt','4100','general',0,30000,NULL,NULL),
('zjl7yy','zje7yx','1110','sadaqah',75000,0,NULL,NULL),
('zjl7yz','zje7yx','4100','sadaqah',0,75000,NULL,NULL),
('zjl7z2','zje7z1','1120','waqf',50000,0,NULL,NULL),
('zjl7z3','zje7z1','4100','waqf',0,50000,NULL,NULL),
('zjl7z6','zje7z5','1120','zakat',100000,0,NULL,NULL),
('zjl7z7','zje7z5','4100','zakat',0,100000,NULL,NULL),
('zjl7za','zje7z9','1110','waqf',75000,0,NULL,NULL),
('zjl7zb','zje7z9','4100','waqf',0,75000,NULL,NULL),
('zjl7ze','zje7zd','1110','projects',75000,0,NULL,NULL),
('zjl7zf','zje7zd','4100','projects',0,75000,NULL,NULL),
('zjl7zi','zje7zh','1110','zakat',20000,0,NULL,NULL),
('zjl7zj','zje7zh','4100','zakat',0,20000,NULL,NULL),
('zjl7zm','zje7zl','1110','general',50000,0,NULL,NULL),
('zjl7zn','zje7zl','4100','general',0,50000,NULL,NULL),
('zjl7zq','zje7zp','1110','general',20000,0,NULL,NULL),
('zjl7zr','zje7zp','4100','general',0,20000,NULL,NULL),
('zjl7zu','zje7zt','1120','sadaqah',10000,0,NULL,NULL),
('zjl7zv','zje7zt','4100','sadaqah',0,10000,NULL,NULL);
INSERT OR IGNORE INTO journal_lines (id,entry_id,account_id,fund_id,debit_cents,credit_cents,currency,amount_orig) VALUES
('zjl7zy','zje7zx','1110','sadaqah',50000,0,NULL,NULL),
('zjl7zz','zje7zx','4100','sadaqah',0,50000,NULL,NULL),
('zjl802','zje801','1120','general',30000,0,NULL,NULL),
('zjl803','zje801','4100','general',0,30000,NULL,NULL),
('zjl806','zje805','1110','waqf',75000,0,NULL,NULL),
('zjl807','zje805','4100','waqf',0,75000,NULL,NULL),
('zjl80a','zje809','1110','sadaqah',30000,0,NULL,NULL),
('zjl80b','zje809','4100','sadaqah',0,30000,NULL,NULL),
('zjl80e','zje80d','1120','sadaqah',20000,0,NULL,NULL),
('zjl80f','zje80d','4100','sadaqah',0,20000,NULL,NULL),
('zjl80i','zje80h','1110','waqf',100000,0,NULL,NULL),
('zjl80j','zje80h','4100','waqf',0,100000,NULL,NULL),
('zjl80m','zje80l','1110','general',30000,0,NULL,NULL),
('zjl80n','zje80l','4100','general',0,30000,NULL,NULL),
('zjl80q','zje80p','1110','zakat',75000,0,NULL,NULL),
('zjl80r','zje80p','4100','zakat',0,75000,NULL,NULL),
('zjl80u','zje80t','1120','projects',50000,0,NULL,NULL),
('zjl80v','zje80t','4100','projects',0,50000,NULL,NULL),
('zjl80y','zje80x','1110','sadaqah',10000,0,NULL,NULL),
('zjl80z','zje80x','4100','sadaqah',0,10000,NULL,NULL),
('zjl812','zje811','1110','waqf',30000,0,NULL,NULL),
('zjl813','zje811','4100','waqf',0,30000,NULL,NULL),
('zjl816','zje815','1110','waqf',50000,0,NULL,NULL),
('zjl817','zje815','4100','waqf',0,50000,NULL,NULL),
('zjl81a','zje819','1110','waqf',30000,0,NULL,NULL),
('zjl81b','zje819','4100','waqf',0,30000,NULL,NULL),
('zjl81e','zje81d','1110','general',50000,0,NULL,NULL),
('zjl81f','zje81d','4100','general',0,50000,NULL,NULL),
('zjl81i','zje81h','1120','waqf',30000,0,NULL,NULL),
('zjl81j','zje81h','4100','waqf',0,30000,NULL,NULL),
('zjl81m','zje81l','1120','general',20000,0,NULL,NULL),
('zjl81n','zje81l','4100','general',0,20000,NULL,NULL),
('zjl81q','zje81p','1110','sadaqah',100000,0,NULL,NULL),
('zjl81r','zje81p','4100','sadaqah',0,100000,NULL,NULL),
('zjl81u','zje81t','1110','general',50000,0,NULL,NULL),
('zjl81v','zje81t','4100','general',0,50000,NULL,NULL),
('zjl81y','zje81x','1120','waqf',30000,0,NULL,NULL),
('zjl81z','zje81x','4100','waqf',0,30000,NULL,NULL),
('zjl822','zje821','1110','waqf',10000,0,NULL,NULL),
('zjl823','zje821','4100','waqf',0,10000,NULL,NULL),
('zjl826','zje825','1110','general',50000,0,NULL,NULL),
('zjl827','zje825','4100','general',0,50000,NULL,NULL),
('zjl82a','zje829','5300','projects',8000,0,NULL,NULL),
('zjl82b','zje829','1110','projects',0,8000,NULL,NULL),
('zjl82e','zje82d','5200','waqf',4000,0,NULL,NULL),
('zjl82f','zje82d','1110','waqf',0,4000,NULL,NULL),
('zjl82i','zje82h','5200','general',35000,0,NULL,NULL),
('zjl82j','zje82h','1110','general',0,35000,NULL,NULL),
('zjl82m','zje82l','5200','waqf',12000,0,NULL,NULL),
('zjl82n','zje82l','1110','waqf',0,12000,NULL,NULL),
('zjl82q','zje82p','5300','general',4000,0,NULL,NULL),
('zjl82r','zje82p','1110','general',0,4000,NULL,NULL),
('zjl82u','zje82t','5300','waqf',35000,0,NULL,NULL),
('zjl82v','zje82t','1110','waqf',0,35000,NULL,NULL),
('zjl82y','zje82x','5200','general',20000,0,NULL,NULL),
('zjl82z','zje82x','1110','general',0,20000,NULL,NULL),
('zjl832','zje831','5200','projects',35000,0,NULL,NULL),
('zjl833','zje831','1110','projects',0,35000,NULL,NULL),
('zjl836','zje835','5300','general',35000,0,NULL,NULL),
('zjl837','zje835','1110','general',0,35000,NULL,NULL);
INSERT OR IGNORE INTO journal_lines (id,entry_id,account_id,fund_id,debit_cents,credit_cents,currency,amount_orig) VALUES
('zjl83a','zje839','5200','general',12000,0,NULL,NULL),
('zjl83b','zje839','1110','general',0,12000,NULL,NULL),
('zjl83e','zje83d','5200','general',12000,0,NULL,NULL),
('zjl83f','zje83d','1110','general',0,12000,NULL,NULL),
('zjl83i','zje83h','5200','general',8000,0,NULL,NULL),
('zjl83j','zje83h','1110','general',0,8000,NULL,NULL),
('zjl83m','zje83l','5300','waqf',35000,0,NULL,NULL),
('zjl83n','zje83l','1110','waqf',0,35000,NULL,NULL),
('zjl83q','zje83p','5200','general',8000,0,NULL,NULL),
('zjl83r','zje83p','1110','general',0,8000,NULL,NULL),
('zjl83u','zje83t','5200','projects',4000,0,NULL,NULL),
('zjl83v','zje83t','1110','projects',0,4000,NULL,NULL),
('zjl83y','zje83x','5300','projects',4000,0,NULL,NULL),
('zjl83z','zje83x','1110','projects',0,4000,NULL,NULL),
('zjl842','zje841','5200','projects',35000,0,NULL,NULL),
('zjl843','zje841','1110','projects',0,35000,NULL,NULL),
('zjl846','zje845','5200','general',8000,0,NULL,NULL),
('zjl847','zje845','1110','general',0,8000,NULL,NULL),
('zjl84a','zje849','5200','projects',8000,0,NULL,NULL),
('zjl84b','zje849','1110','projects',0,8000,NULL,NULL),
('zjl84e','zje84d','5200','general',35000,0,NULL,NULL),
('zjl84f','zje84d','1110','general',0,35000,NULL,NULL),
('zjl84i','zje84h','5200','waqf',4000,0,NULL,NULL),
('zjl84j','zje84h','1110','waqf',0,4000,NULL,NULL),
('zjl84m','zje84l','5200','waqf',4000,0,NULL,NULL),
('zjl84n','zje84l','1110','waqf',0,4000,NULL,NULL),
('zjl84q','zje84p','5300','general',4000,0,NULL,NULL),
('zjl84r','zje84p','1110','general',0,4000,NULL,NULL),
('zjl84u','zje84t','5200','general',12000,0,NULL,NULL),
('zjl84v','zje84t','1110','general',0,12000,NULL,NULL),
('zjl84y','zje84x','5300','waqf',20000,0,NULL,NULL),
('zjl84z','zje84x','1110','waqf',0,20000,NULL,NULL),
('zjl852','zje851','5200','general',20000,0,NULL,NULL),
('zjl853','zje851','1110','general',0,20000,NULL,NULL),
('zjl856','zje855','5200','general',35000,0,NULL,NULL),
('zjl857','zje855','1110','general',0,35000,NULL,NULL),
('zjl85a','zje859','5200','general',12000,0,NULL,NULL),
('zjl85b','zje859','1110','general',0,12000,NULL,NULL),
('zjl85e','zje85d','5300','waqf',4000,0,NULL,NULL),
('zjl85f','zje85d','1110','waqf',0,4000,NULL,NULL),
('zjl85i','zje85h','5300','general',8000,0,NULL,NULL),
('zjl85j','zje85h','1110','general',0,8000,NULL,NULL),
('zjl85m','zje85l','5100','general',20000,0,NULL,NULL),
('zjl85n','zje85l','1110','general',0,20000,NULL,NULL),
('zjl85q','zje85p','5100','general',5000,0,NULL,NULL),
('zjl85r','zje85p','1110','general',0,5000,NULL,NULL),
('zjl85u','zje85t','5100','general',15000,0,NULL,NULL),
('zjl85v','zje85t','1110','general',0,15000,NULL,NULL),
('zjl85y','zje85x','5100','general',20000,0,NULL,NULL),
('zjl85z','zje85x','1110','general',0,20000,NULL,NULL),
('zjl862','zje861','5100','general',5000,0,NULL,NULL),
('zjl863','zje861','1110','general',0,5000,NULL,NULL),
('zjl866','zje865','5100','general',10000,0,NULL,NULL),
('zjl867','zje865','1110','general',0,10000,NULL,NULL),
('zjl86a','zje869','5100','general',5000,0,NULL,NULL),
('zjl86b','zje869','1110','general',0,5000,NULL,NULL),
('zjl86e','zje86d','5100','general',10000,0,NULL,NULL),
('zjl86f','zje86d','1110','general',0,10000,NULL,NULL),
('zjl86i','zje86h','5100','general',15000,0,NULL,NULL),
('zjl86j','zje86h','1110','general',0,15000,NULL,NULL);
INSERT OR IGNORE INTO journal_lines (id,entry_id,account_id,fund_id,debit_cents,credit_cents,currency,amount_orig) VALUES
('zjl86m','zje86l','5100','general',15000,0,NULL,NULL),
('zjl86n','zje86l','1110','general',0,15000,NULL,NULL),
('zjl86q','zje86p','5100','general',15000,0,NULL,NULL),
('zjl86r','zje86p','1110','general',0,15000,NULL,NULL),
('zjl86u','zje86t','5100','general',5000,0,NULL,NULL),
('zjl86v','zje86t','1110','general',0,5000,NULL,NULL);
INSERT OR IGNORE INTO donors (id,name,phone,note,created_at) VALUES
('zdnr86w','حسن النعسان','0963527477','من أهل الخير',1767455405093),
('zdnr86x','عبدالله البكري','0930505493',NULL,1759506605093),
('zdnr86y','خالد المحمد','0968535199',NULL,1776700205093),
('zdnr86z','سعيد النعسان','0984536415','من أهل الخير',1765122605093),
('zdnr870','خالد الإدلبي',NULL,NULL,1765036205093),
('zdnr871','معاذ الإدلبي',NULL,NULL,1773330605093),
('zdnr872','صهيب الكردي','0972144733',NULL,1766850605093),
('zdnr873','أحمد السالم',NULL,NULL,1762098605093),
('zdnr874','عبدالله الصالح',NULL,'محسنٌ دائم',1762444205093),
('zdnr875','علي البكري','0987049771',NULL,1763567405093),
('zdnr876','عثمان الزعبي','0941461087',NULL,1763653805093),
('zdnr877','معاذ النعسان','0961932514','يفضّل الوقف',1763394605093),
('zdnr878','ياسر السالم','0941073844','من أهل الخير',1778341805093),
('zdnr879','أيمن الحريري','0948568312',NULL,1777477805093),
('zdnr87a','عبدالله البكري',NULL,NULL,1766332205093),
('zdnr87b','إبراهيم البكري',NULL,'يفضّل الوقف',1770047405093),
('zdnr87c','حسين المحمد','0993517162',NULL,1761407405093),
('zdnr87d','عبدالرحمن الحموي','0923937952',NULL,1765036205093),
('zdnr87e','أحمد النعسان','0984263069',NULL,1776786605093),
('zdnr87f','صهيب البكري','0987095328','من أهل الخير',1770479405093),
('zdnr87g','معاذ السالم','0983842279',NULL,1773330605093),
('zdnr87h','إبراهيم الزعبي',NULL,NULL,1763049005093),
('zdnr87i','أسامة الزعبي','0995849554',NULL,1773330605093),
('zdnr87j','حسن السالم','0934426450',NULL,1774021805093),
('zdnr87k','إبراهيم الديب','0991823029',NULL,1765813805093),
('zdnr87l','عبدالرحمن المحمد',NULL,NULL,1764604205093),
('zdnr87m','أحمد العمر',NULL,NULL,1765727405093),
('zdnr87n','طارق القاسم',NULL,NULL,1760025005093),
('zdnr87o','محمد البكري',NULL,NULL,1776354605093),
('zdnr87p','يوسف الشامي',NULL,'من أهل الخير',1781538605093);
INSERT OR IGNORE INTO pledges (id,donor_id,fund_id,amount,fulfilled,due_at,status,note,created_by,created_at) VALUES
('zplg87q','zdnr86w','waqf',500,0,1789660205093,'open',NULL,'u-admin',1778255405093),
('zplg87r','zdnr86x','waqf',5000,0,1787500205093,'open',NULL,'u-admin',1778428205093),
('zplg87s','zdnr86z','waqf',1000,500,1790178605093,'open',NULL,'u-admin',1782661805093),
('zplg87t','zdnr872','general',1000,1000,1788537005093,'fulfilled','تعهّدٌ لمشروع المصلّى','u-admin',1782316205093),
('zplg87u','zdnr874','zakat',5000,3750,1785858605093,'open','تعهّدٌ لمشروع المصلّى','u-admin',1781365805093),
('zplg87v','zdnr875','zakat',5000,0,1790869805093,'open',NULL,'u-admin',1779205805093),
('zplg87w','zdnr876','zakat',5000,5000,1791474605093,'fulfilled',NULL,'u-admin',1779119405093),
('zplg87x','zdnr877','general',2000,0,1786722605093,'open','تعهّدٌ لمشروع المصلّى','u-admin',1778860205093),
('zplg87y','zdnr878','general',500,375,1792338605093,'open','تعهّدٌ لمشروع المصلّى','u-admin',1777045805093),
('zplg87z','zdnr879','zakat',5000,5000,1791733805093,'fulfilled','تعهّدٌ لمشروع المصلّى','u-admin',1777045805093),
('zplg880','zdnr87b','waqf',1000,1000,1794757805093,'fulfilled',NULL,'u-admin',1778773805093),
('zplg881','zdnr87c','zakat',5000,5000,1786290605093,'fulfilled',NULL,'u-admin',1781279405093),
('zplg882','zdnr87d','general',500,375,1794671405093,'open','تعهّدٌ لمشروع المصلّى','u-admin',1778082605093),
('zplg883','zdnr87h','general',500,375,1787759405093,'open','تعهّدٌ لمشروع المصلّى','u-admin',1778946605093),
('zplg884','zdnr87i','general',1000,0,1790437805093,'open',NULL,'u-admin',1779033005093),
('zplg885','zdnr87j','waqf',5000,5000,1790351405093,'fulfilled','تعهّدٌ لمشروع المصلّى','u-admin',1780588205093),
('zplg886','zdnr87k','general',5000,1250,1787845805093,'open','تعهّدٌ لمشروع المصلّى','u-admin',1783007405093),
('zplg887','zdnr87n','zakat',2000,2000,1793461805093,'fulfilled',NULL,'u-admin',1776786605093),
('zplg888','zdnr87o','projects',500,0,1787068205093,'open','تعهّدٌ لمشروع المصلّى','u-admin',1781193005093);
INSERT OR IGNORE INTO budgets (id,period,fund_id,account_id,amount,note,created_by,created_at) VALUES
('zbdg889','1447-05','zakat','5100',2000,NULL,'u-admin',1779205805093),
('zbdg88a','1447-05','sadaqah','5200',1000,NULL,'u-admin',1777909805093),
('zbdg88b','1447-05','waqf','5200',3000,NULL,'u-admin',1782143405093),
('zbdg88c','1448-02','general','5100',2000,NULL,'u-admin',1781884205093),
('zbdg88d','1448-02','sadaqah','5300',1000,NULL,'u-admin',1777737005093),
('zbdg88e','1448-02','waqf','5300',3000,NULL,'u-admin',1778255405093),
('zbdg88f','1448-02','projects','5200',2000,NULL,'u-admin',1781020205093);
INSERT OR IGNORE INTO expense_claims (id,mosque_id,fund_id,category,amount,note,status,requested_by,requested_at,decided_by,decided_at,reject_reason,expense_id,receipt_url) VALUES
('zclm88g','zmec','projects','صيانة سبورة',400,NULL,'approved','u-finance',1781538605093,'u-admin',1784303405093,NULL,NULL,NULL),
('zclm88h','zm7t','projects','شراء مكيّف',60,'مرفقٌ الإيصال','rejected','u-admin',1781711405093,'u-admin',1783525805093,'يلزم عرضُ سعرٍ ثانٍ',NULL,NULL),
('zclm88i','zm18','waqf','صيانة سبورة',250,NULL,'rejected','u-admin',1781625005093,'u-admin',1783612205093,'يلزم عرضُ سعرٍ ثانٍ',NULL,'/media/receipt-sample.jpg'),
('zclm88j','zmw4','waqf','شراء مكيّف',120,NULL,'pending','u-admin',1783353005093,NULL,NULL,NULL,NULL,NULL),
('zclm88k','zmr1','projects','أدوات نظافة',60,NULL,'approved','u-admin',1780933805093,'u-admin',1783525805093,NULL,NULL,NULL),
('zclm88l','zmu9','waqf','شراء مكيّف',250,NULL,'rejected','u-admin',1782748205093,'u-admin',1783698605093,'يلزم عرضُ سعرٍ ثانٍ',NULL,'/media/receipt-sample.jpg'),
('zclm88m','zm14n','general','طباعة مطويات',60,'مرفقٌ الإيصال','pending','u-finance',1784044205093,NULL,NULL,NULL,NULL,NULL),
('zclm88n','zmu9','general','أدوات نظافة',600,'مرفقٌ الإيصال','rejected','u-admin',1783525805093,'u-admin',1784044205093,'بندٌ غيرُ ضروريّ الآن',NULL,NULL),
('zclm88o','zmsm','general','صيانة سبورة',600,NULL,'approved','u-admin',1782229805093,'u-admin',1783698605093,NULL,NULL,'/media/receipt-sample.jpg'),
('zclm88p','zm102','waqf','صيانة سبورة',60,'مرفقٌ الإيصال','pending','u-admin',1782489005093,NULL,NULL,NULL,NULL,'/media/receipt-sample.jpg'),
('zclm88q','zmv9','general','شراء مكيّف',600,NULL,'approved','u-admin',1783439405093,'u-admin',1782921005093,NULL,NULL,'/media/receipt-sample.jpg'),
('zclm88r','zm44','projects','طباعة مطويات',600,NULL,'pending','u-finance',1781365805093,NULL,NULL,NULL,NULL,NULL),
('zclm88s','zmo2','projects','صيانة سبورة',250,'مرفقٌ الإيصال','rejected','u-admin',1783439405093,'u-admin',1784217005093,'بندٌ غيرُ ضروريّ الآن',NULL,'/media/receipt-sample.jpg'),
('zclm88t','zm12w','waqf','أدوات نظافة',60,'مرفقٌ الإيصال','rejected','u-admin',1783871405093,'u-admin',1783698605093,'يتجاوز الموازنة',NULL,NULL),
('zclm88u','zm102','general','أدوات نظافة',120,NULL,'rejected','u-finance',1783266605093,'u-admin',1783612205093,'يلزم عرضُ سعرٍ ثانٍ',NULL,NULL),
('zclm88v','zmr1','waqf','صيانة سبورة',250,NULL,'rejected','u-admin',1781020205093,'u-admin',1782834605093,'بندٌ غيرُ ضروريّ الآن',NULL,'/media/receipt-sample.jpg'),
('zclm88w','zmu9','waqf','شراء مكيّف',400,NULL,'pending','u-admin',1782057005093,NULL,NULL,NULL,NULL,NULL),
('zclm88x','zmn7','projects','شراء مكيّف',400,'مرفقٌ الإيصال','approved','u-finance',1783353005093,'u-admin',1784303405093,NULL,NULL,NULL),
('zclm88y','zmkq','waqf','شراء مكيّف',600,'مرفقٌ الإيصال','approved','u-finance',1784130605093,'u-admin',1783266605093,NULL,NULL,NULL),
('zclm88z','zm44','projects','صيانة سبورة',120,NULL,'approved','u-admin',1781970605093,'u-admin',1782748205093,NULL,NULL,NULL);
INSERT OR IGNORE INTO staff_advances (id,person_id,principal,balance,monthly_deduction,fund_id,status,note,created_by,created_at) VALUES
('zadv890','zph8',200,200,50,'general','active',NULL,'u-admin',1777909805093),
('zadv891','zp10p',200,200,50,'general','active','سلفةٌ تُستردّ أقساطًا','u-admin',1774713005093),
('zadv892','zpkt',800,400,50,'general','active',NULL,'u-admin',1774281005093),
('zadv893','zpqn',500,400,50,'general','active','سلفةٌ تُستردّ أقساطًا','u-admin',1780674605093),
('zadv894','zpzh',200,200,50,'general','active',NULL,'u-admin',1777132205093),
('zadv895','zp73',500,500,80,'general','active','سلفةٌ تُستردّ أقساطًا','u-admin',1781452205093),
('zadv896','zpaj',800,640,80,'general','active',NULL,'u-admin',1775404205093),
('zadv897','zpbo',500,250,100,'general','active','سلفةٌ تُستردّ أقساطًا','u-admin',1781625005093),
('zadv898','zpno',800,640,80,'general','active',NULL,'u-admin',1781884205093),
('zadv899','zplx',300,300,80,'general','active',NULL,'u-admin',1777909805093);
INSERT OR IGNORE INTO petty_cash_boxes (id,name,custodian_person_id,custodian_name,float_amount,balance,fund_id,status,created_by,created_at) VALUES
('zpcb89a','نثرية الضيافة','zp65','خالد الصالح',200,80,'general','active','u-admin',1781538605093),
('zpcb89g','نثرية اللجان','zptf','أسامة الخطيب',500,400,'general','active','u-admin',1778082605093),
('zpcb89l','نثرية الإدارة','zpfa','سعيد الإدلبي',300,180,'general','active','u-admin',1777305005093),
('zpcb89r','نثرية الضيافة','zp7r','زيد النعسان',200,80,'general','active','u-admin',1781538605093);
INSERT OR IGNORE INTO petty_cash_txns (id,box_id,kind,amount,category,note,created_by,created_at) VALUES
('zpct89b','zpcb89a','expense',50,'مواصلات',NULL,'u-finance',1784303405093),
('zpct89c','zpcb89a','expense',10,'ضيافة',NULL,'u-finance',1783007405093),
('zpct89d','zpcb89a','expense',10,'ضيافة',NULL,'u-finance',1782316205093),
('zpct89e','zpcb89a','expense',30,'مواصلات',NULL,'u-finance',1782921005093),
('zpct89f','zpcb89a','open',200,NULL,'فتحُ الصندوق','u-admin',1778860205093),
('zpct89h','zpcb89g','expense',50,'ضيافة',NULL,'u-finance',1782489005093),
('zpct89i','zpcb89g','expense',30,'قرطاسية',NULL,'u-finance',1783439405093),
('zpct89j','zpcb89g','expense',20,'ضيافة',NULL,'u-finance',1783785005093),
('zpct89k','zpcb89g','open',500,NULL,'فتحُ الصندوق','u-admin',1781020205093),
('zpct89m','zpcb89l','expense',10,'مواصلات',NULL,'u-finance',1783353005093),
('zpct89n','zpcb89l','expense',50,'قرطاسية',NULL,'u-finance',1783785005093),
('zpct89o','zpcb89l','expense',20,'قرطاسية',NULL,'u-finance',1783007405093),
('zpct89p','zpcb89l','expense',20,'قرطاسية',NULL,'u-finance',1783612205093),
('zpct89q','zpcb89l','open',300,NULL,'فتحُ الصندوق','u-admin',1781625005093),
('zpct89s','zpcb89r','expense',20,'ضيافة',NULL,'u-finance',1783698605093),
('zpct89t','zpcb89r','expense',10,'ضيافة',NULL,'u-finance',1784130605093),
('zpct89u','zpcb89r','open',200,NULL,'فتحُ الصندوق','u-admin',1779551405093);
INSERT OR IGNORE INTO fixed_assets (id,name,cost,salvage_value,useful_life_months,start_period,fund_id,status,note,created_by,created_at) VALUES
('zfa89v','مركبة نقل',900,90,48,'1447-01','projects','active',NULL,'u-admin',1767541805093),
('zfa89z','مولّد كهرباء',2400,240,48,'1447-01','projects','active',NULL,'u-admin',1778169005093),
('zfa8a2','نظام صوت',600,60,48,'1447-01','waqf','active',NULL,'u-admin',1769701805093),
('zfa8a5','مولّد كهرباء',900,90,24,'1447-01','projects','active',NULL,'u-admin',1776873005093),
('zfa8aa','مولّد كهرباء',900,90,12,'1447-01','projects','active',NULL,'u-admin',1770825005093),
('zfa8af','أثاث مكتب',1200,120,48,'1447-01','waqf','active',NULL,'u-admin',1777305005093),
('zfa8al','مكيّف',900,90,24,'1447-01','general','active',NULL,'u-admin',1767973805093),
('zfa8aq','أثاث مكتب',900,90,12,'1447-01','projects','active',NULL,'u-admin',1775404205093);
INSERT OR IGNORE INTO depreciation_runs (id,fixed_asset_id,period,amount,created_at) VALUES
('zdep89w','zfa89v','1447-01',16.88,1775749805093),
('zdep89x','zfa89v','1447-02',16.88,1777477805093),
('zdep89y','zfa89v','1447-03',16.88,1779205805093),
('zdep8a0','zfa89z','1447-01',45,1775749805093),
('zdep8a1','zfa89z','1447-02',45,1777477805093),
('zdep8a3','zfa8a2','1447-01',11.25,1775749805093),
('zdep8a4','zfa8a2','1447-02',11.25,1777477805093),
('zdep8a6','zfa8a5','1447-01',33.75,1775749805093),
('zdep8a7','zfa8a5','1447-02',33.75,1777477805093),
('zdep8a8','zfa8a5','1447-03',33.75,1779205805093),
('zdep8a9','zfa8a5','1447-04',33.75,1780933805093),
('zdep8ab','zfa8aa','1447-01',67.5,1775749805093),
('zdep8ac','zfa8aa','1447-02',67.5,1777477805093),
('zdep8ad','zfa8aa','1447-03',67.5,1779205805093),
('zdep8ae','zfa8aa','1447-04',67.5,1780933805093),
('zdep8ag','zfa8af','1447-01',22.5,1775749805093),
('zdep8ah','zfa8af','1447-02',22.5,1777477805093),
('zdep8ai','zfa8af','1447-03',22.5,1779205805093),
('zdep8aj','zfa8af','1447-04',22.5,1780933805093),
('zdep8ak','zfa8af','1447-05',22.5,1782661805093),
('zdep8am','zfa8al','1447-01',33.75,1775749805093),
('zdep8an','zfa8al','1447-02',33.75,1777477805093),
('zdep8ao','zfa8al','1447-03',33.75,1779205805093),
('zdep8ap','zfa8al','1447-04',33.75,1780933805093),
('zdep8ar','zfa8aq','1447-01',67.5,1775749805093),
('zdep8as','zfa8aq','1447-02',67.5,1777477805093),
('zdep8at','zfa8aq','1447-03',67.5,1779205805093),
('zdep8au','zfa8aq','1447-04',67.5,1780933805093);
INSERT OR IGNORE INTO payment_batches (id,title,period,fund_id,status,created_by,created_at,paid_by,paid_at) VALUES
('zpb8av','مكافآت المعلّمين 1447-06','1448-02','general','paid','u-finance',1782143405093,'u-admin',1783093805093),
('zpb8b2','بدلات مواصلات','1448-02','general','draft','u-finance',1782057005093,NULL,NULL),
('zpb8b9','دفعة أمراء المساجد','1448-02','general','paid','u-finance',1782057005093,'u-admin',1783180205093),
('zpb8bf','دفعة أمراء المساجد','1448-02','general','draft','u-finance',1781625005093,NULL,NULL),
('zpb8bk','مكافآت المعلّمين 1447-06','1448-02','general','paid','u-finance',1782834605093,'u-admin',1783785005093);
INSERT OR IGNORE INTO payment_batch_items (id,batch_id,person_name,amount,note,created_at) VALUES
('zpbi8aw','zpb8av','مصطفى الحريري',50,NULL,1782489005093),
('zpbi8ax','zpb8av','عثمان القاسم',50,NULL,1782402605093),
('zpbi8ay','zpb8av','يوسف الجاسم',75,NULL,1781538605093),
('zpbi8az','zpb8av','سلمان الصالح',75,NULL,1782057005093),
('zpbi8b0','zpb8av','خالد الإدلبي',100,NULL,1781193005093),
('zpbi8b1','zpb8av','خالد الحسن',75,NULL,1782143405093),
('zpbi8b3','zpb8b2','أنس الجاسم',150,NULL,1782575405093),
('zpbi8b4','zpb8b2','بلال الحريري',75,NULL,1782316205093),
('zpbi8b5','zpb8b2','بلال الأحمد',100,NULL,1782229805093),
('zpbi8b6','zpb8b2','محمد العمر',100,NULL,1783957805093),
('zpbi8b7','zpb8b2','زيد الحسن',75,NULL,1781452205093),
('zpbi8b8','zpb8b2','يوسف الديب',100,NULL,1780933805093),
('zpbi8ba','zpb8b9','سعيد السالم',75,NULL,1781452205093),
('zpbi8bb','zpb8b9','حسن السالم',50,NULL,1783698605093),
('zpbi8bc','zpb8b9','بلال العمر',150,NULL,1782661805093),
('zpbi8bd','zpb8b9','إبراهيم السالم',75,NULL,1783439405093),
('zpbi8be','zpb8b9','عبدالله الشامي',100,NULL,1781711405093),
('zpbi8bg','zpb8bf','حسين الحلبي',150,NULL,1782661805093),
('zpbi8bh','zpb8bf','أسامة البكري',75,NULL,1781711405093),
('zpbi8bi','zpb8bf','عثمان الجاسم',100,NULL,1782661805093),
('zpbi8bj','zpb8bf','أنس البكري',150,NULL,1782661805093),
('zpbi8bl','zpb8bk','أنس المحمد',50,NULL,1782661805093),
('zpbi8bm','zpb8bk','أنس الكردي',50,NULL,1781797805093),
('zpbi8bn','zpb8bk','أحمد الرفاعي',150,NULL,1783439405093);
INSERT OR IGNORE INTO fx_rates (id,currency,rate_to_base,effective_at,created_by,created_at) VALUES
('zfx8bo','SYP',0.0000769,1784389805093,'u-admin',1784389805093),
('zfx8bp','SYP',0.000073055,1782661805093,'u-admin',1782661805093),
('zfx8bq','SYP',0.00006921,1780933805093,'u-admin',1780933805093),
('zfx8br','TRY',0.031,1784389805093,'u-admin',1784389805093),
('zfx8bs','TRY',0.03007,1782661805093,'u-admin',1782661805093),
('zfx8bt','TRY',0.02914,1780933805093,'u-admin',1780933805093);
INSERT OR IGNORE INTO reconciliations (id,entry_id,account_id,reconciled_by,reconciled_at,note) VALUES
('zrec8bu','zje7xa','1120','u-admin',1784044205093,NULL),
('zrec8bv','zje7xd','1120','u-admin',1784044205093,NULL),
('zrec8bw','zje7xg','1120','u-admin',1783180205093,NULL),
('zrec8bx','zje7xj','1120','u-admin',1783612205093,NULL),
('zrec8by','zje7z5','1120','u-admin',1784044205093,NULL),
('zrec8bz','zje801','1120','u-admin',1782834605093,NULL);
INSERT OR IGNORE INTO payroll_adjustments (id,person_id,month,kind,amount,note,created_by,created_at) VALUES
('zpadj8c0','zpgh','1448-02','allowance',30,'بدلُ مواصلات','u-admin',1782057005093),
('zpadj8c1','zp3a','1448-02','allowance',50,'بدلُ مواصلات','u-admin',1782143405093),
('zpadj8c2','zph6','1448-02','deduction',30,'خصمُ غياب','u-admin',1782661805093),
('zpadj8c3','zp13t','1448-02','allowance',30,'بدلُ مواصلات','u-admin',1782575405093),
('zpadj8c4','zpcr','1448-02','deduction',50,'بدلُ سكن','u-admin',1783007405093),
('zpadj8c5','zpp8','1448-02','allowance',50,'بدلُ مواصلات','u-admin',1783871405093),
('zpadj8c6','zp12k','1448-02','allowance',20,'بدلُ مواصلات','u-admin',1782316205093),
('zpadj8c7','zpa4','1448-02','deduction',50,'مكافأةُ تميّز','u-admin',1782921005093),
('zpadj8c8','zpm1','1448-02','deduction',75,'خصمُ غياب','u-admin',1783525805093),
('zpadj8c9','zpsx','1448-02','allowance',20,'مكافأةُ تميّز','u-admin',1783525805093),
('zpadj8ca','zp34','1448-02','deduction',30,'بدلُ مواصلات','u-admin',1783007405093),
('zpadj8cb','zp11f','1448-02','allowance',20,'خصمُ غياب','u-admin',1783698605093),
('zpadj8cc','zpmp','1448-02','deduction',50,'بدلُ مواصلات','u-admin',1782402605093),
('zpadj8cd','zp1h','1448-02','allowance',50,'خصمُ غياب','u-admin',1783698605093),
('zpadj8ce','zpi7','1448-02','deduction',30,'بدلُ سكن','u-admin',1781970605093),
('zpadj8cf','zpbw','1448-02','deduction',30,'مكافأةُ تميّز','u-admin',1782921005093);
INSERT OR IGNORE INTO finance_actions (id,kind,payload,summary,amount_usd,currency,orig_amount,status,proposed_by,proposed_at,decided_by,decided_at,reject_reason,executed_at,result_ref,error,resubmit_of,client_uuid,created_at) VALUES
('zfa28cg','budget_set','{"period":"1448-02","fundId":"projects","amount":1500}','ضبطُ موازنة مشاريع بـ$1,500',0,NULL,NULL,'pending','u-finance',1784217005093,NULL,NULL,NULL,NULL,NULL,NULL,NULL,'cufa8ch',1784217005093),
('zfa28ci','fx_rate_set','{"currency":"TRY","rateToBase":0.032}','تحديثُ سعر صرف ₺',0,NULL,NULL,'pending','u-finance',1784044205093,NULL,NULL,NULL,NULL,NULL,NULL,NULL,'cufa8cj',1784044205093),
('zfa28ck','expense_add','{"mosqueId":"zmd","category":"صيانة مكيّفات","amount":180,"fund":"general"}','مصروفُ «صيانة مكيّفات» $180 من صندوق general',180,NULL,NULL,'pending','u-finance',1783871405093,NULL,NULL,NULL,NULL,NULL,NULL,NULL,'cufa8cl',1783871405093),
('zfa28cm','petty_open','{"name":"نثرية الطوارئ","floatAmount":250}','فتحُ صندوقٍ نثريّ «نثرية الطوارئ» بسقف $250',250,NULL,NULL,'pending','u-finance',1783698605093,NULL,NULL,NULL,NULL,NULL,NULL,NULL,'cufa8cn',1783698605093),
('zfa28co','advance_grant','{"personId":"zpml","principal":400,"monthlyDeduction":80}','منحُ سلفةٍ $400 تُستردُّ $80 شهريًّا',400,NULL,NULL,'pending','u-finance',1783525805093,NULL,NULL,NULL,NULL,NULL,NULL,NULL,'cufa8cp',1783525805093),
('zfa28cq','donation_add','{"mosqueId":"zmd","amount":300,"donorName":"محسن","fund":"general"}','تبرّعٌ $300 لصندوق general',300,NULL,NULL,'executed','u-finance',1783353005093,'u-admin',1783439405093,NULL,1783439405093,'R-000123',NULL,NULL,'cufa8cr',1783353005093),
('zfa28cs','budget_set','{"period":"1448-02","fundId":"general","amount":4000}','ضبطُ موازنة عامّة $4,000',0,NULL,NULL,'executed','u-finance',1783525805093,'u-admin',1783612205093,NULL,1783612205093,NULL,NULL,NULL,'cufa8ct',1783525805093),
('zfa28cu','expense_add','{"mosqueId":"zmd","category":"أثاث فاخر","amount":2000,"fund":"general"}','مصروفُ «أثاث فاخر» $2,000',2000,NULL,NULL,'rejected','u-finance',1783698605093,'u-admin',1783785005093,'يتجاوز حاجةَ الشهر — قدِّم بندًا أدنى',NULL,NULL,NULL,NULL,'cufa8cv',1783698605093);
INSERT OR IGNORE INTO materials (id,title,category,kind,external_url,content_type,size_bytes,description,audience,sort_order,status,created_by,created_at) VALUES
('zmat8d1','دليل الأمير','leadership','pdf',NULL,'application/pdf',400865,'مادّةٌ تدريبيّةٌ إلزاميّةٌ ضمن مسار التأهيل.','amir',1,'active','u-admin',1772898605093),
('zmat8d2','أساسيّات على بصيرة','education','pdf',NULL,'application/pdf',4409758,'مادّةٌ تدريبيّةٌ إلزاميّةٌ ضمن مسار التأهيل.','teacher',2,'active','u-admin',1778601005093),
('zmat8d3','مهارات الإشراف','supervision','link','https://example.org/material',NULL,NULL,'مادّةٌ تدريبيّةٌ إلزاميّةٌ ضمن مسار التأهيل.','supervisor',3,'active','u-admin',1773935405093),
('zmat8d4','فقه إدارة المسجد','management','pdf',NULL,'application/pdf',3089004,'مادّةٌ تدريبيّةٌ إلزاميّةٌ ضمن مسار التأهيل.','amir',4,'active','u-admin',1778860205093),
('zmat8d5','التعامل مع الشباب','education','audio',NULL,'audio/mpeg',NULL,'مادّةٌ تدريبيّةٌ إلزاميّةٌ ضمن مسار التأهيل.','all',5,'active','u-admin',1770133805093),
('zmat8d6','إعداد التقارير','admin','pdf',NULL,'application/pdf',1538756,'مادّةٌ تدريبيّةٌ إلزاميّةٌ ضمن مسار التأهيل.','amir',6,'active','u-admin',1773935405093),
('zmat8d7','أمن المعلومات','tech','link','https://example.org/material',NULL,NULL,'مادّةٌ تدريبيّةٌ إلزاميّةٌ ضمن مسار التأهيل.','all',7,'active','u-admin',1770133805093),
('zmat8d8','الإسعافات الأوّليّة','safety','pdf',NULL,'application/pdf',991281,'مادّةٌ تدريبيّةٌ إلزاميّةٌ ضمن مسار التأهيل.','all',8,'active','u-admin',1780933805093);
INSERT OR IGNORE INTO material_progress (id,material_id,person_id,delivered_at,opened_at,completed_at) VALUES
('zmp8d9','zmat8d1','zpe',1781452205093,1779724205093,1783957805093),
('zmp8da','zmat8d6','zpe',1780156205093,1782057005093,1781625005093),
('zmp8db','zmat8d1','zp19',1779810605093,1783439405093,1784044205093),
('zmp8dc','zmat8d4','zp19',1779897005093,1781365805093,1783698605093),
('zmp8dd','zmat8d7','zp19',1782575405093,1781711405093,1783957805093),
('zmp8de','zmat8d1','zp28',1778428205093,1783957805093,1784044205093),
('zmp8df','zmat8d5','zp28',1781279405093,1780847405093,1783266605093),
('zmp8dg','zmat8d6','zp28',1781193005093,1782316205093,NULL),
('zmp8dh','zmat8d1','zp34',1777132205093,1782834605093,NULL),
('zmp8di','zmat8d4','zp34',1780501805093,1782489005093,1781797805093),
('zmp8dj','zmat8d7','zp34',1781279405093,1779551405093,1781711405093),
('zmp8dk','zmat8d8','zp34',1781365805093,1779983405093,NULL),
('zmp8dl','zmat8d4','zp45',1776959405093,1782661805093,NULL),
('zmp8dm','zmat8d5','zp45',1779033005093,NULL,NULL),
('zmp8dn','zmat8d7','zp45',1776959405093,1781106605093,NULL),
('zmp8do','zmat8d8','zp45',1778860205093,NULL,NULL),
('zmp8dp','zmat8d1','zp55',1779292205093,1783093805093,NULL),
('zmp8dq','zmat8d4','zp55',1778514605093,1781970605093,1781279405093),
('zmp8dr','zmat8d5','zp55',1779983405093,1783007405093,1781711405093),
('zmp8ds','zmat8d6','zp55',1777218605093,1780761005093,1782316205093),
('zmp8dt','zmat8d1','zp61',1782057005093,1779205805093,1782229805093),
('zmp8du','zmat8d4','zp61',1779983405093,1781020205093,1783698605093),
('zmp8dv','zmat8d6','zp61',1781797805093,1780501805093,NULL),
('zmp8dw','zmat8d7','zp61',1779551405093,1780242605093,1784217005093),
('zmp8dx','zmat8d8','zp61',1779897005093,1783871405093,1781106605093),
('zmp8dy','zmat8d4','zp6v',1782575405093,1780501805093,1781365805093),
('zmp8dz','zmat8d5','zp6v',1777477805093,NULL,NULL),
('zmp8e0','zmat8d6','zp6v',1780242605093,1781970605093,1783353005093),
('zmp8e1','zmat8d7','zp6v',1781538605093,NULL,NULL),
('zmp8e2','zmat8d8','zp6v',1776786605093,1781884205093,1784044205093),
('zmp8e3','zmat8d5','zp7u',1779465005093,NULL,NULL),
('zmp8e4','zmat8d6','zp7u',1779119405093,NULL,NULL),
('zmp8e5','zmat8d8','zp7u',1778514605093,1781193005093,1783525805093),
('zmp8e6','zmat8d4','zp8r',1776613805093,1780069805093,1781797805093),
('zmp8e7','zmat8d1','zp9o',1782402605093,1780847405093,1784130605093),
('zmp8e8','zmat8d4','zp9o',1777650605093,1781279405093,1783180205093),
('zmp8e9','zmat8d5','zp9o',1779119405093,1783698605093,NULL),
('zmp8ea','zmat8d7','zp9o',1780329005093,NULL,NULL),
('zmp8eb','zmat8d8','zp9o',1778169005093,1781970605093,NULL),
('zmp8ec','zmat8d1','zpah',1779205805093,1779724205093,1781711405093),
('zmp8ed','zmat8d6','zpah',1780588205093,1783525805093,NULL),
('zmp8ee','zmat8d7','zpah',1780329005093,1780156205093,1782229805093),
('zmp8ef','zmat8d6','zpbe',1777391405093,1782229805093,1783698605093),
('zmp8eg','zmat8d7','zpbe',1780329005093,1781970605093,1780933805093),
('zmp8eh','zmat8d8','zpbe',1779637805093,1779810605093,1781365805093),
('zmp8ei','zmat8d1','zpcj',1777218605093,1780501805093,1783007405093),
('zmp8ej','zmat8d4','zpcj',1780674605093,1780242605093,1783353005093),
('zmp8ek','zmat8d6','zpcj',1777305005093,1783353005093,1783871405093),
('zmp8el','zmat8d8','zpcj',1780242605093,1783698605093,1783612205093),
('zmp8em','zmat8d4','zpdc',1782229805093,NULL,NULL),
('zmp8en','zmat8d5','zpdc',1779378605093,1780415405093,1782661805093),
('zmp8eo','zmat8d1','zped',1777218605093,1780761005093,NULL),
('zmp8ep','zmat8d5','zped',1777564205093,1783439405093,1782834605093),
('zmp8eq','zmat8d6','zped',1779378605093,NULL,NULL),
('zmp8er','zmat8d7','zped',1781538605093,1783353005093,NULL),
('zmp8es','zmat8d1','zpf8',1781279405093,1779637805093,NULL),
('zmp8et','zmat8d5','zpf8',1776786605093,1782921005093,1781625005093),
('zmp8eu','zmat8d6','zpf8',1777650605093,NULL,NULL),
('zmp8ev','zmat8d7','zpf8',1782057005093,1779465005093,1783353005093),
('zmp8ew','zmat8d8','zpf8',1778514605093,1779205805093,NULL);
INSERT OR IGNORE INTO material_progress (id,material_id,person_id,delivered_at,opened_at,completed_at) VALUES
('zmp8ex','zmat8d1','zpg7',1781625005093,1779205805093,1782921005093),
('zmp8ey','zmat8d5','zpg7',1781365805093,NULL,NULL),
('zmp8ez','zmat8d6','zpg7',1781970605093,1779551405093,1782402605093),
('zmp8f0','zmat8d7','zpg7',1779637805093,1780069805093,NULL),
('zmp8f1','zmat8d8','zpg7',1777477805093,1783698605093,1781193005093),
('zmp8f2','zmat8d1','zph2',1778601005093,1783093805093,1783698605093),
('zmp8f3','zmat8d4','zph2',1780933805093,1781279405093,1782143405093),
('zmp8f4','zmat8d5','zph2',1778773805093,1780501805093,NULL),
('zmp8f5','zmat8d1','zphx',1781365805093,1779465005093,1781625005093),
('zmp8f6','zmat8d4','zphx',1781625005093,1781538605093,NULL),
('zmp8f7','zmat8d5','zphx',1781020205093,NULL,NULL),
('zmp8f8','zmat8d7','zphx',1779724205093,NULL,NULL),
('zmp8f9','zmat8d8','zphx',1779119405093,NULL,NULL),
('zmp8fa','zmat8d1','zpiu',1778601005093,1783439405093,1781193005093),
('zmp8fb','zmat8d4','zpiu',1778946605093,1783525805093,NULL),
('zmp8fc','zmat8d8','zpiu',1781279405093,1783007405093,NULL),
('zmp8fd','zmat8d1','zpjr',1778514605093,1782316205093,1783266605093),
('zmp8fe','zmat8d4','zpjr',1776700205093,1783525805093,1782143405093),
('zmp8ff','zmat8d7','zpjr',1778946605093,1783871405093,1783180205093),
('zmp8fg','zmat8d4','zplp',1782489005093,1780415405093,1782748205093),
('zmp8fh','zmat8d6','zplp',1780415405093,1782921005093,1783180205093),
('zmp8fi','zmat8d8','zplp',1780933805093,NULL,NULL),
('zmp8fj','zmat8d1','zpmf',1779897005093,1782661805093,1782402605093),
('zmp8fk','zmat8d4','zpmf',1779983405093,1782229805093,1783525805093),
('zmp8fl','zmat8d5','zpmf',1777477805093,1781625005093,1783525805093),
('zmp8fm','zmat8d8','zpmf',1778082605093,1783698605093,1781193005093),
('zmp8fn','zmat8d6','zpn8',1779119405093,1780933805093,1783353005093),
('zmp8fo','zmat8d1','zpo3',1777650605093,NULL,NULL),
('zmp8fp','zmat8d5','zpo3',1777909805093,1783439405093,1782748205093),
('zmp8fq','zmat8d7','zpo3',1777132205093,1780847405093,1783871405093),
('zmp8fr','zmat8d8','zpo3',1780501805093,1781970605093,NULL),
('zmp8fs','zmat8d8','zpp4',1780674605093,NULL,NULL),
('zmp8ft','zmat8d4','zpqb',1779033005093,1782057005093,NULL),
('zmp8fu','zmat8d6','zpqb',1780501805093,NULL,NULL),
('zmp8fv','zmat8d7','zpqb',1780329005093,NULL,NULL),
('zmp8fw','zmat8d8','zpqb',1781279405093,1783612205093,NULL),
('zmp8fx','zmat8d1','zpr2',1781884205093,1781365805093,NULL),
('zmp8fy','zmat8d4','zpr2',1782402605093,1780242605093,1782143405093),
('zmp8fz','zmat8d5','zpr2',1780069805093,1781106605093,1781020205093),
('zmp8g0','zmat8d6','zpr2',1780501805093,1779205805093,1781711405093),
('zmp8g1','zmat8d7','zpr2',1781538605093,1779205805093,NULL),
('zmp8g2','zmat8d5','zprt',1780501805093,1783266605093,NULL),
('zmp8g3','zmat8d7','zprt',1776959405093,1779378605093,NULL),
('zmp8g4','zmat8d8','zprt',1778601005093,1779551405093,NULL),
('zmp8g5','zmat8d4','zpsn',1782057005093,1779983405093,1783353005093),
('zmp8g6','zmat8d5','zpsn',1777132205093,1781365805093,NULL),
('zmp8g7','zmat8d7','zpsn',1779724205093,1783439405093,NULL),
('zmp8g8','zmat8d8','zpsn',1779292205093,1779810605093,1784130605093),
('zmp8g9','zmat8d1','zpt9',1777305005093,1779983405093,1782575405093),
('zmp8ga','zmat8d4','zpt9',1778341805093,1782143405093,1783698605093),
('zmp8gb','zmat8d5','zpt9',1781279405093,1780329005093,1782748205093),
('zmp8gc','zmat8d7','zpt9',1780847405093,1783612205093,1783698605093),
('zmp8gd','zmat8d4','zpua',1779810605093,1782057005093,1783439405093),
('zmp8ge','zmat8d6','zpua',1778773805093,1783439405093,1782229805093),
('zmp8gf','zmat8d7','zpua',1781538605093,1781106605093,NULL),
('zmp8gg','zmat8d8','zpua',1777650605093,NULL,NULL),
('zmp8gh','zmat8d5','zpva',1776873005093,1781970605093,1783353005093),
('zmp8gi','zmat8d6','zpva',1779637805093,1780933805093,NULL),
('zmp8gj','zmat8d7','zpva',1782229805093,1783439405093,1782316205093),
('zmp8gk','zmat8d8','zpva',1778514605093,NULL,NULL);
INSERT OR IGNORE INTO material_progress (id,material_id,person_id,delivered_at,opened_at,completed_at) VALUES
('zmp8gl','zmat8d1','zpw5',1782402605093,NULL,NULL),
('zmp8gm','zmat8d4','zpw5',1780069805093,1781625005093,NULL),
('zmp8gn','zmat8d5','zpw5',1778341805093,1782575405093,1782575405093),
('zmp8go','zmat8d7','zpw5',1779551405093,NULL,NULL),
('zmp8gp','zmat8d5','zpx4',1777650605093,1783180205093,NULL),
('zmp8gq','zmat8d6','zpx4',1780069805093,1782489005093,1782489005093),
('zmp8gr','zmat8d7','zpx4',1780415405093,NULL,NULL),
('zmp8gs','zmat8d8','zpx4',1777218605093,NULL,NULL),
('zmp8gt','zmat8d1','zpxr',1777218605093,1783698605093,1783353005093),
('zmp8gu','zmat8d6','zpxr',1780156205093,NULL,NULL),
('zmp8gv','zmat8d7','zpxr',1778341805093,1782921005093,1781538605093),
('zmp8gw','zmat8d8','zpxr',1779292205093,1779724205093,NULL),
('zmp8gx','zmat8d1','zpyl',1781452205093,1779205805093,1784303405093),
('zmp8gy','zmat8d5','zpyl',1780242605093,1779897005093,NULL),
('zmp8gz','zmat8d6','zpyl',1780761005093,1783439405093,1782229805093),
('zmp8h0','zmat8d7','zpyl',1780933805093,1781625005093,1782143405093),
('zmp8h1','zmat8d8','zpyl',1777909805093,1783525805093,1784044205093),
('zmp8h2','zmat8d4','zpz9',1776959405093,NULL,NULL),
('zmp8h3','zmat8d5','zpz9',1782661805093,NULL,NULL),
('zmp8h4','zmat8d7','zpz9',1781365805093,1781625005093,NULL);
INSERT OR IGNORE INTO exams (id,scope_kind,scope_id,mosque_id,kind,title,description,publish_at,due_at,status,created_by,created_by_name,created_at) VALUES
('zex8h5','mosque','zmbd','zmbd','exam','مراجعة الوحدة','أجب عن الأسئلة قبل انتهاء الوقت.',1781970605093,1784476205093,'published','u-admin','المدير العام',1781193005093),
('zex8h6','circle','zc5n','zmo2','homework','بحثٌ قصير','أجب عن الأسئلة قبل انتهاء الوقت.',1782661805093,1785081005093,'published','u-admin','المدير العام',1782748205093),
('zex8h7','circle','zcb1','zmme','homework','بحثٌ قصير','أجب عن الأسئلة قبل انتهاء الوقت.',1783266605093,1785426605093,'closed','u-admin','المدير العام',1780933805093),
('zex8h8','circle','zcy9','zmn7','exam','اختبار على بصيرة','أجب عن الأسئلة قبل انتهاء الوقت.',1781970605093,1784908205093,'draft','u-admin','المدير العام',1782229805093),
('zex8h9','mosque','zm6u','zm6u','homework','واجب الحفظ','أجب عن الأسئلة قبل انتهاء الوقت.',1783093805093,1785599405093,'published','u-admin','المدير العام',1783266605093),
('zex8ha','mosque','zmo2','zmo2','homework','واجب الحفظ','أجب عن الأسئلة قبل انتهاء الوقت.',1781884205093,1785081005093,'published','u-admin','المدير العام',1782229805093),
('zex8hb','circle','zcz4','zmec','homework','تلخيص الدرس','أجب عن الأسئلة قبل انتهاء الوقت.',1783353005093,1785340205093,'published','u-admin','المدير العام',1781711405093),
('zex8hc','mosque','zmdb','zmdb','exam','اختبار الفقه','أجب عن الأسئلة قبل انتهاء الوقت.',1783007405093,1784303405093,'closed','u-admin','المدير العام',1783353005093),
('zex8hd','circle','zcb3','zmz8','exam','مراجعة الوحدة','أجب عن الأسئلة قبل انتهاء الوقت.',1782143405093,1785340205093,'published','u-admin','المدير العام',1781538605093),
('zex8he','circle','zcid','zmlo','exam','اختبار الفقه','أجب عن الأسئلة قبل انتهاء الوقت.',1782229805093,1785167405093,'draft','u-admin','المدير العام',1781538605093);
INSERT OR IGNORE INTO exam_questions (id,exam_id,sort_order,kind,text,options,correct,points) VALUES
('zeq8hf','zex8h5',1,'tf','الصلاةُ عمودُ الدين.',NULL,'false',1),
('zeq8hg','zex8h5',2,'tf','الزكاةُ ركنٌ من أركان الإسلام.',NULL,'true',1),
('zeq8hh','zex8h5',3,'tf','الصلاةُ عمودُ الدين.',NULL,'false',1),
('zeq8hi','zex8h6',1,'mcq','ما أوّلُ أركان الإسلام؟','["واجبة","سنّة مؤكّدة","مستحبّة","مباحة"]','0',1),
('zeq8hj','zex8h6',2,'mcq','ما أوّلُ أركان الإسلام؟','["واجبة","سنّة مؤكّدة","مستحبّة","مباحة"]','0',1),
('zeq8hk','zex8h6',3,'tf','الوضوءُ لا ينتقض بالنوم.',NULL,'true',1),
('zeq8hl','zex8h6',4,'tf','الوضوءُ لا ينتقض بالنوم.',NULL,'false',1),
('zeq8hm','zex8h7',1,'mcq','ما حكمُ صلاة الجماعة؟','["واجبة","سنّة مؤكّدة","مستحبّة","مباحة"]','0',1),
('zeq8hn','zex8h7',2,'mcq','ما حكمُ صلاة الجماعة؟','["واجبة","سنّة مؤكّدة","مستحبّة","مباحة"]','0',1),
('zeq8ho','zex8h7',3,'mcq','متى يجب الوضوء؟','["واجبة","سنّة مؤكّدة","مستحبّة","مباحة"]','0',1),
('zeq8hp','zex8h8',1,'mcq','ما حكمُ صلاة الجماعة؟','["واجبة","سنّة مؤكّدة","مستحبّة","مباحة"]','0',1),
('zeq8hq','zex8h8',2,'tf','الزكاةُ ركنٌ من أركان الإسلام.',NULL,'true',1),
('zeq8hr','zex8h8',3,'mcq','ما أوّلُ أركان الإسلام؟','["واجبة","سنّة مؤكّدة","مستحبّة","مباحة"]','0',1),
('zeq8hs','zex8h8',4,'mcq','متى يجب الوضوء؟','["واجبة","سنّة مؤكّدة","مستحبّة","مباحة"]','0',1),
('zeq8ht','zex8h8',5,'mcq','ما حكمُ صلاة الجماعة؟','["واجبة","سنّة مؤكّدة","مستحبّة","مباحة"]','0',1),
('zeq8hu','zex8h9',1,'mcq','ما حكمُ صلاة الجماعة؟','["واجبة","سنّة مؤكّدة","مستحبّة","مباحة"]','0',1),
('zeq8hv','zex8h9',2,'mcq','ما أوّلُ أركان الإسلام؟','["واجبة","سنّة مؤكّدة","مستحبّة","مباحة"]','0',1),
('zeq8hw','zex8h9',3,'tf','الزكاةُ ركنٌ من أركان الإسلام.',NULL,'true',1),
('zeq8hx','zex8ha',1,'tf','الصلاةُ عمودُ الدين.',NULL,'false',1),
('zeq8hy','zex8ha',2,'mcq','ما حكمُ صلاة الجماعة؟','["واجبة","سنّة مؤكّدة","مستحبّة","مباحة"]','0',1),
('zeq8hz','zex8ha',3,'mcq','ما أوّلُ أركان الإسلام؟','["واجبة","سنّة مؤكّدة","مستحبّة","مباحة"]','0',1),
('zeq8i0','zex8hb',1,'mcq','ما حكمُ صلاة الجماعة؟','["واجبة","سنّة مؤكّدة","مستحبّة","مباحة"]','0',1),
('zeq8i1','zex8hb',2,'tf','الصلاةُ عمودُ الدين.',NULL,'false',1),
('zeq8i2','zex8hb',3,'tf','الوضوءُ لا ينتقض بالنوم.',NULL,'true',1),
('zeq8i3','zex8hc',1,'tf','الوضوءُ لا ينتقض بالنوم.',NULL,'true',1),
('zeq8i4','zex8hc',2,'mcq','ما أوّلُ أركان الإسلام؟','["واجبة","سنّة مؤكّدة","مستحبّة","مباحة"]','0',1),
('zeq8i5','zex8hc',3,'mcq','ما أوّلُ أركان الإسلام؟','["واجبة","سنّة مؤكّدة","مستحبّة","مباحة"]','0',1),
('zeq8i6','zex8hc',4,'tf','الوضوءُ لا ينتقض بالنوم.',NULL,'true',1),
('zeq8i7','zex8hc',5,'tf','الصلاةُ عمودُ الدين.',NULL,'true',1),
('zeq8i8','zex8hc',6,'tf','الزكاةُ ركنٌ من أركان الإسلام.',NULL,'false',1),
('zeq8i9','zex8hd',1,'mcq','ما أوّلُ أركان الإسلام؟','["واجبة","سنّة مؤكّدة","مستحبّة","مباحة"]','0',1),
('zeq8ia','zex8hd',2,'mcq','ما أوّلُ أركان الإسلام؟','["واجبة","سنّة مؤكّدة","مستحبّة","مباحة"]','0',1),
('zeq8ib','zex8hd',3,'mcq','ما أوّلُ أركان الإسلام؟','["واجبة","سنّة مؤكّدة","مستحبّة","مباحة"]','0',1),
('zeq8ic','zex8hd',4,'mcq','ما حكمُ صلاة الجماعة؟','["واجبة","سنّة مؤكّدة","مستحبّة","مباحة"]','0',1),
('zeq8id','zex8hd',5,'mcq','متى يجب الوضوء؟','["واجبة","سنّة مؤكّدة","مستحبّة","مباحة"]','0',1),
('zeq8ie','zex8he',1,'tf','الصلاةُ عمودُ الدين.',NULL,'true',1),
('zeq8if','zex8he',2,'mcq','ما أوّلُ أركان الإسلام؟','["واجبة","سنّة مؤكّدة","مستحبّة","مباحة"]','0',1),
('zeq8ig','zex8he',3,'mcq','متى يجب الوضوء؟','["واجبة","سنّة مؤكّدة","مستحبّة","مباحة"]','0',1);
INSERT OR IGNORE INTO exam_submissions (id,exam_id,person_id,person_name,answers,score,max_score,submitted_at) VALUES
('zes8ih','zex8h5','zp1n','حسين الخطيب','{"0":"0","1":"true"}',4,6,1782748205093),
('zes8ii','zex8h5','zp12a','ياسر الزعبي','{"0":"0","1":"true"}',1,6,1783180205093),
('zes8ij','zex8h5','zpk5','طارق الشامي','{"0":"0","1":"true"}',5,6,1783871405093),
('zes8ik','zex8h5','zpal','بلال الأحمد','{"0":"0","1":"true"}',3,3,1783785005093),
('zes8il','zex8h5','zpyr','طارق السالم','{"0":"0","1":"true"}',5,5,1783353005093),
('zes8im','zex8h5','zp8r','يوسف الحريري','{"0":"0","1":"true"}',1,3,1783698605093),
('zes8in','zex8h5','zpxa','عثمان البكري','{"0":"0","1":"true"}',3,5,1782748205093),
('zes8io','zex8h6','zpm9','طارق الأحمد','{"0":"0","1":"true"}',5,5,1784044205093),
('zes8ip','zex8h6','zp10r','خالد القاسم','{"0":"0","1":"true"}',1,3,1783871405093),
('zes8iq','zex8h6','zpgj','عبدالرحمن الكردي','{"0":"0","1":"true"}',4,5,1782921005093),
('zes8ir','zex8h6','zpyl','بلال الأحمد','{"0":"0","1":"true"}',2,6,1782921005093),
('zes8is','zex8h6','zpu7','أحمد النعسان','{"0":"0","1":"true"}',4,4,1783871405093),
('zes8it','zex8h7','zp86','سلمان البكري','{"0":"0","1":"true"}',2,6,1783698605093),
('zes8iu','zex8h7','zpf8','مصطفى الكردي','{"0":"0","1":"true"}',1,5,1784217005093),
('zes8iv','zex8h7','zp6f','مصطفى الحموي','{"0":"0","1":"true"}',2,3,1784044205093),
('zes8iw','zex8h7','zpjt','بلال الخطيب','{"0":"0","1":"true"}',3,6,1784303405093),
('zes8ix','zex8h7','zpfm','عبدالله الحسن','{"0":"0","1":"true"}',4,6,1783180205093),
('zes8iy','zex8h7','zp12z','مصطفى العمر','{"0":"0","1":"true"}',6,6,1784130605093),
('zes8iz','zex8h7','zpq8','عبدالرحمن الديب','{"0":"0","1":"true"}',2,4,1783007405093),
('zes8j0','zex8h8','zp7y','سلمان العمر','{"0":"0","1":"true"}',1,6,1783007405093),
('zes8j1','zex8h8','zp2c','محمد المحمد','{"0":"0","1":"true"}',1,4,1783180205093),
('zes8j2','zex8h8','zpxa','صهيب السالم','{"0":"0","1":"true"}',2,6,1783785005093),
('zes8j3','zex8h8','zpm9','عبدالرحمن الكردي','{"0":"0","1":"true"}',3,3,1782834605093),
('zes8j4','zex8h8','zp97','يوسف الصالح','{"0":"0","1":"true"}',1,5,1783353005093),
('zes8j5','zex8h9','zpmj','عمر الخطيب','{"0":"0","1":"true"}',5,6,1783957805093),
('zes8j6','zex8h9','zpy1','عثمان الأحمد','{"0":"0","1":"true"}',1,5,1784130605093),
('zes8j7','zex8h9','zp152','سلمان الأحمد','{"0":"0","1":"true"}',4,5,1784303405093),
('zes8j8','zex8h9','zptj','إبراهيم الكردي','{"0":"0","1":"true"}',1,4,1783353005093),
('zes8j9','zex8h9','zpet','أسامة الحموي','{"0":"0","1":"true"}',2,4,1782834605093),
('zes8ja','zex8h9','zpdc','أسامة الحموي','{"0":"0","1":"true"}',3,4,1783957805093),
('zes8jb','zex8h9','zp93','عثمان البكري','{"0":"0","1":"true"}',4,4,1783871405093),
('zes8jc','zex8ha','zpyx','أنس الشامي','{"0":"0","1":"true"}',5,6,1784303405093),
('zes8jd','zex8ha','zpbw','طارق المحمد','{"0":"0","1":"true"}',2,4,1782748205093),
('zes8je','zex8ha','zp11h','بلال البكري','{"0":"0","1":"true"}',5,6,1784044205093),
('zes8jf','zex8hb','zp107','أسامة الصالح','{"0":"0","1":"true"}',3,4,1783353005093),
('zes8jg','zex8hb','zppe','مصطفى القاسم','{"0":"0","1":"true"}',1,3,1783439405093),
('zes8jh','zex8hb','zppi','عبدالله الديب','{"0":"0","1":"true"}',1,5,1783093805093),
('zes8ji','zex8hb','zpe','حسن الإدلبي','{"0":"0","1":"true"}',4,6,1782748205093),
('zes8jj','zex8hb','zpi7','محمد النعسان','{"0":"0","1":"true"}',2,3,1783785005093),
('zes8jk','zex8hb','zpsn','بلال الأحمد','{"0":"0","1":"true"}',2,6,1782748205093),
('zes8jl','zex8hb','zp19','عبدالرحمن الرفاعي','{"0":"0","1":"true"}',3,4,1783266605093),
('zes8jm','zex8hc','zpxm','حسن الجاسم','{"0":"0","1":"true"}',3,5,1783612205093),
('zes8jn','zex8hc','zpq8','عمر الشامي','{"0":"0","1":"true"}',3,3,1783698605093),
('zes8jo','zex8hc','zpmf','طارق السالم','{"0":"0","1":"true"}',1,6,1783180205093),
('zes8jp','zex8hc','zplt','خالد العمر','{"0":"0","1":"true"}',6,6,1783093805093),
('zes8jq','zex8hc','zps3','خالد الحلبي','{"0":"0","1":"true"}',4,6,1783266605093),
('zes8jr','zex8hd','zp5j','يوسف القاسم','{"0":"0","1":"true"}',1,4,1784130605093),
('zes8js','zex8hd','zphe','محمد السالم','{"0":"0","1":"true"}',1,3,1783612205093),
('zes8jt','zex8hd','zpmj','أحمد العمر','{"0":"0","1":"true"}',2,4,1783007405093),
('zes8ju','zex8hd','zpgj','عبدالله الأحمد','{"0":"0","1":"true"}',2,6,1783007405093),
('zes8jv','zex8hd','zpr4','محمد المحمد','{"0":"0","1":"true"}',1,3,1782834605093),
('zes8jw','zex8hd','zpzh','سلمان البكري','{"0":"0","1":"true"}',1,4,1782661805093),
('zes8jx','zex8he','zp141','حمزة الصالح','{"0":"0","1":"true"}',3,3,1783871405093),
('zes8jy','zex8he','zpxr','محمد الخطيب','{"0":"0","1":"true"}',3,3,1783439405093);
INSERT OR IGNORE INTO activities (id,scope_kind,scope_id,mosque_id,title,details,due_at,status,created_by,created_by_name,created_at) VALUES
('zac8jz','mosque','zmv9','zmv9','جولة دعوية','شارك وأرسل ردَّك بما أنجزتَه.',1785253805093,'published','u-admin','المدير العام',1782402605093),
('zac8k0','circle','zckd','zm18','زيارة مريض','شارك وأرسل ردَّك بما أنجزتَه.',1784908205093,'closed','u-admin','المدير العام',1781970605093),
('zac8k1','mosque','zm14n','zm14n','توزيع مطويات','شارك وأرسل ردَّك بما أنجزتَه.',1784735405093,'published','u-admin','المدير العام',1782748205093),
('zac8k2','circle','zc4o','zmbd','زيارة مريض','شارك وأرسل ردَّك بما أنجزتَه.',1784735405093,'closed','u-admin','المدير العام',1781970605093),
('zac8k3','circle','zcxo','zmci','جولة دعوية','شارك وأرسل ردَّك بما أنجزتَه.',1785081005093,'published','u-admin','المدير العام',1782229805093),
('zac8k4','circle','zc9b','zmt8','زيارة مريض','شارك وأرسل ردَّك بما أنجزتَه.',1784130605093,'published','u-admin','المدير العام',1783266605093),
('zac8k5','mosque','zmjq','zmjq','زيارة مريض','شارك وأرسل ردَّك بما أنجزتَه.',1784217005093,'published','u-admin','المدير العام',1783785005093),
('zac8k6','circle','zczt','zm12w','توزيع مطويات','شارك وأرسل ردَّك بما أنجزتَه.',1784389805093,'published','u-admin','المدير العام',1782316205093),
('zac8k7','mosque','zmsm','zmsm','لقاء تعارف','شارك وأرسل ردَّك بما أنجزتَه.',1784130605093,'closed','u-admin','المدير العام',1782834605093),
('zac8k8','mosque','zm7t','zm7t','حملة نظافة المسجد','شارك وأرسل ردَّك بما أنجزتَه.',1784130605093,'published','u-admin','المدير العام',1783871405093),
('zac8k9','circle','zcwt','zmbd','زيارة مريض','شارك وأرسل ردَّك بما أنجزتَه.',1785167405093,'published','u-admin','المدير العام',1782057005093),
('zac8ka','circle','zcgp','zm18','حملة نظافة المسجد','شارك وأرسل ردَّك بما أنجزتَه.',1785167405093,'published','u-admin','المدير العام',1781884205093);
INSERT OR IGNORE INTO activity_responses (id,activity_id,person_id,person_name,body,submitted_at,review_status,reviewed_by) VALUES
('zar8kb','zac8jz','zpvo','بلال الحموي','أنجزتُ المهمّةَ وزرتُ ثلاثةَ بيوت.',1784217005093,'pending','u-admin'),
('zar8kc','zac8jz','zphz','حسين الصالح','شاركتُ في الحملة والحمد لله.',1783698605093,'pending',NULL),
('zar8kd','zac8jz','zp69','معاذ السالم','أنجزتُ المهمّةَ وزرتُ ثلاثةَ بيوت.',1784217005093,'pending',NULL),
('zar8ke','zac8jz','zpqb','عثمان الجاسم','تمّ اللقاء بحضورٍ جيّد.',1783439405093,'accepted','u-admin'),
('zar8kf','zac8jz','zpwp','مصطفى الكردي','شاركتُ في الحملة والحمد لله.',1782748205093,'pending','u-admin'),
('zar8kg','zac8k0','zp2i','سلمان الخطيب','وزّعتُ ٥٠ مطويّة.',1783525805093,'seen',NULL),
('zar8kh','zac8k0','zpxg','طارق الحلبي','أنجزتُ المهمّةَ وزرتُ ثلاثةَ بيوت.',1783785005093,'pending',NULL),
('zar8ki','zac8k0','zp93','معاذ الكردي','تمّ اللقاء بحضورٍ جيّد.',1783353005093,'accepted',NULL),
('zar8kj','zac8k0','zpiy','حمزة الحلبي','أنجزتُ المهمّةَ وزرتُ ثلاثةَ بيوت.',1782834605093,'pending','u-admin'),
('zar8kk','zac8k0','zpmf','حمزة الحموي','أنجزتُ المهمّةَ وزرتُ ثلاثةَ بيوت.',1783353005093,'seen','u-admin'),
('zar8kl','zac8k0','zp1p','معاذ النعسان','وزّعتُ ٥٠ مطويّة.',1784044205093,'seen',NULL),
('zar8km','zac8k1','zp3i','ياسر الحريري','تمّ اللقاء بحضورٍ جيّد.',1783093805093,'seen','u-admin'),
('zar8kn','zac8k1','zpva','معاذ النعسان','أنجزتُ المهمّةَ وزرتُ ثلاثةَ بيوت.',1783180205093,'seen','u-admin'),
('zar8ko','zac8k2','zpkb','أنس السالم','شاركتُ في الحملة والحمد لله.',1783871405093,'seen',NULL),
('zar8kp','zac8k3','zphg','سعيد البكري','شاركتُ في الحملة والحمد لله.',1783180205093,'pending',NULL),
('zar8kq','zac8k4','zpl1','علي الخطيب','وزّعتُ ٥٠ مطويّة.',1783957805093,'accepted','u-admin'),
('zar8kr','zac8k5','zp10b','حسين الحريري','تمّ اللقاء بحضورٍ جيّد.',1782834605093,'accepted','u-admin'),
('zar8ks','zac8k5','zp69','بلال الصالح','وزّعتُ ٥٠ مطويّة.',1783266605093,'accepted','u-admin'),
('zar8kt','zac8k5','zpcj','علي العمر','أنجزتُ المهمّةَ وزرتُ ثلاثةَ بيوت.',1783439405093,'pending',NULL),
('zar8ku','zac8k5','zplz','أيمن القاسم','تمّ اللقاء بحضورٍ جيّد.',1783439405093,'pending','u-admin'),
('zar8kv','zac8k5','zp2q','معاذ الحريري','تمّ اللقاء بحضورٍ جيّد.',1782921005093,'pending','u-admin'),
('zar8kw','zac8k5','zpve','صهيب الحريري','شاركتُ في الحملة والحمد لله.',1782834605093,'seen','u-admin'),
('zar8kx','zac8k6','zpoh','عثمان الحموي','تمّ اللقاء بحضورٍ جيّد.',1784044205093,'seen',NULL),
('zar8ky','zac8k6','zp12e','محمد الحلبي','شاركتُ في الحملة والحمد لله.',1782661805093,'pending','u-admin'),
('zar8kz','zac8k6','zpxi','عبدالله الكردي','وزّعتُ ٥٠ مطويّة.',1784217005093,'accepted','u-admin'),
('zar8l0','zac8k6','zptb','يوسف القاسم','أنجزتُ المهمّةَ وزرتُ ثلاثةَ بيوت.',1784303405093,'accepted',NULL),
('zar8l1','zac8k6','zpxc','حسن الحموي','تمّ اللقاء بحضورٍ جيّد.',1783871405093,'seen',NULL),
('zar8l2','zac8k7','zpi5','حسن الحلبي','تمّ اللقاء بحضورٍ جيّد.',1783698605093,'seen','u-admin'),
('zar8l3','zac8k7','zpk1','عبدالله الحموي','تمّ اللقاء بحضورٍ جيّد.',1784303405093,'pending',NULL),
('zar8l4','zac8k7','zpi7','زيد المحمد','أنجزتُ المهمّةَ وزرتُ ثلاثةَ بيوت.',1783180205093,'accepted',NULL),
('zar8l5','zac8k7','zptb','أحمد الحريري','شاركتُ في الحملة والحمد لله.',1783957805093,'seen','u-admin'),
('zar8l6','zac8k8','zp14w','حسين القاسم','شاركتُ في الحملة والحمد لله.',1783353005093,'pending',NULL),
('zar8l7','zac8k8','zp7y','عبدالرحمن الحسن','وزّعتُ ٥٠ مطويّة.',1783180205093,'accepted',NULL),
('zar8l8','zac8k8','zpj','مصطفى الكردي','شاركتُ في الحملة والحمد لله.',1783871405093,'seen','u-admin'),
('zar8l9','zac8k8','zp7u','معاذ المحمد','أنجزتُ المهمّةَ وزرتُ ثلاثةَ بيوت.',1783180205093,'seen','u-admin'),
('zar8la','zac8k9','zptd','أنس الخطيب','تمّ اللقاء بحضورٍ جيّد.',1783439405093,'seen','u-admin'),
('zar8lb','zac8k9','zpm3','أيمن الأحمد','تمّ اللقاء بحضورٍ جيّد.',1783439405093,'seen','u-admin'),
('zar8lc','zac8k9','zpr','عمر الرفاعي','وزّعتُ ٥٠ مطويّة.',1783093805093,'seen','u-admin'),
('zar8ld','zac8k9','zpnk','زيد البكري','تمّ اللقاء بحضورٍ جيّد.',1784130605093,'seen','u-admin'),
('zar8le','zac8ka','zp1d','حسن المحمد','تمّ اللقاء بحضورٍ جيّد.',1783180205093,'accepted','u-admin'),
('zar8lf','zac8ka','zp10l','حمزة الجاسم','شاركتُ في الحملة والحمد لله.',1783871405093,'pending','u-admin');
INSERT OR IGNORE INTO asset_expenses (id,asset_id,month,fuel_amount,other_amount,note,created_by,created_at) VALUES
('zae8lv','zas8li','1447-04',40,20,NULL,'u-admin',1780933805093),
('zae8lw','zas8li','1447-05',60,50,'تغيير زيت','u-admin',1782661805093),
('zae8lx','zas8li','1447-06',80,20,NULL,'u-admin',1784389805093),
('zae8ly','zas8ll','1447-04',100,0,NULL,'u-admin',1780933805093),
('zae8lz','zas8ll','1447-05',80,20,NULL,'u-admin',1782661805093),
('zae8m0','zas8ll','1447-06',80,20,NULL,'u-admin',1784389805093),
('zae8m1','zas8lm','1447-04',80,0,'تغيير زيت','u-admin',1780933805093),
('zae8m2','zas8lm','1447-05',60,20,NULL,'u-admin',1782661805093),
('zae8m3','zas8lm','1447-06',60,50,NULL,'u-admin',1784389805093),
('zae8m4','zas8lo','1447-04',100,50,'تغيير زيت','u-admin',1780933805093),
('zae8m5','zas8lo','1447-05',80,20,NULL,'u-admin',1782661805093),
('zae8m6','zas8lo','1447-06',80,0,NULL,'u-admin',1784389805093),
('zae8m7','zas8lq','1447-04',40,50,'تغيير زيت','u-admin',1780933805093),
('zae8m8','zas8lq','1447-05',40,0,NULL,'u-admin',1782661805093),
('zae8m9','zas8lq','1447-06',80,20,NULL,'u-admin',1784389805093),
('zae8ma','zas8ls','1447-04',80,0,NULL,'u-admin',1780933805093),
('zae8mb','zas8ls','1447-05',80,50,NULL,'u-admin',1782661805093),
('zae8mc','zas8ls','1447-06',100,0,NULL,'u-admin',1784389805093),
('zae8md','zas8lt','1447-04',100,0,'تغيير زيت','u-admin',1780933805093),
('zae8me','zas8lt','1447-05',100,0,'تغيير زيت','u-admin',1782661805093),
('zae8mf','zas8lt','1447-06',80,0,NULL,'u-admin',1784389805093),
('zae8mg','zas8lu','1447-04',40,50,NULL,'u-admin',1780933805093),
('zae8mh','zas8lu','1447-05',60,0,'تغيير زيت','u-admin',1782661805093),
('zae8mi','zas8lu','1447-06',80,20,'تغيير زيت','u-admin',1784389805093);
INSERT OR IGNORE INTO announcements (id,title,body,scope_path,audience,sent_count,created_by,created_by_name,created_at) VALUES
('zann8mj','دورةٌ تدريبيّة للأمراء','نُعلمكم بالتفاصيل التالية… بارك الله في جهودكم جميعًا.','/men/','all',257,'u-admin','المدير العام',1784303405093),
('zann8mk','تحديثُ نظام النقاط','نُعلمكم بالتفاصيل التالية… بارك الله في جهودكم جميعًا.','/women/','all',94,'u-admin','المدير العام',1784130605093),
('zann8ml','موعدُ الاختبار المركزيّ','نُعلمكم بالتفاصيل التالية… بارك الله في جهودكم جميعًا.','/women/','students',266,'u-admin','المدير العام',1781538605093),
('zann8mm','حملةُ الشتاء','نُعلمكم بالتفاصيل التالية… بارك الله في جهودكم جميعًا.','/','students',40,'u-admin','المدير العام',1781625005093),
('zann8mn','موعدُ الاختبار المركزيّ','نُعلمكم بالتفاصيل التالية… بارك الله في جهودكم جميعًا.','/','leaders',280,'u-admin','المدير العام',1781365805093),
('zann8mo','دورةٌ تدريبيّة للأمراء','نُعلمكم بالتفاصيل التالية… بارك الله في جهودكم جميعًا.','/','students',189,'u-admin','المدير العام',1781884205093),
('zann8mp','تهنئةٌ بالعام الهجريّ','نُعلمكم بالتفاصيل التالية… بارك الله في جهودكم جميعًا.','/','leaders',257,'u-admin','المدير العام',1782229805093),
('zann8mq','حملةُ الشتاء','نُعلمكم بالتفاصيل التالية… بارك الله في جهودكم جميعًا.','/women/','leaders',270,'u-admin','المدير العام',1783266605093);
INSERT OR IGNORE INTO supervision_visits (id,circle_kind,circle_ref_id,circle_name,mosque_id,unit_path,submitter_path,visited_by,visited_by_name,visit_date_hijri,monthly_visit_no,student_count,final_score,notes,details,status,approved_by,approved_by_name,created_at,updated_at) VALUES
('zsv8mr','tahfeez','zcya','حلقة على بصيرة','zm8q','/men/zr5/zq7q/zm8q/','/men/zr5/zq7q/zm8q/','u-admin','المشرف الميدانيّ','1447-05-04',2,10,72,NULL,NULL,'submitted',NULL,NULL,1782402605093,1783698605093),
('zsv8ms','tahfeez','zcie','حلقة التحفيظ','zmx3','/men/zrq4/zqu6/zmx3/','/men/zrq4/zqu6/zmx3/','u-admin','المشرف الميدانيّ','1447-05-10',3,12,84,'أداءٌ ممتاز والتزامٌ جيّد',NULL,'draft',NULL,NULL,1780933805093,1783439405093),
('zsv8mt','tahfeez','zc11t','حلقة الفجر','zmqa','/men/zrq4/zqq7/zmqa/','/men/zrq4/zqq7/zmqa/','u-admin','المشرف الميدانيّ','1447-06-17',2,24,93,'يلزم تحسينُ الحضور',NULL,'approved','u-admin','المدير العام',1780588205093,1782661805093),
('zsv8mu','tahfeez','zcol','حلقة على بصيرة','zm14n','/men/zrq4/zqz5/zm14n/','/men/zrq4/zqz5/zm14n/','u-admin','المشرف الميدانيّ','1447-04-28',3,22,86,NULL,NULL,'draft',NULL,NULL,1783871405093,1782229805093),
('zsv8mv','baseera','zcxo','حلقة الفجر','zm9n','/men/zr5/zq7q/zm9n/','/men/zr5/zq7q/zm9n/','u-admin','المشرف الميدانيّ','1447-04-04',3,11,69,'أداءٌ ممتاز والتزامٌ جيّد',NULL,'approved','u-admin','المدير العام',1784044205093,1784044205093),
('zsv8mw','tahfeez','zc3s','حلقة الفجر','zmqa','/men/zrq4/zqq7/zmqa/','/men/zrq4/zqq7/zmqa/','u-admin','المشرف الميدانيّ','1447-04-25',2,21,70,'يلزم تحسينُ الحضور',NULL,'approved','u-admin','المدير العام',1781970605093,1781797805093),
('zsv8mx','baseera','zcnu','حلقة التحفيظ','zmp3','/men/zre6/zqiq/zmp3/','/men/zre6/zqiq/zmp3/','u-admin','المشرف الميدانيّ','1447-04-10',3,9,84,'أداءٌ ممتاز والتزامٌ جيّد',NULL,'draft',NULL,NULL,1782661805093,1781970605093),
('zsv8my','tahfeez','zc7f','حلقة على بصيرة','zmt8','/men/zrq4/zqq7/zmt8/','/men/zrq4/zqq7/zmt8/','u-admin','المشرف الميدانيّ','1447-04-04',2,20,87,'الحلقةُ نشطةٌ ومنظّمة',NULL,'approved','u-admin','المدير العام',1783093805093,1783093805093),
('zsv8mz','baseera','zcb2','حلقة على بصيرة','zm123','/men/zrq4/zqz5/zm123/','/men/zrq4/zqz5/zm123/','u-admin','المشرف الميدانيّ','1447-04-09',2,16,60,'أداءٌ ممتاز والتزامٌ جيّد',NULL,'approved','u-admin','المدير العام',1783180205093,1782661805093),
('zsv8n0','baseera','zcmc','حلقة التحفيظ','zmqa','/men/zrq4/zqq7/zmqa/','/men/zrq4/zqq7/zmqa/','u-admin','المشرف الميدانيّ','1447-04-07',3,10,92,'الحلقةُ نشطةٌ ومنظّمة',NULL,'draft',NULL,NULL,1782748205093,1783957805093),
('zsv8n1','baseera','zc1w','حلقة التحفيظ','zm7t','/men/zr5/zq7q/zm7t/','/men/zr5/zq7q/zm7t/','u-admin','المشرف الميدانيّ','1447-05-10',1,21,81,NULL,NULL,'draft',NULL,NULL,1782748205093,1783525805093),
('zsv8n2','tahfeez','zcz4','حلقة الفجر','zm12w','/men/zrq4/zqz5/zm12w/','/men/zrq4/zqz5/zm12w/','u-admin','المشرف الميدانيّ','1447-05-04',2,16,79,'الحلقةُ نشطةٌ ومنظّمة',NULL,'submitted',NULL,NULL,1781020205093,1782661805093),
('zsv8n3','baseera','zc7f','حلقة التحفيظ','zm12w','/men/zrq4/zqz5/zm12w/','/men/zrq4/zqz5/zm12w/','u-admin','المشرف الميدانيّ','1447-04-07',2,16,97,NULL,NULL,'submitted',NULL,NULL,1783698605093,1783007405093),
('zsv8n4','baseera','zchj','حلقة الفجر','zmci','/men/zr5/zq7q/zmci/','/men/zr5/zq7q/zmci/','u-admin','المشرف الميدانيّ','1447-05-13',3,25,90,'الحلقةُ نشطةٌ ومنظّمة',NULL,'approved','u-admin','المدير العام',1781797805093,1782748205093),
('zsv8n5','tahfeez','zcya','حلقة التحفيظ','zmlo','/men/zre6/zqiq/zmlo/','/men/zre6/zqiq/zmlo/','u-admin','المشرف الميدانيّ','1447-05-04',3,17,79,NULL,NULL,'draft',NULL,NULL,1781797805093,1781797805093),
('zsv8n6','tahfeez','zcdu','حلقة الفجر','zm33','/men/zr5/zq9/zm33/','/men/zr5/zq9/zm33/','u-admin','المشرف الميدانيّ','1447-04-10',2,12,88,'الحلقةُ نشطةٌ ومنظّمة',NULL,'approved','u-admin','المدير العام',1783612205093,1783439405093),
('zsv8n7','baseera','zcsc','حلقة على بصيرة','zmit','/men/zre6/zqiq/zmit/','/men/zre6/zqiq/zmit/','u-admin','المشرف الميدانيّ','1447-04-04',3,14,68,NULL,NULL,'approved','u-admin','المدير العام',1781797805093,1783871405093),
('zsv8n8','baseera','zc156','حلقة التحفيظ','zmw4','/men/zrq4/zqu6/zmw4/','/men/zrq4/zqu6/zmw4/','u-admin','المشرف الميدانيّ','1447-05-02',2,22,88,'الحلقةُ نشطةٌ ومنظّمة',NULL,'draft',NULL,NULL,1783871405093,1781970605093),
('zsv8n9','tahfeez','zc3q','حلقة التحفيظ','zm33','/men/zr5/zq9/zm33/','/men/zr5/zq9/zm33/','u-admin','المشرف الميدانيّ','1447-06-27',3,19,80,'الحلقةُ نشطةٌ ومنظّمة',NULL,'draft',NULL,NULL,1782921005093,1782575405093),
('zsv8na','tahfeez','zcmd','حلقة على بصيرة','zmrs','/men/zrq4/zqq7/zmrs/','/men/zrq4/zqq7/zmrs/','u-admin','المشرف الميدانيّ','1447-06-08',1,24,82,NULL,NULL,'approved','u-admin','المدير العام',1780501805093,1782143405093),
('zsv8nb','tahfeez','zckd','حلقة التحفيظ','zmrs','/men/zrq4/zqq7/zmrs/','/men/zrq4/zqq7/zmrs/','u-admin','المشرف الميدانيّ','1447-04-02',3,22,64,NULL,NULL,'approved','u-admin','المدير العام',1781711405093,1783525805093),
('zsv8nc','baseera','zcz4','حلقة التحفيظ','zmw4','/men/zrq4/zqu6/zmw4/','/men/zrq4/zqu6/zmw4/','u-admin','المشرف الميدانيّ','1447-05-20',2,9,83,NULL,NULL,'draft',NULL,NULL,1783957805093,1783439405093),
('zsv8nd','baseera','zc7g','حلقة على بصيرة','zmx3','/men/zrq4/zqu6/zmx3/','/men/zrq4/zqu6/zmx3/','u-admin','المشرف الميدانيّ','1447-05-21',1,9,77,'أداءٌ ممتاز والتزامٌ جيّد',NULL,'approved','u-admin','المدير العام',1782834605093,1783093805093),
('zsv8ne','tahfeez','zcla','حلقة الفجر','zm33','/men/zr5/zq9/zm33/','/men/zr5/zq9/zm33/','u-admin','المشرف الميدانيّ','1447-05-17',1,18,66,NULL,NULL,'submitted',NULL,NULL,1780847405093,1782402605093),
('zsv8nf','baseera','zcc2','حلقة التحفيظ','zmec','/men/zre6/zqe9/zmec/','/men/zre6/zqe9/zmec/','u-admin','المشرف الميدانيّ','1447-04-19',1,21,91,'أداءٌ ممتاز والتزامٌ جيّد',NULL,'approved','u-admin','المدير العام',1782834605093,1784303405093);
INSERT OR IGNORE INTO registration_requests (id,kind,full_name,gender,login,password_hash,phone,target_unit_id,target_path,proposed_unit_name,proposed_parent_id,circle_id,note,status,decided_by,decided_by_name,decided_at,reject_reason,created_unit_id,created_person_id,created_user_id,created_at) VALUES
('zreg8ng','student','بلال الزعبي','male',NULL,NULL,'0999988313','zmn7','/men/zre6/zqiq/zmn7/',NULL,NULL,'zcd1',NULL,'pending',NULL,NULL,NULL,NULL,NULL,NULL,NULL,1784130605093),
('zreg8nh','amir','أحمد الجاسم','male','applicant1','pbkdf2$100000$8T/B/AaCUb7IZ0bystvNjw==$LxZKTHYFK9tz1EnXiZLfi4Je5xflHrh4ndYv1TrR+qA=','0948869098','zmec','/men/zre6/zqe9/zmec/',NULL,NULL,NULL,NULL,'approved',NULL,NULL,NULL,NULL,NULL,NULL,NULL,1782834605093),
('zreg8ni','student','صهيب المحمد','male',NULL,NULL,'0917205729','zm54','/men/zr5/zq9/zm54/',NULL,NULL,'zc4o',NULL,'pending',NULL,NULL,NULL,NULL,NULL,NULL,NULL,1782748205093),
('zreg8nj','student','مصطفى الصالح','male',NULL,NULL,'0956229485','zmh1','/men/zre6/zqe9/zmh1/',NULL,NULL,'zc6j',NULL,'rejected',NULL,NULL,NULL,NULL,NULL,NULL,NULL,1784044205093),
('zreg8nk','teacher','عمر الحموي','male','applicant4','pbkdf2$100000$8T/B/AaCUb7IZ0bystvNjw==$LxZKTHYFK9tz1EnXiZLfi4Je5xflHrh4ndYv1TrR+qA=','0941129408','zm44','/men/zr5/zq9/zm44/',NULL,NULL,NULL,NULL,'pending',NULL,NULL,NULL,NULL,NULL,NULL,NULL,1782834605093),
('zreg8nl','amir','عمر البكري','male','applicant5','pbkdf2$100000$8T/B/AaCUb7IZ0bystvNjw==$LxZKTHYFK9tz1EnXiZLfi4Je5xflHrh4ndYv1TrR+qA=','0998341557','zm60','/men/zr5/zq9/zm60/',NULL,NULL,NULL,'أرغبُ في الانضمام والمشاركة','rejected',NULL,NULL,NULL,NULL,NULL,NULL,NULL,1782921005093),
('zreg8nm','student','خالد الصالح','male',NULL,NULL,'0996156327','zmg6','/men/zre6/zqe9/zmg6/',NULL,NULL,'zcgp',NULL,'approved',NULL,NULL,NULL,NULL,NULL,NULL,NULL,1783007405093),
('zreg8nn','amir','ياسر الكردي','male','applicant7','pbkdf2$100000$8T/B/AaCUb7IZ0bystvNjw==$LxZKTHYFK9tz1EnXiZLfi4Je5xflHrh4ndYv1TrR+qA=','0937066819','zmt8','/men/zrq4/zqq7/zmt8/',NULL,NULL,NULL,NULL,'rejected',NULL,NULL,NULL,NULL,NULL,NULL,NULL,1783957805093);
INSERT OR IGNORE INTO tahfeez_sessions (id,circle_id,date_hijri,day_no,mosque_id,created_by,created_at) VALUES
('zths8no','ztc6rd','1447-04-21',8,'zm18','u-admin',1782229805093),
('zths8nu','ztc6rd','1447-05-01',11,'zm18','u-admin',1783612205093),
('zths8nz','ztc6rd','1447-06-25',8,'zm18','u-admin',1783957805093),
('zths8o3','ztc6s0','1447-05-12',9,'zm54','u-admin',1783871405093),
('zths8oa','ztc6s0','1447-04-11',21,'zm54','u-admin',1784044205093),
('zths8oh','ztc6s0','1447-04-03',28,'zm54','u-admin',1784217005093),
('zths8on','ztc6s0','1447-05-12',7,'zm54','u-admin',1783525805093),
('zths8ou','ztc6su','1447-06-15',9,'zm8q','u-admin',1784303405093),
('zths8ow','ztc6su','1447-04-20',26,'zm8q','u-admin',1783785005093),
('zths8oz','ztc6su','1447-04-01',23,'zm8q','u-admin',1782143405093),
('zths8p2','ztc6su','1447-05-13',7,'zm8q','u-admin',1782402605093),
('zths8p6','ztc6t6','1447-04-04',20,'zmf7','u-admin',1781884205093),
('zths8pc','ztc6t6','1447-05-28',3,'zmf7','u-admin',1782921005093),
('zths8ph','ztc6t6','1447-05-07',4,'zmf7','u-admin',1783957805093),
('zths8pn','ztc6tp','1447-06-17',19,'zmhw','u-admin',1783180205093),
('zths8pr','ztc6tp','1447-05-08',20,'zmhw','u-admin',1783180205093),
('zths8pw','ztc6tp','1447-04-07',3,'zmhw','u-admin',1783525805093),
('zths8q1','ztc6tp','1447-04-06',24,'zmhw','u-admin',1782229805093),
('zths8q6','ztc6u0','1447-05-03',7,'zmit','u-admin',1783007405093),
('zths8qc','ztc6u0','1447-06-26',6,'zmit','u-admin',1782229805093),
('zths8qj','ztc6u0','1447-06-06',2,'zmit','u-admin',1783871405093),
('zths8qq','ztc6us','1447-06-25',29,'zmn7','u-admin',1784217005093),
('zths8qw','ztc6us','1447-05-01',18,'zmn7','u-admin',1782057005093),
('zths8r2','ztc6us','1447-06-14',4,'zmn7','u-admin',1782575405093),
('zths8r9','ztc6vj','1447-04-25',5,'zmw4','u-admin',1783093805093),
('zths8re','ztc6vj','1447-05-09',20,'zmw4','u-admin',1782229805093),
('zths8ri','ztc6vj','1447-06-07',18,'zmw4','u-admin',1781884205093),
('zths8ro','ztc6w0','1447-05-11',6,'zmxq','u-admin',1782834605093),
('zths8rt','ztc6w0','1447-06-20',30,'zmxq','u-admin',1782057005093),
('zths8rx','ztc6w0','1447-04-11',25,'zmxq','u-admin',1782575405093),
('zths8s2','ztc6wb','1447-04-13',17,'zm102','u-admin',1781970605093),
('zths8s8','ztc6wb','1447-06-22',17,'zm102','u-admin',1782402605093),
('zths8se','ztc6wb','1447-04-18',15,'zm102','u-admin',1783353005093),
('zths8si','ztc6wb','1447-05-20',11,'zm102','u-admin',1783957805093),
('zths8sn','ztc6wr','1447-04-27',19,'zm118','u-admin',1782921005093),
('zths8su','ztc6wr','1447-05-22',17,'zm118','u-admin',1781884205093);
INSERT OR IGNORE INTO tahfeez_daily_records (id,session_id,student_id,attendance,hifz_scope,hifz_from,hifz_to,hifz_grade,hifz_mode,hifz_surah,review_scope,review_from,review_to,review_grade,review_mode,review_surah,tajweed_grade,companion,companion_kind,note,created_at) VALUES
('zthr8np','zths8no','zts6re','present','surah',1,13,'جيّد جدًّا','surah',22,'surah',1,10,'ممتاز','surah',15,'جيّد جدًّا',NULL,NULL,NULL,1783525805093),
('zthr8nq','zths8no','zts6rg','present','surah',2,9,'ممتاز','surah',22,'surah',1,11,'ممتاز','surah',30,'ممتاز',NULL,NULL,NULL,1783093805093),
('zthr8nr','zths8no','zts6rj','absent','surah',2,14,'جيّد جدًّا','surah',17,'surah',1,9,'جيّد','surah',15,'ممتاز',NULL,NULL,NULL,1783353005093),
('zthr8ns','zths8no','zts6ro','present','surah',5,17,'جيّد','surah',8,'surah',1,5,'ممتاز','surah',28,'جيّد جدًّا',NULL,NULL,NULL,1782316205093),
('zthr8nt','zths8no','zts6rr','present','surah',5,8,'جيّد','surah',21,'surah',1,15,'ممتاز','surah',20,'جيّد جدًّا',NULL,NULL,NULL,1782229805093),
('zthr8nv','zths8nu','zts6re','present','surah',2,16,'جيّد','surah',6,'surah',1,15,'ممتاز','surah',14,'جيّد جدًّا',NULL,NULL,NULL,1783353005093),
('zthr8nw','zths8nu','zts6rm','absent','surah',3,18,'جيّد جدًّا','surah',28,'surah',1,12,'ممتاز','surah',22,'جيّد جدًّا',NULL,NULL,NULL,1782748205093),
('zthr8nx','zths8nu','zts6ro','present','surah',2,12,'ممتاز','surah',25,'surah',1,9,'ممتاز','surah',19,'ممتاز',NULL,NULL,NULL,1782143405093),
('zthr8ny','zths8nu','zts6rr','present','surah',2,7,'جيّد جدًّا','surah',17,'surah',1,7,'جيّد','surah',1,'جيّد جدًّا','أتمّ الواجب',NULL,NULL,1783353005093),
('zthr8o0','zths8nz','zts6rg','present','surah',2,19,'ممتاز','surah',28,'surah',1,7,'ممتاز','surah',15,'جيّد جدًّا',NULL,NULL,NULL,1784303405093),
('zthr8o1','zths8nz','zts6rj','present','surah',3,13,'ممتاز','surah',28,'surah',1,14,'جيّد','surah',25,'ممتاز','أتمّ الواجب',NULL,NULL,1782402605093),
('zthr8o2','zths8nz','zts6rr','present','surah',1,6,'ممتاز','surah',1,'surah',1,6,'ممتاز','surah',6,'ممتاز',NULL,NULL,NULL,1782834605093),
('zthr8o4','zths8o3','zts6s1','present','surah',2,12,'جيّد جدًّا','surah',18,'surah',1,7,'جيّد','surah',22,'ممتاز',NULL,NULL,NULL,1781884205093),
('zthr8o5','zths8o3','zts6s4','absent','surah',4,18,'جيّد جدًّا','surah',1,'surah',1,14,'ممتاز','surah',3,'ممتاز','أتمّ الواجب',NULL,NULL,1784130605093),
('zthr8o6','zths8o3','zts6s7','present','surah',5,16,'ممتاز','surah',24,'surah',1,10,'ممتاز','surah',8,'ممتاز','أتمّ الواجب',NULL,NULL,1782575405093),
('zthr8o7','zths8o3','zts6sa','excused','surah',3,7,'ممتاز','surah',25,'surah',1,12,'جيّد','surah',6,'ممتاز',NULL,NULL,NULL,1782748205093),
('zthr8o8','zths8o3','zts6sd','present','surah',5,11,'جيّد جدًّا','surah',5,'surah',1,5,'ممتاز','surah',29,'ممتاز',NULL,NULL,NULL,1784044205093),
('zthr8o9','zths8o3','zts6si','excused','surah',4,11,'ممتاز','surah',29,'surah',1,5,'جيّد','surah',10,'ممتاز',NULL,NULL,NULL,1784303405093),
('zthr8ob','zths8oa','zts6s4','present','surah',5,10,'جيّد','surah',27,'surah',1,14,'ممتاز','surah',5,'ممتاز',NULL,NULL,NULL,1782143405093),
('zthr8oc','zths8oa','zts6s7','absent','surah',3,19,'ممتاز','surah',3,'surah',1,8,'ممتاز','surah',30,'جيّد جدًّا',NULL,NULL,NULL,1783612205093),
('zthr8od','zths8oa','zts6sa','present','surah',4,13,'جيّد جدًّا','surah',30,'surah',1,15,'جيّد','surah',10,'جيّد جدًّا',NULL,NULL,NULL,1782489005093),
('zthr8oe','zths8oa','zts6sd','present','surah',2,8,'جيّد جدًّا','surah',3,'surah',1,13,'ممتاز','surah',18,'جيّد جدًّا','أتمّ الواجب',NULL,NULL,1783785005093),
('zthr8of','zths8oa','zts6sg','present','surah',5,12,'جيّد','surah',5,'surah',1,9,'ممتاز','surah',16,'ممتاز',NULL,NULL,NULL,1783266605093),
('zthr8og','zths8oa','zts6si','absent','surah',2,16,'ممتاز','surah',15,'surah',1,7,'جيّد','surah',3,'جيّد جدًّا','أتمّ الواجب',NULL,NULL,1783180205093),
('zthr8oi','zths8oh','zts6s1','absent','surah',1,8,'جيّد','surah',30,'surah',1,5,'ممتاز','surah',3,'جيّد جدًّا',NULL,NULL,NULL,1784130605093),
('zthr8oj','zths8oh','zts6s4','present','surah',5,19,'ممتاز','surah',7,'surah',1,11,'ممتاز','surah',30,'ممتاز',NULL,NULL,NULL,1783612205093),
('zthr8ok','zths8oh','zts6s7','present','surah',4,10,'جيّد جدًّا','surah',7,'surah',1,12,'جيّد','surah',16,'ممتاز',NULL,NULL,NULL,1783353005093),
('zthr8ol','zths8oh','zts6sa','present','surah',2,15,'ممتاز','surah',23,'surah',1,5,'جيّد','surah',7,'ممتاز',NULL,NULL,NULL,1783180205093),
('zthr8om','zths8oh','zts6sd','present','surah',5,18,'جيّد','surah',20,'surah',1,11,'جيّد','surah',28,'جيّد جدًّا',NULL,NULL,NULL,1783525805093),
('zthr8oo','zths8on','zts6s1','present','surah',4,11,'ممتاز','surah',20,'surah',1,9,'ممتاز','surah',23,'جيّد جدًّا',NULL,NULL,NULL,1783698605093),
('zthr8op','zths8on','zts6s4','present','surah',4,15,'ممتاز','surah',4,'surah',1,9,'ممتاز','surah',2,'ممتاز','أتمّ الواجب',NULL,NULL,1782143405093),
('zthr8oq','zths8on','zts6s7','present','surah',5,13,'جيّد','surah',25,'surah',1,11,'ممتاز','surah',19,'جيّد جدًّا','أتمّ الواجب',NULL,NULL,1783439405093),
('zthr8or','zths8on','zts6sa','present','surah',1,7,'ممتاز','surah',25,'surah',1,11,'ممتاز','surah',5,'جيّد جدًّا','أتمّ الواجب',NULL,NULL,1782489005093),
('zthr8os','zths8on','zts6sg','absent','surah',3,8,'جيّد','surah',8,'surah',1,14,'ممتاز','surah',18,'ممتاز',NULL,NULL,NULL,1783957805093),
('zthr8ot','zths8on','zts6si','present','surah',4,11,'جيّد جدًّا','surah',20,'surah',1,12,'جيّد','surah',16,'ممتاز',NULL,NULL,NULL,1782575405093),
('zthr8ov','zths8ou','zts6sz','present','surah',1,15,'جيّد جدًّا','surah',20,'surah',1,12,'ممتاز','surah',16,'ممتاز',NULL,NULL,NULL,1783871405093),
('zthr8ox','zths8ow','zts6sv','excused','surah',2,8,'جيّد','surah',22,'surah',1,8,'جيّد','surah',18,'ممتاز','أتمّ الواجب',NULL,NULL,1781970605093),
('zthr8oy','zths8ow','zts6sx','present','surah',4,18,'جيّد','surah',6,'surah',1,15,'ممتاز','surah',28,'جيّد جدًّا',NULL,NULL,NULL,1783785005093),
('zthr8p0','zths8oz','zts6sx','present','surah',4,15,'جيّد جدًّا','surah',12,'surah',1,11,'جيّد','surah',20,'ممتاز',NULL,NULL,NULL,1782834605093),
('zthr8p1','zths8oz','zts6sz','present','surah',5,16,'جيّد جدًّا','surah',10,'surah',1,11,'ممتاز','surah',9,'ممتاز',NULL,NULL,NULL,1782229805093),
('zthr8p3','zths8p2','zts6sv','excused','surah',2,10,'ممتاز','surah',29,'surah',1,7,'ممتاز','surah',26,'جيّد جدًّا',NULL,NULL,NULL,1784217005093),
('zthr8p4','zths8p2','zts6sx','present','surah',2,6,'جيّد جدًّا','surah',23,'surah',1,8,'ممتاز','surah',28,'ممتاز',NULL,NULL,NULL,1784044205093),
('zthr8p5','zths8p2','zts6sz','present','surah',5,6,'جيّد','surah',6,'surah',1,5,'ممتاز','surah',26,'جيّد جدًّا',NULL,NULL,NULL,1782316205093),
('zthr8p7','zths8p6','zts6t7','present','surah',5,6,'جيّد','surah',10,'surah',1,6,'ممتاز','surah',30,'ممتاز',NULL,NULL,NULL,1782316205093),
('zthr8p8','zths8p6','zts6ta','present','surah',1,9,'جيّد','surah',12,'surah',1,7,'ممتاز','surah',11,'جيّد جدًّا','أتمّ الواجب',NULL,NULL,1783093805093),
('zthr8p9','zths8p6','zts6td','excused','surah',5,11,'جيّد','surah',18,'surah',1,8,'ممتاز','surah',22,'ممتاز',NULL,NULL,NULL,1781884205093),
('zthr8pa','zths8p6','zts6tf','present','surah',5,9,'ممتاز','surah',1,'surah',1,5,'ممتاز','surah',10,'جيّد جدًّا',NULL,NULL,NULL,1783180205093),
('zthr8pb','zths8p6','zts6th','present','surah',2,8,'جيّد','surah',28,'surah',1,6,'جيّد','surah',21,'جيّد جدًّا','أتمّ الواجب',NULL,NULL,1784303405093),
('zthr8pd','zths8pc','zts6t7','present','surah',3,16,'جيّد جدًّا','surah',14,'surah',1,8,'ممتاز','surah',3,'جيّد جدًّا',NULL,NULL,NULL,1783093805093),
('zthr8pe','zths8pc','zts6ta','present','surah',4,11,'ممتاز','surah',7,'surah',1,14,'جيّد','surah',12,'ممتاز',NULL,NULL,NULL,1784044205093),
('zthr8pf','zths8pc','zts6td','present','surah',3,19,'جيّد جدًّا','surah',26,'surah',1,6,'ممتاز','surah',16,'ممتاز','أتمّ الواجب',NULL,NULL,1783612205093),
('zthr8pg','zths8pc','zts6tf','absent','surah',4,8,'ممتاز','surah',29,'surah',1,5,'ممتاز','surah',25,'ممتاز','أتمّ الواجب',NULL,NULL,1783093805093),
('zthr8pi','zths8ph','zts6t7','excused','surah',5,8,'جيّد','surah',13,'surah',1,7,'جيّد','surah',30,'ممتاز','أتمّ الواجب',NULL,NULL,1782316205093),
('zthr8pj','zths8ph','zts6ta','excused','surah',5,11,'ممتاز','surah',6,'surah',1,15,'ممتاز','surah',19,'ممتاز',NULL,NULL,NULL,1783439405093),
('zthr8pk','zths8ph','zts6td','absent','surah',1,11,'جيّد','surah',21,'surah',1,6,'جيّد','surah',3,'جيّد جدًّا','أتمّ الواجب',NULL,NULL,1782057005093),
('zthr8pl','zths8ph','zts6tf','present','surah',5,14,'جيّد جدًّا','surah',5,'surah',1,6,'ممتاز','surah',17,'ممتاز','أتمّ الواجب',NULL,NULL,1782661805093),
('zthr8pm','zths8ph','zts6th','excused','surah',4,13,'جيّد جدًّا','surah',17,'surah',1,11,'ممتاز','surah',30,'ممتاز','أتمّ الواجب',NULL,NULL,1782402605093),
('zthr8po','zths8pn','zts6tq','present','surah',2,8,'جيّد جدًّا','surah',29,'surah',1,9,'جيّد','surah',21,'ممتاز','أتمّ الواجب',NULL,NULL,1782489005093),
('zthr8pp','zths8pn','zts6tt','excused','surah',5,16,'جيّد جدًّا','surah',5,'surah',1,13,'جيّد','surah',26,'جيّد جدًّا','أتمّ الواجب',NULL,NULL,1782834605093),
('zthr8pq','zths8pn','zts6ty','present','surah',3,13,'جيّد','surah',18,'surah',1,12,'ممتاز','surah',27,'ممتاز',NULL,NULL,NULL,1783180205093);
INSERT OR IGNORE INTO tahfeez_daily_records (id,session_id,student_id,attendance,hifz_scope,hifz_from,hifz_to,hifz_grade,hifz_mode,hifz_surah,review_scope,review_from,review_to,review_grade,review_mode,review_surah,tajweed_grade,companion,companion_kind,note,created_at) VALUES
('zthr8ps','zths8pr','zts6tq','present','surah',5,11,'جيّد جدًّا','surah',26,'surah',1,12,'جيّد','surah',25,'ممتاز',NULL,NULL,NULL,1781884205093),
('zthr8pt','zths8pr','zts6tt','present','surah',1,6,'جيّد','surah',12,'surah',1,7,'ممتاز','surah',7,'جيّد جدًّا','أتمّ الواجب',NULL,NULL,1782229805093),
('zthr8pu','zths8pr','zts6tv','present','surah',2,8,'جيّد جدًّا','surah',19,'surah',1,7,'ممتاز','surah',25,'ممتاز',NULL,NULL,NULL,1782834605093),
('zthr8pv','zths8pr','zts6ty','absent','surah',4,18,'جيّد جدًّا','surah',24,'surah',1,6,'ممتاز','surah',28,'ممتاز','أتمّ الواجب',NULL,NULL,1783525805093),
('zthr8px','zths8pw','zts6tq','present','surah',5,8,'جيّد جدًّا','surah',29,'surah',1,8,'جيّد','surah',30,'ممتاز',NULL,NULL,NULL,1782057005093),
('zthr8py','zths8pw','zts6tt','present','surah',2,19,'جيّد جدًّا','surah',10,'surah',1,7,'جيّد','surah',19,'ممتاز',NULL,NULL,NULL,1782143405093),
('zthr8pz','zths8pw','zts6tv','present','surah',5,10,'جيّد جدًّا','surah',3,'surah',1,12,'جيّد','surah',15,'ممتاز',NULL,NULL,NULL,1783612205093),
('zthr8q0','zths8pw','zts6ty','excused','surah',5,18,'جيّد','surah',25,'surah',1,14,'ممتاز','surah',3,'ممتاز',NULL,NULL,NULL,1782748205093),
('zthr8q2','zths8q1','zts6tq','present','surah',1,12,'جيّد','surah',25,'surah',1,6,'ممتاز','surah',25,'جيّد جدًّا',NULL,NULL,NULL,1782229805093),
('zthr8q3','zths8q1','zts6tt','present','surah',4,20,'جيّد','surah',6,'surah',1,7,'ممتاز','surah',12,'ممتاز',NULL,NULL,NULL,1783007405093),
('zthr8q4','zths8q1','zts6tv','excused','surah',1,18,'ممتاز','surah',14,'surah',1,14,'ممتاز','surah',29,'جيّد جدًّا','أتمّ الواجب',NULL,NULL,1781884205093),
('zthr8q5','zths8q1','zts6ty','present','surah',2,14,'جيّد جدًّا','surah',5,'surah',1,14,'ممتاز','surah',25,'ممتاز',NULL,NULL,NULL,1783957805093),
('zthr8q7','zths8q6','zts6u1','present','surah',3,8,'ممتاز','surah',9,'surah',1,14,'ممتاز','surah',1,'جيّد جدًّا','أتمّ الواجب',NULL,NULL,1783353005093),
('zthr8q8','zths8q6','zts6u6','present','surah',4,12,'ممتاز','surah',1,'surah',1,12,'جيّد','surah',22,'جيّد جدًّا',NULL,NULL,NULL,1784303405093),
('zthr8q9','zths8q6','zts6u8','present','surah',1,7,'ممتاز','surah',8,'surah',1,13,'جيّد','surah',2,'جيّد جدًّا','أتمّ الواجب',NULL,NULL,1784130605093),
('zthr8qa','zths8q6','zts6ua','present','surah',1,6,'جيّد','surah',29,'surah',1,11,'جيّد','surah',27,'ممتاز',NULL,NULL,NULL,1784217005093),
('zthr8qb','zths8q6','zts6uc','present','surah',3,20,'ممتاز','surah',29,'surah',1,7,'جيّد','surah',2,'جيّد جدًّا',NULL,NULL,NULL,1782575405093),
('zthr8qd','zths8qc','zts6u1','present','surah',4,17,'ممتاز','surah',11,'surah',1,5,'ممتاز','surah',6,'جيّد جدًّا',NULL,NULL,NULL,1782402605093),
('zthr8qe','zths8qc','zts6u3','present','surah',2,11,'جيّد','surah',23,'surah',1,7,'جيّد','surah',17,'ممتاز',NULL,NULL,NULL,1781970605093),
('zthr8qf','zths8qc','zts6u6','present','surah',1,10,'ممتاز','surah',11,'surah',1,8,'ممتاز','surah',16,'ممتاز','أتمّ الواجب',NULL,NULL,1784044205093),
('zthr8qg','zths8qc','zts6u8','present','surah',1,16,'ممتاز','surah',14,'surah',1,10,'جيّد','surah',22,'جيّد جدًّا','أتمّ الواجب',NULL,NULL,1782402605093),
('zthr8qh','zths8qc','zts6ua','excused','surah',4,18,'ممتاز','surah',17,'surah',1,11,'جيّد','surah',8,'ممتاز',NULL,NULL,NULL,1784217005093),
('zthr8qi','zths8qc','zts6uc','absent','surah',1,20,'جيّد جدًّا','surah',3,'surah',1,9,'ممتاز','surah',21,'جيّد جدًّا',NULL,NULL,NULL,1782316205093),
('zthr8qk','zths8qj','zts6u1','excused','surah',3,13,'جيّد جدًّا','surah',3,'surah',1,7,'جيّد','surah',1,'ممتاز',NULL,NULL,NULL,1782143405093),
('zthr8ql','zths8qj','zts6u3','absent','surah',1,11,'جيّد جدًّا','surah',27,'surah',1,9,'ممتاز','surah',25,'جيّد جدًّا',NULL,NULL,NULL,1783266605093),
('zthr8qm','zths8qj','zts6u6','present','surah',5,10,'جيّد','surah',7,'surah',1,7,'جيّد','surah',25,'ممتاز',NULL,NULL,NULL,1782661805093),
('zthr8qn','zths8qj','zts6u8','absent','surah',4,12,'ممتاز','surah',24,'surah',1,11,'ممتاز','surah',8,'جيّد جدًّا',NULL,NULL,NULL,1784303405093),
('zthr8qo','zths8qj','zts6ua','absent','surah',1,19,'ممتاز','surah',28,'surah',1,15,'جيّد','surah',30,'ممتاز',NULL,NULL,NULL,1783871405093),
('zthr8qp','zths8qj','zts6uc','present','surah',3,15,'جيّد جدًّا','surah',17,'surah',1,14,'جيّد','surah',11,'جيّد جدًّا',NULL,NULL,NULL,1783871405093),
('zthr8qr','zths8qq','zts6ut','absent','surah',3,12,'جيّد','surah',25,'surah',1,15,'جيّد','surah',10,'جيّد جدًّا','أتمّ الواجب',NULL,NULL,1781884205093),
('zthr8qs','zths8qq','zts6uv','present','surah',4,9,'جيّد جدًّا','surah',25,'surah',1,15,'ممتاز','surah',18,'جيّد جدًّا','أتمّ الواجب',NULL,NULL,1784217005093),
('zthr8qt','zths8qq','zts6ux','present','surah',2,20,'جيّد','surah',5,'surah',1,10,'ممتاز','surah',24,'جيّد جدًّا',NULL,NULL,NULL,1783957805093),
('zthr8qu','zths8qq','zts6v0','present','surah',2,11,'جيّد جدًّا','surah',9,'surah',1,13,'جيّد','surah',18,'ممتاز',NULL,NULL,NULL,1782316205093),
('zthr8qv','zths8qq','zts6v2','absent','surah',3,12,'ممتاز','surah',23,'surah',1,14,'ممتاز','surah',27,'جيّد جدًّا',NULL,NULL,NULL,1782229805093),
('zthr8qx','zths8qw','zts6ut','present','surah',2,13,'جيّد جدًّا','surah',21,'surah',1,9,'جيّد','surah',6,'جيّد جدًّا','أتمّ الواجب',NULL,NULL,1782921005093),
('zthr8qy','zths8qw','zts6uv','excused','surah',1,16,'جيّد جدًّا','surah',11,'surah',1,15,'جيّد','surah',30,'جيّد جدًّا',NULL,NULL,NULL,1783007405093),
('zthr8qz','zths8qw','zts6ux','present','surah',5,15,'جيّد','surah',27,'surah',1,14,'جيّد','surah',6,'جيّد جدًّا',NULL,NULL,NULL,1782489005093),
('zthr8r0','zths8qw','zts6v2','present','surah',5,9,'جيّد جدًّا','surah',6,'surah',1,11,'جيّد','surah',24,'ممتاز','أتمّ الواجب',NULL,NULL,1782057005093),
('zthr8r1','zths8qw','zts6v4','excused','surah',4,17,'ممتاز','surah',3,'surah',1,13,'ممتاز','surah',16,'جيّد جدًّا',NULL,NULL,NULL,1782489005093),
('zthr8r3','zths8r2','zts6ut','excused','surah',3,8,'ممتاز','surah',29,'surah',1,6,'ممتاز','surah',30,'ممتاز',NULL,NULL,NULL,1783525805093),
('zthr8r4','zths8r2','zts6uv','present','surah',2,19,'ممتاز','surah',4,'surah',1,10,'جيّد','surah',29,'ممتاز','أتمّ الواجب',NULL,NULL,1782229805093),
('zthr8r5','zths8r2','zts6ux','present','surah',4,6,'ممتاز','surah',26,'surah',1,9,'ممتاز','surah',22,'ممتاز','أتمّ الواجب',NULL,NULL,1782575405093),
('zthr8r6','zths8r2','zts6v0','present','surah',2,8,'جيّد جدًّا','surah',2,'surah',1,15,'ممتاز','surah',18,'جيّد جدًّا',NULL,NULL,NULL,1784044205093),
('zthr8r7','zths8r2','zts6v2','absent','surah',2,12,'جيّد','surah',9,'surah',1,11,'ممتاز','surah',10,'جيّد جدًّا',NULL,NULL,NULL,1782489005093),
('zthr8r8','zths8r2','zts6v4','present','surah',1,11,'ممتاز','surah',28,'surah',1,8,'جيّد','surah',13,'جيّد جدًّا','أتمّ الواجب',NULL,NULL,1782748205093),
('zthr8ra','zths8r9','zts6vk','present','surah',4,18,'جيّد','surah',14,'surah',1,8,'ممتاز','surah',29,'ممتاز',NULL,NULL,NULL,1782402605093),
('zthr8rb','zths8r9','zts6vo','absent','surah',5,11,'جيّد جدًّا','surah',30,'surah',1,5,'جيّد','surah',20,'ممتاز','أتمّ الواجب',NULL,NULL,1782316205093),
('zthr8rc','zths8r9','zts6vr','present','surah',4,12,'ممتاز','surah',19,'surah',1,8,'جيّد','surah',21,'جيّد جدًّا','أتمّ الواجب',NULL,NULL,1781884205093),
('zthr8rd','zths8r9','zts6vt','present','surah',4,7,'ممتاز','surah',30,'surah',1,14,'ممتاز','surah',3,'ممتاز','أتمّ الواجب',NULL,NULL,1782229805093),
('zthr8rf','zths8re','zts6vk','present','surah',1,11,'جيّد جدًّا','surah',4,'surah',1,9,'ممتاز','surah',19,'ممتاز',NULL,NULL,NULL,1782748205093),
('zthr8rg','zths8re','zts6vo','present','surah',5,19,'ممتاز','surah',11,'surah',1,7,'جيّد','surah',27,'جيّد جدًّا','أتمّ الواجب',NULL,NULL,1783698605093),
('zthr8rh','zths8re','zts6vt','present','surah',5,8,'جيّد','surah',28,'surah',1,9,'ممتاز','surah',3,'جيّد جدًّا',NULL,NULL,NULL,1783957805093),
('zthr8rj','zths8ri','zts6vk','present','surah',4,20,'ممتاز','surah',20,'surah',1,9,'جيّد','surah',20,'ممتاز',NULL,NULL,NULL,1782921005093),
('zthr8rk','zths8ri','zts6vm','excused','surah',1,12,'ممتاز','surah',25,'surah',1,15,'ممتاز','surah',14,'ممتاز',NULL,NULL,NULL,1782143405093),
('zthr8rl','zths8ri','zts6vo','excused','surah',1,11,'جيّد جدًّا','surah',22,'surah',1,13,'ممتاز','surah',7,'ممتاز',NULL,NULL,NULL,1783957805093),
('zthr8rm','zths8ri','zts6vr','excused','surah',5,16,'ممتاز','surah',5,'surah',1,14,'ممتاز','surah',16,'جيّد جدًّا',NULL,NULL,NULL,1783180205093),
('zthr8rn','zths8ri','zts6vt','present','surah',1,10,'ممتاز','surah',5,'surah',1,14,'جيّد','surah',10,'جيّد جدًّا','أتمّ الواجب',NULL,NULL,1782575405093),
('zthr8rp','zths8ro','zts6w1','present','surah',4,19,'ممتاز','surah',20,'surah',1,9,'ممتاز','surah',9,'ممتاز','أتمّ الواجب',NULL,NULL,1783439405093),
('zthr8rq','zths8ro','zts6w3','excused','surah',4,16,'ممتاز','surah',28,'surah',1,14,'جيّد','surah',27,'ممتاز',NULL,NULL,NULL,1784044205093),
('zthr8rr','zths8ro','zts6w6','present','surah',3,19,'جيّد','surah',5,'surah',1,8,'جيّد','surah',29,'جيّد جدًّا',NULL,NULL,NULL,1784044205093);
INSERT OR IGNORE INTO tahfeez_daily_records (id,session_id,student_id,attendance,hifz_scope,hifz_from,hifz_to,hifz_grade,hifz_mode,hifz_surah,review_scope,review_from,review_to,review_grade,review_mode,review_surah,tajweed_grade,companion,companion_kind,note,created_at) VALUES
('zthr8rs','zths8ro','zts6w9','present','surah',2,14,'ممتاز','surah',20,'surah',1,14,'جيّد','surah',12,'ممتاز','أتمّ الواجب',NULL,NULL,1782921005093),
('zthr8ru','zths8rt','zts6w1','present','surah',3,10,'جيّد','surah',10,'surah',1,15,'جيّد','surah',26,'جيّد جدًّا',NULL,NULL,NULL,1783698605093),
('zthr8rv','zths8rt','zts6w3','absent','surah',4,16,'جيّد جدًّا','surah',27,'surah',1,15,'جيّد','surah',14,'جيّد جدًّا',NULL,NULL,NULL,1782489005093),
('zthr8rw','zths8rt','zts6w6','present','surah',1,16,'ممتاز','surah',6,'surah',1,14,'ممتاز','surah',17,'ممتاز',NULL,NULL,NULL,1783007405093),
('zthr8ry','zths8rx','zts6w1','present','surah',1,9,'ممتاز','surah',14,'surah',1,8,'ممتاز','surah',10,'ممتاز',NULL,NULL,NULL,1781797805093),
('zthr8rz','zths8rx','zts6w3','present','surah',5,18,'ممتاز','surah',22,'surah',1,5,'ممتاز','surah',29,'جيّد جدًّا','أتمّ الواجب',NULL,NULL,1783871405093),
('zthr8s0','zths8rx','zts6w6','present','surah',5,7,'جيّد','surah',11,'surah',1,10,'ممتاز','surah',30,'ممتاز',NULL,NULL,NULL,1783007405093),
('zthr8s1','zths8rx','zts6w9','excused','surah',5,13,'جيّد جدًّا','surah',4,'surah',1,9,'جيّد','surah',11,'ممتاز','أتمّ الواجب',NULL,NULL,1783612205093),
('zthr8s3','zths8s2','zts6wc','present','surah',4,10,'جيّد جدًّا','surah',5,'surah',1,15,'جيّد','surah',2,'ممتاز','أتمّ الواجب',NULL,NULL,1782921005093),
('zthr8s4','zths8s2','zts6wf','absent','surah',4,6,'جيّد جدًّا','surah',23,'surah',1,9,'ممتاز','surah',8,'جيّد جدًّا',NULL,NULL,NULL,1783353005093),
('zthr8s5','zths8s2','zts6wi','present','surah',3,12,'جيّد جدًّا','surah',16,'surah',1,5,'ممتاز','surah',24,'جيّد جدًّا',NULL,NULL,NULL,1783871405093),
('zthr8s6','zths8s2','zts6wl','present','surah',2,12,'جيّد','surah',20,'surah',1,7,'ممتاز','surah',3,'جيّد جدًّا',NULL,NULL,NULL,1783353005093),
('zthr8s7','zths8s2','zts6wo','absent','surah',5,16,'ممتاز','surah',7,'surah',1,7,'ممتاز','surah',9,'ممتاز',NULL,NULL,NULL,1783871405093),
('zthr8s9','zths8s8','zts6wc','present','surah',1,9,'جيّد جدًّا','surah',28,'surah',1,14,'جيّد','surah',29,'ممتاز',NULL,NULL,NULL,1783353005093),
('zthr8sa','zths8s8','zts6wf','present','surah',2,9,'جيّد','surah',4,'surah',1,7,'ممتاز','surah',29,'جيّد جدًّا',NULL,NULL,NULL,1782661805093),
('zthr8sb','zths8s8','zts6wi','present','surah',4,9,'جيّد جدًّا','surah',30,'surah',1,12,'جيّد','surah',11,'جيّد جدًّا',NULL,NULL,NULL,1782316205093),
('zthr8sc','zths8s8','zts6wl','absent','surah',3,14,'ممتاز','surah',16,'surah',1,9,'ممتاز','surah',13,'جيّد جدًّا','أتمّ الواجب',NULL,NULL,1781797805093),
('zthr8sd','zths8s8','zts6wo','present','surah',1,18,'جيّد','surah',28,'surah',1,8,'جيّد','surah',10,'جيّد جدًّا',NULL,NULL,NULL,1783612205093),
('zthr8sf','zths8se','zts6wi','absent','surah',3,20,'جيّد جدًّا','surah',9,'surah',1,8,'جيّد','surah',19,'جيّد جدًّا',NULL,NULL,NULL,1781797805093),
('zthr8sg','zths8se','zts6wl','present','surah',3,17,'ممتاز','surah',13,'surah',1,13,'جيّد','surah',4,'جيّد جدًّا',NULL,NULL,NULL,1783180205093),
('zthr8sh','zths8se','zts6wo','excused','surah',5,14,'جيّد','surah',15,'surah',1,11,'ممتاز','surah',20,'ممتاز',NULL,NULL,NULL,1782489005093),
('zthr8sj','zths8si','zts6wc','present','surah',1,12,'جيّد','surah',7,'surah',1,8,'جيّد','surah',10,'ممتاز',NULL,NULL,NULL,1781797805093),
('zthr8sk','zths8si','zts6wf','present','surah',1,7,'جيّد جدًّا','surah',20,'surah',1,11,'جيّد','surah',13,'جيّد جدًّا',NULL,NULL,NULL,1782316205093),
('zthr8sl','zths8si','zts6wi','present','surah',1,10,'جيّد','surah',14,'surah',1,11,'جيّد','surah',29,'ممتاز',NULL,NULL,NULL,1781884205093),
('zthr8sm','zths8si','zts6wo','present','surah',1,12,'جيّد جدًّا','surah',5,'surah',1,9,'جيّد','surah',22,'ممتاز','أتمّ الواجب',NULL,NULL,1782834605093),
('zthr8so','zths8sn','zts6ws','present','surah',1,16,'جيّد','surah',6,'surah',1,10,'ممتاز','surah',29,'جيّد جدًّا',NULL,NULL,NULL,1783698605093),
('zthr8sp','zths8sn','zts6wu','present','surah',5,7,'ممتاز','surah',4,'surah',1,7,'ممتاز','surah',25,'ممتاز',NULL,NULL,NULL,1782402605093),
('zthr8sq','zths8sn','zts6ww','present','surah',4,12,'جيّد','surah',4,'surah',1,15,'جيّد','surah',9,'ممتاز',NULL,NULL,NULL,1782748205093),
('zthr8sr','zths8sn','zts6wy','excused','surah',2,7,'ممتاز','surah',22,'surah',1,5,'جيّد','surah',13,'ممتاز',NULL,NULL,NULL,1782057005093),
('zthr8ss','zths8sn','zts6x0','present','surah',1,6,'جيّد جدًّا','surah',3,'surah',1,11,'جيّد','surah',17,'جيّد جدًّا',NULL,NULL,NULL,1782229805093),
('zthr8st','zths8sn','zts6x2','present','surah',5,15,'جيّد جدًّا','surah',23,'surah',1,10,'جيّد','surah',8,'جيّد جدًّا',NULL,NULL,NULL,1782057005093),
('zthr8sv','zths8su','zts6ws','excused','surah',2,20,'جيّد','surah',30,'surah',1,11,'ممتاز','surah',24,'جيّد جدًّا','أتمّ الواجب',NULL,NULL,1782661805093),
('zthr8sw','zths8su','zts6wu','present','surah',4,20,'ممتاز','surah',17,'surah',1,11,'جيّد','surah',25,'جيّد جدًّا',NULL,NULL,NULL,1782229805093),
('zthr8sx','zths8su','zts6ww','present','surah',2,15,'جيّد جدًّا','surah',3,'surah',1,11,'ممتاز','surah',10,'ممتاز',NULL,NULL,NULL,1784130605093),
('zthr8sy','zths8su','zts6wy','excused','surah',2,7,'ممتاز','surah',29,'surah',1,15,'ممتاز','surah',18,'جيّد جدًّا','أتمّ الواجب',NULL,NULL,1782143405093),
('zthr8sz','zths8su','zts6x2','absent','surah',4,10,'جيّد','surah',27,'surah',1,6,'ممتاز','surah',25,'جيّد جدًّا',NULL,NULL,NULL,1784044205093);
INSERT OR IGNORE INTO mosque_lessons (id,mosque_id,title,description,place,starts_at,duration_min,material_id,status,created_by,created_at,updated_at) VALUES
('zml8t0','zmd','السيرة النبويّة','درسٌ أسبوعيٌّ مفتوحٌ للجميع','قاعة الدروس',1783698605093,60,'zmat8d7','confirmed','u-admin',1781538605093,1783525805093),
('zml8t6','zmd','السيرة النبويّة','درسٌ أسبوعيٌّ مفتوحٌ للجميع','المكتبة',1783525805093,45,NULL,'confirmed','u-admin',1782489005093,1783698605093),
('zml8tc','zm18','شرح الأربعين النوويّة',NULL,'المكتبة',1784044205093,45,'zmat8d3','delivered','u-admin',1783957805093,1783871405093),
('zml8tg','zm54','تفسير جزء عمّ','درسٌ أسبوعيٌّ مفتوحٌ للجميع','قاعة الدروس',1784389805093,60,'zmat8d1','confirmed','u-admin',1783353005093,1783439405093),
('zml8tn','zm60','شرح الأربعين النوويّة','درسٌ أسبوعيٌّ مفتوحٌ للجميع','المكتبة',1784821805093,30,NULL,'scheduled','u-admin',1783439405093,1783698605093),
('zml8tt','zm60','تفسير جزء عمّ',NULL,'المكتبة',1783785005093,30,NULL,'confirmed','u-admin',1782489005093,1784044205093),
('zml8u0','zm60','شرح الأربعين النوويّة',NULL,'قاعة الدروس',1784476205093,30,NULL,'confirmed','u-admin',1781797805093,1783266605093),
('zml8u6','zm6u','تفسير جزء عمّ','درسٌ أسبوعيٌّ مفتوحٌ للجميع','المكتبة',1785167405093,45,NULL,'confirmed','u-admin',1782229805093,1783785005093),
('zml8ug','zm6u','السيرة النبويّة','درسٌ أسبوعيٌّ مفتوحٌ للجميع','المصلّى الرئيس',1783785005093,60,'zmat8d1','delivered','u-admin',1781452205093,1783007405093),
('zml8up','zm6u','فقه العبادات',NULL,'المصلّى الرئيس',1784476205093,30,NULL,'confirmed','u-admin',1781538605093,1784303405093),
('zml8v0','zm8q','تفسير جزء عمّ','درسٌ أسبوعيٌّ مفتوحٌ للجميع','المصلّى الرئيس',1783698605093,60,NULL,'scheduled','u-admin',1783180205093,1783612205093),
('zml8v6','zm8q','فقه العبادات',NULL,'المصلّى الرئيس',1784389805093,60,NULL,'scheduled','u-admin',1780933805093,1782921005093),
('zml8vc','zmag','درس الفجر',NULL,'قاعة الدروس',1784994605093,30,NULL,'scheduled','u-admin',1783353005093,1784130605093),
('zml8vk','zmag','شرح الأربعين النوويّة','درسٌ أسبوعيٌّ مفتوحٌ للجميع','المصلّى الرئيس',1785253805093,60,'zmat8d7','confirmed','u-admin',1783093805093,1784217005093),
('zml8vr','zmci','تفسير جزء عمّ','درسٌ أسبوعيٌّ مفتوحٌ للجميع','المكتبة',1785167405093,30,NULL,'scheduled','u-admin',1781884205093,1783525805093),
('zml8vz','zmec','درس الفجر',NULL,'المصلّى الرئيس',1784908205093,60,NULL,'delivered','u-admin',1783439405093,1782921005093),
('zml8w4','zmh1','شرح الأربعين النوويّة',NULL,'المصلّى الرئيس',1784303405093,60,NULL,'confirmed','u-admin',1781625005093,1784044205093),
('zml8w8','zmh1','شرح الأربعين النوويّة','درسٌ أسبوعيٌّ مفتوحٌ للجميع','المصلّى الرئيس',1784562605093,30,NULL,'delivered','u-admin',1782575405093,1784044205093),
('zml8wd','zmh1','تفسير جزء عمّ',NULL,'قاعة الدروس',1783785005093,60,'zmat8d8','scheduled','u-admin',1781711405093,1783698605093),
('zml8wl','zmit','تفسير جزء عمّ',NULL,'المكتبة',1784562605093,45,NULL,'scheduled','u-admin',1782921005093,1783612205093),
('zml8wr','zmit','درس الفجر',NULL,'المصلّى الرئيس',1783785005093,30,NULL,'confirmed','u-admin',1782661805093,1782748205093),
('zml8wv','zmit','السيرة النبويّة','درسٌ أسبوعيٌّ مفتوحٌ للجميع','المصلّى الرئيس',1784649005093,60,NULL,'delivered','u-admin',1783525805093,1783007405093),
('zml8x2','zmjq','فقه العبادات','درسٌ أسبوعيٌّ مفتوحٌ للجميع','المصلّى الرئيس',1784476205093,45,NULL,'scheduled','u-admin',1782143405093,1782921005093),
('zml8x8','zmlo','تفسير جزء عمّ','درسٌ أسبوعيٌّ مفتوحٌ للجميع','المكتبة',1784044205093,60,NULL,'confirmed','u-admin',1783957805093,1783266605093),
('zml8xc','zmme','درس الفجر',NULL,'قاعة الدروس',1783957805093,45,NULL,'confirmed','u-admin',1783698605093,1783353005093),
('zml8xj','zmme','درس الفجر',NULL,'قاعة الدروس',1783612205093,45,NULL,'scheduled','u-admin',1780933805093,1783957805093),
('zml8xo','zmme','السيرة النبويّة','درسٌ أسبوعيٌّ مفتوحٌ للجميع','قاعة الدروس',1784130605093,30,NULL,'delivered','u-admin',1781452205093,1783266605093),
('zml8xy','zmn7','درس الفجر',NULL,'المصلّى الرئيس',1785081005093,30,NULL,'delivered','u-admin',1782057005093,1783180205093),
('zml8y5','zmqa','تفسير جزء عمّ',NULL,'المصلّى الرئيس',1784649005093,45,'zmat8d4','delivered','u-admin',1783785005093,1782661805093),
('zml8ye','zmqa','درس الفجر',NULL,'قاعة الدروس',1783785005093,30,'zmat8d8','scheduled','u-admin',1783093805093,1782921005093),
('zml8yo','zmr1','شرح الأربعين النوويّة','درسٌ أسبوعيٌّ مفتوحٌ للجميع','المصلّى الرئيس',1784649005093,45,NULL,'delivered','u-admin',1782402605093,1783439405093),
('zml8yx','zmrs','درس الفجر',NULL,'المكتبة',1784908205093,60,NULL,'confirmed','u-admin',1783871405093,1783093805093),
('zml8z8','zmrs','شرح الأربعين النوويّة',NULL,'المكتبة',1784303405093,60,NULL,'scheduled','u-admin',1783180205093,1784303405093),
('zml8zg','zmsm','شرح الأربعين النوويّة','درسٌ أسبوعيٌّ مفتوحٌ للجميع','قاعة الدروس',1784389805093,60,NULL,'scheduled','u-admin',1781884205093,1783439405093),
('zml8zm','zmsm','فقه العبادات','درسٌ أسبوعيٌّ مفتوحٌ للجميع','المصلّى الرئيس',1785253805093,60,'zmat8d4','delivered','u-admin',1782316205093,1783093805093),
('zml8zq','zmv9','السيرة النبويّة','درسٌ أسبوعيٌّ مفتوحٌ للجميع','المكتبة',1783871405093,30,NULL,'confirmed','u-admin',1783957805093,1783612205093),
('zml8zw','zmv9','السيرة النبويّة',NULL,'المصلّى الرئيس',1784908205093,45,NULL,'delivered','u-admin',1781797805093,1782921005093),
('zml901','zmw4','شرح الأربعين النوويّة','درسٌ أسبوعيٌّ مفتوحٌ للجميع','قاعة الدروس',1784389805093,30,NULL,'delivered','u-admin',1781279405093,1784303405093),
('zml906','zmxq','شرح الأربعين النوويّة','درسٌ أسبوعيٌّ مفتوحٌ للجميع','المصلّى الرئيس',1783785005093,45,NULL,'delivered','u-admin',1782229805093,1783439405093),
('zml90c','zm102','فقه العبادات','درسٌ أسبوعيٌّ مفتوحٌ للجميع','قاعة الدروس',1783698605093,30,NULL,'scheduled','u-admin',1782834605093,1782834605093),
('zml90g','zm118','تفسير جزء عمّ','درسٌ أسبوعيٌّ مفتوحٌ للجميع','قاعة الدروس',1784994605093,30,NULL,'delivered','u-admin',1783785005093,1783525805093),
('zml90k','zm118','شرح الأربعين النوويّة',NULL,'المكتبة',1783957805093,30,NULL,'scheduled','u-admin',1781452205093,1783180205093),
('zml90q','zm14n','شرح الأربعين النوويّة','درسٌ أسبوعيٌّ مفتوحٌ للجميع','المكتبة',1784735405093,60,NULL,'delivered','u-admin',1781538605093,1782834605093),
('zml90z','zm14n','تفسير جزء عمّ',NULL,'قاعة الدروس',1784908205093,45,NULL,'confirmed','u-admin',1781193005093,1782661805093),
('zml916','zm14n','فقه العبادات','درسٌ أسبوعيٌّ مفتوحٌ للجميع','قاعة الدروس',1785081005093,30,NULL,'confirmed','u-admin',1782575405093,1783353005093);
INSERT OR IGNORE INTO mosque_lesson_attendance (id,lesson_id,person_id,name,created_at) VALUES
('zmla8t1','zml8t0',NULL,'أيمن السالم',1782834605093),
('zmla8t2','zml8t0',NULL,'صهيب العمر',1783785005093),
('zmla8t3','zml8t0','zppg','يوسف العمر',1782748205093),
('zmla8t4','zml8t0','zp10r','صهيب الصالح',1783785005093),
('zmla8t5','zml8t0',NULL,'يوسف النعسان',1783871405093),
('zmla8t7','zml8t6',NULL,'أسامة الديب',1782661805093),
('zmla8t8','zml8t6','zp3e','عبدالرحمن الحسن',1783612205093),
('zmla8t9','zml8t6','zpqj','سلمان الزعبي',1782661805093),
('zmla8ta','zml8t6',NULL,'عمر البكري',1783266605093),
('zmla8tb','zml8t6','zp3c','ياسر الأحمد',1783698605093),
('zmla8td','zml8tc','zpav','معاذ الجاسم',1783180205093),
('zmla8te','zml8tc','zp73','عمر الحموي',1783785005093),
('zmla8tf','zml8tc','zptb','عمر القاسم',1784130605093),
('zmla8th','zml8tg','zp86','عبدالرحمن الحموي',1783266605093),
('zmla8ti','zml8tg','zp12x','عبدالرحمن الديب',1783353005093),
('zmla8tj','zml8tg',NULL,'سلمان الحريري',1784303405093),
('zmla8tk','zml8tg','zp8v','حمزة الصالح',1784044205093),
('zmla8tl','zml8tg',NULL,'عثمان الجاسم',1784130605093),
('zmla8tm','zml8tg','zpzp','أسامة البكري',1783007405093),
('zmla8to','zml8tn',NULL,'سلمان الحلبي',1783871405093),
('zmla8tp','zml8tn',NULL,'أيمن الخطيب',1783439405093),
('zmla8tq','zml8tn','zps3','عبدالله الشامي',1784217005093),
('zmla8tr','zml8tn','zpiy','عبدالرحمن الخطيب',1783612205093),
('zmla8ts','zml8tn','zpbm','يوسف الجاسم',1783353005093),
('zmla8tu','zml8tt','zp6h','أيمن الكردي',1784217005093),
('zmla8tv','zml8tt','zpm1','عمر الرفاعي',1784044205093),
('zmla8tw','zml8tt',NULL,'محمد الحريري',1783957805093),
('zmla8tx','zml8tt',NULL,'عثمان المحمد',1783698605093),
('zmla8ty','zml8tt','zpm3','خالد الأحمد',1783525805093),
('zmla8tz','zml8tt','zp8r','أسامة الجاسم',1783612205093),
('zmla8u1','zml8u0','zpcx','حمزة الخطيب',1783612205093),
('zmla8u2','zml8u0','zpr8','عثمان الكردي',1783266605093),
('zmla8u3','zml8u0','zpk9','أحمد الإدلبي',1784130605093),
('zmla8u4','zml8u0',NULL,'عثمان القاسم',1784044205093),
('zmla8u5','zml8u0','zp13z','بلال الديب',1784130605093),
('zmla8u7','zml8u6',NULL,'علي الزعبي',1783007405093),
('zmla8u8','zml8u6','zpus','حسين النعسان',1782748205093),
('zmla8u9','zml8u6','zpxm','عبدالرحمن الإدلبي',1784130605093),
('zmla8ua','zml8u6','zplt','يوسف المحمد',1782661805093),
('zmla8ub','zml8u6','zpp8','عمر المحمد',1783698605093),
('zmla8uc','zml8u6','zppc','عثمان الحسن',1783612205093),
('zmla8ud','zml8u6','zpwb','أسامة الخطيب',1783007405093),
('zmla8ue','zml8u6','zp6z','طارق القاسم',1783266605093),
('zmla8uf','zml8u6',NULL,'عبدالله الجاسم',1783266605093),
('zmla8uh','zml8ug',NULL,'عمر الحسن',1783871405093),
('zmla8ui','zml8ug','zpgf','حسن الكردي',1782921005093),
('zmla8uj','zml8ug','zpvq','إبراهيم النعسان',1783093805093),
('zmla8uk','zml8ug','zptn','حسين المحمد',1783698605093),
('zmla8ul','zml8ug','zpk9','أنس الصالح',1782748205093),
('zmla8um','zml8ug','zpy7','مصطفى الكردي',1783007405093),
('zmla8un','zml8ug',NULL,'سعيد البكري',1783957805093),
('zmla8uo','zml8ug',NULL,'عمر الشامي',1783353005093),
('zmla8uq','zml8up',NULL,'أيمن الأحمد',1784044205093),
('zmla8ur','zml8up','zpdq','سعيد الكردي',1783353005093),
('zmla8us','zml8up','zp119','صهيب الحلبي',1784303405093),
('zmla8ut','zml8up',NULL,'إبراهيم الجاسم',1784217005093),
('zmla8uu','zml8up',NULL,'ياسر الصالح',1782661805093),
('zmla8uv','zml8up','zp2o','خالد البكري',1784303405093),
('zmla8uw','zml8up','zpcr','زيد الكردي',1782921005093),
('zmla8ux','zml8up','zp147','بلال الحلبي',1782921005093);
INSERT OR IGNORE INTO mosque_lesson_attendance (id,lesson_id,person_id,name,created_at) VALUES
('zmla8uy','zml8up','zpi5','ياسر الشامي',1783698605093),
('zmla8uz','zml8up','zpaj','عبدالرحمن الحموي',1782921005093),
('zmla8v1','zml8v0',NULL,'محمد المحمد',1783525805093),
('zmla8v2','zml8v0','zpm1','بلال الشامي',1784130605093),
('zmla8v3','zml8v0','zp14o','سعيد الصالح',1783871405093),
('zmla8v4','zml8v0',NULL,'صهيب الحسن',1784217005093),
('zmla8v5','zml8v0',NULL,'معاذ الحريري',1783525805093),
('zmla8v7','zml8v6',NULL,'حمزة العمر',1783698605093),
('zmla8v8','zml8v6',NULL,'سعيد الخطيب',1783353005093),
('zmla8v9','zml8v6','zpo9','عبدالرحمن الشامي',1783785005093),
('zmla8va','zml8v6',NULL,'عبدالله الشامي',1784303405093),
('zmla8vb','zml8v6','zpra','أنس الديب',1783698605093),
('zmla8vd','zml8vc','zp6h','عبدالله الجاسم',1783957805093),
('zmla8ve','zml8vc','zpiy','حسين المحمد',1784044205093),
('zmla8vf','zml8vc',NULL,'يوسف الكردي',1783180205093),
('zmla8vg','zml8vc','zp7u','حمزة العمر',1783612205093),
('zmla8vh','zml8vc',NULL,'طارق الرفاعي',1783612205093),
('zmla8vi','zml8vc',NULL,'سلمان الخطيب',1783957805093),
('zmla8vj','zml8vc','zp128','صهيب الرفاعي',1783266605093),
('zmla8vl','zml8vk','zp6b','عثمان الشامي',1782748205093),
('zmla8vm','zml8vk','zpr2','حسين الحسن',1783871405093),
('zmla8vn','zml8vk','zpj','أيمن الحلبي',1782661805093),
('zmla8vo','zml8vk',NULL,'زيد الحلبي',1783180205093),
('zmla8vp','zml8vk','zp7y','ياسر السالم',1782661805093),
('zmla8vq','zml8vk','zp14o','يوسف الأحمد',1783093805093),
('zmla8vs','zml8vr',NULL,'عثمان الصالح',1782834605093),
('zmla8vt','zml8vr','zp12g','سلمان الرفاعي',1782748205093),
('zmla8vu','zml8vr','zp145','حسن الحلبي',1783266605093),
('zmla8vv','zml8vr',NULL,'يوسف الإدلبي',1784217005093),
('zmla8vw','zml8vr',NULL,'حسين القاسم',1784217005093),
('zmla8vx','zml8vr',NULL,'حمزة الحموي',1783180205093),
('zmla8vy','zml8vr','zpnq','سعيد الزعبي',1782661805093),
('zmla8w0','zml8vz',NULL,'عثمان الجاسم',1783698605093),
('zmla8w1','zml8vz','zph6','طارق الكردي',1783612205093),
('zmla8w2','zml8vz','zpzn','يوسف الحموي',1783439405093),
('zmla8w3','zml8vz','zp12x','حسين العمر',1782748205093),
('zmla8w5','zml8w4',NULL,'سلمان النعسان',1784217005093),
('zmla8w6','zml8w4',NULL,'أنس البكري',1783785005093),
('zmla8w7','zml8w4','zp12e','محمد الشامي',1783093805093),
('zmla8w9','zml8w8',NULL,'صهيب الحسن',1782921005093),
('zmla8wa','zml8w8','zpaj','سعيد الحسن',1783612205093),
('zmla8wb','zml8w8','zpgd','ياسر الجاسم',1783093805093),
('zmla8wc','zml8w8','zpvs','أيمن الحموي',1783957805093),
('zmla8we','zml8wd','zp6v','بلال الحريري',1782834605093),
('zmla8wf','zml8wd','zpj0','علي الحموي',1783093805093),
('zmla8wg','zml8wd',NULL,'حمزة الكردي',1783698605093),
('zmla8wh','zml8wd',NULL,'سعيد الخطيب',1783093805093),
('zmla8wi','zml8wd','zp49','حمزة المحمد',1783957805093),
('zmla8wj','zml8wd','zp6','علي الخطيب',1783353005093),
('zmla8wk','zml8wd','zp8v','عثمان المحمد',1784217005093),
('zmla8wm','zml8wl',NULL,'عمر البكري',1784303405093),
('zmla8wn','zml8wl','zpgf','إبراهيم الجاسم',1783525805093),
('zmla8wo','zml8wl','zp69','حمزة الحسن',1784130605093),
('zmla8wp','zml8wl','zp7d','حمزة النعسان',1783093805093),
('zmla8wq','zml8wl','zpm1','عبدالرحمن الحريري',1783353005093),
('zmla8ws','zml8wr',NULL,'إبراهيم الحريري',1783093805093),
('zmla8wt','zml8wr',NULL,'زيد النعسان',1783353005093),
('zmla8wu','zml8wr',NULL,'حسن الكردي',1783698605093),
('zmla8ww','zml8wv','zp3o','صهيب الديب',1783439405093),
('zmla8wx','zml8wv',NULL,'حمزة المحمد',1783785005093);
INSERT OR IGNORE INTO mosque_lesson_attendance (id,lesson_id,person_id,name,created_at) VALUES
('zmla8wy','zml8wv',NULL,'أسامة السالم',1784303405093),
('zmla8wz','zml8wv','zp6x','سلمان الجاسم',1783871405093),
('zmla8x0','zml8wv','zpbs','طارق المحمد',1783525805093),
('zmla8x1','zml8wv','zpj6','سلمان الزعبي',1783525805093),
('zmla8x3','zml8x2',NULL,'يوسف الزعبي',1783871405093),
('zmla8x4','zml8x2','zpo7','ياسر الحريري',1783439405093),
('zmla8x5','zml8x2',NULL,'خالد الحريري',1783180205093),
('zmla8x6','zml8x2',NULL,'يوسف الشامي',1783180205093),
('zmla8x7','zml8x2','zpj0','محمد الرفاعي',1783785005093),
('zmla8x9','zml8x8','zpqf','خالد السالم',1782661805093),
('zmla8xa','zml8x8',NULL,'أحمد الحريري',1782921005093),
('zmla8xb','zml8x8','zpmp','معاذ القاسم',1782834605093),
('zmla8xd','zml8xc','zpl','علي السالم',1783698605093),
('zmla8xe','zml8xc','zptf','بلال الحريري',1783266605093),
('zmla8xf','zml8xc','zpap','زيد البكري',1783180205093),
('zmla8xg','zml8xc',NULL,'أسامة النعسان',1783439405093),
('zmla8xh','zml8xc','zp7b','بلال السالم',1784303405093),
('zmla8xi','zml8xc','zpha','أسامة الرفاعي',1783698605093),
('zmla8xk','zml8xj','zpe7','خالد الأحمد',1784044205093),
('zmla8xl','zml8xj','zp80','محمد الإدلبي',1783266605093),
('zmla8xm','zml8xj','zp14y','يوسف الصالح',1784130605093),
('zmla8xn','zml8xj','zppo','مصطفى الإدلبي',1783612205093),
('zmla8xp','zml8xo','zpbu','صهيب الإدلبي',1783612205093),
('zmla8xq','zml8xo','zped','أحمد الجاسم',1783439405093),
('zmla8xr','zml8xo','zp109','معاذ البكري',1783698605093),
('zmla8xs','zml8xo','zpt','علي الجاسم',1784044205093),
('zmla8xt','zml8xo','zp8x','حسين الخطيب',1783525805093),
('zmla8xu','zml8xo','zpy5','مصطفى الرفاعي',1784130605093),
('zmla8xv','zml8xo',NULL,'حمزة الحموي',1783957805093),
('zmla8xw','zml8xo',NULL,'حسن السالم',1783957805093),
('zmla8xx','zml8xo',NULL,'بلال الحسن',1783785005093),
('zmla8xz','zml8xy','zp2o','ياسر البكري',1782834605093),
('zmla8y0','zml8xy','zp13z','حمزة الأحمد',1784044205093),
('zmla8y1','zml8xy',NULL,'طارق الحلبي',1783180205093),
('zmla8y2','zml8xy','zpp4','أيمن الشامي',1783266605093),
('zmla8y3','zml8xy','zpxr','معاذ الشامي',1784044205093),
('zmla8y4','zml8xy',NULL,'حسن السالم',1783525805093),
('zmla8y6','zml8y5','zp2i','حسن الأحمد',1782748205093),
('zmla8y7','zml8y5','zpy7','مصطفى الحريري',1782921005093),
('zmla8y8','zml8y5','zpdk','علي الديب',1783525805093),
('zmla8y9','zml8y5','zpfk','مصطفى الرفاعي',1783180205093),
('zmla8ya','zml8y5',NULL,'ياسر البكري',1783612205093),
('zmla8yb','zml8y5','zpo9','خالد الرفاعي',1783266605093),
('zmla8yc','zml8y5','zpej','أنس الصالح',1783266605093),
('zmla8yd','zml8y5','zpvk','مصطفى الحسن',1784044205093),
('zmla8yf','zml8ye',NULL,'يوسف السالم',1783612205093),
('zmla8yg','zml8ye',NULL,'أنس البكري',1782661805093),
('zmla8yh','zml8ye',NULL,'بلال الجاسم',1783266605093),
('zmla8yi','zml8ye','zpw9','حسين الإدلبي',1784303405093),
('zmla8yj','zml8ye','zp8c','علي القاسم',1784303405093),
('zmla8yk','zml8ye','zpaz','أيمن الرفاعي',1782834605093),
('zmla8yl','zml8ye','zpui','أنس الحريري',1782748205093),
('zmla8ym','zml8ye','zp8x','أحمد السالم',1783353005093),
('zmla8yn','zml8ye',NULL,'عثمان الرفاعي',1783266605093),
('zmla8yp','zml8yo','zpue','حمزة الخطيب',1783266605093),
('zmla8yq','zml8yo','zp13d','عثمان العمر',1783007405093),
('zmla8yr','zml8yo','zpfi','سعيد المحمد',1783353005093),
('zmla8ys','zml8yo','zp1l','أنس الحلبي',1783180205093),
('zmla8yt','zml8yo','zptn','محمد السالم',1783093805093),
('zmla8yu','zml8yo','zpwl','ياسر البكري',1783093805093);
INSERT OR IGNORE INTO mosque_lesson_attendance (id,lesson_id,person_id,name,created_at) VALUES
('zmla8yv','zml8yo',NULL,'يوسف الرفاعي',1783871405093),
('zmla8yw','zml8yo',NULL,'علي الخطيب',1783180205093),
('zmla8yy','zml8yx',NULL,'ياسر المحمد',1783353005093),
('zmla8yz','zml8yx','zp147','حسن الأحمد',1783612205093),
('zmla8z0','zml8yx','zp10r','يوسف القاسم',1783612205093),
('zmla8z1','zml8yx',NULL,'بلال الحلبي',1783785005093),
('zmla8z2','zml8yx','zpfa','أحمد النعسان',1783007405093),
('zmla8z3','zml8yx','zpj8','سعيد الصالح',1784303405093),
('zmla8z4','zml8yx','zpm9','عبدالرحمن الأحمد',1784130605093),
('zmla8z5','zml8yx',NULL,'سعيد الحريري',1783353005093),
('zmla8z6','zml8yx',NULL,'حمزة الأحمد',1783698605093),
('zmla8z7','zml8yx','zpk1','سعيد الرفاعي',1784303405093),
('zmla8z9','zml8z8',NULL,'بلال النعسان',1783957805093),
('zmla8za','zml8z8','zpal','عبدالله الرفاعي',1784130605093),
('zmla8zb','zml8z8',NULL,'أنس العمر',1783007405093),
('zmla8zc','zml8z8',NULL,'عبدالرحمن المحمد',1783525805093),
('zmla8zd','zml8z8','zpqn','صهيب البكري',1784044205093),
('zmla8ze','zml8z8',NULL,'يوسف الرفاعي',1782921005093),
('zmla8zf','zml8z8','zpmt','صهيب البكري',1783093805093),
('zmla8zh','zml8zg',NULL,'حمزة الخطيب',1784130605093),
('zmla8zi','zml8zg','zp6h','سلمان الكردي',1783871405093),
('zmla8zj','zml8zg','zpfe','زيد الديب',1782834605093),
('zmla8zk','zml8zg','zpq8','محمد الحموي',1784217005093),
('zmla8zl','zml8zg','zptd','عبدالله السالم',1783439405093),
('zmla8zn','zml8zm','zpaj','عثمان القاسم',1782834605093),
('zmla8zo','zml8zm',NULL,'معاذ النعسان',1783007405093),
('zmla8zp','zml8zm',NULL,'خالد الكردي',1783266605093),
('zmla8zr','zml8zq','zplx','زيد الزعبي',1783353005093),
('zmla8zs','zml8zq','zpm3','مصطفى الحموي',1784044205093),
('zmla8zt','zml8zq','zp4b','حسين القاسم',1782921005093),
('zmla8zu','zml8zq',NULL,'عثمان الخطيب',1782748205093),
('zmla8zv','zml8zq',NULL,'أيمن النعسان',1783266605093),
('zmla8zx','zml8zw',NULL,'خالد البكري',1783093805093),
('zmla8zy','zml8zw','zp19','عثمان النعسان',1782661805093),
('zmla8zz','zml8zw','zpm1','عثمان الزعبي',1784130605093),
('zmla900','zml8zw','zpyv','أحمد الكردي',1783785005093),
('zmla902','zml901',NULL,'عمر الرفاعي',1783612205093),
('zmla903','zml901','zpgl','ياسر الإدلبي',1783353005093),
('zmla904','zml901','zp4f','عمر السالم',1783180205093),
('zmla905','zml901','zpcp','محمد الصالح',1784044205093),
('zmla907','zml906','zprx','صهيب الصالح',1783525805093),
('zmla908','zml906','zpxe','حسن الكردي',1783439405093),
('zmla909','zml906',NULL,'صهيب النعسان',1782921005093),
('zmla90a','zml906',NULL,'زيد العمر',1783353005093),
('zmla90b','zml906','zpde','أيمن الشامي',1784044205093),
('zmla90d','zml90c',NULL,'إبراهيم البكري',1782834605093),
('zmla90e','zml90c',NULL,'حمزة الكردي',1783353005093),
('zmla90f','zml90c','zppi','سعيد الشامي',1782834605093),
('zmla90h','zml90g','zpy5','حسن الصالح',1782661805093),
('zmla90i','zml90g',NULL,'عبدالرحمن القاسم',1784130605093),
('zmla90j','zml90g','zpm5','معاذ الشامي',1783439405093),
('zmla90l','zml90k','zp2q','عبدالله الزعبي',1783957805093),
('zmla90m','zml90k','zpwn','حمزة الإدلبي',1783957805093),
('zmla90n','zml90k',NULL,'مصطفى الزعبي',1783439405093),
('zmla90o','zml90k',NULL,'إبراهيم الحريري',1782921005093),
('zmla90p','zml90k','zp1f','يوسف العمر',1783871405093),
('zmla90r','zml90q',NULL,'ياسر السالم',1782834605093),
('zmla90s','zml90q','zp61','حسين الحموي',1783957805093),
('zmla90t','zml90q','zpsr','طارق المحمد',1783007405093),
('zmla90u','zml90q','zptj','إبراهيم الكردي',1783871405093);
INSERT OR IGNORE INTO mosque_lesson_attendance (id,lesson_id,person_id,name,created_at) VALUES
('zmla90v','zml90q',NULL,'طارق الحلبي',1784044205093),
('zmla90w','zml90q',NULL,'سلمان النعسان',1783439405093),
('zmla90x','zml90q','zpmx','حسن الحموي',1783353005093),
('zmla90y','zml90q','zp13p','بلال السالم',1784217005093),
('zmla910','zml90z',NULL,'علي الزعبي',1782921005093),
('zmla911','zml90z','zp4b','طارق الزعبي',1782661805093),
('zmla912','zml90z','zpgl','سلمان الجاسم',1782748205093),
('zmla913','zml90z','zp10p','طارق الشامي',1783007405093),
('zmla914','zml90z','zp9w','سلمان البكري',1784217005093),
('zmla915','zml90z','zp10f','أسامة الصالح',1783266605093),
('zmla917','zml916','zpbm','معاذ الخطيب',1783266605093),
('zmla918','zml916',NULL,'عبدالله الصالح',1784044205093),
('zmla919','zml916',NULL,'زيد الشامي',1782661805093),
('zmla91a','zml916','zp34','أسامة القاسم',1783698605093),
('zmla91b','zml916','zpo7','أنس الحلبي',1784217005093),
('zmla91c','zml916',NULL,'إبراهيم الكردي',1783871405093);
INSERT OR IGNORE INTO curriculum_progress (id,enrollment_id,manhaj_key,status,rating,source,date_hijri,updated_at) VALUES
('zcp291d','ze163','unit-03__lesson-02','done',4,'lesson','1447-05-18',1782057005093),
('zcp291e','ze166','unit-01__lesson-01','done',3,'lesson','1447-06-08',1781970605093),
('zcp291f','ze166','unit-02__lesson-01','done',4,'lesson','1447-05-24',1784217005093),
('zcp291g','ze166','unit-09__lesson-04','done',3,'lesson','1447-04-02',1784130605093),
('zcp291h','ze166','unit-05__lesson-01','done',3,'lesson','1447-06-04',1784217005093),
('zcp291i','ze167','unit-03__lesson-02','done',4,'lesson','1447-04-15',1781020205093),
('zcp291j','ze167','unit-09__lesson-04','done',4,'lesson','1447-04-12',1782834605093),
('zcp291k','ze167','unit-05__lesson-01','done',3,'lesson','1447-05-08',1781452205093),
('zcp291l','ze168','unit-02__lesson-01','done',3,'lesson','1447-04-26',1782661805093),
('zcp291m','ze168','unit-09__lesson-04','done',3,'lesson','1447-05-27',1781279405093),
('zcp291n','ze168','unit-05__lesson-01','done',4,'lesson','1447-04-03',1781970605093),
('zcp291o','ze169','unit-01__lesson-01','in_progress',5,'lesson','1447-06-11',1783785005093),
('zcp291p','ze16b','unit-01__lesson-01','done',3,'lesson','1447-06-28',1784217005093),
('zcp291q','ze16b','unit-02__lesson-01','done',3,'lesson','1447-05-11',1782834605093),
('zcp291r','ze16b','unit-05__lesson-01','done',3,'lesson','1447-04-10',1780933805093),
('zcp291s','ze16c','unit-02__lesson-01','done',5,'lesson','1447-06-24',1783439405093),
('zcp291t','ze16c','unit-03__lesson-02','done',4,'lesson','1447-05-04',1781020205093),
('zcp291u','ze16c','unit-05__lesson-01','done',3,'lesson','1447-04-05',1782575405093),
('zcp291v','ze16f','unit-03__lesson-02','done',5,'lesson','1447-05-01',1783957805093),
('zcp291w','ze16f','unit-05__lesson-01','done',4,'lesson','1447-04-13',1782057005093),
('zcp291x','ze18p','unit-03__lesson-02','in_progress',5,'lesson','1447-06-03',1782316205093),
('zcp291y','ze18q','unit-01__lesson-01','in_progress',5,'lesson','1447-06-07',1782402605093),
('zcp291z','ze18q','unit-02__lesson-01','in_progress',5,'lesson','1447-06-04',1781365805093),
('zcp2920','ze18q','unit-05__lesson-01','in_progress',3,'lesson','1447-04-14',1780933805093),
('zcp2921','ze1bf','unit-02__lesson-01','in_progress',4,'lesson','1447-06-10',1782748205093),
('zcp2922','ze1bf','unit-03__lesson-02','done',3,'lesson','1447-05-16',1781711405093),
('zcp2923','ze1bf','unit-09__lesson-04','done',5,'lesson','1447-05-08',1783871405093),
('zcp2924','ze1bf','unit-05__lesson-01','done',5,'lesson','1447-05-23',1781106605093),
('zcp2925','ze1bh','unit-02__lesson-01','in_progress',3,'lesson','1447-04-12',1781797805093),
('zcp2926','ze1bh','unit-09__lesson-04','done',4,'lesson','1447-06-07',1782748205093),
('zcp2927','ze1bh','unit-05__lesson-01','in_progress',3,'lesson','1447-06-15',1783612205093),
('zcp2928','ze1bi','unit-02__lesson-01','done',4,'lesson','1447-06-02',1783698605093),
('zcp2929','ze1bl','unit-02__lesson-01','done',5,'lesson','1447-04-24',1781797805093),
('zcp292a','ze1bl','unit-03__lesson-02','done',5,'lesson','1447-06-14',1784044205093),
('zcp292b','ze1bl','unit-09__lesson-04','done',4,'lesson','1447-04-08',1783785005093),
('zcp292c','ze1bn','unit-01__lesson-01','done',4,'lesson','1447-06-03',1782921005093),
('zcp292d','ze1bn','unit-02__lesson-01','done',4,'lesson','1447-06-07',1781797805093),
('zcp292e','ze1bn','unit-03__lesson-02','done',3,'lesson','1447-06-01',1782402605093),
('zcp292f','ze1fc','unit-02__lesson-01','done',5,'lesson','1447-05-21',1783353005093),
('zcp292g','ze1fc','unit-09__lesson-04','in_progress',5,'lesson','1447-06-02',1781625005093),
('zcp292h','ze1fd','unit-02__lesson-01','done',3,'lesson','1447-04-23',1781020205093),
('zcp292i','ze1fd','unit-03__lesson-02','in_progress',4,'lesson','1447-06-25',1782575405093),
('zcp292j','ze1ff','unit-05__lesson-01','done',4,'lesson','1447-05-19',1782057005093),
('zcp292k','ze1fj','unit-01__lesson-01','done',4,'lesson','1447-05-20',1783785005093),
('zcp292l','ze1fk','unit-01__lesson-01','done',5,'lesson','1447-04-14',1781538605093),
('zcp292m','ze1fk','unit-02__lesson-01','done',5,'lesson','1447-06-28',1782402605093),
('zcp292n','ze1fl','unit-01__lesson-01','done',4,'lesson','1447-06-28',1783612205093),
('zcp292o','ze1fl','unit-02__lesson-01','in_progress',5,'lesson','1447-04-02',1783266605093),
('zcp292p','ze1fl','unit-03__lesson-02','in_progress',3,'lesson','1447-05-03',1782834605093),
('zcp292q','ze1fl','unit-09__lesson-04','done',5,'lesson','1447-04-24',1780933805093),
('zcp292r','ze1fl','unit-05__lesson-01','done',5,'lesson','1447-05-12',1784303405093),
('zcp292s','ze1fm','unit-02__lesson-01','in_progress',4,'lesson','1447-06-15',1784044205093),
('zcp292t','ze1fm','unit-03__lesson-02','in_progress',3,'lesson','1447-05-01',1781538605093),
('zcp292u','ze1fm','unit-09__lesson-04','done',4,'lesson','1447-04-10',1781106605093),
('zcp292v','ze1fp','unit-01__lesson-01','done',3,'lesson','1447-05-23',1783093805093),
('zcp292w','ze1fp','unit-02__lesson-01','done',4,'lesson','1447-05-06',1782834605093),
('zcp292x','ze1fp','unit-05__lesson-01','done',3,'lesson','1447-05-11',1781365805093),
('zcp292y','ze1io','unit-03__lesson-02','in_progress',4,'lesson','1447-05-24',1783785005093),
('zcp292z','ze1io','unit-09__lesson-04','in_progress',4,'lesson','1447-04-13',1781538605093),
('zcp2930','ze1io','unit-05__lesson-01','in_progress',3,'lesson','1447-04-03',1783439405093);
INSERT OR IGNORE INTO curriculum_progress (id,enrollment_id,manhaj_key,status,rating,source,date_hijri,updated_at) VALUES
('zcp2931','ze1ir','unit-02__lesson-01','done',3,'lesson','1447-04-02',1783439405093),
('zcp2932','ze1iu','unit-02__lesson-01','in_progress',4,'lesson','1447-05-18',1784303405093),
('zcp2933','ze1iu','unit-05__lesson-01','done',3,'lesson','1447-05-11',1782748205093),
('zcp2934','ze1iv','unit-01__lesson-01','done',5,'lesson','1447-06-27',1782834605093),
('zcp2935','ze1iv','unit-05__lesson-01','done',5,'lesson','1447-04-05',1781106605093),
('zcp2936','ze1iy','unit-02__lesson-01','in_progress',4,'lesson','1447-04-24',1781452205093),
('zcp2937','ze1iy','unit-03__lesson-02','done',4,'lesson','1447-05-18',1782402605093),
('zcp2938','ze1iy','unit-09__lesson-04','done',3,'lesson','1447-05-08',1783612205093),
('zcp2939','ze1iy','unit-05__lesson-01','in_progress',5,'lesson','1447-05-20',1781884205093),
('zcp293a','ze1kl','unit-09__lesson-04','done',4,'lesson','1447-04-13',1782921005093),
('zcp293b','ze1kq','unit-01__lesson-01','in_progress',3,'lesson','1447-05-19',1783525805093),
('zcp293c','ze1kq','unit-02__lesson-01','in_progress',3,'lesson','1447-05-08',1783439405093),
('zcp293d','ze1kq','unit-03__lesson-02','in_progress',5,'lesson','1447-06-14',1781279405093),
('zcp293e','ze1m7','unit-02__lesson-01','in_progress',5,'lesson','1447-05-11',1782921005093),
('zcp293f','ze1m7','unit-05__lesson-01','done',5,'lesson','1447-06-01',1781279405093),
('zcp293g','ze1m8','unit-01__lesson-01','in_progress',4,'lesson','1447-04-27',1783093805093),
('zcp293h','ze1m8','unit-03__lesson-02','done',4,'lesson','1447-04-16',1782661805093),
('zcp293i','ze1m8','unit-09__lesson-04','done',3,'lesson','1447-04-04',1783525805093),
('zcp293j','ze1m9','unit-02__lesson-01','in_progress',5,'lesson','1447-04-14',1783525805093),
('zcp293k','ze1m9','unit-09__lesson-04','done',5,'lesson','1447-04-16',1783871405093),
('zcp293l','ze1ma','unit-02__lesson-01','in_progress',3,'lesson','1447-04-16',1781106605093),
('zcp293m','ze1ma','unit-03__lesson-02','done',3,'lesson','1447-06-10',1783871405093),
('zcp293n','ze1ma','unit-05__lesson-01','in_progress',4,'lesson','1447-06-11',1783266605093),
('zcp293o','ze1mf','unit-01__lesson-01','done',5,'lesson','1447-05-28',1784303405093),
('zcp293p','ze1mf','unit-03__lesson-02','done',5,'lesson','1447-04-24',1781970605093),
('zcp293q','ze1mf','unit-09__lesson-04','done',5,'lesson','1447-04-01',1783266605093),
('zcp293r','ze1o7','unit-01__lesson-01','done',5,'lesson','1447-05-22',1782229805093),
('zcp293s','ze1o7','unit-05__lesson-01','done',3,'lesson','1447-06-11',1783007405093),
('zcp293t','ze1ob','unit-09__lesson-04','done',3,'lesson','1447-04-23',1781625005093),
('zcp293u','ze1od','unit-01__lesson-01','done',4,'lesson','1447-05-18',1783266605093),
('zcp293v','ze1oe','unit-01__lesson-01','in_progress',3,'lesson','1447-06-08',1784044205093),
('zcp293w','ze1oe','unit-09__lesson-04','done',3,'lesson','1447-05-23',1783353005093),
('zcp293x','ze1oe','unit-05__lesson-01','done',4,'lesson','1447-05-24',1783785005093),
('zcp293y','ze1of','unit-01__lesson-01','in_progress',3,'lesson','1447-04-24',1783007405093),
('zcp293z','ze1of','unit-02__lesson-01','in_progress',5,'lesson','1447-06-12',1783007405093),
('zcp2940','ze1of','unit-03__lesson-02','in_progress',5,'lesson','1447-06-18',1783957805093),
('zcp2941','ze1of','unit-09__lesson-04','done',5,'lesson','1447-05-05',1782834605093),
('zcp2942','ze1og','unit-01__lesson-01','in_progress',4,'lesson','1447-05-16',1783871405093),
('zcp2943','ze1og','unit-02__lesson-01','done',5,'lesson','1447-05-20',1782921005093),
('zcp2944','ze1og','unit-05__lesson-01','done',4,'lesson','1447-05-14',1782229805093),
('zcp2945','ze1rb','unit-01__lesson-01','in_progress',5,'lesson','1447-05-25',1782316205093),
('zcp2946','ze1rb','unit-02__lesson-01','done',5,'lesson','1447-05-10',1783785005093),
('zcp2947','ze1rc','unit-09__lesson-04','done',4,'lesson','1447-04-07',1781279405093),
('zcp2948','ze1re','unit-01__lesson-01','done',3,'lesson','1447-04-22',1782316205093),
('zcp2949','ze1re','unit-02__lesson-01','done',3,'lesson','1447-05-12',1781365805093),
('zcp294a','ze1re','unit-03__lesson-02','done',4,'lesson','1447-06-07',1781711405093),
('zcp294b','ze1su','unit-02__lesson-01','done',3,'lesson','1447-05-28',1784130605093),
('zcp294c','ze1su','unit-03__lesson-02','in_progress',3,'lesson','1447-04-11',1780933805093),
('zcp294d','ze1su','unit-09__lesson-04','done',5,'lesson','1447-04-09',1783871405093),
('zcp294e','ze1sv','unit-02__lesson-01','in_progress',3,'lesson','1447-04-02',1781193005093),
('zcp294f','ze1sw','unit-03__lesson-02','done',3,'lesson','1447-04-16',1782748205093),
('zcp294g','ze1sx','unit-05__lesson-01','in_progress',5,'lesson','1447-05-23',1781279405093),
('zcp294h','ze1sy','unit-02__lesson-01','done',5,'lesson','1447-06-14',1783871405093),
('zcp294i','ze1sy','unit-09__lesson-04','in_progress',5,'lesson','1447-04-24',1780933805093),
('zcp294j','ze1sy','unit-05__lesson-01','in_progress',5,'lesson','1447-04-18',1782057005093),
('zcp294k','ze1sz','unit-01__lesson-01','done',4,'lesson','1447-06-18',1782229805093),
('zcp294l','ze1sz','unit-03__lesson-02','done',3,'lesson','1447-06-15',1781193005093),
('zcp294m','ze1sz','unit-05__lesson-01','in_progress',3,'lesson','1447-06-08',1782834605093),
('zcp294n','ze1uw','unit-02__lesson-01','done',3,'lesson','1447-06-18',1783439405093),
('zcp294o','ze1uy','unit-03__lesson-02','done',3,'lesson','1447-04-24',1781625005093);
INSERT OR IGNORE INTO curriculum_progress (id,enrollment_id,manhaj_key,status,rating,source,date_hijri,updated_at) VALUES
('zcp294p','ze1uy','unit-09__lesson-04','done',4,'lesson','1447-05-07',1781106605093),
('zcp294q','ze1uy','unit-05__lesson-01','done',3,'lesson','1447-05-06',1784217005093),
('zcp294r','ze1uz','unit-02__lesson-01','done',5,'lesson','1447-04-10',1782575405093),
('zcp294s','ze1uz','unit-03__lesson-02','done',3,'lesson','1447-05-02',1781020205093),
('zcp294t','ze1uz','unit-05__lesson-01','done',3,'lesson','1447-05-04',1782143405093),
('zcp294u','ze1xa','unit-01__lesson-01','done',3,'lesson','1447-04-22',1781193005093),
('zcp294v','ze1xa','unit-03__lesson-02','in_progress',4,'lesson','1447-06-02',1781020205093),
('zcp294w','ze1xa','unit-05__lesson-01','done',4,'lesson','1447-04-03',1782402605093),
('zcp294x','ze1xb','unit-01__lesson-01','done',5,'lesson','1447-05-27',1782143405093),
('zcp294y','ze1xb','unit-09__lesson-04','done',5,'lesson','1447-04-05',1780933805093),
('zcp294z','ze1xc','unit-01__lesson-01','done',4,'lesson','1447-06-14',1782921005093),
('zcp2950','ze1xc','unit-03__lesson-02','done',5,'lesson','1447-05-13',1782748205093),
('zcp2951','ze1xc','unit-05__lesson-01','done',3,'lesson','1447-06-06',1781452205093),
('zcp2952','ze1xf','unit-02__lesson-01','done',5,'lesson','1447-06-13',1783093805093),
('zcp2953','ze1xf','unit-09__lesson-04','in_progress',4,'lesson','1447-05-28',1783525805093),
('zcp2954','ze1xf','unit-05__lesson-01','in_progress',5,'lesson','1447-05-23',1782575405093),
('zcp2955','ze1yy','unit-01__lesson-01','done',5,'lesson','1447-04-05',1782057005093),
('zcp2956','ze1yy','unit-05__lesson-01','done',4,'lesson','1447-05-12',1783957805093),
('zcp2957','ze1z0','unit-02__lesson-01','done',3,'lesson','1447-04-09',1781538605093),
('zcp2958','ze1z0','unit-05__lesson-01','done',5,'lesson','1447-05-08',1782834605093),
('zcp2959','ze1z1','unit-03__lesson-02','done',5,'lesson','1447-04-20',1783093805093),
('zcp295a','ze1z1','unit-09__lesson-04','done',4,'lesson','1447-05-04',1784303405093),
('zcp295b','ze1z2','unit-02__lesson-01','done',4,'lesson','1447-06-24',1781020205093),
('zcp295c','ze1z2','unit-09__lesson-04','in_progress',3,'lesson','1447-06-10',1781538605093),
('zcp295d','ze1z3','unit-01__lesson-01','in_progress',5,'lesson','1447-05-10',1783871405093),
('zcp295e','ze1z3','unit-03__lesson-02','in_progress',5,'lesson','1447-06-17',1781538605093),
('zcp295f','ze1z3','unit-05__lesson-01','in_progress',5,'lesson','1447-06-05',1782143405093),
('zcp295g','ze21n','unit-01__lesson-01','in_progress',5,'lesson','1447-05-24',1782575405093),
('zcp295h','ze21n','unit-02__lesson-01','in_progress',4,'lesson','1447-06-23',1782402605093),
('zcp295i','ze21q','unit-02__lesson-01','in_progress',5,'lesson','1447-05-18',1781884205093),
('zcp295j','ze21q','unit-03__lesson-02','done',5,'lesson','1447-06-21',1782316205093),
('zcp295k','ze21q','unit-09__lesson-04','done',4,'lesson','1447-04-10',1781625005093),
('zcp295l','ze21q','unit-05__lesson-01','done',3,'lesson','1447-06-22',1784217005093),
('zcp295m','ze21u','unit-01__lesson-01','done',5,'lesson','1447-06-11',1783871405093),
('zcp295n','ze21u','unit-02__lesson-01','in_progress',3,'lesson','1447-05-23',1782834605093),
('zcp295o','ze21u','unit-03__lesson-02','done',4,'lesson','1447-05-19',1783266605093),
('zcp295p','ze21u','unit-09__lesson-04','in_progress',5,'lesson','1447-06-15',1781625005093),
('zcp295q','ze21y','unit-01__lesson-01','done',3,'lesson','1447-04-12',1781193005093),
('zcp295r','ze21y','unit-02__lesson-01','done',3,'lesson','1447-05-24',1781279405093),
('zcp295s','ze21y','unit-09__lesson-04','done',4,'lesson','1447-04-26',1781797805093),
('zcp295t','ze21y','unit-05__lesson-01','done',3,'lesson','1447-05-09',1782748205093),
('zcp295u','ze21z','unit-01__lesson-01','done',5,'lesson','1447-06-24',1782489005093),
('zcp295v','ze21z','unit-03__lesson-02','in_progress',5,'lesson','1447-04-12',1783007405093),
('zcp295w','ze21z','unit-05__lesson-01','done',3,'lesson','1447-04-21',1783871405093),
('zcp295x','ze256','unit-01__lesson-01','in_progress',5,'lesson','1447-04-07',1784044205093),
('zcp295y','ze256','unit-02__lesson-01','done',3,'lesson','1447-05-02',1782834605093),
('zcp295z','ze257','unit-01__lesson-01','done',4,'lesson','1447-04-13',1781970605093),
('zcp2960','ze257','unit-09__lesson-04','done',4,'lesson','1447-06-02',1783180205093),
('zcp2961','ze257','unit-05__lesson-01','done',3,'lesson','1447-05-07',1782575405093),
('zcp2962','ze258','unit-01__lesson-01','done',4,'lesson','1447-04-21',1780933805093),
('zcp2963','ze258','unit-02__lesson-01','done',5,'lesson','1447-05-14',1782402605093),
('zcp2964','ze258','unit-03__lesson-02','done',4,'lesson','1447-04-04',1783439405093),
('zcp2965','ze258','unit-09__lesson-04','in_progress',5,'lesson','1447-06-25',1780933805093),
('zcp2966','ze25a','unit-01__lesson-01','in_progress',4,'lesson','1447-06-10',1783785005093),
('zcp2967','ze25a','unit-02__lesson-01','in_progress',4,'lesson','1447-06-07',1784303405093),
('zcp2968','ze25a','unit-03__lesson-02','done',4,'lesson','1447-04-19',1781020205093),
('zcp2969','ze25a','unit-09__lesson-04','done',4,'lesson','1447-05-21',1781797805093),
('zcp296a','ze25a','unit-05__lesson-01','done',3,'lesson','1447-04-16',1783180205093),
('zcp296b','ze25b','unit-02__lesson-01','done',5,'lesson','1447-04-03',1781711405093),
('zcp296c','ze25b','unit-03__lesson-02','done',3,'lesson','1447-04-28',1781106605093);
INSERT OR IGNORE INTO curriculum_progress (id,enrollment_id,manhaj_key,status,rating,source,date_hijri,updated_at) VALUES
('zcp296d','ze25b','unit-09__lesson-04','done',4,'lesson','1447-04-05',1782402605093),
('zcp296e','ze25c','unit-03__lesson-02','in_progress',4,'lesson','1447-06-20',1783353005093),
('zcp296f','ze25e','unit-02__lesson-01','done',3,'lesson','1447-04-05',1783698605093),
('zcp296g','ze25e','unit-03__lesson-02','done',4,'lesson','1447-05-05',1784044205093),
('zcp296h','ze27h','unit-01__lesson-01','done',5,'lesson','1447-04-26',1782402605093),
('zcp296i','ze27h','unit-02__lesson-01','done',4,'lesson','1447-06-13',1782834605093),
('zcp296j','ze27h','unit-09__lesson-04','in_progress',5,'lesson','1447-04-01',1781452205093),
('zcp296k','ze27i','unit-01__lesson-01','in_progress',4,'lesson','1447-05-10',1781970605093),
('zcp296l','ze27i','unit-02__lesson-01','done',3,'lesson','1447-05-03',1781193005093),
('zcp296m','ze27i','unit-03__lesson-02','done',5,'lesson','1447-04-10',1783957805093),
('zcp296n','ze27i','unit-09__lesson-04','done',5,'lesson','1447-05-25',1781625005093),
('zcp296o','ze27j','unit-01__lesson-01','in_progress',3,'lesson','1447-04-15',1783180205093),
('zcp296p','ze27j','unit-02__lesson-01','done',3,'lesson','1447-04-09',1783439405093),
('zcp296q','ze27j','unit-03__lesson-02','done',3,'lesson','1447-04-27',1784044205093),
('zcp296r','ze27j','unit-05__lesson-01','in_progress',5,'lesson','1447-04-23',1781711405093),
('zcp296s','ze27k','unit-09__lesson-04','done',4,'lesson','1447-05-18',1783612205093),
('zcp296t','ze27l','unit-03__lesson-02','in_progress',5,'lesson','1447-04-18',1780933805093),
('zcp296u','ze27l','unit-09__lesson-04','done',3,'lesson','1447-04-02',1783957805093),
('zcp296v','ze27l','unit-05__lesson-01','done',4,'lesson','1447-04-08',1781884205093),
('zcp296w','ze27m','unit-01__lesson-01','done',4,'lesson','1447-06-22',1784044205093),
('zcp296x','ze27m','unit-02__lesson-01','done',5,'lesson','1447-04-18',1781884205093),
('zcp296y','ze27m','unit-09__lesson-04','in_progress',4,'lesson','1447-06-10',1781106605093),
('zcp296z','ze27m','unit-05__lesson-01','done',5,'lesson','1447-06-22',1781106605093),
('zcp2970','ze27q','unit-02__lesson-01','done',5,'lesson','1447-06-05',1782489005093),
('zcp2971','ze27q','unit-03__lesson-02','done',5,'lesson','1447-06-24',1783353005093),
('zcp2972','ze27r','unit-01__lesson-01','done',4,'lesson','1447-05-20',1782402605093),
('zcp2973','ze27r','unit-09__lesson-04','in_progress',4,'lesson','1447-06-01',1784130605093),
('zcp2974','ze27r','unit-05__lesson-01','done',3,'lesson','1447-06-24',1783785005093),
('zcp2975','ze27s','unit-02__lesson-01','done',3,'lesson','1447-04-24',1782489005093),
('zcp2976','ze27s','unit-03__lesson-02','done',3,'lesson','1447-06-23',1780933805093),
('zcp2977','ze27s','unit-09__lesson-04','in_progress',4,'lesson','1447-06-01',1781020205093),
('zcp2978','ze27u','unit-02__lesson-01','done',3,'lesson','1447-05-21',1781020205093),
('zcp2979','ze27u','unit-03__lesson-02','in_progress',5,'lesson','1447-04-14',1782834605093),
('zcp297a','ze27u','unit-09__lesson-04','in_progress',3,'lesson','1447-05-04',1784217005093),
('zcp297b','ze27u','unit-05__lesson-01','done',3,'lesson','1447-04-03',1783785005093),
('zcp297c','ze2b8','unit-01__lesson-01','done',5,'lesson','1447-05-25',1783353005093),
('zcp297d','ze2b8','unit-02__lesson-01','done',3,'lesson','1447-05-28',1783439405093),
('zcp297e','ze2b8','unit-05__lesson-01','done',3,'lesson','1447-06-04',1784303405093),
('zcp297f','ze2b9','unit-01__lesson-01','done',5,'lesson','1447-04-18',1782143405093),
('zcp297g','ze2b9','unit-09__lesson-04','in_progress',4,'lesson','1447-04-27',1782316205093);
